line_id,entry_id,period,voucher_type,voucher_subtype,line_no,posting_date,created_at,user,account,account_number,account_name,root_type,debit,credit,party_type,party,against,cost_center,remarks,company
2c823cd6c0,ACC-JV-2025-00056,P2,Journal Entry,Journal Entry,1,2025-07-01,2025-07-02 03:32:57.408744,batch.bot@meridian.example,5213 - Salary - MTC,5213,Salary,Expense,0.0,7501.23,,,2150 - Accrued Expenses - MTC,Admin - MTC,,Meridian Trading Co.
9dc6d047ca,ACC-JV-2025-00056,P2,Journal Entry,Journal Entry,2,2025-07-01,2025-07-02 03:32:57.408744,batch.bot@meridian.example,2150 - Accrued Expenses - MTC,2150,Accrued Expenses,Liability,24620.29,0.0,,,5213 - Salary - MTC,Admin - MTC,,Meridian Trading Co.
b221532b41,ACC-JV-2025-00056,P2,Journal Entry,Journal Entry,3,2025-07-01,2025-07-02 03:32:57.408744,batch.bot@meridian.example,5213 - Salary - MTC,5213,Salary,Expense,0.0,8612.76,,,2150 - Accrued Expenses - MTC,Warehouse - MTC,,Meridian Trading Co.
ee282dee3d,ACC-JV-2025-00056,P2,Journal Entry,Journal Entry,4,2025-07-01,2025-07-02 03:32:57.408744,batch.bot@meridian.example,5213 - Salary - MTC,5213,Salary,Expense,0.0,8506.3,,,2150 - Accrued Expenses - MTC,Sales Ops - MTC,,Meridian Trading Co.
02975d0fe0,ACC-PAY-2025-00373,P2,Payment Entry,Payment Entry,1,2025-07-01,2025-07-01 14:06:18.248285,ar.clerk@meridian.example,1310 - Debtors - MTC,1310,Debtors,Asset,0.0,560.88,Customer,Redcedar Builders,1210 - Primary Checking - MTC,,Amount USD 560.88 received from Redcedar Builders | Transaction reference no ACH-25-00280 dated 2025-07-01 | Amount USD 560.88 adjusted against Sales Invoice ACC-SINV-2025-00280,Meridian Trading Co.
a347c03c35,ACC-PAY-2025-00373,P2,Payment Entry,Payment Entry,2,2025-07-01,2025-07-01 14:06:18.248285,ar.clerk@meridian.example,1210 - Primary Checking - MTC,1210,Primary Checking,Asset,560.88,0.0,,,Redcedar Builders,,Amount USD 560.88 received from Redcedar Builders | Transaction reference no ACH-25-00280 dated 2025-07-01 | Amount USD 560.88 adjusted against Sales Invoice ACC-SINV-2025-00280,Meridian Trading Co.
1f88ef5648,ACC-PINV-2025-00189,P2,Purchase Invoice,Purchase Invoice,1,2025-07-01,2025-07-01 09:12:43.730396,ap.clerk@meridian.example,5111 - Cost of Goods Sold - MTC,5111,Cost of Goods Sold,Expense,9815.28,0.0,,,Orchard Wholesale,Warehouse - MTC,Orchard Wholesale July 2025 billing,Meridian Trading Co.
c9f3769111,ACC-PINV-2025-00189,P2,Purchase Invoice,Purchase Invoice,2,2025-07-01,2025-07-01 09:12:43.730396,ap.clerk@meridian.example,2110 - Creditors - MTC,2110,Creditors,Liability,0.0,9815.28,Supplier,Orchard Wholesale,5111 - Cost of Goods Sold - MTC,,Orchard Wholesale July 2025 billing,Meridian Trading Co.
51e3e773d1,ACC-PINV-2025-00195,P2,Purchase Invoice,Purchase Invoice,1,2025-07-01,2025-07-01 15:30:16.710394,ap.clerk@meridian.example,5205 - Freight and Forwarding Charges - MTC,5205,Freight and Forwarding Charges,Expense,2034.83,0.0,,,Beacon Freight,Admin - MTC,Beacon Freight July 2025 billing,Meridian Trading Co.
e99a570d51,ACC-PINV-2025-00195,P2,Purchase Invoice,Purchase Invoice,2,2025-07-01,2025-07-01 15:30:16.710394,ap.clerk@meridian.example,2110 - Creditors - MTC,2110,Creditors,Liability,0.0,2034.83,Supplier,Beacon Freight,5205 - Freight and Forwarding Charges - MTC,,Beacon Freight July 2025 billing,Meridian Trading Co.
48714bd82c,ACC-PINV-2025-00198,P2,Purchase Invoice,Purchase Invoice,1,2025-07-01,2025-07-01 16:52:01.672119,ap.clerk@meridian.example,2110 - Creditors - MTC,2110,Creditors,Liability,0.0,11382.93,Supplier,Beacon Freight,5205 - Freight and Forwarding Charges - MTC,,Beacon Freight July 2025 billing,Meridian Trading Co.
d822350897,ACC-PINV-2025-00198,P2,Purchase Invoice,Purchase Invoice,2,2025-07-01,2025-07-01 16:52:01.672119,ap.clerk@meridian.example,5205 - Freight and Forwarding Charges - MTC,5205,Freight and Forwarding Charges,Expense,11382.93,0.0,,,Beacon Freight,Admin - MTC,Beacon Freight July 2025 billing,Meridian Trading Co.
120b319c52,ACC-PINV-2025-00201,P2,Purchase Invoice,Purchase Invoice,1,2025-07-01,2025-07-01 18:22:35.048429,ap.clerk@meridian.example,5228 - Insurance Expense - MTC,5228,Insurance Expense,Expense,11454.63,0.0,,,Stateside Insurance,Admin - MTC,Stateside Insurance July 2025 billing,Meridian Trading Co.
2f66f6c15e,ACC-PINV-2025-00201,P2,Purchase Invoice,Purchase Invoice,2,2025-07-01,2025-07-01 18:22:35.048429,ap.clerk@meridian.example,2110 - Creditors - MTC,2110,Creditors,Liability,0.0,11454.63,Supplier,Stateside Insurance,5228 - Insurance Expense - MTC,,Stateside Insurance July 2025 billing,Meridian Trading Co.
9129cc6973,ACC-SINV-2025-00345,P2,Sales Invoice,Sales Invoice,1,2025-07-01,2025-07-01 15:44:33.408261,ar.clerk@meridian.example,4110 - Sales - MTC,4110,Sales,Income,0.0,68.46,,,Juniper & Co,Warehouse - MTC,Customer order Juniper & Co Jul 2025,Meridian Trading Co.
b1239ced18,ACC-SINV-2025-00345,P2,Sales Invoice,Sales Invoice,2,2025-07-01,2025-07-01 15:44:33.408261,ar.clerk@meridian.example,4110 - Sales - MTC,4110,Sales,Income,0.0,1807.02,,,Juniper & Co,Sales Ops - MTC,Customer order Juniper & Co Jul 2025,Meridian Trading Co.
ce11848aa8,ACC-SINV-2025-00345,P2,Sales Invoice,Sales Invoice,3,2025-07-01,2025-07-01 15:44:33.408261,ar.clerk@meridian.example,1310 - Debtors - MTC,1310,Debtors,Asset,1988.01,0.0,Customer,Juniper & Co,4110 - Sales - MTC,,Customer order Juniper & Co Jul 2025,Meridian Trading Co.
f4190f78e7,ACC-SINV-2025-00345,P2,Sales Invoice,Sales Invoice,4,2025-07-01,2025-07-01 15:44:33.408261,ar.clerk@meridian.example,ST 6% - MTC,,ST 6%,Liability,0.0,112.53,,,Juniper & Co,Admin - MTC,Customer order Juniper & Co Jul 2025,Meridian Trading Co.
10d1e9f1fb,ACC-SINV-2025-00366,P2,Sales Invoice,Sales Invoice,1,2025-07-01,2025-07-11 10:10:06.325686,ar.clerk@meridian.example,4110 - Sales - MTC,4110,Sales,Income,0.0,391.32,,,Ferrous Works,Warehouse - MTC,Customer order Ferrous Works Jul 2025,Meridian Trading Co.
164590f0a2,ACC-SINV-2025-00366,P2,Sales Invoice,Sales Invoice,2,2025-07-01,2025-07-11 10:10:06.325686,ar.clerk@meridian.example,1310 - Debtors - MTC,1310,Debtors,Asset,1505.48,0.0,Customer,Ferrous Works,4110 - Sales - MTC,,Customer order Ferrous Works Jul 2025,Meridian Trading Co.
1f0fa812b5,ACC-SINV-2025-00366,P2,Sales Invoice,Sales Invoice,3,2025-07-01,2025-07-11 10:10:06.325686,ar.clerk@meridian.example,ST 6% - MTC,,ST 6%,Liability,0.0,85.22,,,Ferrous Works,Admin - MTC,Customer order Ferrous Works Jul 2025,Meridian Trading Co.
3c6dd8d777,ACC-SINV-2025-00366,P2,Sales Invoice,Sales Invoice,4,2025-07-01,2025-07-11 10:10:06.325686,ar.clerk@meridian.example,4110 - Sales - MTC,4110,Sales,Income,0.0,1028.94,,,Ferrous Works,Sales Ops - MTC,Customer order Ferrous Works Jul 2025,Meridian Trading Co.
6867afa21f,ACC-SINV-2025-00370,P2,Sales Invoice,Sales Invoice,1,2025-07-01,2025-07-01 09:15:15.488218,ar.clerk@meridian.example,ST 6% - MTC,,ST 6%,Liability,0.0,158.92,,,Brightline Offices,Admin - MTC,Customer order Brightline Offices Jul 2025,Meridian Trading Co.
72bc3835d8,ACC-SINV-2025-00370,P2,Sales Invoice,Sales Invoice,2,2025-07-01,2025-07-01 09:15:15.488218,ar.clerk@meridian.example,4130 - Freight Income - MTC,4130,Freight Income,Income,0.0,1385.55,,,Brightline Offices,Admin - MTC,Customer order Brightline Offices Jul 2025,Meridian Trading Co.
89afc37288,ACC-SINV-2025-00370,P2,Sales Invoice,Sales Invoice,3,2025-07-01,2025-07-01 09:15:15.488218,ar.clerk@meridian.example,4110 - Sales - MTC,4110,Sales,Income,0.0,1263.19,,,Brightline Offices,Sales Ops - MTC,Customer order Brightline Offices Jul 2025,Meridian Trading Co.
9738b329e7,ACC-SINV-2025-00370,P2,Sales Invoice,Sales Invoice,4,2025-07-01,2025-07-01 09:15:15.488218,ar.clerk@meridian.example,1310 - Debtors - MTC,1310,Debtors,Asset,2807.66,0.0,Customer,Brightline Offices,"4110 - Sales - MTC,4130 - Freight Income - MTC",,Customer order Brightline Offices Jul 2025,Meridian Trading Co.
808bfa8b51,ACC-JV-2025-00051,P2,Journal Entry,Bank Entry,1,2025-07-02,2025-07-03 01:47:14.391928,batch.bot@meridian.example,2320 - Tax Withholding Payable - MTC,2320,Tax Withholding Payable,Liability,39980.19,0.0,,,1210 - Primary Checking - MTC,Admin - MTC,Reference #REF-20250702 dated 07-02-2025,Meridian Trading Co.
fa15476a8b,ACC-JV-2025-00051,P2,Journal Entry,Bank Entry,2,2025-07-02,2025-07-03 01:47:14.391928,batch.bot@meridian.example,1210 - Primary Checking - MTC,1210,Primary Checking,Asset,0.0,39980.19,,,2320 - Tax Withholding Payable - MTC,Admin - MTC,Reference #REF-20250702 dated 07-02-2025,Meridian Trading Co.
47c4f942ec,ACC-PAY-2025-00348,P2,Payment Entry,Payment Entry,1,2025-07-02,2025-07-02 16:54:06.276859,ap.clerk@meridian.example,1210 - Primary Checking - MTC,1210,Primary Checking,Asset,0.0,5398.83,,,Vulcan Materials Co,,Amount USD 5398.83 paid to Vulcan Materials Co | Transaction reference no ACH-25-00134 dated 2025-07-02 | Amount USD 5398.83 adjusted against Purchase Invoice ACC-PINV-2025-00134,Meridian Trading Co.
603a30c67e,ACC-PAY-2025-00348,P2,Payment Entry,Payment Entry,2,2025-07-02,2025-07-02 16:54:06.276859,ap.clerk@meridian.example,2110 - Creditors - MTC,2110,Creditors,Liability,5398.83,0.0,Supplier,Vulcan Materials Co,1210 - Primary Checking - MTC,,Amount USD 5398.83 paid to Vulcan Materials Co | Transaction reference no ACH-25-00134 dated 2025-07-02 | Amount USD 5398.83 adjusted against Purchase Invoice ACC-PINV-2025-00134,Meridian Trading Co.
05269c563f,ACC-PAY-2025-00376,P2,Payment Entry,Payment Entry,1,2025-07-02,2025-07-02 12:50:28.978318,ar.clerk@meridian.example,1310 - Debtors - MTC,1310,Debtors,Asset,0.0,677.36,Customer,Ferrous Works,1210 - Primary Checking - MTC,,Amount USD 677.36 received from Ferrous Works | Transaction reference no ACH-25-00283 dated 2025-07-02 | Amount USD 677.36 adjusted against Sales Invoice ACC-SINV-2025-00283,Meridian Trading Co.
fb54f66485,ACC-PAY-2025-00376,P2,Payment Entry,Payment Entry,2,2025-07-02,2025-07-02 12:50:28.978318,ar.clerk@meridian.example,1210 - Primary Checking - MTC,1210,Primary Checking,Asset,677.36,0.0,,,Ferrous Works,,Amount USD 677.36 received from Ferrous Works | Transaction reference no ACH-25-00283 dated 2025-07-02 | Amount USD 677.36 adjusted against Sales Invoice ACC-SINV-2025-00283,Meridian Trading Co.
0ee563eba8,ACC-SINV-2025-00368,P2,Sales Invoice,Sales Invoice,1,2025-07-02,2025-07-02 17:53:16.506032,ar.clerk@meridian.example,4110 - Sales - MTC,4110,Sales,Income,0.0,360.84,,,Pactrail Sports,Warehouse - MTC,Customer order Pactrail Sports Jul 2025,Meridian Trading Co.
2c7ca50f5f,ACC-SINV-2025-00368,P2,Sales Invoice,Sales Invoice,2,2025-07-02,2025-07-02 17:53:16.506032,ar.clerk@meridian.example,1310 - Debtors - MTC,1310,Debtors,Asset,3051.53,0.0,Customer,Pactrail Sports,"4130 - Freight Income - MTC,4110 - Sales - MTC",,Customer order Pactrail Sports Jul 2025,Meridian Trading Co.
6690ee27ea,ACC-SINV-2025-00368,P2,Sales Invoice,Sales Invoice,3,2025-07-02,2025-07-02 17:53:16.506032,ar.clerk@meridian.example,ST 6% - MTC,,ST 6%,Liability,0.0,172.73,,,Pactrail Sports,Admin - MTC,Customer order Pactrail Sports Jul 2025,Meridian Trading Co.
9186ea9815,ACC-SINV-2025-00368,P2,Sales Invoice,Sales Invoice,4,2025-07-02,2025-07-02 17:53:16.506032,ar.clerk@meridian.example,4110 - Sales - MTC,4110,Sales,Income,0.0,730.56,,,Pactrail Sports,Sales Ops - MTC,Customer order Pactrail Sports Jul 2025,Meridian Trading Co.
df70690689,ACC-SINV-2025-00368,P2,Sales Invoice,Sales Invoice,5,2025-07-02,2025-07-02 17:53:16.506032,ar.clerk@meridian.example,4130 - Freight Income - MTC,4130,Freight Income,Income,0.0,1787.4,,,Pactrail Sports,Admin - MTC,Customer order Pactrail Sports Jul 2025,Meridian Trading Co.
64946de82f,ACC-JV-2025-00050,P2,Journal Entry,Bank Entry,1,2025-07-03,2025-07-04 03:50:19.951011,batch.bot@meridian.example,1210 - Primary Checking - MTC,1210,Primary Checking,Asset,0.0,46167.6,,,2120 - Payroll Payable - MTC,Admin - MTC,Reference #REF-20250703 dated 07-03-2025,Meridian Trading Co.
e945e67948,ACC-JV-2025-00050,P2,Journal Entry,Bank Entry,2,2025-07-03,2025-07-04 03:50:19.951011,batch.bot@meridian.example,2120 - Payroll Payable - MTC,2120,Payroll Payable,Liability,46167.6,0.0,,,1210 - Primary Checking - MTC,Admin - MTC,Reference #REF-20250703 dated 07-03-2025,Meridian Trading Co.
80cd1f9e23,ACC-PAY-2025-00383,P2,Payment Entry,Payment Entry,1,2025-07-03,2025-07-03 17:44:07.132975,ar.clerk@meridian.example,1310 - Debtors - MTC,1310,Debtors,Asset,0.0,3207.77,Customer,Halstrom Supply,1210 - Primary Checking - MTC,,Amount USD 3207.77 received from Halstrom Supply | Transaction reference no ACH-25-00291 dated 2025-07-03 | Amount USD 3207.77 adjusted against Sales Invoice ACC-SINV-2025-00291,Meridian Trading Co.
ffe9b8f1d7,ACC-PAY-2025-00383,P2,Payment Entry,Payment Entry,2,2025-07-03,2025-07-03 17:44:07.132975,ar.clerk@meridian.example,1210 - Primary Checking - MTC,1210,Primary Checking,Asset,3207.77,0.0,,,Halstrom Supply,,Amount USD 3207.77 received from Halstrom Supply | Transaction reference no ACH-25-00291 dated 2025-07-03 | Amount USD 3207.77 adjusted against Sales Invoice ACC-SINV-2025-00291,Meridian Trading Co.
7268c707d6,ACC-PAY-2025-00400,P2,Payment Entry,Payment Entry,1,2025-07-03,2025-07-03 08:19:30.046005,ar.clerk@meridian.example,1310 - Debtors - MTC,1310,Debtors,Asset,0.0,661.67,Customer,Brightline Offices,1210 - Primary Checking - MTC,,Amount USD 661.67 received from Brightline Offices | Transaction reference no ACH-25-00311 dated 2025-07-03 | Amount USD 661.67 adjusted against Sales Invoice ACC-SINV-2025-00311,Meridian Trading Co.
ce8e1c684c,ACC-PAY-2025-00400,P2,Payment Entry,Payment Entry,2,2025-07-03,2025-07-03 08:19:30.046005,ar.clerk@meridian.example,1210 - Primary Checking - MTC,1210,Primary Checking,Asset,661.67,0.0,,,Brightline Offices,,Amount USD 661.67 received from Brightline Offices | Transaction reference no ACH-25-00311 dated 2025-07-03 | Amount USD 661.67 adjusted against Sales Invoice ACC-SINV-2025-00311,Meridian Trading Co.
0ea213e466,ACC-PINV-2025-00197,P2,Purchase Invoice,Purchase Invoice,1,2025-07-03,2025-07-03 17:42:12.085242,ap.clerk@meridian.example,5216 - Travel Expenses - MTC,5216,Travel Expenses,Expense,239.35,0.0,,,Beacon Freight,Admin - MTC,Beacon Freight July 2025 billing,Meridian Trading Co.
46c7816ce2,ACC-PINV-2025-00197,P2,Purchase Invoice,Purchase Invoice,2,2025-07-03,2025-07-03 17:42:12.085242,ap.clerk@meridian.example,5205 - Freight and Forwarding Charges - MTC,5205,Freight and Forwarding Charges,Expense,4391.16,0.0,,,Beacon Freight,Admin - MTC,Beacon Freight July 2025 billing,Meridian Trading Co.
a1a6ca5a84,ACC-PINV-2025-00197,P2,Purchase Invoice,Purchase Invoice,3,2025-07-03,2025-07-03 17:42:12.085242,ap.clerk@meridian.example,2110 - Creditors - MTC,2110,Creditors,Liability,0.0,4630.51,Supplier,Beacon Freight,"5205 - Freight and Forwarding Charges - MTC,5216 - Travel Expenses - MTC",,Beacon Freight July 2025 billing,Meridian Trading Co.
4e2ce535c1,ACC-PINV-2025-00207,P2,Purchase Invoice,Purchase Invoice,1,2025-07-03,2025-07-03 14:04:12.309046,ap.clerk@meridian.example,5210 - Postal Expenses - MTC,5210,Postal Expenses,Expense,1811.63,0.0,,,Quill Marketing Group,Admin - MTC,Quill Marketing Group July 2025 billing,Meridian Trading Co.
79f996d490,ACC-PINV-2025-00207,P2,Purchase Invoice,Purchase Invoice,2,2025-07-03,2025-07-03 14:04:12.309046,ap.clerk@meridian.example,5207 - Marketing Expenses - MTC,5207,Marketing Expenses,Expense,13169.82,0.0,,,Quill Marketing Group,Admin - MTC,Quill Marketing Group July 2025 billing,Meridian Trading Co.
c9b7f4fbb9,ACC-PINV-2025-00207,P2,Purchase Invoice,Purchase Invoice,3,2025-07-03,2025-07-03 14:04:12.309046,ap.clerk@meridian.example,2110 - Creditors - MTC,2110,Creditors,Liability,0.0,14981.45,Supplier,Quill Marketing Group,"5207 - Marketing Expenses - MTC,5210 - Postal Expenses - MTC",,Quill Marketing Group July 2025 billing,Meridian Trading Co.
1d088ed493,ACC-PINV-2025-00212,P2,Purchase Invoice,Purchase Invoice,1,2025-07-03,2025-07-03 15:59:52.611009,ap.clerk@meridian.example,5208 - Office Maintenance Expenses - MTC,5208,Office Maintenance Expenses,Expense,10878.69,0.0,,,Granite Janitorial,Admin - MTC,Granite Janitorial July 2025 billing,Meridian Trading Co.
7ea7223c9a,ACC-PINV-2025-00212,P2,Purchase Invoice,Purchase Invoice,2,2025-07-03,2025-07-03 15:59:52.611009,ap.clerk@meridian.example,2110 - Creditors - MTC,2110,Creditors,Liability,0.0,10878.69,Supplier,Granite Janitorial,5208 - Office Maintenance Expenses - MTC,,Granite Janitorial July 2025 billing,Meridian Trading Co.
ac9575c1fc,ACC-PINV-2025-00191,P2,Purchase Invoice,Purchase Invoice,1,2025-07-04,2025-07-07 14:55:20.942190,ap.clerk@meridian.example,2110 - Creditors - MTC,2110,Creditors,Liability,0.0,1113.34,Supplier,Vulcan Materials Co,5111 - Cost of Goods Sold - MTC,,Vulcan Materials Co July 2025 billing,Meridian Trading Co.
f17179fec2,ACC-PINV-2025-00191,P2,Purchase Invoice,Purchase Invoice,2,2025-07-04,2025-07-07 14:55:20.942190,ap.clerk@meridian.example,5111 - Cost of Goods Sold - MTC,5111,Cost of Goods Sold,Expense,1113.34,0.0,,,Vulcan Materials Co,Warehouse - MTC,Vulcan Materials Co July 2025 billing,Meridian Trading Co.
459a466777,ACC-PINV-2025-00196,P2,Purchase Invoice,Purchase Invoice,1,2025-07-04,2025-07-04 13:16:29.945857,ap.clerk@meridian.example,5205 - Freight and Forwarding Charges - MTC,5205,Freight and Forwarding Charges,Expense,3480.95,0.0,,,Beacon Freight,Admin - MTC,Beacon Freight July 2025 billing,Meridian Trading Co.
723e950b0f,ACC-PINV-2025-00196,P2,Purchase Invoice,Purchase Invoice,2,2025-07-04,2025-07-04 13:16:29.945857,ap.clerk@meridian.example,2110 - Creditors - MTC,2110,Creditors,Liability,0.0,3480.95,Supplier,Beacon Freight,5205 - Freight and Forwarding Charges - MTC,,Beacon Freight July 2025 billing,Meridian Trading Co.
21b5770d46,ACC-SINV-2025-00332,P2,Sales Invoice,Sales Invoice,1,2025-07-04,2025-07-04 15:11:57.623459,ar.clerk@meridian.example,4110 - Sales - MTC,4110,Sales,Income,0.0,791.1,,,Redcedar Builders,Warehouse - MTC,Customer order Redcedar Builders Jul 2025,Meridian Trading Co.
435edf6d77,ACC-SINV-2025-00332,P2,Sales Invoice,Sales Invoice,2,2025-07-04,2025-07-04 15:11:57.623459,ar.clerk@meridian.example,4110 - Sales - MTC,4110,Sales,Income,0.0,131.4,,,Redcedar Builders,Sales Ops - MTC,Customer order Redcedar Builders Jul 2025,Meridian Trading Co.
7384d4522c,ACC-SINV-2025-00332,P2,Sales Invoice,Sales Invoice,3,2025-07-04,2025-07-04 15:11:57.623459,ar.clerk@meridian.example,1310 - Debtors - MTC,1310,Debtors,Asset,977.85,0.0,Customer,Redcedar Builders,4110 - Sales - MTC,,Customer order Redcedar Builders Jul 2025,Meridian Trading Co.
b6b7bbbc3e,ACC-SINV-2025-00332,P2,Sales Invoice,Sales Invoice,4,2025-07-04,2025-07-04 15:11:57.623459,ar.clerk@meridian.example,ST 6% - MTC,,ST 6%,Liability,0.0,55.35,,,Redcedar Builders,Admin - MTC,Customer order Redcedar Builders Jul 2025,Meridian Trading Co.
d83932f123,ACC-SINV-2025-00338,P2,Sales Invoice,Sales Invoice,1,2025-07-04,2025-07-04 16:29:24.742920,ar.clerk@meridian.example,4110 - Sales - MTC,4110,Sales,Income,0.0,1505.38,,,Marlowe Interiors,Sales Ops - MTC,Customer order Marlowe Interiors Jul 2025,Meridian Trading Co.
ed68b60523,ACC-SINV-2025-00338,P2,Sales Invoice,Sales Invoice,2,2025-07-04,2025-07-04 16:29:24.742920,ar.clerk@meridian.example,ST 6% - MTC,,ST 6%,Liability,0.0,90.32,,,Marlowe Interiors,Admin - MTC,Customer order Marlowe Interiors Jul 2025,Meridian Trading Co.
f4919626aa,ACC-SINV-2025-00338,P2,Sales Invoice,Sales Invoice,3,2025-07-04,2025-07-04 16:29:24.742920,ar.clerk@meridian.example,1310 - Debtors - MTC,1310,Debtors,Asset,1595.7,0.0,Customer,Marlowe Interiors,4110 - Sales - MTC,,Customer order Marlowe Interiors Jul 2025,Meridian Trading Co.
460510800d,ACC-PAY-2025-00436,P2,Payment Entry,Payment Entry,1,2025-07-05,2025-07-07 08:59:20.529800,ap.clerk@meridian.example,1210 - Primary Checking - MTC,1210,Primary Checking,Asset,0.0,16878.44,,,Ironclad Security,,Amount USD 16878.44 paid to Ironclad Security | Transaction reference no ACH-25-00182 dated 2025-07-05 | Amount USD 16878.44 adjusted against Purchase Invoice ACC-PINV-2025-00182,Meridian Trading Co.
9827889ab0,ACC-PAY-2025-00436,P2,Payment Entry,Payment Entry,2,2025-07-05,2025-07-07 08:59:20.529800,ap.clerk@meridian.example,2110 - Creditors - MTC,2110,Creditors,Liability,16878.44,0.0,Supplier,Ironclad Security,1210 - Primary Checking - MTC,,Amount USD 16878.44 paid to Ironclad Security | Transaction reference no ACH-25-00182 dated 2025-07-05 | Amount USD 16878.44 adjusted against Purchase Invoice ACC-PINV-2025-00182,Meridian Trading Co.
22db25e51c,ACC-PAY-2025-00439,P2,Payment Entry,Payment Entry,1,2025-07-05,2025-07-07 10:55:28.174353,ap.clerk@meridian.example,2110 - Creditors - MTC,2110,Creditors,Liability,5157.18,0.0,Supplier,Fairbanks Consulting,1210 - Primary Checking - MTC,,Amount USD 5157.18 paid to Fairbanks Consulting | Transaction reference no ACH-25-00185 dated 2025-07-05 | Amount USD 5157.18 adjusted against Purchase Invoice ACC-PINV-2025-00185,Meridian Trading Co.
64a332d285,ACC-PAY-2025-00439,P2,Payment Entry,Payment Entry,2,2025-07-05,2025-07-07 10:55:28.174353,ap.clerk@meridian.example,1210 - Primary Checking - MTC,1210,Primary Checking,Asset,0.0,5157.18,,,Fairbanks Consulting,,Amount USD 5157.18 paid to Fairbanks Consulting | Transaction reference no ACH-25-00185 dated 2025-07-05 | Amount USD 5157.18 adjusted against Purchase Invoice ACC-PINV-2025-00185,Meridian Trading Co.
51cbe666e1,ACC-SINV-2025-00348,P2,Sales Invoice,Sales Invoice,1,2025-07-07,2025-07-07 08:45:01.520993,ar.clerk@meridian.example,ST 6% - MTC,,ST 6%,Liability,0.0,46.0,,,Galehouse Media,Admin - MTC,Customer order Galehouse Media Jul 2025,Meridian Trading Co.
526a3cce65,ACC-SINV-2025-00348,P2,Sales Invoice,Sales Invoice,2,2025-07-07,2025-07-07 08:45:01.520993,ar.clerk@meridian.example,4110 - Sales - MTC,4110,Sales,Income,0.0,766.74,,,Galehouse Media,Warehouse - MTC,Customer order Galehouse Media Jul 2025,Meridian Trading Co.
f5c142d1aa,ACC-SINV-2025-00348,P2,Sales Invoice,Sales Invoice,3,2025-07-07,2025-07-07 08:45:01.520993,ar.clerk@meridian.example,1310 - Debtors - MTC,1310,Debtors,Asset,812.74,0.0,Customer,Galehouse Media,4110 - Sales - MTC,,Customer order Galehouse Media Jul 2025,Meridian Trading Co.
31bd028302,ACC-PAY-2025-00374,P2,Payment Entry,Payment Entry,1,2025-07-08,2025-07-08 13:15:49.631355,ar.clerk@meridian.example,1210 - Primary Checking - MTC,1210,Primary Checking,Asset,1190.86,0.0,,,Ovation Events,,Amount USD 1190.86 received from Ovation Events | Transaction reference no ACH-25-00281 dated 2025-07-08 | Amount USD 1190.86 adjusted against Sales Invoice ACC-SINV-2025-00281,Meridian Trading Co.
e0f462adfd,ACC-PAY-2025-00374,P2,Payment Entry,Payment Entry,2,2025-07-08,2025-07-08 13:15:49.631355,ar.clerk@meridian.example,1310 - Debtors - MTC,1310,Debtors,Asset,0.0,1190.86,Customer,Ovation Events,1210 - Primary Checking - MTC,,Amount USD 1190.86 received from Ovation Events | Transaction reference no ACH-25-00281 dated 2025-07-08 | Amount USD 1190.86 adjusted against Sales Invoice ACC-SINV-2025-00281,Meridian Trading Co.
6a0aa1d4b5,ACC-SINV-2025-00346,P2,Sales Invoice,Sales Invoice,1,2025-07-08,2025-07-08 17:30:31.981976,ar.clerk@meridian.example,4110 - Sales - MTC,4110,Sales,Income,0.0,390.36,,,Ovation Events,Warehouse - MTC,Customer order Ovation Events Jul 2025,Meridian Trading Co.
8f020de3c4,ACC-SINV-2025-00346,P2,Sales Invoice,Sales Invoice,2,2025-07-08,2025-07-08 17:30:31.981976,ar.clerk@meridian.example,1310 - Debtors - MTC,1310,Debtors,Asset,390.36,0.0,Customer,Ovation Events,4110 - Sales - MTC,,Customer order Ovation Events Jul 2025,Meridian Trading Co.
0873f87ca3,ACC-PAY-2025-00367,P2,Payment Entry,Payment Entry,1,2025-07-09,2025-07-09 12:08:13.054130,ap.clerk@meridian.example,1210 - Primary Checking - MTC,1210,Primary Checking,Asset,0.0,523.46,,,Fairbanks Consulting,,Amount USD 523.46 paid to Fairbanks Consulting | Transaction reference no ACH-25-00154 dated 2025-07-09 | Amount USD 523.46 adjusted against Purchase Invoice ACC-PINV-2025-00154,Meridian Trading Co.
b012445d89,ACC-PAY-2025-00367,P2,Payment Entry,Payment Entry,2,2025-07-09,2025-07-09 12:08:13.054130,ap.clerk@meridian.example,2110 - Creditors - MTC,2110,Creditors,Liability,523.46,0.0,Supplier,Fairbanks Consulting,1210 - Primary Checking - MTC,,Amount USD 523.46 paid to Fairbanks Consulting | Transaction reference no ACH-25-00154 dated 2025-07-09 | Amount USD 523.46 adjusted against Purchase Invoice ACC-PINV-2025-00154,Meridian Trading Co.
8d846958bc,ACC-PAY-2025-00398,P2,Payment Entry,Payment Entry,1,2025-07-09,2025-07-09 16:37:31.096123,ar.clerk@meridian.example,1310 - Debtors - MTC,1310,Debtors,Asset,0.0,33924.05,Customer,Redcedar Builders,1210 - Primary Checking - MTC,,Amount USD 33924.05 received from Redcedar Builders | Transaction reference no ACH-25-00309 dated 2025-07-09 | Amount USD 33924.05 adjusted against Sales Invoice ACC-SINV-2025-00309,Meridian Trading Co.
ccc67fa05b,ACC-PAY-2025-00398,P2,Payment Entry,Payment Entry,2,2025-07-09,2025-07-09 16:37:31.096123,ar.clerk@meridian.example,1210 - Primary Checking - MTC,1210,Primary Checking,Asset,33924.05,0.0,,,Redcedar Builders,,Amount USD 33924.05 received from Redcedar Builders | Transaction reference no ACH-25-00309 dated 2025-07-09 | Amount USD 33924.05 adjusted against Sales Invoice ACC-SINV-2025-00309,Meridian Trading Co.
a4b744c5cb,ACC-PAY-2025-00416,P2,Payment Entry,Payment Entry,1,2025-07-09,2025-07-09 11:38:17.312639,ap.clerk@meridian.example,2110 - Creditors - MTC,2110,Creditors,Liability,2896.11,0.0,Supplier,Orchard Wholesale,1210 - Primary Checking - MTC,,Amount USD 2896.11 paid to Orchard Wholesale | Transaction reference no ACH-25-00161 dated 2025-07-09 | Amount USD 2896.11 adjusted against Purchase Invoice ACC-PINV-2025-00161,Meridian Trading Co.
f37feaffdf,ACC-PAY-2025-00416,P2,Payment Entry,Payment Entry,2,2025-07-09,2025-07-09 11:38:17.312639,ap.clerk@meridian.example,1210 - Primary Checking - MTC,1210,Primary Checking,Asset,0.0,2896.11,,,Orchard Wholesale,,Amount USD 2896.11 paid to Orchard Wholesale | Transaction reference no ACH-25-00161 dated 2025-07-09 | Amount USD 2896.11 adjusted against Purchase Invoice ACC-PINV-2025-00161,Meridian Trading Co.
471b4bf611,ACC-PAY-2025-00437,P2,Payment Entry,Payment Entry,1,2025-07-09,2025-07-09 17:14:09.478281,ap.clerk@meridian.example,2110 - Creditors - MTC,2110,Creditors,Liability,8148.17,0.0,Supplier,Fairbanks Consulting,1210 - Primary Checking - MTC,,Amount USD 8148.17 paid to Fairbanks Consulting | Transaction reference no ACH-25-00183 dated 2025-07-09 | Amount USD 8148.17 adjusted against Purchase Invoice ACC-PINV-2025-00183,Meridian Trading Co.
d3f0c32cf6,ACC-PAY-2025-00437,P2,Payment Entry,Payment Entry,2,2025-07-09,2025-07-09 17:14:09.478281,ap.clerk@meridian.example,1210 - Primary Checking - MTC,1210,Primary Checking,Asset,0.0,8148.17,,,Fairbanks Consulting,,Amount USD 8148.17 paid to Fairbanks Consulting | Transaction reference no ACH-25-00183 dated 2025-07-09 | Amount USD 8148.17 adjusted against Purchase Invoice ACC-PINV-2025-00183,Meridian Trading Co.
4e70f2bbad,ACC-PINV-2025-00193,P2,Purchase Invoice,Purchase Invoice,1,2025-07-09,2025-07-09 11:17:48.396184,ap.clerk@meridian.example,5111 - Cost of Goods Sold - MTC,5111,Cost of Goods Sold,Expense,4421.74,0.0,,,Vulcan Materials Co,Warehouse - MTC,Vulcan Materials Co July 2025 billing,Meridian Trading Co.
f6067c8cb6,ACC-PINV-2025-00193,P2,Purchase Invoice,Purchase Invoice,2,2025-07-09,2025-07-09 11:17:48.396184,ap.clerk@meridian.example,2110 - Creditors - MTC,2110,Creditors,Liability,0.0,4421.74,Supplier,Vulcan Materials Co,5111 - Cost of Goods Sold - MTC,,Vulcan Materials Co July 2025 billing,Meridian Trading Co.
3eb18c12bc,ACC-PINV-2025-00203,P2,Purchase Invoice,Purchase Invoice,1,2025-07-09,2025-07-09 17:09:14.420049,ap.clerk@meridian.example,5210 - Postal Expenses - MTC,5210,Postal Expenses,Expense,575.48,0.0,,,Metro Utilities,Admin - MTC,Metro Utilities July 2025 billing,Meridian Trading Co.
efbd855f5e,ACC-PINV-2025-00203,P2,Purchase Invoice,Purchase Invoice,2,2025-07-09,2025-07-09 17:09:14.420049,ap.clerk@meridian.example,2110 - Creditors - MTC,2110,Creditors,Liability,0.0,10258.85,Supplier,Metro Utilities,"5217 - Utility Expenses - MTC,5210 - Postal Expenses - MTC",,Metro Utilities July 2025 billing,Meridian Trading Co.
f2d3cca319,ACC-PINV-2025-00203,P2,Purchase Invoice,Purchase Invoice,3,2025-07-09,2025-07-09 17:09:14.420049,ap.clerk@meridian.example,5217 - Utility Expenses - MTC,5217,Utility Expenses,Expense,9683.37,0.0,,,Metro Utilities,Admin - MTC,Metro Utilities July 2025 billing,Meridian Trading Co.
4d1e937dbf,ACC-SINV-2025-00337,P2,Sales Invoice,Sales Invoice,1,2025-07-09,2025-07-09 09:48:40.615460,ar.clerk@meridian.example,4130 - Freight Income - MTC,4130,Freight Income,Income,0.0,1779.58,,,Brightline Offices,Admin - MTC,Customer order Brightline Offices Jul 2025,Meridian Trading Co.
c16c0ea06c,ACC-SINV-2025-00337,P2,Sales Invoice,Sales Invoice,2,2025-07-09,2025-07-09 09:48:40.615460,ar.clerk@meridian.example,ST 6% - MTC,,ST 6%,Liability,0.0,106.77,,,Brightline Offices,Admin - MTC,Customer order Brightline Offices Jul 2025,Meridian Trading Co.
e5fa30f4cd,ACC-SINV-2025-00337,P2,Sales Invoice,Sales Invoice,3,2025-07-09,2025-07-09 09:48:40.615460,ar.clerk@meridian.example,1310 - Debtors - MTC,1310,Debtors,Asset,1886.35,0.0,Customer,Brightline Offices,4130 - Freight Income - MTC,,Customer order Brightline Offices Jul 2025,Meridian Trading Co.
58e8b1eb00,ACC-PAY-2025-00372,P2,Payment Entry,Payment Entry,1,2025-07-10,2025-07-10 10:32:42.159616,ar.clerk@meridian.example,1310 - Debtors - MTC,1310,Debtors,Asset,0.0,796.29,Customer,Northwind Retail,1210 - Primary Checking - MTC,,Amount USD 796.29 received from Northwind Retail | Transaction reference no ACH-25-00279 dated 2025-07-10 | Amount USD 796.29 adjusted against Sales Invoice ACC-SINV-2025-00279,Meridian Trading Co.
82c6e58fce,ACC-PAY-2025-00372,P2,Payment Entry,Payment Entry,2,2025-07-10,2025-07-10 10:32:42.159616,ar.clerk@meridian.example,1210 - Primary Checking - MTC,1210,Primary Checking,Asset,796.29,0.0,,,Northwind Retail,,Amount USD 796.29 received from Northwind Retail | Transaction reference no ACH-25-00279 dated 2025-07-10 | Amount USD 796.29 adjusted against Sales Invoice ACC-SINV-2025-00279,Meridian Trading Co.
69cebc6980,ACC-PAY-2025-00382,P2,Payment Entry,Payment Entry,1,2025-07-10,2025-07-10 16:46:20.041223,ar.clerk@meridian.example,1310 - Debtors - MTC,1310,Debtors,Asset,0.0,9838.81,Customer,Summit Rentals,1210 - Primary Checking - MTC,,Amount USD 9838.81 received from Summit Rentals | Transaction reference no ACH-25-00290 dated 2025-07-10 | Amount USD 9838.81 adjusted against Sales Invoice ACC-SINV-2025-00290,Meridian Trading Co.
b64fd571f4,ACC-PAY-2025-00382,P2,Payment Entry,Payment Entry,2,2025-07-10,2025-07-10 16:46:20.041223,ar.clerk@meridian.example,1210 - Primary Checking - MTC,1210,Primary Checking,Asset,9838.81,0.0,,,Summit Rentals,,Amount USD 9838.81 received from Summit Rentals | Transaction reference no ACH-25-00290 dated 2025-07-10 | Amount USD 9838.81 adjusted against Sales Invoice ACC-SINV-2025-00290,Meridian Trading Co.
03ce1103e7,ACC-PAY-2025-00396,P2,Payment Entry,Payment Entry,1,2025-07-10,2025-07-10 14:19:28.080301,ar.clerk@meridian.example,1210 - Primary Checking - MTC,1210,Primary Checking,Asset,937.39,0.0,,,Ovation Events,,Amount USD 937.39 received from Ovation Events | Transaction reference no ACH-25-00307 dated 2025-07-10 | Amount USD 937.39 adjusted against Sales Invoice ACC-SINV-2025-00307,Meridian Trading Co.
2e3ed2e794,ACC-PAY-2025-00396,P2,Payment Entry,Payment Entry,2,2025-07-10,2025-07-10 14:19:28.080301,ar.clerk@meridian.example,1310 - Debtors - MTC,1310,Debtors,Asset,0.0,937.39,Customer,Ovation Events,1210 - Primary Checking - MTC,,Amount USD 937.39 received from Ovation Events | Transaction reference no ACH-25-00307 dated 2025-07-10 | Amount USD 937.39 adjusted against Sales Invoice ACC-SINV-2025-00307,Meridian Trading Co.
995f3156f8,ACC-PINV-2025-00192,P2,Purchase Invoice,Purchase Invoice,1,2025-07-10,2025-07-10 15:47:05.070977,ap.clerk@meridian.example,5111 - Cost of Goods Sold - MTC,5111,Cost of Goods Sold,Expense,1420.06,0.0,,,Vulcan Materials Co,Warehouse - MTC,Vulcan Materials Co July 2025 billing,Meridian Trading Co.
a4b8bec84a,ACC-PINV-2025-00192,P2,Purchase Invoice,Purchase Invoice,2,2025-07-10,2025-07-10 15:47:05.070977,ap.clerk@meridian.example,2110 - Creditors - MTC,2110,Creditors,Liability,0.0,1420.06,Supplier,Vulcan Materials Co,5111 - Cost of Goods Sold - MTC,,Vulcan Materials Co July 2025 billing,Meridian Trading Co.
766e80645a,ACC-SINV-2025-00328,P2,Sales Invoice,Sales Invoice,1,2025-07-10,2025-07-10 09:56:47.143617,ar.clerk@meridian.example,1310 - Debtors - MTC,1310,Debtors,Asset,1083.05,0.0,Customer,Ferrous Works,4110 - Sales - MTC,,Customer order Ferrous Works Jul 2025,Meridian Trading Co.
86e9afe347,ACC-SINV-2025-00328,P2,Sales Invoice,Sales Invoice,2,2025-07-10,2025-07-10 09:56:47.143617,ar.clerk@meridian.example,4110 - Sales - MTC,4110,Sales,Income,0.0,129.3,,,Ferrous Works,Sales Ops - MTC,Customer order Ferrous Works Jul 2025,Meridian Trading Co.
bc3513ab53,ACC-SINV-2025-00328,P2,Sales Invoice,Sales Invoice,3,2025-07-10,2025-07-10 09:56:47.143617,ar.clerk@meridian.example,ST 6% - MTC,,ST 6%,Liability,0.0,61.3,,,Ferrous Works,Admin - MTC,Customer order Ferrous Works Jul 2025,Meridian Trading Co.
d1d746db6a,ACC-SINV-2025-00328,P2,Sales Invoice,Sales Invoice,4,2025-07-10,2025-07-10 09:56:47.143617,ar.clerk@meridian.example,4110 - Sales - MTC,4110,Sales,Income,0.0,892.45,,,Ferrous Works,Warehouse - MTC,Customer order Ferrous Works Jul 2025,Meridian Trading Co.
01ef0dad4e,ACC-SINV-2025-00331,P2,Sales Invoice,Sales Invoice,1,2025-07-10,2025-07-10 15:49:21.862972,ar.clerk@meridian.example,4110 - Sales - MTC,4110,Sales,Income,0.0,1316.44,,,Halstrom Supply,Sales Ops - MTC,Customer order Halstrom Supply Jul 2025,Meridian Trading Co.
4f3486a027,ACC-SINV-2025-00331,P2,Sales Invoice,Sales Invoice,2,2025-07-10,2025-07-10 15:49:21.862972,ar.clerk@meridian.example,4120 - Service - MTC,4120,Service,Income,0.0,1457.16,,,Halstrom Supply,Sales Ops - MTC,Customer order Halstrom Supply Jul 2025,Meridian Trading Co.
5694366351,ACC-SINV-2025-00331,P2,Sales Invoice,Sales Invoice,3,2025-07-10,2025-07-10 15:49:21.862972,ar.clerk@meridian.example,ST 6% - MTC,,ST 6%,Liability,0.0,181.29,,,Halstrom Supply,Admin - MTC,Customer order Halstrom Supply Jul 2025,Meridian Trading Co.
6d1a88c912,ACC-SINV-2025-00331,P2,Sales Invoice,Sales Invoice,4,2025-07-10,2025-07-10 15:49:21.862972,ar.clerk@meridian.example,1310 - Debtors - MTC,1310,Debtors,Asset,3202.75,0.0,Customer,Halstrom Supply,"4110 - Sales - MTC,4120 - Service - MTC",,Customer order Halstrom Supply Jul 2025,Meridian Trading Co.
c8a4a50b62,ACC-SINV-2025-00331,P2,Sales Invoice,Sales Invoice,5,2025-07-10,2025-07-10 15:49:21.862972,ar.clerk@meridian.example,4110 - Sales - MTC,4110,Sales,Income,0.0,247.86,,,Halstrom Supply,Warehouse - MTC,Customer order Halstrom Supply Jul 2025,Meridian Trading Co.
80e236e798,ACC-SINV-2025-00351,P2,Sales Invoice,Sales Invoice,1,2025-07-10,2025-07-10 13:37:05.158946,ar.clerk@meridian.example,1310 - Debtors - MTC,1310,Debtors,Asset,2374.0,0.0,Customer,Ovation Events,"4130 - Freight Income - MTC,4110 - Sales - MTC",,Customer order Ovation Events Jul 2025,Meridian Trading Co.
c242c9f843,ACC-SINV-2025-00351,P2,Sales Invoice,Sales Invoice,2,2025-07-10,2025-07-10 13:37:05.158946,ar.clerk@meridian.example,4110 - Sales - MTC,4110,Sales,Income,0.0,1978.29,,,Ovation Events,Sales Ops - MTC,Customer order Ovation Events Jul 2025,Meridian Trading Co.
eb0d490b25,ACC-SINV-2025-00351,P2,Sales Invoice,Sales Invoice,3,2025-07-10,2025-07-10 13:37:05.158946,ar.clerk@meridian.example,4130 - Freight Income - MTC,4130,Freight Income,Income,0.0,234.96,,,Ovation Events,Admin - MTC,Customer order Ovation Events Jul 2025,Meridian Trading Co.
eb8472e710,ACC-SINV-2025-00351,P2,Sales Invoice,Sales Invoice,4,2025-07-10,2025-07-10 13:37:05.158946,ar.clerk@meridian.example,4110 - Sales - MTC,4110,Sales,Income,0.0,160.75,,,Ovation Events,Warehouse - MTC,Customer order Ovation Events Jul 2025,Meridian Trading Co.
38ec24d8f3,ACC-SINV-2025-00365,P2,Sales Invoice,Sales Invoice,1,2025-07-10,2025-07-10 08:44:00.164969,ar.clerk@meridian.example,ST 6% - MTC,,ST 6%,Liability,0.0,577.21,,,Halstrom Supply,Admin - MTC,Customer order Halstrom Supply Jul 2025,Meridian Trading Co.
3e301f4981,ACC-SINV-2025-00365,P2,Sales Invoice,Sales Invoice,2,2025-07-10,2025-07-10 08:44:00.164969,ar.clerk@meridian.example,4130 - Freight Income - MTC,4130,Freight Income,Income,0.0,1217.45,,,Halstrom Supply,Admin - MTC,Customer order Halstrom Supply Jul 2025,Meridian Trading Co.
53815e5022,ACC-SINV-2025-00365,P2,Sales Invoice,Sales Invoice,3,2025-07-10,2025-07-10 08:44:00.164969,ar.clerk@meridian.example,1310 - Debtors - MTC,1310,Debtors,Asset,10197.3,0.0,Customer,Halstrom Supply,"4130 - Freight Income - MTC,4110 - Sales - MTC,4120 - Service - MTC",,Customer order Halstrom Supply Jul 2025,Meridian Trading Co.
555917ccae,ACC-SINV-2025-00365,P2,Sales Invoice,Sales Invoice,4,2025-07-10,2025-07-10 08:44:00.164969,ar.clerk@meridian.example,4120 - Service - MTC,4120,Service,Income,0.0,7926.0,,,Halstrom Supply,Admin - MTC,Customer order Halstrom Supply Jul 2025,Meridian Trading Co.
7112acdeae,ACC-SINV-2025-00365,P2,Sales Invoice,Sales Invoice,5,2025-07-10,2025-07-10 08:44:00.164969,ar.clerk@meridian.example,4110 - Sales - MTC,4110,Sales,Income,0.0,318.0,,,Halstrom Supply,Sales Ops - MTC,Customer order Halstrom Supply Jul 2025,Meridian Trading Co.
ffed551ced,ACC-SINV-2025-00365,P2,Sales Invoice,Sales Invoice,6,2025-07-10,2025-07-10 08:44:00.164969,ar.clerk@meridian.example,4110 - Sales - MTC,4110,Sales,Income,0.0,158.64,,,Halstrom Supply,Warehouse - MTC,Customer order Halstrom Supply Jul 2025,Meridian Trading Co.
4ea6735e5a,ACC-PAY-2025-00352,P2,Payment Entry,Payment Entry,1,2025-07-11,2025-07-11 17:34:26.099033,ap.clerk@meridian.example,1210 - Primary Checking - MTC,1210,Primary Checking,Asset,0.0,15216.83,,,Beacon Freight,,Amount USD 15216.83 paid to Beacon Freight | Transaction reference no ACH-25-00138 dated 2025-07-11 | Amount USD 15216.83 adjusted against Purchase Invoice ACC-PINV-2025-00138,Meridian Trading Co.
d8c82bea12,ACC-PAY-2025-00352,P2,Payment Entry,Payment Entry,2,2025-07-11,2025-07-11 17:34:26.099033,ap.clerk@meridian.example,2110 - Creditors - MTC,2110,Creditors,Liability,15216.83,0.0,Supplier,Beacon Freight,1210 - Primary Checking - MTC,,Amount USD 15216.83 paid to Beacon Freight | Transaction reference no ACH-25-00138 dated 2025-07-11 | Amount USD 15216.83 adjusted against Purchase Invoice ACC-PINV-2025-00138,Meridian Trading Co.
62de94a013,ACC-PAY-2025-00399,P2,Payment Entry,Payment Entry,1,2025-07-11,2025-07-11 09:49:15.982236,ar.clerk@meridian.example,1310 - Debtors - MTC,1310,Debtors,Asset,0.0,1040.97,Customer,Brightline Offices,1210 - Primary Checking - MTC,,Amount USD 1040.97 received from Brightline Offices | Transaction reference no ACH-25-00310 dated 2025-07-11 | Amount USD 1040.97 adjusted against Sales Invoice ACC-SINV-2025-00310,Meridian Trading Co.
fec9bba89d,ACC-PAY-2025-00399,P2,Payment Entry,Payment Entry,2,2025-07-11,2025-07-11 09:49:15.982236,ar.clerk@meridian.example,1210 - Primary Checking - MTC,1210,Primary Checking,Asset,1040.97,0.0,,,Brightline Offices,,Amount USD 1040.97 received from Brightline Offices | Transaction reference no ACH-25-00310 dated 2025-07-11 | Amount USD 1040.97 adjusted against Sales Invoice ACC-SINV-2025-00310,Meridian Trading Co.
9d16456d0b,ACC-PAY-2025-00417,P2,Payment Entry,Payment Entry,1,2025-07-11,2025-07-11 13:48:22.552927,ap.clerk@meridian.example,1210 - Primary Checking - MTC,1210,Primary Checking,Asset,0.0,12487.93,,,Orchard Wholesale,,Amount USD 12487.93 paid to Orchard Wholesale | Transaction reference no ACH-25-00162 dated 2025-07-11 | Amount USD 12487.93 adjusted against Purchase Invoice ACC-PINV-2025-00162,Meridian Trading Co.
c9b1ac9c50,ACC-PAY-2025-00417,P2,Payment Entry,Payment Entry,2,2025-07-11,2025-07-11 13:48:22.552927,ap.clerk@meridian.example,2110 - Creditors - MTC,2110,Creditors,Liability,12487.93,0.0,Supplier,Orchard Wholesale,1210 - Primary Checking - MTC,,Amount USD 12487.93 paid to Orchard Wholesale | Transaction reference no ACH-25-00162 dated 2025-07-11 | Amount USD 12487.93 adjusted against Purchase Invoice ACC-PINV-2025-00162,Meridian Trading Co.
2efae22c7d,ACC-PINV-2025-00188,P2,Purchase Invoice,Purchase Invoice,1,2025-07-11,2025-07-11 08:19:55.901887,ap.clerk@meridian.example,2110 - Creditors - MTC,2110,Creditors,Liability,0.0,10501.52,Supplier,Orchard Wholesale,5111 - Cost of Goods Sold - MTC,,Orchard Wholesale July 2025 billing,Meridian Trading Co.
fccf2e4345,ACC-PINV-2025-00188,P2,Purchase Invoice,Purchase Invoice,2,2025-07-11,2025-07-11 08:19:55.901887,ap.clerk@meridian.example,5111 - Cost of Goods Sold - MTC,5111,Cost of Goods Sold,Expense,10501.52,0.0,,,Orchard Wholesale,Warehouse - MTC,Orchard Wholesale July 2025 billing,Meridian Trading Co.
3a2aace0b2,ACC-PINV-2025-00205,P2,Purchase Invoice,Purchase Invoice,1,2025-07-11,2025-07-11 08:31:15.324479,ap.clerk@meridian.example,2110 - Creditors - MTC,2110,Creditors,Liability,0.0,3692.75,Supplier,Harlan Office Supply,5208 - Office Maintenance Expenses - MTC,,Harlan Office Supply July 2025 billing,Meridian Trading Co.
52bb6c50d8,ACC-PINV-2025-00205,P2,Purchase Invoice,Purchase Invoice,2,2025-07-11,2025-07-11 08:31:15.324479,ap.clerk@meridian.example,5208 - Office Maintenance Expenses - MTC,5208,Office Maintenance Expenses,Expense,3692.75,0.0,,,Harlan Office Supply,Admin - MTC,Harlan Office Supply July 2025 billing,Meridian Trading Co.
30409adc3f,ACC-SINV-2025-00326,P2,Sales Invoice,Sales Invoice,1,2025-07-11,2025-07-11 17:38:15.881490,ar.clerk@meridian.example,1310 - Debtors - MTC,1310,Debtors,Asset,3283.54,0.0,Customer,Halstrom Supply,4110 - Sales - MTC,,Customer order Halstrom Supply Jul 2025,Meridian Trading Co.
32f9a56bf3,ACC-SINV-2025-00326,P2,Sales Invoice,Sales Invoice,2,2025-07-11,2025-07-11 17:38:15.881490,ar.clerk@meridian.example,4110 - Sales - MTC,4110,Sales,Income,0.0,2319.03,,,Halstrom Supply,Sales Ops - MTC,Customer order Halstrom Supply Jul 2025,Meridian Trading Co.
4d50440f5e,ACC-SINV-2025-00326,P2,Sales Invoice,Sales Invoice,3,2025-07-11,2025-07-11 17:38:15.881490,ar.clerk@meridian.example,4110 - Sales - MTC,4110,Sales,Income,0.0,778.65,,,Halstrom Supply,Warehouse - MTC,Customer order Halstrom Supply Jul 2025,Meridian Trading Co.
c4400adf0c,ACC-SINV-2025-00326,P2,Sales Invoice,Sales Invoice,4,2025-07-11,2025-07-11 17:38:15.881490,ar.clerk@meridian.example,ST 6% - MTC,,ST 6%,Liability,0.0,185.86,,,Halstrom Supply,Admin - MTC,Customer order Halstrom Supply Jul 2025,Meridian Trading Co.
97070310ca,ACC-SINV-2025-00342,P2,Sales Invoice,Sales Invoice,1,2025-07-11,2025-07-11 10:05:52.002408,ar.clerk@meridian.example,1310 - Debtors - MTC,1310,Debtors,Asset,2525.84,0.0,Customer,Halstrom Supply,4110 - Sales - MTC,,Customer order Halstrom Supply Jul 2025,Meridian Trading Co.
ce4db18a55,ACC-SINV-2025-00342,P2,Sales Invoice,Sales Invoice,2,2025-07-11,2025-07-11 10:05:52.002408,ar.clerk@meridian.example,ST 6% - MTC,,ST 6%,Liability,0.0,142.97,,,Halstrom Supply,Admin - MTC,Customer order Halstrom Supply Jul 2025,Meridian Trading Co.
fa5476c23b,ACC-SINV-2025-00342,P2,Sales Invoice,Sales Invoice,3,2025-07-11,2025-07-11 10:05:52.002408,ar.clerk@meridian.example,4110 - Sales - MTC,4110,Sales,Income,0.0,2382.87,,,Halstrom Supply,Sales Ops - MTC,Customer order Halstrom Supply Jul 2025,Meridian Trading Co.
335a587177,ACC-SINV-2025-00360,P2,Sales Invoice,Sales Invoice,1,2025-07-11,2025-07-11 16:36:39.647091,ar.clerk@meridian.example,ST 6% - MTC,,ST 6%,Liability,0.0,239.03,,,Halstrom Supply,Admin - MTC,Customer order Halstrom Supply Jul 2025,Meridian Trading Co.
6ee25a7c4c,ACC-SINV-2025-00360,P2,Sales Invoice,Sales Invoice,2,2025-07-11,2025-07-11 16:36:39.647091,ar.clerk@meridian.example,1310 - Debtors - MTC,1310,Debtors,Asset,4222.8,0.0,Customer,Halstrom Supply,"4130 - Freight Income - MTC,4110 - Sales - MTC",,Customer order Halstrom Supply Jul 2025,Meridian Trading Co.
8b2fd88260,ACC-SINV-2025-00360,P2,Sales Invoice,Sales Invoice,3,2025-07-11,2025-07-11 16:36:39.647091,ar.clerk@meridian.example,4110 - Sales - MTC,4110,Sales,Income,0.0,2105.11,,,Halstrom Supply,Sales Ops - MTC,Customer order Halstrom Supply Jul 2025,Meridian Trading Co.
b3465272ca,ACC-SINV-2025-00360,P2,Sales Invoice,Sales Invoice,4,2025-07-11,2025-07-11 16:36:39.647091,ar.clerk@meridian.example,4130 - Freight Income - MTC,4130,Freight Income,Income,0.0,1878.66,,,Halstrom Supply,Admin - MTC,Customer order Halstrom Supply Jul 2025,Meridian Trading Co.
537d47a252,ACC-PAY-2025-00435,P2,Payment Entry,Payment Entry,1,2025-07-12,2025-07-14 14:55:33.480144,ap.clerk@meridian.example,2110 - Creditors - MTC,2110,Creditors,Liability,4675.55,0.0,Supplier,Quill Marketing Group,1210 - Primary Checking - MTC,,Amount USD 4675.55 paid to Quill Marketing Group | Transaction reference no ACH-25-00181 dated 2025-07-12 | Amount USD 4675.55 adjusted against Purchase Invoice ACC-PINV-2025-00181,Meridian Trading Co.
916ae67ad7,ACC-PAY-2025-00435,P2,Payment Entry,Payment Entry,2,2025-07-12,2025-07-14 14:55:33.480144,ap.clerk@meridian.example,1210 - Primary Checking - MTC,1210,Primary Checking,Asset,0.0,4675.55,,,Quill Marketing Group,,Amount USD 4675.55 paid to Quill Marketing Group | Transaction reference no ACH-25-00181 dated 2025-07-12 | Amount USD 4675.55 adjusted against Purchase Invoice ACC-PINV-2025-00181,Meridian Trading Co.
659d158c3a,ACC-PAY-2025-00377,P2,Payment Entry,Payment Entry,1,2025-07-13,2025-07-14 10:28:32.722399,ar.clerk@meridian.example,1210 - Primary Checking - MTC,1210,Primary Checking,Asset,10582.85,0.0,,,Kestrel Foods,,Amount USD 10582.85 received from Kestrel Foods | Transaction reference no ACH-25-00284 dated 2025-07-13 | Amount USD 10582.85 adjusted against Sales Invoice ACC-SINV-2025-00284,Meridian Trading Co.
6937c6da17,ACC-PAY-2025-00377,P2,Payment Entry,Payment Entry,2,2025-07-13,2025-07-14 10:28:32.722399,ar.clerk@meridian.example,1310 - Debtors - MTC,1310,Debtors,Asset,0.0,10582.85,Customer,Kestrel Foods,1210 - Primary Checking - MTC,,Amount USD 10582.85 received from Kestrel Foods | Transaction reference no ACH-25-00284 dated 2025-07-13 | Amount USD 10582.85 adjusted against Sales Invoice ACC-SINV-2025-00284,Meridian Trading Co.
b6abe6f6b9,ACC-PAY-2025-00431,P2,Payment Entry,Payment Entry,1,2025-07-13,2025-07-14 10:31:33.502692,ap.clerk@meridian.example,1210 - Primary Checking - MTC,1210,Primary Checking,Asset,0.0,2934.85,,,Metro Utilities,,Amount USD 2934.85 paid to Metro Utilities | Transaction reference no ACH-25-00176 dated 2025-07-13 | Amount USD 2934.85 adjusted against Purchase Invoice ACC-PINV-2025-00176,Meridian Trading Co.
d4e9eb67a6,ACC-PAY-2025-00431,P2,Payment Entry,Payment Entry,2,2025-07-13,2025-07-14 10:31:33.502692,ap.clerk@meridian.example,2110 - Creditors - MTC,2110,Creditors,Liability,2934.85,0.0,Supplier,Metro Utilities,1210 - Primary Checking - MTC,,Amount USD 2934.85 paid to Metro Utilities | Transaction reference no ACH-25-00176 dated 2025-07-13 | Amount USD 2934.85 adjusted against Purchase Invoice ACC-PINV-2025-00176,Meridian Trading Co.
3b666bfd37,ACC-PAY-2025-00385,P2,Payment Entry,Payment Entry,1,2025-07-14,2025-07-14 17:16:28.318177,ar.clerk@meridian.example,1210 - Primary Checking - MTC,1210,Primary Checking,Asset,492.87,0.0,,,Bluepine Hardware,,Amount USD 492.87 received from Bluepine Hardware | Transaction reference no ACH-25-00294 dated 2025-07-14 | Amount USD 492.87 adjusted against Sales Invoice ACC-SINV-2025-00294,Meridian Trading Co.
d842003350,ACC-PAY-2025-00385,P2,Payment Entry,Payment Entry,2,2025-07-14,2025-07-14 17:16:28.318177,ar.clerk@meridian.example,1310 - Debtors - MTC,1310,Debtors,Asset,0.0,492.87,Customer,Bluepine Hardware,1210 - Primary Checking - MTC,,Amount USD 492.87 received from Bluepine Hardware | Transaction reference no ACH-25-00294 dated 2025-07-14 | Amount USD 492.87 adjusted against Sales Invoice ACC-SINV-2025-00294,Meridian Trading Co.
6c6d8949a6,ACC-PAY-2025-00402,P2,Payment Entry,Payment Entry,1,2025-07-14,2025-07-14 08:03:15.325867,ar.clerk@meridian.example,1210 - Primary Checking - MTC,1210,Primary Checking,Asset,2694.45,0.0,,,Ovation Events,,Amount USD 2694.45 received from Ovation Events | Transaction reference no ACH-25-00313 dated 2025-07-14 | Amount USD 2694.45 adjusted against Sales Invoice ACC-SINV-2025-00313,Meridian Trading Co.
bf04a845e8,ACC-PAY-2025-00402,P2,Payment Entry,Payment Entry,2,2025-07-14,2025-07-14 08:03:15.325867,ar.clerk@meridian.example,1310 - Debtors - MTC,1310,Debtors,Asset,0.0,2694.45,Customer,Ovation Events,1210 - Primary Checking - MTC,,Amount USD 2694.45 received from Ovation Events | Transaction reference no ACH-25-00313 dated 2025-07-14 | Amount USD 2694.45 adjusted against Sales Invoice ACC-SINV-2025-00313,Meridian Trading Co.
030c29e0e6,ACC-SINV-2025-00350,P2,Sales Invoice,Sales Invoice,1,2025-07-14,2025-07-14 13:49:41.744567,controller@meridian.example,4120 - Service - MTC,4120,Service,Income,0.0,17279.02,,,Bluepine Hardware,Warehouse - MTC,Customer order Bluepine Hardware Jul 2025,Meridian Trading Co.
0976390b15,ACC-SINV-2025-00350,P2,Sales Invoice,Sales Invoice,2,2025-07-14,2025-07-14 13:49:41.744567,controller@meridian.example,1310 - Debtors - MTC,1310,Debtors,Asset,18797.26,0.0,Customer,Bluepine Hardware,"4120 - Service - MTC,4110 - Sales - MTC",,Customer order Bluepine Hardware Jul 2025,Meridian Trading Co.
5beeb09def,ACC-SINV-2025-00350,P2,Sales Invoice,Sales Invoice,3,2025-07-14,2025-07-14 13:49:41.744567,controller@meridian.example,4110 - Sales - MTC,4110,Sales,Income,0.0,454.24,,,Bluepine Hardware,Warehouse - MTC,Customer order Bluepine Hardware Jul 2025,Meridian Trading Co.
94a6f2bb5d,ACC-SINV-2025-00350,P2,Sales Invoice,Sales Invoice,4,2025-07-14,2025-07-14 13:49:41.744567,controller@meridian.example,ST 6% - MTC,,ST 6%,Liability,0.0,1064.0,,,Bluepine Hardware,Admin - MTC,Customer order Bluepine Hardware Jul 2025,Meridian Trading Co.
2e0cca625f,ACC-SINV-2025-00369,P2,Sales Invoice,Sales Invoice,1,2025-07-14,2025-07-14 17:45:09.700899,ar.clerk@meridian.example,4110 - Sales - MTC,4110,Sales,Income,0.0,228.2,,,Marlowe Interiors,Sales Ops - MTC,Customer order Marlowe Interiors Jul 2025,Meridian Trading Co.
55207f862c,ACC-SINV-2025-00369,P2,Sales Invoice,Sales Invoice,2,2025-07-14,2025-07-14 17:45:09.700899,ar.clerk@meridian.example,1310 - Debtors - MTC,1310,Debtors,Asset,964.9,0.0,Customer,Marlowe Interiors,4110 - Sales - MTC,,Customer order Marlowe Interiors Jul 2025,Meridian Trading Co.
aa06c88daf,ACC-SINV-2025-00369,P2,Sales Invoice,Sales Invoice,3,2025-07-14,2025-07-14 17:45:09.700899,ar.clerk@meridian.example,ST 6% - MTC,,ST 6%,Liability,0.0,54.62,,,Marlowe Interiors,Admin - MTC,Customer order Marlowe Interiors Jul 2025,Meridian Trading Co.
e510fc9f96,ACC-SINV-2025-00369,P2,Sales Invoice,Sales Invoice,4,2025-07-14,2025-07-14 17:45:09.700899,ar.clerk@meridian.example,4110 - Sales - MTC,4110,Sales,Income,0.0,682.08,,,Marlowe Interiors,Warehouse - MTC,Customer order Marlowe Interiors Jul 2025,Meridian Trading Co.
47be03d7dc,ACC-PAY-2025-00381,P2,Payment Entry,Payment Entry,1,2025-07-15,2025-07-15 08:45:36.125642,ar.clerk@meridian.example,1210 - Primary Checking - MTC,1210,Primary Checking,Asset,530.85,0.0,,,Cascade Outfitters,,Amount USD 530.85 received from Cascade Outfitters | Transaction reference no ACH-25-00289 dated 2025-07-15 | Amount USD 530.85 adjusted against Sales Invoice ACC-SINV-2025-00289,Meridian Trading Co.
f34f699440,ACC-PAY-2025-00381,P2,Payment Entry,Payment Entry,2,2025-07-15,2025-07-15 08:45:36.125642,ar.clerk@meridian.example,1310 - Debtors - MTC,1310,Debtors,Asset,0.0,530.85,Customer,Cascade Outfitters,1210 - Primary Checking - MTC,,Amount USD 530.85 received from Cascade Outfitters | Transaction reference no ACH-25-00289 dated 2025-07-15 | Amount USD 530.85 adjusted against Sales Invoice ACC-SINV-2025-00289,Meridian Trading Co.
20bad5090c,ACC-PAY-2025-00395,P2,Payment Entry,Payment Entry,1,2025-07-15,2025-07-15 09:39:31.580399,ar.clerk@meridian.example,1310 - Debtors - MTC,1310,Debtors,Asset,0.0,24.74,Customer,Bluepine Hardware,1210 - Primary Checking - MTC,,Amount USD 24.74 received from Bluepine Hardware | Transaction reference no ACH-25-00306 dated 2025-07-15 | Amount USD 24.74 adjusted against Sales Invoice ACC-SINV-2025-00306,Meridian Trading Co.
27c78459f6,ACC-PAY-2025-00395,P2,Payment Entry,Payment Entry,2,2025-07-15,2025-07-15 09:39:31.580399,ar.clerk@meridian.example,1210 - Primary Checking - MTC,1210,Primary Checking,Asset,24.74,0.0,,,Bluepine Hardware,,Amount USD 24.74 received from Bluepine Hardware | Transaction reference no ACH-25-00306 dated 2025-07-15 | Amount USD 24.74 adjusted against Sales Invoice ACC-SINV-2025-00306,Meridian Trading Co.
353c99d201,ACC-PAY-2025-00427,P2,Payment Entry,Payment Entry,1,2025-07-15,2025-07-15 14:52:29.477032,ap.clerk@meridian.example,2110 - Creditors - MTC,2110,Creditors,Liability,10664.8,0.0,Supplier,Beacon Freight,1210 - Primary Checking - MTC,,Amount USD 10664.8 paid to Beacon Freight | Transaction reference no ACH-25-00172 dated 2025-07-15 | Amount USD 10664.8 adjusted against Purchase Invoice ACC-PINV-2025-00172,Meridian Trading Co.
7d9f0c6034,ACC-PAY-2025-00427,P2,Payment Entry,Payment Entry,2,2025-07-15,2025-07-15 14:52:29.477032,ap.clerk@meridian.example,1210 - Primary Checking - MTC,1210,Primary Checking,Asset,0.0,10664.8,,,Beacon Freight,,Amount USD 10664.8 paid to Beacon Freight | Transaction reference no ACH-25-00172 dated 2025-07-15 | Amount USD 10664.8 adjusted against Purchase Invoice ACC-PINV-2025-00172,Meridian Trading Co.
4f43bfe866,ACC-PAY-2025-00443,P2,Payment Entry,Payment Entry,1,2025-07-15,2025-07-15 12:09:43.053494,ar.clerk@meridian.example,1310 - Debtors - MTC,1310,Debtors,Asset,0.0,1083.05,Customer,Ferrous Works,1210 - Primary Checking - MTC,,Amount USD 1083.05 received from Ferrous Works | Transaction reference no ACH-25-00328 dated 2025-07-15 | Amount USD 1083.05 adjusted against Sales Invoice ACC-SINV-2025-00328,Meridian Trading Co.
f7c419c39f,ACC-PAY-2025-00443,P2,Payment Entry,Payment Entry,2,2025-07-15,2025-07-15 12:09:43.053494,ar.clerk@meridian.example,1210 - Primary Checking - MTC,1210,Primary Checking,Asset,1083.05,0.0,,,Ferrous Works,,Amount USD 1083.05 received from Ferrous Works | Transaction reference no ACH-25-00328 dated 2025-07-15 | Amount USD 1083.05 adjusted against Sales Invoice ACC-SINV-2025-00328,Meridian Trading Co.
68c87033cc,ACC-SINV-2025-00361,P2,Sales Invoice,Sales Invoice,1,2025-07-15,2025-07-15 16:55:35.068850,ar.clerk@meridian.example,4110 - Sales - MTC,4110,Sales,Income,0.0,714.88,,,Juniper & Co,Sales Ops - MTC,Customer order Juniper & Co Jul 2025,Meridian Trading Co.
92030bbaf6,ACC-SINV-2025-00361,P2,Sales Invoice,Sales Invoice,2,2025-07-15,2025-07-15 16:55:35.068850,ar.clerk@meridian.example,4110 - Sales - MTC,4110,Sales,Income,0.0,271.74,,,Juniper & Co,Warehouse - MTC,Customer order Juniper & Co Jul 2025,Meridian Trading Co.
c1271d0f2f,ACC-SINV-2025-00361,P2,Sales Invoice,Sales Invoice,3,2025-07-15,2025-07-15 16:55:35.068850,ar.clerk@meridian.example,1310 - Debtors - MTC,1310,Debtors,Asset,1045.82,0.0,Customer,Juniper & Co,4110 - Sales - MTC,,Customer order Juniper & Co Jul 2025,Meridian Trading Co.
d41a887012,ACC-SINV-2025-00361,P2,Sales Invoice,Sales Invoice,4,2025-07-15,2025-07-15 16:55:35.068850,ar.clerk@meridian.example,ST 6% - MTC,,ST 6%,Liability,0.0,59.2,,,Juniper & Co,Admin - MTC,Customer order Juniper & Co Jul 2025,Meridian Trading Co.
2c6d8a1fff,ACC-SINV-2025-00372,P2,Sales Invoice,Sales Invoice,1,2025-07-15,2025-07-15 14:00:31.954322,ar.clerk@meridian.example,ST 6% - MTC,,ST 6%,Liability,0.0,858.1,,,Juniper & Co,Admin - MTC,Customer order Juniper & Co Jul 2025,Meridian Trading Co.
7e369c40bd,ACC-SINV-2025-00372,P2,Sales Invoice,Sales Invoice,2,2025-07-15,2025-07-15 14:00:31.954322,ar.clerk@meridian.example,4120 - Service - MTC,4120,Service,Income,0.0,13270.62,,,Juniper & Co,Admin - MTC,Customer order Juniper & Co Jul 2025,Meridian Trading Co.
9c368aea75,ACC-SINV-2025-00372,P2,Sales Invoice,Sales Invoice,3,2025-07-15,2025-07-15 14:00:31.954322,ar.clerk@meridian.example,1310 - Debtors - MTC,1310,Debtors,Asset,15159.7,0.0,Customer,Juniper & Co,"4110 - Sales - MTC,4120 - Service - MTC",,Customer order Juniper & Co Jul 2025,Meridian Trading Co.
bc8f5acf5b,ACC-SINV-2025-00372,P2,Sales Invoice,Sales Invoice,4,2025-07-15,2025-07-15 14:00:31.954322,ar.clerk@meridian.example,4110 - Sales - MTC,4110,Sales,Income,0.0,1030.98,,,Juniper & Co,Sales Ops - MTC,Customer order Juniper & Co Jul 2025,Meridian Trading Co.
38cc91a2b6,ACC-PAY-2025-00369,P2,Payment Entry,Payment Entry,1,2025-07-16,2025-07-16 08:53:18.224399,ar.clerk@meridian.example,1310 - Debtors - MTC,1310,Debtors,Asset,0.0,8613.18,Customer,Timberline Schools,1210 - Primary Checking - MTC,,Amount USD 8613.18 received from Timberline Schools | Transaction reference no ACH-25-00276 dated 2025-07-16 | Amount USD 8613.18 adjusted against Sales Invoice ACC-SINV-2025-00276,Meridian Trading Co.
448d0a95f0,ACC-PAY-2025-00369,P2,Payment Entry,Payment Entry,2,2025-07-16,2025-07-16 08:53:18.224399,ar.clerk@meridian.example,1210 - Primary Checking - MTC,1210,Primary Checking,Asset,8613.18,0.0,,,Timberline Schools,,Amount USD 8613.18 received from Timberline Schools | Transaction reference no ACH-25-00276 dated 2025-07-16 | Amount USD 8613.18 adjusted against Sales Invoice ACC-SINV-2025-00276,Meridian Trading Co.
090a40bd72,ACC-PAY-2025-00393,P2,Payment Entry,Payment Entry,1,2025-07-16,2025-07-16 16:02:48.214944,ar.clerk@meridian.example,1310 - Debtors - MTC,1310,Debtors,Asset,0.0,1906.98,Customer,Cascade Outfitters,1210 - Primary Checking - MTC,,Amount USD 1906.98 received from Cascade Outfitters | Transaction reference no ACH-25-00304 dated 2025-07-16 | Amount USD 1906.98 adjusted against Sales Invoice ACC-SINV-2025-00304,Meridian Trading Co.
5d14b141c8,ACC-PAY-2025-00393,P2,Payment Entry,Payment Entry,2,2025-07-16,2025-07-16 16:02:48.214944,ar.clerk@meridian.example,1210 - Primary Checking - MTC,1210,Primary Checking,Asset,1906.98,0.0,,,Cascade Outfitters,,Amount USD 1906.98 received from Cascade Outfitters | Transaction reference no ACH-25-00304 dated 2025-07-16 | Amount USD 1906.98 adjusted against Sales Invoice ACC-SINV-2025-00304,Meridian Trading Co.
41b44c16e9,ACC-PAY-2025-00490,P2,Payment Entry,Payment Entry,1,2025-07-16,2025-07-16 11:59:08.324966,ap.clerk@meridian.example,2110 - Creditors - MTC,2110,Creditors,Liability,3480.95,0.0,Supplier,Beacon Freight,1210 - Primary Checking - MTC,,Amount USD 3480.95 paid to Beacon Freight | Transaction reference no ACH-25-00196 dated 2025-07-16 | Amount USD 3480.95 adjusted against Purchase Invoice ACC-PINV-2025-00196,Meridian Trading Co.
f68166e8be,ACC-PAY-2025-00490,P2,Payment Entry,Payment Entry,2,2025-07-16,2025-07-16 11:59:08.324966,ap.clerk@meridian.example,1210 - Primary Checking - MTC,1210,Primary Checking,Asset,0.0,3480.95,,,Beacon Freight,,Amount USD 3480.95 paid to Beacon Freight | Transaction reference no ACH-25-00196 dated 2025-07-16 | Amount USD 3480.95 adjusted against Purchase Invoice ACC-PINV-2025-00196,Meridian Trading Co.
524bac2313,ACC-SINV-2025-00336,P2,Sales Invoice,Sales Invoice,1,2025-07-16,2025-07-16 11:40:43.443873,ar.clerk@meridian.example,4130 - Freight Income - MTC,4130,Freight Income,Income,0.0,167.42,,,Pactrail Sports,Admin - MTC,Customer order Pactrail Sports Jul 2025,Meridian Trading Co.
84135c6204,ACC-SINV-2025-00336,P2,Sales Invoice,Sales Invoice,2,2025-07-16,2025-07-16 11:40:43.443873,ar.clerk@meridian.example,4110 - Sales - MTC,4110,Sales,Income,0.0,1975.44,,,Pactrail Sports,Warehouse - MTC,Customer order Pactrail Sports Jul 2025,Meridian Trading Co.
98d96eee9c,ACC-SINV-2025-00336,P2,Sales Invoice,Sales Invoice,3,2025-07-16,2025-07-16 11:40:43.443873,ar.clerk@meridian.example,1310 - Debtors - MTC,1310,Debtors,Asset,3795.45,0.0,Customer,Pactrail Sports,"4110 - Sales - MTC,4130 - Freight Income - MTC",,Customer order Pactrail Sports Jul 2025,Meridian Trading Co.
b850d8e0ca,ACC-SINV-2025-00336,P2,Sales Invoice,Sales Invoice,4,2025-07-16,2025-07-16 11:40:43.443873,ar.clerk@meridian.example,ST 6% - MTC,,ST 6%,Liability,0.0,214.84,,,Pactrail Sports,Admin - MTC,Customer order Pactrail Sports Jul 2025,Meridian Trading Co.
f7ca62e698,ACC-SINV-2025-00336,P2,Sales Invoice,Sales Invoice,5,2025-07-16,2025-07-16 11:40:43.443873,ar.clerk@meridian.example,4110 - Sales - MTC,4110,Sales,Income,0.0,1437.75,,,Pactrail Sports,Sales Ops - MTC,Customer order Pactrail Sports Jul 2025,Meridian Trading Co.
03c6dc7b36,ACC-SINV-2025-00354,P2,Sales Invoice,Sales Invoice,1,2025-07-16,2025-07-16 10:06:36.367470,ar.clerk@meridian.example,1310 - Debtors - MTC,1310,Debtors,Asset,4143.72,0.0,Customer,Halstrom Supply,"4110 - Sales - MTC,4130 - Freight Income - MTC",,Customer order Halstrom Supply Jul 2025,Meridian Trading Co.
468ea08b26,ACC-SINV-2025-00354,P2,Sales Invoice,Sales Invoice,2,2025-07-16,2025-07-16 10:06:36.367470,ar.clerk@meridian.example,4110 - Sales - MTC,4110,Sales,Income,0.0,1696.38,,,Halstrom Supply,Sales Ops - MTC,Customer order Halstrom Supply Jul 2025,Meridian Trading Co.
5ff9e43999,ACC-SINV-2025-00354,P2,Sales Invoice,Sales Invoice,3,2025-07-16,2025-07-16 10:06:36.367470,ar.clerk@meridian.example,4110 - Sales - MTC,4110,Sales,Income,0.0,597.6,,,Halstrom Supply,Warehouse - MTC,Customer order Halstrom Supply Jul 2025,Meridian Trading Co.
de62e0ecf7,ACC-SINV-2025-00354,P2,Sales Invoice,Sales Invoice,4,2025-07-16,2025-07-16 10:06:36.367470,ar.clerk@meridian.example,4130 - Freight Income - MTC,4130,Freight Income,Income,0.0,1615.19,,,Halstrom Supply,Admin - MTC,Customer order Halstrom Supply Jul 2025,Meridian Trading Co.
f1be38473d,ACC-SINV-2025-00354,P2,Sales Invoice,Sales Invoice,5,2025-07-16,2025-07-16 10:06:36.367470,ar.clerk@meridian.example,ST 6% - MTC,,ST 6%,Liability,0.0,234.55,,,Halstrom Supply,Admin - MTC,Customer order Halstrom Supply Jul 2025,Meridian Trading Co.
271d8108e9,ACC-SINV-2025-00362,P2,Sales Invoice,Sales Invoice,1,2025-07-16,2025-07-16 16:56:08.530141,ar.clerk@meridian.example,ST 6% - MTC,,ST 6%,Liability,0.0,45.73,,,Galehouse Media,Admin - MTC,Customer order Galehouse Media Jul 2025,Meridian Trading Co.
274a1cfde7,ACC-SINV-2025-00362,P2,Sales Invoice,Sales Invoice,2,2025-07-16,2025-07-16 16:56:08.530141,ar.clerk@meridian.example,4110 - Sales - MTC,4110,Sales,Income,0.0,339.12,,,Galehouse Media,Sales Ops - MTC,Customer order Galehouse Media Jul 2025,Meridian Trading Co.
d800fb7a3c,ACC-SINV-2025-00362,P2,Sales Invoice,Sales Invoice,3,2025-07-16,2025-07-16 16:56:08.530141,ar.clerk@meridian.example,4110 - Sales - MTC,4110,Sales,Income,0.0,423.0,,,Galehouse Media,Warehouse - MTC,Customer order Galehouse Media Jul 2025,Meridian Trading Co.
f04326bccf,ACC-SINV-2025-00362,P2,Sales Invoice,Sales Invoice,4,2025-07-16,2025-07-16 16:56:08.530141,ar.clerk@meridian.example,1310 - Debtors - MTC,1310,Debtors,Asset,807.85,0.0,Customer,Galehouse Media,4110 - Sales - MTC,,Customer order Galehouse Media Jul 2025,Meridian Trading Co.
1cdd5c9f38,ACC-SINV-2025-00375,P2,Sales Invoice,Sales Invoice,1,2025-07-16,2025-07-16 10:42:59.490582,ar.clerk@meridian.example,1310 - Debtors - MTC,1310,Debtors,Asset,31390.32,0.0,Customer,Ovation Events,"4120 - Service - MTC,4110 - Sales - MTC",,Customer order Ovation Events Jul 2025,Meridian Trading Co.
3ec486c117,ACC-SINV-2025-00375,P2,Sales Invoice,Sales Invoice,2,2025-07-16,2025-07-16 10:42:59.490582,ar.clerk@meridian.example,4110 - Sales - MTC,4110,Sales,Income,0.0,633.64,,,Ovation Events,Sales Ops - MTC,Customer order Ovation Events Jul 2025,Meridian Trading Co.
42532b3845,ACC-SINV-2025-00375,P2,Sales Invoice,Sales Invoice,3,2025-07-16,2025-07-16 10:42:59.490582,ar.clerk@meridian.example,4120 - Service - MTC,4120,Service,Income,0.0,28590.98,,,Ovation Events,Admin - MTC,Customer order Ovation Events Jul 2025,Meridian Trading Co.
4fddbf69ef,ACC-SINV-2025-00375,P2,Sales Invoice,Sales Invoice,4,2025-07-16,2025-07-16 10:42:59.490582,ar.clerk@meridian.example,4120 - Service - MTC,4120,Service,Income,0.0,2165.7,,,Ovation Events,Warehouse - MTC,Customer order Ovation Events Jul 2025,Meridian Trading Co.
075970f125,ACC-PAY-2025-00486,P2,Payment Entry,Payment Entry,1,2025-07-17,2025-07-17 16:12:50.072729,ap.clerk@meridian.example,2110 - Creditors - MTC,2110,Creditors,Liability,734.8,0.0,Supplier,Vulcan Materials Co,1210 - Primary Checking - MTC,,Amount USD 734.8 paid to Vulcan Materials Co | Transaction reference no ACH-25-00191 dated 2025-07-17 | Amount USD 734.8 adjusted against Purchase Invoice ACC-PINV-2025-00191,Meridian Trading Co.
18a50d0cd5,ACC-PAY-2025-00486,P2,Payment Entry,Payment Entry,2,2025-07-17,2025-07-17 16:12:50.072729,ap.clerk@meridian.example,1210 - Primary Checking - MTC,1210,Primary Checking,Asset,0.0,734.8,,,Vulcan Materials Co,,Amount USD 734.8 paid to Vulcan Materials Co | Transaction reference no ACH-25-00191 dated 2025-07-17 | Amount USD 734.8 adjusted against Purchase Invoice ACC-PINV-2025-00191,Meridian Trading Co.
5a1060c834,ACC-PINV-2025-00204,P2,Purchase Invoice,Purchase Invoice,1,2025-07-17,2025-07-17 10:41:31.864159,ap.clerk@meridian.example,2110 - Creditors - MTC,2110,Creditors,Liability,0.0,3840.42,Supplier,Harlan Office Supply,5208 - Office Maintenance Expenses - MTC,,Harlan Office Supply July 2025 billing,Meridian Trading Co.
a993ace05f,ACC-PINV-2025-00204,P2,Purchase Invoice,Purchase Invoice,2,2025-07-17,2025-07-17 10:41:31.864159,ap.clerk@meridian.example,5208 - Office Maintenance Expenses - MTC,5208,Office Maintenance Expenses,Expense,3840.42,0.0,,,Harlan Office Supply,Admin - MTC,Harlan Office Supply July 2025 billing,Meridian Trading Co.
2366a4af31,ACC-SINV-2025-00327,P2,Sales Invoice,Sales Invoice,1,2025-07-17,2025-07-17 11:40:44.716841,ar.clerk@meridian.example,4120 - Service - MTC,4120,Service,Income,0.0,9097.2,,,Cascade Outfitters,Warehouse - MTC,Customer order Cascade Outfitters Jul 2025,Meridian Trading Co.
3bc6d50661,ACC-SINV-2025-00327,P2,Sales Invoice,Sales Invoice,2,2025-07-17,2025-07-17 11:40:44.716841,ar.clerk@meridian.example,ST 6% - MTC,,ST 6%,Liability,0.0,545.83,,,Cascade Outfitters,Admin - MTC,Customer order Cascade Outfitters Jul 2025,Meridian Trading Co.
ce35833641,ACC-SINV-2025-00327,P2,Sales Invoice,Sales Invoice,3,2025-07-17,2025-07-17 11:40:44.716841,ar.clerk@meridian.example,1310 - Debtors - MTC,1310,Debtors,Asset,9643.03,0.0,Customer,Cascade Outfitters,4120 - Service - MTC,,Customer order Cascade Outfitters Jul 2025,Meridian Trading Co.
8d55ed5b13,ACC-SINV-2025-00334,P2,Sales Invoice,Sales Invoice,1,2025-07-17,2025-07-22 16:14:38.777689,ar.clerk@meridian.example,4110 - Sales - MTC,4110,Sales,Income,0.0,935.31,,,Marlowe Interiors,Warehouse - MTC,Customer order Marlowe Interiors Jul 2025,Meridian Trading Co.
d61f27f5da,ACC-SINV-2025-00334,P2,Sales Invoice,Sales Invoice,2,2025-07-17,2025-07-22 16:14:38.777689,ar.clerk@meridian.example,ST 6% - MTC,,ST 6%,Liability,0.0,160.52,,,Marlowe Interiors,Admin - MTC,Customer order Marlowe Interiors Jul 2025,Meridian Trading Co.
e87ebaab45,ACC-SINV-2025-00334,P2,Sales Invoice,Sales Invoice,3,2025-07-17,2025-07-22 16:14:38.777689,ar.clerk@meridian.example,1310 - Debtors - MTC,1310,Debtors,Asset,2835.83,0.0,Customer,Marlowe Interiors,4110 - Sales - MTC,,Customer order Marlowe Interiors Jul 2025,Meridian Trading Co.
f8d0071307,ACC-SINV-2025-00334,P2,Sales Invoice,Sales Invoice,4,2025-07-17,2025-07-22 16:14:38.777689,ar.clerk@meridian.example,4110 - Sales - MTC,4110,Sales,Income,0.0,1740.0,,,Marlowe Interiors,Sales Ops - MTC,Customer order Marlowe Interiors Jul 2025,Meridian Trading Co.
11ba07ce7b,ACC-SINV-2025-00347,P2,Sales Invoice,Sales Invoice,1,2025-07-17,2025-07-17 08:52:10.623431,ar.clerk@meridian.example,4110 - Sales - MTC,4110,Sales,Income,0.0,1106.47,,,Halstrom Supply,Sales Ops - MTC,Customer order Halstrom Supply Jul 2025,Meridian Trading Co.
9a95cd9fc6,ACC-SINV-2025-00347,P2,Sales Invoice,Sales Invoice,2,2025-07-17,2025-07-17 08:52:10.623431,ar.clerk@meridian.example,1310 - Debtors - MTC,1310,Debtors,Asset,1172.86,0.0,Customer,Halstrom Supply,4110 - Sales - MTC,,Customer order Halstrom Supply Jul 2025,Meridian Trading Co.
dc4bf9ce93,ACC-SINV-2025-00347,P2,Sales Invoice,Sales Invoice,3,2025-07-17,2025-07-17 08:52:10.623431,ar.clerk@meridian.example,ST 6% - MTC,,ST 6%,Liability,0.0,66.39,,,Halstrom Supply,Admin - MTC,Customer order Halstrom Supply Jul 2025,Meridian Trading Co.
90fa1db087,ACC-PAY-2025-00379,P2,Payment Entry,Payment Entry,1,2025-07-18,2025-07-18 15:25:19.473091,ar.clerk@meridian.example,1310 - Debtors - MTC,1310,Debtors,Asset,0.0,912.41,Customer,Redcedar Builders,1210 - Primary Checking - MTC,,Amount USD 912.41 received from Redcedar Builders | Transaction reference no ACH-25-00287 dated 2025-07-18 | Amount USD 912.41 adjusted against Sales Invoice ACC-SINV-2025-00287,Meridian Trading Co.
f947e57f9c,ACC-PAY-2025-00379,P2,Payment Entry,Payment Entry,2,2025-07-18,2025-07-18 15:25:19.473091,ar.clerk@meridian.example,1210 - Primary Checking - MTC,1210,Primary Checking,Asset,912.41,0.0,,,Redcedar Builders,,Amount USD 912.41 received from Redcedar Builders | Transaction reference no ACH-25-00287 dated 2025-07-18 | Amount USD 912.41 adjusted against Sales Invoice ACC-SINV-2025-00287,Meridian Trading Co.
42aac46d5e,ACC-PAY-2025-00475,P2,Payment Entry,Payment Entry,1,2025-07-18,2025-07-18 13:50:29.626308,ar.clerk@meridian.example,1210 - Primary Checking - MTC,1210,Primary Checking,Asset,1516.14,0.0,,,Brightline Offices,,Amount USD 1516.14 received from Brightline Offices | Transaction reference no ACH-25-00370 dated 2025-07-18 | Amount USD 1516.14 adjusted against Sales Invoice ACC-SINV-2025-00370,Meridian Trading Co.
bdef8f9db8,ACC-PAY-2025-00475,P2,Payment Entry,Payment Entry,2,2025-07-18,2025-07-18 13:50:29.626308,ar.clerk@meridian.example,1310 - Debtors - MTC,1310,Debtors,Asset,0.0,1516.14,Customer,Brightline Offices,1210 - Primary Checking - MTC,,Amount USD 1516.14 received from Brightline Offices | Transaction reference no ACH-25-00370 dated 2025-07-18 | Amount USD 1516.14 adjusted against Sales Invoice ACC-SINV-2025-00370,Meridian Trading Co.
0fe1bd3a03,ACC-SINV-2025-00335,P2,Sales Invoice,Sales Invoice,1,2025-07-18,2025-07-21 16:48:05.893077,ar.clerk@meridian.example,4110 - Sales - MTC,4110,Sales,Income,0.0,1730.96,,,Halstrom Supply,Warehouse - MTC,Customer order Halstrom Supply Jul 2025,Meridian Trading Co.
7f556173ed,ACC-SINV-2025-00335,P2,Sales Invoice,Sales Invoice,2,2025-07-18,2025-07-21 16:48:05.893077,ar.clerk@meridian.example,1310 - Debtors - MTC,1310,Debtors,Asset,1834.82,0.0,Customer,Halstrom Supply,4110 - Sales - MTC,,Customer order Halstrom Supply Jul 2025,Meridian Trading Co.
cd0fa1bfa2,ACC-SINV-2025-00335,P2,Sales Invoice,Sales Invoice,3,2025-07-18,2025-07-21 16:48:05.893077,ar.clerk@meridian.example,ST 6% - MTC,,ST 6%,Liability,0.0,103.86,,,Halstrom Supply,Admin - MTC,Customer order Halstrom Supply Jul 2025,Meridian Trading Co.
8fa33ab7de,ACC-SINV-2025-00358,P2,Sales Invoice,Sales Invoice,1,2025-07-18,2025-07-18 11:20:42.655601,ar.clerk@meridian.example,4130 - Freight Income - MTC,4130,Freight Income,Income,0.0,1559.9,,,Timberline Schools,Admin - MTC,Customer order Timberline Schools Jul 2025,Meridian Trading Co.
d75caec0bb,ACC-SINV-2025-00358,P2,Sales Invoice,Sales Invoice,2,2025-07-18,2025-07-18 11:20:42.655601,ar.clerk@meridian.example,4110 - Sales - MTC,4110,Sales,Income,0.0,903.34,,,Timberline Schools,Sales Ops - MTC,Customer order Timberline Schools Jul 2025,Meridian Trading Co.
f6103309ed,ACC-SINV-2025-00358,P2,Sales Invoice,Sales Invoice,3,2025-07-18,2025-07-18 11:20:42.655601,ar.clerk@meridian.example,1310 - Debtors - MTC,1310,Debtors,Asset,2463.24,0.0,Customer,Timberline Schools,"4110 - Sales - MTC,4130 - Freight Income - MTC",,Customer order Timberline Schools Jul 2025,Meridian Trading Co.
1ab6b89d07,ACC-SINV-2025-00367,P2,Sales Invoice,Sales Invoice,1,2025-07-18,2025-07-18 14:39:08.482556,ar.clerk@meridian.example,4120 - Service - MTC,4120,Service,Income,0.0,3606.93,,,Pactrail Sports,Admin - MTC,Customer order Pactrail Sports Jul 2025,Meridian Trading Co.
212ed5fd62,ACC-SINV-2025-00367,P2,Sales Invoice,Sales Invoice,2,2025-07-18,2025-07-18 14:39:08.482556,ar.clerk@meridian.example,ST 6% - MTC,,ST 6%,Liability,0.0,240.47,,,Pactrail Sports,Admin - MTC,Customer order Pactrail Sports Jul 2025,Meridian Trading Co.
b74c9e778d,ACC-SINV-2025-00367,P2,Sales Invoice,Sales Invoice,3,2025-07-18,2025-07-18 14:39:08.482556,ar.clerk@meridian.example,4110 - Sales - MTC,4110,Sales,Income,0.0,400.89,,,Pactrail Sports,Sales Ops - MTC,Customer order Pactrail Sports Jul 2025,Meridian Trading Co.
f5d0f69317,ACC-SINV-2025-00367,P2,Sales Invoice,Sales Invoice,4,2025-07-18,2025-07-18 14:39:08.482556,ar.clerk@meridian.example,1310 - Debtors - MTC,1310,Debtors,Asset,4248.29,0.0,Customer,Pactrail Sports,"4120 - Service - MTC,4110 - Sales - MTC",,Customer order Pactrail Sports Jul 2025,Meridian Trading Co.
2ff14a4cb6,ACC-PAY-2025-00380,P2,Payment Entry,Payment Entry,1,2025-07-19,2025-07-21 09:49:23.148947,ar.clerk@meridian.example,1310 - Debtors - MTC,1310,Debtors,Asset,0.0,29906.74,Customer,Ovation Events,1210 - Primary Checking - MTC,,Amount USD 29906.74 received from Ovation Events | Transaction reference no ACH-25-00288 dated 2025-07-19 | Amount USD 29906.74 adjusted against Sales Invoice ACC-SINV-2025-00288,Meridian Trading Co.
c993b2cc01,ACC-PAY-2025-00380,P2,Payment Entry,Payment Entry,2,2025-07-19,2025-07-21 09:49:23.148947,ar.clerk@meridian.example,1210 - Primary Checking - MTC,1210,Primary Checking,Asset,29906.74,0.0,,,Ovation Events,,Amount USD 29906.74 received from Ovation Events | Transaction reference no ACH-25-00288 dated 2025-07-19 | Amount USD 29906.74 adjusted against Sales Invoice ACC-SINV-2025-00288,Meridian Trading Co.
073d253238,ACC-PAY-2025-00409,P2,Payment Entry,Payment Entry,1,2025-07-19,2025-07-21 14:37:32.894725,ar.clerk@meridian.example,1310 - Debtors - MTC,1310,Debtors,Asset,0.0,628.5,Customer,Cascade Outfitters,1210 - Primary Checking - MTC,,Amount USD 628.5 received from Cascade Outfitters | Transaction reference no ACH-25-00321 dated 2025-07-19 | Amount USD 628.5 adjusted against Sales Invoice ACC-SINV-2025-00321,Meridian Trading Co.
dda15640d3,ACC-PAY-2025-00409,P2,Payment Entry,Payment Entry,2,2025-07-19,2025-07-21 14:37:32.894725,ar.clerk@meridian.example,1210 - Primary Checking - MTC,1210,Primary Checking,Asset,628.5,0.0,,,Cascade Outfitters,,Amount USD 628.5 received from Cascade Outfitters | Transaction reference no ACH-25-00321 dated 2025-07-19 | Amount USD 628.5 adjusted against Sales Invoice ACC-SINV-2025-00321,Meridian Trading Co.
366ffb936a,ACC-PAY-2025-00412,P2,Payment Entry,Payment Entry,1,2025-07-19,2025-07-21 12:14:09.116903,ap.clerk@meridian.example,2110 - Creditors - MTC,2110,Creditors,Liability,16501.89,0.0,Supplier,Orchard Wholesale,1210 - Primary Checking - MTC,,Amount USD 16501.89 paid to Orchard Wholesale | Transaction reference no ACH-25-00156 dated 2025-07-19 | Amount USD 16501.89 adjusted against Purchase Invoice ACC-PINV-2025-00156,Meridian Trading Co.
6b1510d0d8,ACC-PAY-2025-00412,P2,Payment Entry,Payment Entry,2,2025-07-19,2025-07-21 12:14:09.116903,ap.clerk@meridian.example,1210 - Primary Checking - MTC,1210,Primary Checking,Asset,0.0,16501.89,,,Orchard Wholesale,,Amount USD 16501.89 paid to Orchard Wholesale | Transaction reference no ACH-25-00156 dated 2025-07-19 | Amount USD 16501.89 adjusted against Purchase Invoice ACC-PINV-2025-00156,Meridian Trading Co.
12b99925dd,ACC-PAY-2025-00426,P2,Payment Entry,Payment Entry,1,2025-07-19,2025-07-21 11:15:13.950088,ap.clerk@meridian.example,2110 - Creditors - MTC,2110,Creditors,Liability,5925.17,0.0,Supplier,Beacon Freight,1210 - Primary Checking - MTC,,Amount USD 5925.17 paid to Beacon Freight | Transaction reference no ACH-25-00171 dated 2025-07-19 | Amount USD 5925.17 adjusted against Purchase Invoice ACC-PINV-2025-00171,Meridian Trading Co.
238aeb5c6c,ACC-PAY-2025-00426,P2,Payment Entry,Payment Entry,2,2025-07-19,2025-07-21 11:15:13.950088,ap.clerk@meridian.example,1210 - Primary Checking - MTC,1210,Primary Checking,Asset,0.0,5925.17,,,Beacon Freight,,Amount USD 5925.17 paid to Beacon Freight | Transaction reference no ACH-25-00171 dated 2025-07-19 | Amount USD 5925.17 adjusted against Purchase Invoice ACC-PINV-2025-00171,Meridian Trading Co.
2580b6ac04,ACC-PAY-2025-00401,P2,Payment Entry,Payment Entry,1,2025-07-20,2025-07-21 12:10:47.923580,ar.clerk@meridian.example,1310 - Debtors - MTC,1310,Debtors,Asset,0.0,167.04,Customer,Ovation Events,1210 - Primary Checking - MTC,,Amount USD 167.04 received from Ovation Events | Transaction reference no ACH-25-00312 dated 2025-07-20 | Amount USD 167.04 adjusted against Sales Invoice ACC-SINV-2025-00312,Meridian Trading Co.
dfeca73e41,ACC-PAY-2025-00401,P2,Payment Entry,Payment Entry,2,2025-07-20,2025-07-21 12:10:47.923580,ar.clerk@meridian.example,1210 - Primary Checking - MTC,1210,Primary Checking,Asset,167.04,0.0,,,Ovation Events,,Amount USD 167.04 received from Ovation Events | Transaction reference no ACH-25-00312 dated 2025-07-20 | Amount USD 167.04 adjusted against Sales Invoice ACC-SINV-2025-00312,Meridian Trading Co.
447dba1b27,ACC-PAY-2025-00414,P2,Payment Entry,Payment Entry,1,2025-07-20,2025-07-21 10:31:02.518704,ap.clerk@meridian.example,1210 - Primary Checking - MTC,1210,Primary Checking,Asset,0.0,17443.71,,,Orchard Wholesale,,Amount USD 17443.71 paid to Orchard Wholesale | Transaction reference no ACH-25-00159 dated 2025-07-20 | Amount USD 17443.71 adjusted against Purchase Invoice ACC-PINV-2025-00159,Meridian Trading Co.
b09247c2e2,ACC-PAY-2025-00414,P2,Payment Entry,Payment Entry,2,2025-07-20,2025-07-21 10:31:02.518704,ap.clerk@meridian.example,2110 - Creditors - MTC,2110,Creditors,Liability,17443.71,0.0,Supplier,Orchard Wholesale,1210 - Primary Checking - MTC,,Amount USD 17443.71 paid to Orchard Wholesale | Transaction reference no ACH-25-00159 dated 2025-07-20 | Amount USD 17443.71 adjusted against Purchase Invoice ACC-PINV-2025-00159,Meridian Trading Co.
85fad5ccdf,ACC-PAY-2025-00497,P2,Payment Entry,Payment Entry,1,2025-07-20,2025-07-21 15:38:40.066834,ap.clerk@meridian.example,2110 - Creditors - MTC,2110,Creditors,Liability,10258.85,0.0,Supplier,Metro Utilities,1210 - Primary Checking - MTC,,Amount USD 10258.85 paid to Metro Utilities | Transaction reference no ACH-25-00203 dated 2025-07-20 | Amount USD 10258.85 adjusted against Purchase Invoice ACC-PINV-2025-00203,Meridian Trading Co.
d19b492bb3,ACC-PAY-2025-00497,P2,Payment Entry,Payment Entry,2,2025-07-20,2025-07-21 15:38:40.066834,ap.clerk@meridian.example,1210 - Primary Checking - MTC,1210,Primary Checking,Asset,0.0,10258.85,,,Metro Utilities,,Amount USD 10258.85 paid to Metro Utilities | Transaction reference no ACH-25-00203 dated 2025-07-20 | Amount USD 10258.85 adjusted against Purchase Invoice ACC-PINV-2025-00203,Meridian Trading Co.
729e08cfd8,ACC-JV-2025-00066,P2,Journal Entry,Journal Entry,1,2025-07-21,2025-07-21 11:43:57.040778,controller@meridian.example,4120 - Service - MTC,4120,Service,Income,0.0,8964.45,,,1320 - Intercompany Receivable - MTC,Admin - MTC,,Meridian Trading Co.
920a36bb39,ACC-JV-2025-00066,P2,Journal Entry,Journal Entry,2,2025-07-21,2025-07-21 11:43:57.040778,controller@meridian.example,1320 - Intercompany Receivable - MTC,1320,Intercompany Receivable,Asset,8964.45,0.0,,,4120 - Service - MTC,Admin - MTC,,Meridian Trading Co.
452aee96c9,ACC-PAY-2025-00378,P2,Payment Entry,Payment Entry,1,2025-07-21,2025-07-21 09:01:29.361851,ar.clerk@meridian.example,1310 - Debtors - MTC,1310,Debtors,Asset,0.0,1256.39,Customer,Brightline Offices,1210 - Primary Checking - MTC,,Amount USD 1256.39 received from Brightline Offices | Transaction reference no ACH-25-00285 dated 2025-07-21 | Amount USD 1256.39 adjusted against Sales Invoice ACC-SINV-2025-00285,Meridian Trading Co.
5ca9fbda62,ACC-PAY-2025-00378,P2,Payment Entry,Payment Entry,2,2025-07-21,2025-07-21 09:01:29.361851,ar.clerk@meridian.example,1210 - Primary Checking - MTC,1210,Primary Checking,Asset,1256.39,0.0,,,Brightline Offices,,Amount USD 1256.39 received from Brightline Offices | Transaction reference no ACH-25-00285 dated 2025-07-21 | Amount USD 1256.39 adjusted against Sales Invoice ACC-SINV-2025-00285,Meridian Trading Co.
0231caaf10,ACC-SINV-2025-00343,P2,Sales Invoice,Sales Invoice,1,2025-07-21,2025-07-21 16:23:57.821621,ar.clerk@meridian.example,4130 - Freight Income - MTC,4130,Freight Income,Income,0.0,1634.76,,,Summit Rentals,Admin - MTC,Customer order Summit Rentals Jul 2025,Meridian Trading Co.
5b95db8969,ACC-SINV-2025-00343,P2,Sales Invoice,Sales Invoice,2,2025-07-21,2025-07-21 16:23:57.821621,ar.clerk@meridian.example,4110 - Sales - MTC,4110,Sales,Income,0.0,1051.33,,,Summit Rentals,Sales Ops - MTC,Customer order Summit Rentals Jul 2025,Meridian Trading Co.
b37810253c,ACC-SINV-2025-00343,P2,Sales Invoice,Sales Invoice,3,2025-07-21,2025-07-21 16:23:57.821621,ar.clerk@meridian.example,1310 - Debtors - MTC,1310,Debtors,Asset,2847.26,0.0,Customer,Summit Rentals,"4130 - Freight Income - MTC,4110 - Sales - MTC",,Customer order Summit Rentals Jul 2025,Meridian Trading Co.
bbe326cfb7,ACC-SINV-2025-00343,P2,Sales Invoice,Sales Invoice,4,2025-07-21,2025-07-21 16:23:57.821621,ar.clerk@meridian.example,ST 6% - MTC,,ST 6%,Liability,0.0,161.17,,,Summit Rentals,Admin - MTC,Customer order Summit Rentals Jul 2025,Meridian Trading Co.
20737bb91e,ACC-SINV-2025-00349,P2,Sales Invoice,Sales Invoice,1,2025-07-21,2025-07-21 11:17:50.154161,ar.clerk@meridian.example,1310 - Debtors - MTC,1310,Debtors,Asset,2707.45,0.0,Customer,Timberline Schools,"4110 - Sales - MTC,4130 - Freight Income - MTC",,Customer order Timberline Schools Jul 2025,Meridian Trading Co.
573b6d6802,ACC-SINV-2025-00349,P2,Sales Invoice,Sales Invoice,2,2025-07-21,2025-07-21 11:17:50.154161,ar.clerk@meridian.example,4110 - Sales - MTC,4110,Sales,Income,0.0,282.44,,,Timberline Schools,Warehouse - MTC,Customer order Timberline Schools Jul 2025,Meridian Trading Co.
7934d6d789,ACC-SINV-2025-00349,P2,Sales Invoice,Sales Invoice,3,2025-07-21,2025-07-21 11:17:50.154161,ar.clerk@meridian.example,4110 - Sales - MTC,4110,Sales,Income,0.0,2062.41,,,Timberline Schools,Sales Ops - MTC,Customer order Timberline Schools Jul 2025,Meridian Trading Co.
98b611e730,ACC-SINV-2025-00349,P2,Sales Invoice,Sales Invoice,4,2025-07-21,2025-07-21 11:17:50.154161,ar.clerk@meridian.example,4130 - Freight Income - MTC,4130,Freight Income,Income,0.0,362.6,,,Timberline Schools,Admin - MTC,Customer order Timberline Schools Jul 2025,Meridian Trading Co.
2fc307d577,ACC-SINV-2025-00355,P2,Sales Invoice,Sales Invoice,1,2025-07-21,2025-07-21 09:08:22.330810,ar.clerk@meridian.example,ST 6% - MTC,,ST 6%,Liability,0.0,131.81,,,Galehouse Media,Admin - MTC,Customer order Galehouse Media Jul 2025,Meridian Trading Co.
8b4b84b815,ACC-SINV-2025-00355,P2,Sales Invoice,Sales Invoice,2,2025-07-21,2025-07-21 09:08:22.330810,ar.clerk@meridian.example,4110 - Sales - MTC,4110,Sales,Income,0.0,1950.94,,,Galehouse Media,Sales Ops - MTC,Customer order Galehouse Media Jul 2025,Meridian Trading Co.
96bd40bc75,ACC-SINV-2025-00355,P2,Sales Invoice,Sales Invoice,3,2025-07-21,2025-07-21 09:08:22.330810,ar.clerk@meridian.example,4130 - Freight Income - MTC,4130,Freight Income,Income,0.0,245.88,,,Galehouse Media,Admin - MTC,Customer order Galehouse Media Jul 2025,Meridian Trading Co.
cccc946929,ACC-SINV-2025-00355,P2,Sales Invoice,Sales Invoice,4,2025-07-21,2025-07-21 09:08:22.330810,ar.clerk@meridian.example,1310 - Debtors - MTC,1310,Debtors,Asset,2328.63,0.0,Customer,Galehouse Media,"4130 - Freight Income - MTC,4110 - Sales - MTC",,Customer order Galehouse Media Jul 2025,Meridian Trading Co.
1827bca7b5,ACC-SINV-2025-00359,P2,Sales Invoice,Sales Invoice,1,2025-07-21,2025-07-21 11:57:18.052181,ar.clerk@meridian.example,1310 - Debtors - MTC,1310,Debtors,Asset,3199.85,0.0,Customer,Timberline Schools,"4110 - Sales - MTC,4130 - Freight Income - MTC",,Customer order Timberline Schools Jul 2025,Meridian Trading Co.
7183321323,ACC-SINV-2025-00359,P2,Sales Invoice,Sales Invoice,2,2025-07-21,2025-07-21 11:57:18.052181,ar.clerk@meridian.example,4130 - Freight Income - MTC,4130,Freight Income,Income,0.0,1645.92,,,Timberline Schools,Admin - MTC,Customer order Timberline Schools Jul 2025,Meridian Trading Co.
733f94b62e,ACC-SINV-2025-00359,P2,Sales Invoice,Sales Invoice,3,2025-07-21,2025-07-21 11:57:18.052181,ar.clerk@meridian.example,4110 - Sales - MTC,4110,Sales,Income,0.0,40.35,,,Timberline Schools,Warehouse - MTC,Customer order Timberline Schools Jul 2025,Meridian Trading Co.
7467af418d,ACC-SINV-2025-00359,P2,Sales Invoice,Sales Invoice,4,2025-07-21,2025-07-21 11:57:18.052181,ar.clerk@meridian.example,4110 - Sales - MTC,4110,Sales,Income,0.0,1513.58,,,Timberline Schools,Sales Ops - MTC,Customer order Timberline Schools Jul 2025,Meridian Trading Co.
42c8613565,ACC-SINV-2025-00376,P2,Sales Invoice,Sales Invoice,1,2025-07-21,2025-07-21 16:45:25.667147,ar.clerk@meridian.example,4110 - Sales - MTC,4110,Sales,Income,0.0,316.32,,,Kestrel Foods,Sales Ops - MTC,Customer order Kestrel Foods Jul 2025,Meridian Trading Co.
6269d37f49,ACC-SINV-2025-00376,P2,Sales Invoice,Sales Invoice,2,2025-07-21,2025-07-21 16:45:25.667147,ar.clerk@meridian.example,1310 - Debtors - MTC,1310,Debtors,Asset,1150.87,0.0,Customer,Kestrel Foods,"4130 - Freight Income - MTC,4110 - Sales - MTC",,Customer order Kestrel Foods Jul 2025,Meridian Trading Co.
a2e41c3612,ACC-SINV-2025-00376,P2,Sales Invoice,Sales Invoice,3,2025-07-21,2025-07-21 16:45:25.667147,ar.clerk@meridian.example,4110 - Sales - MTC,4110,Sales,Income,0.0,278.73,,,Kestrel Foods,Warehouse - MTC,Customer order Kestrel Foods Jul 2025,Meridian Trading Co.
b9206d8ac7,ACC-SINV-2025-00376,P2,Sales Invoice,Sales Invoice,4,2025-07-21,2025-07-21 16:45:25.667147,ar.clerk@meridian.example,4130 - Freight Income - MTC,4130,Freight Income,Income,0.0,490.68,,,Kestrel Foods,Admin - MTC,Customer order Kestrel Foods Jul 2025,Meridian Trading Co.
bbcd0c581c,ACC-SINV-2025-00376,P2,Sales Invoice,Sales Invoice,5,2025-07-21,2025-07-21 16:45:25.667147,ar.clerk@meridian.example,ST 6% - MTC,,ST 6%,Liability,0.0,65.14,,,Kestrel Foods,Admin - MTC,Customer order Kestrel Foods Jul 2025,Meridian Trading Co.
19f4417926,ACC-PAY-2025-00371,P2,Payment Entry,Payment Entry,1,2025-07-22,2025-07-22 11:23:00.351092,ar.clerk@meridian.example,1210 - Primary Checking - MTC,1210,Primary Checking,Asset,16518.05,0.0,,,Juniper & Co,,Amount USD 16518.05 received from Juniper & Co | Transaction reference no ACH-25-00278 dated 2025-07-22 | Amount USD 16518.05 adjusted against Sales Invoice ACC-SINV-2025-00278,Meridian Trading Co.
6ae06db34a,ACC-PAY-2025-00371,P2,Payment Entry,Payment Entry,2,2025-07-22,2025-07-22 11:23:00.351092,ar.clerk@meridian.example,1310 - Debtors - MTC,1310,Debtors,Asset,0.0,16518.05,Customer,Juniper & Co,1210 - Primary Checking - MTC,,Amount USD 16518.05 received from Juniper & Co | Transaction reference no ACH-25-00278 dated 2025-07-22 | Amount USD 16518.05 adjusted against Sales Invoice ACC-SINV-2025-00278,Meridian Trading Co.
2f21d9cb1d,ACC-PAY-2025-00394,P2,Payment Entry,Payment Entry,1,2025-07-22,2025-07-22 09:02:19.638338,ar.clerk@meridian.example,1310 - Debtors - MTC,1310,Debtors,Asset,0.0,11087.87,Customer,Cascade Outfitters,1210 - Primary Checking - MTC,,Amount USD 11087.87 received from Cascade Outfitters | Transaction reference no ACH-25-00305 dated 2025-07-22 | Amount USD 11087.87 adjusted against Sales Invoice ACC-SINV-2025-00305,Meridian Trading Co.
4f878c504b,ACC-PAY-2025-00394,P2,Payment Entry,Payment Entry,2,2025-07-22,2025-07-22 09:02:19.638338,ar.clerk@meridian.example,1210 - Primary Checking - MTC,1210,Primary Checking,Asset,11087.87,0.0,,,Cascade Outfitters,,Amount USD 11087.87 received from Cascade Outfitters | Transaction reference no ACH-25-00305 dated 2025-07-22 | Amount USD 11087.87 adjusted against Sales Invoice ACC-SINV-2025-00305,Meridian Trading Co.
315c80edd8,ACC-PAY-2025-00422,P2,Payment Entry,Payment Entry,1,2025-07-22,2025-07-22 15:41:20.653967,ap.clerk@meridian.example,1210 - Primary Checking - MTC,1210,Primary Checking,Asset,0.0,13587.14,,,Vulcan Materials Co,,Amount USD 13587.14 paid to Vulcan Materials Co | Transaction reference no ACH-25-00167 dated 2025-07-22 | Amount USD 13587.14 adjusted against Purchase Invoice ACC-PINV-2025-00167,Meridian Trading Co.
d352355d6b,ACC-PAY-2025-00422,P2,Payment Entry,Payment Entry,2,2025-07-22,2025-07-22 15:41:20.653967,ap.clerk@meridian.example,2110 - Creditors - MTC,2110,Creditors,Liability,13587.14,0.0,Supplier,Vulcan Materials Co,1210 - Primary Checking - MTC,,Amount USD 13587.14 paid to Vulcan Materials Co | Transaction reference no ACH-25-00167 dated 2025-07-22 | Amount USD 13587.14 adjusted against Purchase Invoice ACC-PINV-2025-00167,Meridian Trading Co.
3de230ef42,ACC-PAY-2025-00434,P2,Payment Entry,Payment Entry,1,2025-07-22,2025-07-22 14:42:10.331112,ap.clerk@meridian.example,1210 - Primary Checking - MTC,1210,Primary Checking,Asset,0.0,12028.21,,,Quill Marketing Group,,Amount USD 12028.21 paid to Quill Marketing Group | Transaction reference no ACH-25-00180 dated 2025-07-22 | Amount USD 12028.21 adjusted against Purchase Invoice ACC-PINV-2025-00180,Meridian Trading Co.
b530b6f326,ACC-PAY-2025-00434,P2,Payment Entry,Payment Entry,2,2025-07-22,2025-07-22 14:42:10.331112,ap.clerk@meridian.example,2110 - Creditors - MTC,2110,Creditors,Liability,12028.21,0.0,Supplier,Quill Marketing Group,1210 - Primary Checking - MTC,,Amount USD 12028.21 paid to Quill Marketing Group | Transaction reference no ACH-25-00180 dated 2025-07-22 | Amount USD 12028.21 adjusted against Purchase Invoice ACC-PINV-2025-00180,Meridian Trading Co.
1874f276dc,ACC-PAY-2025-00438,P2,Payment Entry,Payment Entry,1,2025-07-22,2025-07-22 10:10:20.380263,ap.clerk@meridian.example,1210 - Primary Checking - MTC,1210,Primary Checking,Asset,0.0,9457.26,,,Fairbanks Consulting,,Amount USD 9457.26 paid to Fairbanks Consulting | Transaction reference no ACH-25-00184 dated 2025-07-22 | Amount USD 9457.26 adjusted against Purchase Invoice ACC-PINV-2025-00184,Meridian Trading Co.
6d8e2883f2,ACC-PAY-2025-00438,P2,Payment Entry,Payment Entry,2,2025-07-22,2025-07-22 10:10:20.380263,ap.clerk@meridian.example,2110 - Creditors - MTC,2110,Creditors,Liability,9457.26,0.0,Supplier,Fairbanks Consulting,1210 - Primary Checking - MTC,,Amount USD 9457.26 paid to Fairbanks Consulting | Transaction reference no ACH-25-00184 dated 2025-07-22 | Amount USD 9457.26 adjusted against Purchase Invoice ACC-PINV-2025-00184,Meridian Trading Co.
2d7df291f3,ACC-PINV-2025-00206,P2,Purchase Invoice,Purchase Invoice,1,2025-07-22,2025-07-22 10:07:51.442800,ap.clerk@meridian.example,2110 - Creditors - MTC,2110,Creditors,Liability,0.0,5938.62,Supplier,Quill Marketing Group,5207 - Marketing Expenses - MTC,,Quill Marketing Group July 2025 billing,Meridian Trading Co.
7f367083d4,ACC-PINV-2025-00206,P2,Purchase Invoice,Purchase Invoice,2,2025-07-22,2025-07-22 10:07:51.442800,ap.clerk@meridian.example,5207 - Marketing Expenses - MTC,5207,Marketing Expenses,Expense,5938.62,0.0,,,Quill Marketing Group,Admin - MTC,Quill Marketing Group July 2025 billing,Meridian Trading Co.
1d0d813fbc,ACC-SINV-2025-00333,P2,Sales Invoice,Sales Invoice,1,2025-07-22,2025-07-22 09:04:06.570214,ar.clerk@meridian.example,4110 - Sales - MTC,4110,Sales,Income,0.0,300.3,,,Halstrom Supply,Warehouse - MTC,Customer order Halstrom Supply Jul 2025,Meridian Trading Co.
30010bcd83,ACC-SINV-2025-00333,P2,Sales Invoice,Sales Invoice,2,2025-07-22,2025-07-22 09:04:06.570214,ar.clerk@meridian.example,4110 - Sales - MTC,4110,Sales,Income,0.0,2779.92,,,Halstrom Supply,Sales Ops - MTC,Customer order Halstrom Supply Jul 2025,Meridian Trading Co.
3645f27e63,ACC-SINV-2025-00333,P2,Sales Invoice,Sales Invoice,3,2025-07-22,2025-07-22 09:04:06.570214,ar.clerk@meridian.example,1310 - Debtors - MTC,1310,Debtors,Asset,3265.03,0.0,Customer,Halstrom Supply,4110 - Sales - MTC,,Customer order Halstrom Supply Jul 2025,Meridian Trading Co.
e47f593f8a,ACC-SINV-2025-00333,P2,Sales Invoice,Sales Invoice,4,2025-07-22,2025-07-22 09:04:06.570214,ar.clerk@meridian.example,ST 6% - MTC,,ST 6%,Liability,0.0,184.81,,,Halstrom Supply,Admin - MTC,Customer order Halstrom Supply Jul 2025,Meridian Trading Co.
0c95a23d45,ACC-SINV-2025-00374,P2,Sales Invoice,Sales Invoice,1,2025-07-22,2025-07-22 12:44:15.279376,ar.clerk@meridian.example,4120 - Service - MTC,4120,Service,Income,0.0,1520.6,,,Timberline Schools,Sales Ops - MTC,Customer order Timberline Schools Jul 2025,Meridian Trading Co.
37207400d7,ACC-SINV-2025-00374,P2,Sales Invoice,Sales Invoice,2,2025-07-22,2025-07-22 12:44:15.279376,ar.clerk@meridian.example,1310 - Debtors - MTC,1310,Debtors,Asset,3352.59,0.0,Customer,Timberline Schools,"4110 - Sales - MTC,4120 - Service - MTC",,Customer order Timberline Schools Jul 2025,Meridian Trading Co.
4c125c0724,ACC-SINV-2025-00374,P2,Sales Invoice,Sales Invoice,3,2025-07-22,2025-07-22 12:44:15.279376,ar.clerk@meridian.example,4110 - Sales - MTC,4110,Sales,Income,0.0,1831.99,,,Timberline Schools,Sales Ops - MTC,Customer order Timberline Schools Jul 2025,Meridian Trading Co.
af528b5499,ACC-PAY-2025-00388,P2,Payment Entry,Payment Entry,1,2025-07-23,2025-07-23 15:35:45.243303,ar.clerk@meridian.example,1310 - Debtors - MTC,1310,Debtors,Asset,0.0,1244.06,Customer,Pactrail Sports,1210 - Primary Checking - MTC,,Amount USD 1244.06 received from Pactrail Sports | Transaction reference no ACH-25-00298 dated 2025-07-23 | Amount USD 1244.06 adjusted against Sales Invoice ACC-SINV-2025-00298,Meridian Trading Co.
c676ddde44,ACC-PAY-2025-00388,P2,Payment Entry,Payment Entry,2,2025-07-23,2025-07-23 15:35:45.243303,ar.clerk@meridian.example,1210 - Primary Checking - MTC,1210,Primary Checking,Asset,1244.06,0.0,,,Pactrail Sports,,Amount USD 1244.06 received from Pactrail Sports | Transaction reference no ACH-25-00298 dated 2025-07-23 | Amount USD 1244.06 adjusted against Sales Invoice ACC-SINV-2025-00298,Meridian Trading Co.
a04ea7da0f,ACC-PAY-2025-00397,P2,Payment Entry,Payment Entry,1,2025-07-23,2025-07-23 15:30:15.776669,ar.clerk@meridian.example,1310 - Debtors - MTC,1310,Debtors,Asset,0.0,2735.39,Customer,Timberline Schools,1210 - Primary Checking - MTC,,Amount USD 2735.39 received from Timberline Schools | Transaction reference no ACH-25-00308 dated 2025-07-23 | Amount USD 2735.39 adjusted against Sales Invoice ACC-SINV-2025-00308,Meridian Trading Co.
eacf03040a,ACC-PAY-2025-00397,P2,Payment Entry,Payment Entry,2,2025-07-23,2025-07-23 15:30:15.776669,ar.clerk@meridian.example,1210 - Primary Checking - MTC,1210,Primary Checking,Asset,2735.39,0.0,,,Timberline Schools,,Amount USD 2735.39 received from Timberline Schools | Transaction reference no ACH-25-00308 dated 2025-07-23 | Amount USD 2735.39 adjusted against Sales Invoice ACC-SINV-2025-00308,Meridian Trading Co.
9b2cd28cef,ACC-PAY-2025-00433,P2,Payment Entry,Payment Entry,1,2025-07-23,2025-07-23 16:58:04.303277,ap.clerk@meridian.example,2110 - Creditors - MTC,2110,Creditors,Liability,1637.99,0.0,Supplier,Harlan Office Supply,1210 - Primary Checking - MTC,,Amount USD 1637.99 paid to Harlan Office Supply | Transaction reference no ACH-25-00179 dated 2025-07-23 | Amount USD 1637.99 adjusted against Purchase Invoice ACC-PINV-2025-00179,Meridian Trading Co.
9c1ffffecc,ACC-PAY-2025-00433,P2,Payment Entry,Payment Entry,2,2025-07-23,2025-07-23 16:58:04.303277,ap.clerk@meridian.example,1210 - Primary Checking - MTC,1210,Primary Checking,Asset,0.0,1637.99,,,Harlan Office Supply,,Amount USD 1637.99 paid to Harlan Office Supply | Transaction reference no ACH-25-00179 dated 2025-07-23 | Amount USD 1637.99 adjusted against Purchase Invoice ACC-PINV-2025-00179,Meridian Trading Co.
80a76c3fb6,ACC-PINV-2025-00200,P2,Purchase Invoice,Purchase Invoice,1,2025-07-23,2025-07-23 18:11:46.220957,ap.clerk@meridian.example,5216 - Travel Expenses - MTC,5216,Travel Expenses,Expense,1762.43,0.0,,,Cobalt IT Services,Admin - MTC,Cobalt IT Services July 2025 billing,Meridian Trading Co.
8615ced516,ACC-PINV-2025-00200,P2,Purchase Invoice,Purchase Invoice,2,2025-07-23,2025-07-23 18:11:46.220957,ap.clerk@meridian.example,2110 - Creditors - MTC,2110,Creditors,Liability,0.0,19049.77,Supplier,Cobalt IT Services,"5230 - IT and Software Expenses - MTC,5216 - Travel Expenses - MTC",,Cobalt IT Services July 2025 billing,Meridian Trading Co.
94c02fb9bd,ACC-PINV-2025-00200,P2,Purchase Invoice,Purchase Invoice,3,2025-07-23,2025-07-23 18:11:46.220957,ap.clerk@meridian.example,5230 - IT and Software Expenses - MTC,5230,IT and Software Expenses,Expense,17287.34,0.0,,,Cobalt IT Services,Admin - MTC,Cobalt IT Services July 2025 billing,Meridian Trading Co.
65c3c28d5e,ACC-SINV-2025-00339,P2,Sales Invoice,Sales Invoice,1,2025-07-23,2025-07-23 08:24:29.535535,ar.clerk@meridian.example,ST 6% - MTC,,ST 6%,Liability,0.0,181.84,,,Marlowe Interiors,Admin - MTC,Customer order Marlowe Interiors Jul 2025,Meridian Trading Co.
7f119dac8a,ACC-SINV-2025-00339,P2,Sales Invoice,Sales Invoice,2,2025-07-23,2025-07-23 08:24:29.535535,ar.clerk@meridian.example,1310 - Debtors - MTC,1310,Debtors,Asset,3212.55,0.0,Customer,Marlowe Interiors,4110 - Sales - MTC,,Customer order Marlowe Interiors Jul 2025,Meridian Trading Co.
bd1b98bfd5,ACC-SINV-2025-00339,P2,Sales Invoice,Sales Invoice,3,2025-07-23,2025-07-23 08:24:29.535535,ar.clerk@meridian.example,4110 - Sales - MTC,4110,Sales,Income,0.0,3030.71,,,Marlowe Interiors,Sales Ops - MTC,Customer order Marlowe Interiors Jul 2025,Meridian Trading Co.
5540a75471,ACC-SINV-2025-00344,P2,Sales Invoice,Sales Invoice,1,2025-07-23,2025-07-23 09:30:52.470910,ar.clerk@meridian.example,4110 - Sales - MTC,4110,Sales,Income,0.0,1369.83,,,Kestrel Foods,Warehouse - MTC,Customer order Kestrel Foods Jul 2025,Meridian Trading Co.
55d2fd7623,ACC-SINV-2025-00344,P2,Sales Invoice,Sales Invoice,2,2025-07-23,2025-07-23 09:30:52.470910,ar.clerk@meridian.example,1310 - Debtors - MTC,1310,Debtors,Asset,8436.88,0.0,Customer,Kestrel Foods,"4120 - Service - MTC,4110 - Sales - MTC",,Customer order Kestrel Foods Jul 2025,Meridian Trading Co.
ae3f7cc630,ACC-SINV-2025-00344,P2,Sales Invoice,Sales Invoice,3,2025-07-23,2025-07-23 09:30:52.470910,ar.clerk@meridian.example,ST 6% - MTC,,ST 6%,Liability,0.0,477.56,,,Kestrel Foods,Admin - MTC,Customer order Kestrel Foods Jul 2025,Meridian Trading Co.
b2baffd486,ACC-SINV-2025-00344,P2,Sales Invoice,Sales Invoice,4,2025-07-23,2025-07-23 09:30:52.470910,ar.clerk@meridian.example,4110 - Sales - MTC,4110,Sales,Income,0.0,594.45,,,Kestrel Foods,Sales Ops - MTC,Customer order Kestrel Foods Jul 2025,Meridian Trading Co.
fe4d97b292,ACC-SINV-2025-00344,P2,Sales Invoice,Sales Invoice,5,2025-07-23,2025-07-23 09:30:52.470910,ar.clerk@meridian.example,4120 - Service - MTC,4120,Service,Income,0.0,5995.04,,,Kestrel Foods,Sales Ops - MTC,Customer order Kestrel Foods Jul 2025,Meridian Trading Co.
73be263c3a,ACC-JV-2025-00065,P2,Journal Entry,Journal Entry,1,2025-07-24,2025-07-24 17:29:36.848502,controller@meridian.example,5216 - Travel Expenses - MTC,5216,Travel Expenses,Expense,845.45,0.0,,,5211 - Print and Stationery - MTC,Admin - MTC,,Meridian Trading Co.
b30a4e4614,ACC-JV-2025-00065,P2,Journal Entry,Journal Entry,2,2025-07-24,2025-07-24 17:29:36.848502,controller@meridian.example,5211 - Print and Stationery - MTC,5211,Print and Stationery,Expense,0.0,845.45,,,5216 - Travel Expenses - MTC,Admin - MTC,,Meridian Trading Co.
6a3488d641,ACC-PAY-2025-00391,P2,Payment Entry,Payment Entry,1,2025-07-24,2025-07-24 11:09:38.921901,ar.clerk@meridian.example,1310 - Debtors - MTC,1310,Debtors,Asset,0.0,675.12,Customer,Bluepine Hardware,1210 - Primary Checking - MTC,,Amount USD 675.12 received from Bluepine Hardware | Transaction reference no ACH-25-00302 dated 2025-07-24 | Amount USD 675.12 adjusted against Sales Invoice ACC-SINV-2025-00302,Meridian Trading Co.
bed20b75d6,ACC-PAY-2025-00391,P2,Payment Entry,Payment Entry,2,2025-07-24,2025-07-24 11:09:38.921901,ar.clerk@meridian.example,1210 - Primary Checking - MTC,1210,Primary Checking,Asset,675.12,0.0,,,Bluepine Hardware,,Amount USD 675.12 received from Bluepine Hardware | Transaction reference no ACH-25-00302 dated 2025-07-24 | Amount USD 675.12 adjusted against Sales Invoice ACC-SINV-2025-00302,Meridian Trading Co.
80bff4a228,ACC-PAY-2025-00432,P2,Payment Entry,Payment Entry,1,2025-07-24,2025-07-24 12:05:53.489192,ap.clerk@meridian.example,1210 - Primary Checking - MTC,1210,Primary Checking,Asset,0.0,13386.44,,,Metro Utilities,,Amount USD 13386.44 paid to Metro Utilities | Transaction reference no ACH-25-00177 dated 2025-07-24 | Amount USD 13386.44 adjusted against Purchase Invoice ACC-PINV-2025-00177,Meridian Trading Co.
e1dbd7f195,ACC-PAY-2025-00432,P2,Payment Entry,Payment Entry,2,2025-07-24,2025-07-24 12:05:53.489192,ap.clerk@meridian.example,2110 - Creditors - MTC,2110,Creditors,Liability,13386.44,0.0,Supplier,Metro Utilities,1210 - Primary Checking - MTC,,Amount USD 13386.44 paid to Metro Utilities | Transaction reference no ACH-25-00177 dated 2025-07-24 | Amount USD 13386.44 adjusted against Purchase Invoice ACC-PINV-2025-00177,Meridian Trading Co.
1fb02df626,ACC-PAY-2025-00501,P2,Payment Entry,Payment Entry,1,2025-07-24,2025-07-24 16:11:13.406032,ap.clerk@meridian.example,1210 - Primary Checking - MTC,1210,Primary Checking,Asset,0.0,9138.68,,,Quill Marketing Group,,Amount USD 9138.68 paid to Quill Marketing Group | Transaction reference no ACH-25-00207 dated 2025-07-24 | Amount USD 9138.68 adjusted against Purchase Invoice ACC-PINV-2025-00207,Meridian Trading Co.
e52f2f1e0d,ACC-PAY-2025-00501,P2,Payment Entry,Payment Entry,2,2025-07-24,2025-07-24 16:11:13.406032,ap.clerk@meridian.example,2110 - Creditors - MTC,2110,Creditors,Liability,9138.68,0.0,Supplier,Quill Marketing Group,1210 - Primary Checking - MTC,,Amount USD 9138.68 paid to Quill Marketing Group | Transaction reference no ACH-25-00207 dated 2025-07-24 | Amount USD 9138.68 adjusted against Purchase Invoice ACC-PINV-2025-00207,Meridian Trading Co.
1b37e3a877,ACC-PINV-2025-00190,P2,Purchase Invoice,Purchase Invoice,1,2025-07-24,2025-07-24 09:20:54.024538,ap.clerk@meridian.example,5215 - Telephone Expenses - MTC,5215,Telephone Expenses,Expense,2344.93,0.0,,,Vulcan Materials Co,Admin - MTC,Vulcan Materials Co July 2025 billing,Meridian Trading Co.
3a9ff2e2a0,ACC-PINV-2025-00190,P2,Purchase Invoice,Purchase Invoice,2,2025-07-24,2025-07-24 09:20:54.024538,ap.clerk@meridian.example,5111 - Cost of Goods Sold - MTC,5111,Cost of Goods Sold,Expense,5840.2,0.0,,,Vulcan Materials Co,Warehouse - MTC,Vulcan Materials Co July 2025 billing,Meridian Trading Co.
7c580c83ac,ACC-PINV-2025-00190,P2,Purchase Invoice,Purchase Invoice,3,2025-07-24,2025-07-24 09:20:54.024538,ap.clerk@meridian.example,2110 - Creditors - MTC,2110,Creditors,Liability,0.0,8185.13,Supplier,Vulcan Materials Co,"5111 - Cost of Goods Sold - MTC,5215 - Telephone Expenses - MTC",,Vulcan Materials Co July 2025 billing,Meridian Trading Co.
4a856c4c08,ACC-PINV-2025-00194,P2,Purchase Invoice,Purchase Invoice,1,2025-07-24,2025-07-24 13:44:21.775572,ap.clerk@meridian.example,2110 - Creditors - MTC,2110,Creditors,Liability,0.0,6373.79,Supplier,Vulcan Materials Co,5111 - Cost of Goods Sold - MTC,,Vulcan Materials Co July 2025 billing,Meridian Trading Co.
976b7874ed,ACC-PINV-2025-00194,P2,Purchase Invoice,Purchase Invoice,2,2025-07-24,2025-07-24 13:44:21.775572,ap.clerk@meridian.example,5111 - Cost of Goods Sold - MTC,5111,Cost of Goods Sold,Expense,6373.79,0.0,,,Vulcan Materials Co,Warehouse - MTC,Vulcan Materials Co July 2025 billing,Meridian Trading Co.
3eaf46da00,ACC-PINV-2025-00202,P2,Purchase Invoice,Purchase Invoice,1,2025-07-24,2025-07-24 16:39:50.095834,ap.clerk@meridian.example,5217 - Utility Expenses - MTC,5217,Utility Expenses,Expense,5913.07,0.0,,,Metro Utilities,Admin - MTC,Metro Utilities July 2025 billing,Meridian Trading Co.
a0b41c6b50,ACC-PINV-2025-00202,P2,Purchase Invoice,Purchase Invoice,2,2025-07-24,2025-07-24 16:39:50.095834,ap.clerk@meridian.example,2110 - Creditors - MTC,2110,Creditors,Liability,0.0,5913.07,Supplier,Metro Utilities,5217 - Utility Expenses - MTC,,Metro Utilities July 2025 billing,Meridian Trading Co.
3b1bf62c53,ACC-SINV-2025-00340,P2,Sales Invoice,Sales Invoice,1,2025-07-24,2025-07-24 10:53:44.034025,ar.clerk@meridian.example,4110 - Sales - MTC,4110,Sales,Income,0.0,889.2,,,Ferrous Works,Sales Ops - MTC,Customer order Ferrous Works Jul 2025,Meridian Trading Co.
636c1f887b,ACC-SINV-2025-00340,P2,Sales Invoice,Sales Invoice,2,2025-07-24,2025-07-24 10:53:44.034025,ar.clerk@meridian.example,4110 - Sales - MTC,4110,Sales,Income,0.0,33.08,,,Ferrous Works,Warehouse - MTC,Customer order Ferrous Works Jul 2025,Meridian Trading Co.
67ed1ed6c0,ACC-SINV-2025-00340,P2,Sales Invoice,Sales Invoice,3,2025-07-24,2025-07-24 10:53:44.034025,ar.clerk@meridian.example,1310 - Debtors - MTC,1310,Debtors,Asset,5146.38,0.0,Customer,Ferrous Works,"4120 - Service - MTC,4110 - Sales - MTC,4130 - Freight Income - MTC",,Customer order Ferrous Works Jul 2025,Meridian Trading Co.
b81840a719,ACC-SINV-2025-00340,P2,Sales Invoice,Sales Invoice,4,2025-07-24,2025-07-24 10:53:44.034025,ar.clerk@meridian.example,4130 - Freight Income - MTC,4130,Freight Income,Income,0.0,960.12,,,Ferrous Works,Admin - MTC,Customer order Ferrous Works Jul 2025,Meridian Trading Co.
e0ae141c88,ACC-SINV-2025-00340,P2,Sales Invoice,Sales Invoice,5,2025-07-24,2025-07-24 10:53:44.034025,ar.clerk@meridian.example,ST 6% - MTC,,ST 6%,Liability,0.0,291.3,,,Ferrous Works,Admin - MTC,Customer order Ferrous Works Jul 2025,Meridian Trading Co.
f67d6222b6,ACC-SINV-2025-00340,P2,Sales Invoice,Sales Invoice,6,2025-07-24,2025-07-24 10:53:44.034025,ar.clerk@meridian.example,4120 - Service - MTC,4120,Service,Income,0.0,2972.68,,,Ferrous Works,Warehouse - MTC,Customer order Ferrous Works Jul 2025,Meridian Trading Co.
9e1f6f1d37,ACC-SINV-2025-00356,P2,Sales Invoice,Sales Invoice,1,2025-07-24,2025-07-24 11:07:26.546079,ar.clerk@meridian.example,1310 - Debtors - MTC,1310,Debtors,Asset,3657.2,0.0,Customer,Halstrom Supply,4110 - Sales - MTC,,Customer order Halstrom Supply Jul 2025,Meridian Trading Co.
e98bff96ba,ACC-SINV-2025-00356,P2,Sales Invoice,Sales Invoice,2,2025-07-24,2025-07-24 11:07:26.546079,ar.clerk@meridian.example,4110 - Sales - MTC,4110,Sales,Income,0.0,3450.19,,,Halstrom Supply,Sales Ops - MTC,Customer order Halstrom Supply Jul 2025,Meridian Trading Co.
eaf69a148f,ACC-SINV-2025-00356,P2,Sales Invoice,Sales Invoice,3,2025-07-24,2025-07-24 11:07:26.546079,ar.clerk@meridian.example,ST 6% - MTC,,ST 6%,Liability,0.0,207.01,,,Halstrom Supply,Admin - MTC,Customer order Halstrom Supply Jul 2025,Meridian Trading Co.
361d387fcc,ACC-SINV-2025-00363,P2,Sales Invoice,Sales Invoice,1,2025-07-24,2025-07-24 11:44:56.489461,ar.clerk@meridian.example,4110 - Sales - MTC,4110,Sales,Income,0.0,12.58,,,Juniper & Co,Warehouse - MTC,Customer order Juniper & Co Jul 2025,Meridian Trading Co.
5c1c54229a,ACC-SINV-2025-00363,P2,Sales Invoice,Sales Invoice,2,2025-07-24,2025-07-24 11:44:56.489461,ar.clerk@meridian.example,1310 - Debtors - MTC,1310,Debtors,Asset,865.96,0.0,Customer,Juniper & Co,"4120 - Service - MTC,4110 - Sales - MTC",,Customer order Juniper & Co Jul 2025,Meridian Trading Co.
c7e0fbfa21,ACC-SINV-2025-00363,P2,Sales Invoice,Sales Invoice,3,2025-07-24,2025-07-24 11:44:56.489461,ar.clerk@meridian.example,4120 - Service - MTC,4120,Service,Income,0.0,804.36,,,Juniper & Co,Warehouse - MTC,Customer order Juniper & Co Jul 2025,Meridian Trading Co.
efcf03c22f,ACC-SINV-2025-00363,P2,Sales Invoice,Sales Invoice,4,2025-07-24,2025-07-24 11:44:56.489461,ar.clerk@meridian.example,ST 6% - MTC,,ST 6%,Liability,0.0,49.02,,,Juniper & Co,Admin - MTC,Customer order Juniper & Co Jul 2025,Meridian Trading Co.
417bb9717a,ACC-PAY-2025-00370,P2,Payment Entry,Payment Entry,1,2025-07-25,2025-07-25 12:17:17.502918,ar.clerk@meridian.example,1310 - Debtors - MTC,1310,Debtors,Asset,0.0,2180.66,Customer,Ferrous Works,1210 - Primary Checking - MTC,,Amount USD 2180.66 received from Ferrous Works | Transaction reference no ACH-25-00277 dated 2025-07-25 | Amount USD 2180.66 adjusted against Sales Invoice ACC-SINV-2025-00277,Meridian Trading Co.
ea1ea512b5,ACC-PAY-2025-00370,P2,Payment Entry,Payment Entry,2,2025-07-25,2025-07-25 12:17:17.502918,ar.clerk@meridian.example,1210 - Primary Checking - MTC,1210,Primary Checking,Asset,2180.66,0.0,,,Ferrous Works,,Amount USD 2180.66 received from Ferrous Works | Transaction reference no ACH-25-00277 dated 2025-07-25 | Amount USD 2180.66 adjusted against Sales Invoice ACC-SINV-2025-00277,Meridian Trading Co.
299485dee9,ACC-PAY-2025-00424,P2,Payment Entry,Payment Entry,1,2025-07-25,2025-07-25 16:40:39.512079,ap.clerk@meridian.example,2110 - Creditors - MTC,2110,Creditors,Liability,9224.1,0.0,Supplier,Beacon Freight,1210 - Primary Checking - MTC,,Amount USD 9224.1 paid to Beacon Freight | Transaction reference no ACH-25-00169 dated 2025-07-25 | Amount USD 9224.1 adjusted against Purchase Invoice ACC-PINV-2025-00169,Meridian Trading Co.
b554526437,ACC-PAY-2025-00424,P2,Payment Entry,Payment Entry,2,2025-07-25,2025-07-25 16:40:39.512079,ap.clerk@meridian.example,1210 - Primary Checking - MTC,1210,Primary Checking,Asset,0.0,9224.1,,,Beacon Freight,,Amount USD 9224.1 paid to Beacon Freight | Transaction reference no ACH-25-00169 dated 2025-07-25 | Amount USD 9224.1 adjusted against Purchase Invoice ACC-PINV-2025-00169,Meridian Trading Co.
3ba8c6ba10,ACC-PAY-2025-00468,P2,Payment Entry,Payment Entry,1,2025-07-25,2025-07-25 10:25:08.166818,ar.clerk@meridian.example,1210 - Primary Checking - MTC,1210,Primary Checking,Asset,4222.8,0.0,,,Halstrom Supply,,Amount USD 4222.8 received from Halstrom Supply | Transaction reference no ACH-25-00360 dated 2025-07-25 | Amount USD 4222.8 adjusted against Sales Invoice ACC-SINV-2025-00360,Meridian Trading Co.
8667a56417,ACC-PAY-2025-00468,P2,Payment Entry,Payment Entry,2,2025-07-25,2025-07-25 10:25:08.166818,ar.clerk@meridian.example,1310 - Debtors - MTC,1310,Debtors,Asset,0.0,4222.8,Customer,Halstrom Supply,1210 - Primary Checking - MTC,,Amount USD 4222.8 received from Halstrom Supply | Transaction reference no ACH-25-00360 dated 2025-07-25 | Amount USD 4222.8 adjusted against Sales Invoice ACC-SINV-2025-00360,Meridian Trading Co.
117437b39f,ACC-PINV-2025-00209,P2,Purchase Invoice,Purchase Invoice,1,2025-07-25,2025-07-25 15:57:49.550163,ap.clerk@meridian.example,5229 - Security Expenses - MTC,5229,Security Expenses,Expense,14614.06,0.0,,,Ironclad Security,Admin - MTC,Ironclad Security July 2025 billing,Meridian Trading Co.
7193ff408d,ACC-PINV-2025-00209,P2,Purchase Invoice,Purchase Invoice,2,2025-07-25,2025-07-25 15:57:49.550163,ap.clerk@meridian.example,2110 - Creditors - MTC,2110,Creditors,Liability,0.0,14614.06,Supplier,Ironclad Security,5229 - Security Expenses - MTC,,Ironclad Security July 2025 billing,Meridian Trading Co.
1be03dbb82,ACC-SINV-2025-00371,P2,Sales Invoice,Sales Invoice,1,2025-07-25,2025-07-25 11:42:46.146097,ar.clerk@meridian.example,ST 6% - MTC,,ST 6%,Liability,0.0,54.29,,,Halstrom Supply,Admin - MTC,Customer order Halstrom Supply Jul 2025,Meridian Trading Co.
456f20dd5e,ACC-SINV-2025-00371,P2,Sales Invoice,Sales Invoice,2,2025-07-25,2025-07-25 11:42:46.146097,ar.clerk@meridian.example,1310 - Debtors - MTC,1310,Debtors,Asset,959.11,0.0,Customer,Halstrom Supply,4110 - Sales - MTC,,Customer order Halstrom Supply Jul 2025,Meridian Trading Co.
800e5140aa,ACC-SINV-2025-00371,P2,Sales Invoice,Sales Invoice,3,2025-07-25,2025-07-25 11:42:46.146097,ar.clerk@meridian.example,4110 - Sales - MTC,4110,Sales,Income,0.0,904.82,,,Halstrom Supply,Sales Ops - MTC,Customer order Halstrom Supply Jul 2025,Meridian Trading Co.
07e78a94f3,ACC-PAY-2025-00389,P2,Payment Entry,Payment Entry,1,2025-07-26,2025-07-28 08:58:22.207156,ar.clerk@meridian.example,1210 - Primary Checking - MTC,1210,Primary Checking,Asset,790.05,0.0,,,Kestrel Foods,,Amount USD 790.05 received from Kestrel Foods | Transaction reference no ACH-25-00299 dated 2025-07-26 | Amount USD 790.05 adjusted against Sales Invoice ACC-SINV-2025-00299,Meridian Trading Co.
fdb8519ea3,ACC-PAY-2025-00389,P2,Payment Entry,Payment Entry,2,2025-07-26,2025-07-28 08:58:22.207156,ar.clerk@meridian.example,1310 - Debtors - MTC,1310,Debtors,Asset,0.0,790.05,Customer,Kestrel Foods,1210 - Primary Checking - MTC,,Amount USD 790.05 received from Kestrel Foods | Transaction reference no ACH-25-00299 dated 2025-07-26 | Amount USD 790.05 adjusted against Sales Invoice ACC-SINV-2025-00299,Meridian Trading Co.
2def28dac9,ACC-PAY-2025-00405,P2,Payment Entry,Payment Entry,1,2025-07-26,2025-07-28 17:40:42.387687,ar.clerk@meridian.example,1210 - Primary Checking - MTC,1210,Primary Checking,Asset,5032.13,0.0,,,Marlowe Interiors,,Amount USD 5032.13 received from Marlowe Interiors | Transaction reference no ACH-25-00316 dated 2025-07-26 | Amount USD 5032.13 adjusted against Sales Invoice ACC-SINV-2025-00316,Meridian Trading Co.
561a5491e8,ACC-PAY-2025-00405,P2,Payment Entry,Payment Entry,2,2025-07-26,2025-07-28 17:40:42.387687,ar.clerk@meridian.example,1310 - Debtors - MTC,1310,Debtors,Asset,0.0,5032.13,Customer,Marlowe Interiors,1210 - Primary Checking - MTC,,Amount USD 5032.13 received from Marlowe Interiors | Transaction reference no ACH-25-00316 dated 2025-07-26 | Amount USD 5032.13 adjusted against Sales Invoice ACC-SINV-2025-00316,Meridian Trading Co.
07524bbc4e,ACC-PAY-2025-00474,P2,Payment Entry,Payment Entry,1,2025-07-26,2025-07-28 14:34:01.448186,ar.clerk@meridian.example,1310 - Debtors - MTC,1310,Debtors,Asset,0.0,4248.29,Customer,Pactrail Sports,1210 - Primary Checking - MTC,,Amount USD 4248.29 received from Pactrail Sports | Transaction reference no ACH-25-00367 dated 2025-07-26 | Amount USD 4248.29 adjusted against Sales Invoice ACC-SINV-2025-00367,Meridian Trading Co.
31a45a9adc,ACC-PAY-2025-00474,P2,Payment Entry,Payment Entry,2,2025-07-26,2025-07-28 14:34:01.448186,ar.clerk@meridian.example,1210 - Primary Checking - MTC,1210,Primary Checking,Asset,4248.29,0.0,,,Pactrail Sports,,Amount USD 4248.29 received from Pactrail Sports | Transaction reference no ACH-25-00367 dated 2025-07-26 | Amount USD 4248.29 adjusted against Sales Invoice ACC-SINV-2025-00367,Meridian Trading Co.
1ebcf6b32f,ACC-PAY-2025-00390,P2,Payment Entry,Payment Entry,1,2025-07-27,2025-07-28 11:59:16.247268,ar.clerk@meridian.example,1210 - Primary Checking - MTC,1210,Primary Checking,Asset,3131.67,0.0,,,Northwind Retail,,Amount USD 3131.67 received from Northwind Retail | Transaction reference no ACH-25-00300 dated 2025-07-27 | Amount USD 3131.67 adjusted against Sales Invoice ACC-SINV-2025-00300,Meridian Trading Co.
5fa0b48e9a,ACC-PAY-2025-00390,P2,Payment Entry,Payment Entry,2,2025-07-27,2025-07-28 11:59:16.247268,ar.clerk@meridian.example,1310 - Debtors - MTC,1310,Debtors,Asset,0.0,3131.67,Customer,Northwind Retail,1210 - Primary Checking - MTC,,Amount USD 3131.67 received from Northwind Retail | Transaction reference no ACH-25-00300 dated 2025-07-27 | Amount USD 3131.67 adjusted against Sales Invoice ACC-SINV-2025-00300,Meridian Trading Co.
2b97249492,ACC-PAY-2025-00420,P2,Payment Entry,Payment Entry,1,2025-07-28,2025-07-28 14:29:29.726881,ap.clerk@meridian.example,1210 - Primary Checking - MTC,1210,Primary Checking,Asset,0.0,6676.08,,,Vulcan Materials Co,,Amount USD 6676.08 paid to Vulcan Materials Co | Transaction reference no ACH-25-00165 dated 2025-07-28 | Amount USD 6676.08 adjusted against Purchase Invoice ACC-PINV-2025-00165,Meridian Trading Co.
9cb3ab7089,ACC-PAY-2025-00420,P2,Payment Entry,Payment Entry,2,2025-07-28,2025-07-28 14:29:29.726881,ap.clerk@meridian.example,2110 - Creditors - MTC,2110,Creditors,Liability,6676.08,0.0,Supplier,Vulcan Materials Co,1210 - Primary Checking - MTC,,Amount USD 6676.08 paid to Vulcan Materials Co | Transaction reference no ACH-25-00165 dated 2025-07-28 | Amount USD 6676.08 adjusted against Purchase Invoice ACC-PINV-2025-00165,Meridian Trading Co.
61c4c1788e,ACC-PAY-2025-00506,P2,Payment Entry,Payment Entry,1,2025-07-28,2025-07-28 13:44:02.700879,ap.clerk@meridian.example,2110 - Creditors - MTC,2110,Creditors,Liability,10878.69,0.0,Supplier,Granite Janitorial,1210 - Primary Checking - MTC,,Amount USD 10878.69 paid to Granite Janitorial | Transaction reference no ACH-25-00212 dated 2025-07-28 | Amount USD 10878.69 adjusted against Purchase Invoice ACC-PINV-2025-00212,Meridian Trading Co.
ad414dfbf7,ACC-PAY-2025-00506,P2,Payment Entry,Payment Entry,2,2025-07-28,2025-07-28 13:44:02.700879,ap.clerk@meridian.example,1210 - Primary Checking - MTC,1210,Primary Checking,Asset,0.0,10878.69,,,Granite Janitorial,,Amount USD 10878.69 paid to Granite Janitorial | Transaction reference no ACH-25-00212 dated 2025-07-28 | Amount USD 10878.69 adjusted against Purchase Invoice ACC-PINV-2025-00212,Meridian Trading Co.
4d4f14bf1b,ACC-PINV-2025-00187,P2,Purchase Invoice,Purchase Invoice,1,2025-07-28,2025-07-28 12:05:18.559168,ap.clerk@meridian.example,2110 - Creditors - MTC,2110,Creditors,Liability,0.0,6163.94,Supplier,Orchard Wholesale,"5111 - Cost of Goods Sold - MTC,5204 - Entertainment Expenses - MTC,5209 - Office Rent - MTC",,Orchard Wholesale July 2025 billing,Meridian Trading Co.
65ef8e25bc,ACC-PINV-2025-00187,P2,Purchase Invoice,Purchase Invoice,2,2025-07-28,2025-07-28 12:05:18.559168,ap.clerk@meridian.example,5111 - Cost of Goods Sold - MTC,5111,Cost of Goods Sold,Expense,5029.15,0.0,,,Orchard Wholesale,Warehouse - MTC,Orchard Wholesale July 2025 billing,Meridian Trading Co.
d3bb9f7388,ACC-PINV-2025-00187,P2,Purchase Invoice,Purchase Invoice,3,2025-07-28,2025-07-28 12:05:18.559168,ap.clerk@meridian.example,5209 - Office Rent - MTC,5209,Office Rent,Expense,339.61,0.0,,,Orchard Wholesale,Admin - MTC,Orchard Wholesale July 2025 billing,Meridian Trading Co.
fcfcdc18bf,ACC-PINV-2025-00187,P2,Purchase Invoice,Purchase Invoice,4,2025-07-28,2025-07-28 12:05:18.559168,ap.clerk@meridian.example,5204 - Entertainment Expenses - MTC,5204,Entertainment Expenses,Expense,795.18,0.0,,,Orchard Wholesale,Admin - MTC,Orchard Wholesale July 2025 billing,Meridian Trading Co.
ca7c245861,ACC-PINV-2025-00211,P2,Purchase Invoice,Purchase Invoice,1,2025-07-28,2025-07-28 10:29:54.695831,ap.clerk@meridian.example,5227 - Equipment Lease Expense - MTC,5227,Equipment Lease Expense,Expense,2776.18,0.0,,,Sterling Equipment Leasing,Admin - MTC,Sterling Equipment Leasing July 2025 billing,Meridian Trading Co.
cc3bcfbacc,ACC-PINV-2025-00211,P2,Purchase Invoice,Purchase Invoice,2,2025-07-28,2025-07-28 10:29:54.695831,ap.clerk@meridian.example,2110 - Creditors - MTC,2110,Creditors,Liability,0.0,2776.18,Supplier,Sterling Equipment Leasing,5227 - Equipment Lease Expense - MTC,,Sterling Equipment Leasing July 2025 billing,Meridian Trading Co.
178196e448,ACC-SINV-2025-00329,P2,Sales Invoice,Sales Invoice,1,2025-07-28,2025-07-28 10:25:16.245008,ar.clerk@meridian.example,4110 - Sales - MTC,4110,Sales,Income,0.0,1452.72,,,Cascade Outfitters,Sales Ops - MTC,Customer order Cascade Outfitters Jul 2025,Meridian Trading Co.
31407de289,ACC-SINV-2025-00329,P2,Sales Invoice,Sales Invoice,2,2025-07-28,2025-07-28 10:25:16.245008,ar.clerk@meridian.example,4120 - Service - MTC,4120,Service,Income,0.0,8668.32,,,Cascade Outfitters,Sales Ops - MTC,Customer order Cascade Outfitters Jul 2025,Meridian Trading Co.
361becc5d6,ACC-SINV-2025-00329,P2,Sales Invoice,Sales Invoice,3,2025-07-28,2025-07-28 10:25:16.245008,ar.clerk@meridian.example,ST 6% - MTC,,ST 6%,Liability,0.0,615.05,,,Cascade Outfitters,Admin - MTC,Customer order Cascade Outfitters Jul 2025,Meridian Trading Co.
bc8b2a9cbc,ACC-SINV-2025-00329,P2,Sales Invoice,Sales Invoice,4,2025-07-28,2025-07-28 10:25:16.245008,ar.clerk@meridian.example,4110 - Sales - MTC,4110,Sales,Income,0.0,129.76,,,Cascade Outfitters,Warehouse - MTC,Customer order Cascade Outfitters Jul 2025,Meridian Trading Co.
d83149ee3d,ACC-SINV-2025-00329,P2,Sales Invoice,Sales Invoice,5,2025-07-28,2025-07-28 10:25:16.245008,ar.clerk@meridian.example,1310 - Debtors - MTC,1310,Debtors,Asset,10865.85,0.0,Customer,Cascade Outfitters,"4110 - Sales - MTC,4120 - Service - MTC",,Customer order Cascade Outfitters Jul 2025,Meridian Trading Co.
2074e8abab,ACC-SINV-2025-00330,P2,Sales Invoice,Sales Invoice,1,2025-07-28,2025-07-28 08:41:09.376771,ar.clerk@meridian.example,4110 - Sales - MTC,4110,Sales,Income,0.0,205.56,,,Ferrous Works,Sales Ops - MTC,Customer order Ferrous Works Jul 2025,Meridian Trading Co.
29be1ee1ed,ACC-SINV-2025-00330,P2,Sales Invoice,Sales Invoice,2,2025-07-28,2025-07-28 08:41:09.376771,ar.clerk@meridian.example,4110 - Sales - MTC,4110,Sales,Income,0.0,705.54,,,Ferrous Works,Warehouse - MTC,Customer order Ferrous Works Jul 2025,Meridian Trading Co.
773f2bf047,ACC-SINV-2025-00330,P2,Sales Invoice,Sales Invoice,3,2025-07-28,2025-07-28 08:41:09.376771,ar.clerk@meridian.example,1310 - Debtors - MTC,1310,Debtors,Asset,2831.37,0.0,Customer,Ferrous Works,"4130 - Freight Income - MTC,4110 - Sales - MTC",,Customer order Ferrous Works Jul 2025,Meridian Trading Co.
ea274791af,ACC-SINV-2025-00330,P2,Sales Invoice,Sales Invoice,4,2025-07-28,2025-07-28 08:41:09.376771,ar.clerk@meridian.example,ST 6% - MTC,,ST 6%,Liability,0.0,160.27,,,Ferrous Works,Admin - MTC,Customer order Ferrous Works Jul 2025,Meridian Trading Co.
fed97245e1,ACC-SINV-2025-00330,P2,Sales Invoice,Sales Invoice,5,2025-07-28,2025-07-28 08:41:09.376771,ar.clerk@meridian.example,4130 - Freight Income - MTC,4130,Freight Income,Income,0.0,1760.0,,,Ferrous Works,Admin - MTC,Customer order Ferrous Works Jul 2025,Meridian Trading Co.
4d0105d783,ACC-SINV-2025-00373,P2,Sales Invoice,Sales Invoice,1,2025-07-28,2025-07-28 11:31:10.469026,ar.clerk@meridian.example,ST 6% - MTC,,ST 6%,Liability,0.0,86.19,,,Galehouse Media,Admin - MTC,Customer order Galehouse Media Jul 2025,Meridian Trading Co.
5c16740f37,ACC-SINV-2025-00373,P2,Sales Invoice,Sales Invoice,2,2025-07-28,2025-07-28 11:31:10.469026,ar.clerk@meridian.example,4110 - Sales - MTC,4110,Sales,Income,0.0,729.84,,,Galehouse Media,Warehouse - MTC,Customer order Galehouse Media Jul 2025,Meridian Trading Co.
9c89e80f6b,ACC-SINV-2025-00373,P2,Sales Invoice,Sales Invoice,3,2025-07-28,2025-07-28 11:31:10.469026,ar.clerk@meridian.example,4110 - Sales - MTC,4110,Sales,Income,0.0,706.65,,,Galehouse Media,Sales Ops - MTC,Customer order Galehouse Media Jul 2025,Meridian Trading Co.
a34eaae5ba,ACC-SINV-2025-00373,P2,Sales Invoice,Sales Invoice,4,2025-07-28,2025-07-28 11:31:10.469026,ar.clerk@meridian.example,1310 - Debtors - MTC,1310,Debtors,Asset,1522.68,0.0,Customer,Galehouse Media,4110 - Sales - MTC,,Customer order Galehouse Media Jul 2025,Meridian Trading Co.
55d047b271,ACC-PAY-2025-00407,P2,Payment Entry,Payment Entry,1,2025-07-29,2025-07-29 09:04:04.462066,ar.clerk@meridian.example,1310 - Debtors - MTC,1310,Debtors,Asset,0.0,3207.27,Customer,Cascade Outfitters,1210 - Primary Checking - MTC,,Amount USD 3207.27 received from Cascade Outfitters | Transaction reference no ACH-25-00318 dated 2025-07-29 | Amount USD 3207.27 adjusted against Sales Invoice ACC-SINV-2025-00318,Meridian Trading Co.
849fa68785,ACC-PAY-2025-00407,P2,Payment Entry,Payment Entry,2,2025-07-29,2025-07-29 09:04:04.462066,ar.clerk@meridian.example,1210 - Primary Checking - MTC,1210,Primary Checking,Asset,3207.27,0.0,,,Cascade Outfitters,,Amount USD 3207.27 received from Cascade Outfitters | Transaction reference no ACH-25-00318 dated 2025-07-29 | Amount USD 3207.27 adjusted against Sales Invoice ACC-SINV-2025-00318,Meridian Trading Co.
a23b2ee607,ACC-PAY-2025-00430,P2,Payment Entry,Payment Entry,1,2025-07-29,2025-07-29 16:15:21.831754,ap.clerk@meridian.example,2110 - Creditors - MTC,2110,Creditors,Liability,13483.64,0.0,Supplier,Stateside Insurance,1210 - Primary Checking - MTC,,Amount USD 13483.64 paid to Stateside Insurance | Transaction reference no ACH-25-00175 dated 2025-07-29 | Amount USD 13483.64 adjusted against Purchase Invoice ACC-PINV-2025-00175,Meridian Trading Co.
eddcdf75fb,ACC-PAY-2025-00430,P2,Payment Entry,Payment Entry,2,2025-07-29,2025-07-29 16:15:21.831754,ap.clerk@meridian.example,1210 - Primary Checking - MTC,1210,Primary Checking,Asset,0.0,13483.64,,,Stateside Insurance,,Amount USD 13483.64 paid to Stateside Insurance | Transaction reference no ACH-25-00175 dated 2025-07-29 | Amount USD 13483.64 adjusted against Purchase Invoice ACC-PINV-2025-00175,Meridian Trading Co.
63798efcf0,ACC-PINV-2025-00199,P2,Purchase Invoice,Purchase Invoice,1,2025-07-29,2025-07-29 08:45:27.494627,ap.clerk@meridian.example,5230 - IT and Software Expenses - MTC,5230,IT and Software Expenses,Expense,14364.19,0.0,,,Cobalt IT Services,Admin - MTC,Cobalt IT Services July 2025 billing,Meridian Trading Co.
8a7b75d9b1,ACC-PINV-2025-00199,P2,Purchase Invoice,Purchase Invoice,2,2025-07-29,2025-07-29 08:45:27.494627,ap.clerk@meridian.example,2110 - Creditors - MTC,2110,Creditors,Liability,0.0,14364.19,Supplier,Cobalt IT Services,5230 - IT and Software Expenses - MTC,,Cobalt IT Services July 2025 billing,Meridian Trading Co.
ac8e97b3e3,ACC-PINV-2025-00210,P2,Purchase Invoice,Purchase Invoice,1,2025-07-29,2025-07-29 14:29:12.014274,ap.clerk@meridian.example,2110 - Creditors - MTC,2110,Creditors,Liability,0.0,2618.3,Supplier,Sterling Equipment Leasing,"5227 - Equipment Lease Expense - MTC,5209 - Office Rent - MTC",,Sterling Equipment Leasing July 2025 billing,Meridian Trading Co.
b2de41d79e,ACC-PINV-2025-00210,P2,Purchase Invoice,Purchase Invoice,2,2025-07-29,2025-07-29 14:29:12.014274,ap.clerk@meridian.example,5227 - Equipment Lease Expense - MTC,5227,Equipment Lease Expense,Expense,1427.77,0.0,,,Sterling Equipment Leasing,Admin - MTC,Sterling Equipment Leasing July 2025 billing,Meridian Trading Co.
f681abd2b0,ACC-PINV-2025-00210,P2,Purchase Invoice,Purchase Invoice,3,2025-07-29,2025-07-29 14:29:12.014274,ap.clerk@meridian.example,5209 - Office Rent - MTC,5209,Office Rent,Expense,1190.53,0.0,,,Sterling Equipment Leasing,Admin - MTC,Sterling Equipment Leasing July 2025 billing,Meridian Trading Co.
026ed42ff9,ACC-SINV-2025-00352,P2,Sales Invoice,Sales Invoice,1,2025-07-29,2025-07-29 15:52:06.760862,ar.clerk@meridian.example,ST 6% - MTC,,ST 6%,Liability,0.0,62.02,,,Pactrail Sports,Admin - MTC,Customer order Pactrail Sports Jul 2025,Meridian Trading Co.
50f15977f3,ACC-SINV-2025-00352,P2,Sales Invoice,Sales Invoice,2,2025-07-29,2025-07-29 15:52:06.760862,ar.clerk@meridian.example,1310 - Debtors - MTC,1310,Debtors,Asset,1095.67,0.0,Customer,Pactrail Sports,"4110 - Sales - MTC,4130 - Freight Income - MTC",,Customer order Pactrail Sports Jul 2025,Meridian Trading Co.
7096e57110,ACC-SINV-2025-00352,P2,Sales Invoice,Sales Invoice,3,2025-07-29,2025-07-29 15:52:06.760862,ar.clerk@meridian.example,4130 - Freight Income - MTC,4130,Freight Income,Income,0.0,532.38,,,Pactrail Sports,Admin - MTC,Customer order Pactrail Sports Jul 2025,Meridian Trading Co.
c3c0efd9da,ACC-SINV-2025-00352,P2,Sales Invoice,Sales Invoice,4,2025-07-29,2025-07-29 15:52:06.760862,ar.clerk@meridian.example,4110 - Sales - MTC,4110,Sales,Income,0.0,213.5,,,Pactrail Sports,Warehouse - MTC,Customer order Pactrail Sports Jul 2025,Meridian Trading Co.
d4ec2570ea,ACC-SINV-2025-00352,P2,Sales Invoice,Sales Invoice,5,2025-07-29,2025-07-29 15:52:06.760862,ar.clerk@meridian.example,4110 - Sales - MTC,4110,Sales,Income,0.0,287.77,,,Pactrail Sports,Sales Ops - MTC,Customer order Pactrail Sports Jul 2025,Meridian Trading Co.
70f68f517a,ACC-SINV-2025-00364,P2,Sales Invoice,Sales Invoice,1,2025-07-29,2025-07-29 17:01:05.081927,ar.clerk@meridian.example,4110 - Sales - MTC,4110,Sales,Income,0.0,973.2,,,Galehouse Media,Sales Ops - MTC,Customer order Galehouse Media Jul 2025,Meridian Trading Co.
8c324a8e79,ACC-SINV-2025-00364,P2,Sales Invoice,Sales Invoice,2,2025-07-29,2025-07-29 17:01:05.081927,ar.clerk@meridian.example,1310 - Debtors - MTC,1310,Debtors,Asset,1031.59,0.0,Customer,Galehouse Media,4110 - Sales - MTC,,Customer order Galehouse Media Jul 2025,Meridian Trading Co.
bc50d14c81,ACC-SINV-2025-00364,P2,Sales Invoice,Sales Invoice,3,2025-07-29,2025-07-29 17:01:05.081927,ar.clerk@meridian.example,ST 6% - MTC,,ST 6%,Liability,0.0,58.39,,,Galehouse Media,Admin - MTC,Customer order Galehouse Media Jul 2025,Meridian Trading Co.
99afb340d6,ACC-JV-2025-00064,P2,Journal Entry,Journal Entry,1,2025-07-30,2025-07-30 09:49:14.860064,controller@meridian.example,5217 - Utility Expenses - MTC,5217,Utility Expenses,Expense,2404.98,0.0,,,5208 - Office Maintenance Expenses - MTC,Admin - MTC,,Meridian Trading Co.
b5ea48bd63,ACC-JV-2025-00064,P2,Journal Entry,Journal Entry,2,2025-07-30,2025-07-30 09:49:14.860064,controller@meridian.example,5208 - Office Maintenance Expenses - MTC,5208,Office Maintenance Expenses,Expense,0.0,2404.98,,,5217 - Utility Expenses - MTC,Admin - MTC,,Meridian Trading Co.
1ed3fe92ab,ACC-PAY-2025-00384,P2,Payment Entry,Payment Entry,1,2025-07-30,2025-07-30 16:09:31.596596,ar.clerk@meridian.example,1210 - Primary Checking - MTC,1210,Primary Checking,Asset,5443.02,0.0,,,Kestrel Foods,,Amount USD 5443.02 received from Kestrel Foods | Transaction reference no ACH-25-00292 dated 2025-07-30 | Amount USD 5443.02 adjusted against Sales Invoice ACC-SINV-2025-00292,Meridian Trading Co.
83f8fc7f62,ACC-PAY-2025-00384,P2,Payment Entry,Payment Entry,2,2025-07-30,2025-07-30 16:09:31.596596,ar.clerk@meridian.example,1310 - Debtors - MTC,1310,Debtors,Asset,0.0,5443.02,Customer,Kestrel Foods,1210 - Primary Checking - MTC,,Amount USD 5443.02 received from Kestrel Foods | Transaction reference no ACH-25-00292 dated 2025-07-30 | Amount USD 5443.02 adjusted against Sales Invoice ACC-SINV-2025-00292,Meridian Trading Co.
12f9ed2e08,ACC-PAY-2025-00446,P2,Payment Entry,Payment Entry,1,2025-07-30,2025-07-30 10:03:02.977832,ar.clerk@meridian.example,1310 - Debtors - MTC,1310,Debtors,Asset,0.0,508.48,Customer,Redcedar Builders,1210 - Primary Checking - MTC,,Amount USD 508.48 received from Redcedar Builders | Transaction reference no ACH-25-00332 dated 2025-07-30 | Amount USD 508.48 adjusted against Sales Invoice ACC-SINV-2025-00332,Meridian Trading Co.
e2536ba69f,ACC-PAY-2025-00446,P2,Payment Entry,Payment Entry,2,2025-07-30,2025-07-30 10:03:02.977832,ar.clerk@meridian.example,1210 - Primary Checking - MTC,1210,Primary Checking,Asset,508.48,0.0,,,Redcedar Builders,,Amount USD 508.48 received from Redcedar Builders | Transaction reference no ACH-25-00332 dated 2025-07-30 | Amount USD 508.48 adjusted against Sales Invoice ACC-SINV-2025-00332,Meridian Trading Co.
a1372c9326,ACC-PAY-2025-00450,P2,Payment Entry,Payment Entry,1,2025-07-30,2025-07-30 18:01:53.668535,ar.clerk@meridian.example,1310 - Debtors - MTC,1310,Debtors,Asset,0.0,3795.45,Customer,Pactrail Sports,1210 - Primary Checking - MTC,,Amount USD 3795.45 received from Pactrail Sports | Transaction reference no ACH-25-00336 dated 2025-07-30 | Amount USD 3795.45 adjusted against Sales Invoice ACC-SINV-2025-00336,Meridian Trading Co.
e67ad5c652,ACC-PAY-2025-00450,P2,Payment Entry,Payment Entry,2,2025-07-30,2025-07-30 18:01:53.668535,ar.clerk@meridian.example,1210 - Primary Checking - MTC,1210,Primary Checking,Asset,3795.45,0.0,,,Pactrail Sports,,Amount USD 3795.45 received from Pactrail Sports | Transaction reference no ACH-25-00336 dated 2025-07-30 | Amount USD 3795.45 adjusted against Sales Invoice ACC-SINV-2025-00336,Meridian Trading Co.
3e1908a6ec,ACC-PAY-2025-00465,P2,Payment Entry,Payment Entry,1,2025-07-30,2025-07-30 10:40:19.014890,ar.clerk@meridian.example,1210 - Primary Checking - MTC,1210,Primary Checking,Asset,2328.63,0.0,,,Galehouse Media,,Amount USD 2328.63 received from Galehouse Media | Transaction reference no ACH-25-00355 dated 2025-07-30 | Amount USD 2328.63 adjusted against Sales Invoice ACC-SINV-2025-00355,Meridian Trading Co.
ea0c77f017,ACC-PAY-2025-00465,P2,Payment Entry,Payment Entry,2,2025-07-30,2025-07-30 10:40:19.014890,ar.clerk@meridian.example,1310 - Debtors - MTC,1310,Debtors,Asset,0.0,2328.63,Customer,Galehouse Media,1210 - Primary Checking - MTC,,Amount USD 2328.63 received from Galehouse Media | Transaction reference no ACH-25-00355 dated 2025-07-30 | Amount USD 2328.63 adjusted against Sales Invoice ACC-SINV-2025-00355,Meridian Trading Co.
30d7a2699a,ACC-PAY-2025-00484,P2,Payment Entry,Payment Entry,1,2025-07-30,2025-07-30 16:24:29.674749,ap.clerk@meridian.example,1210 - Primary Checking - MTC,1210,Primary Checking,Asset,0.0,9815.28,,,Orchard Wholesale,,Amount USD 9815.28 paid to Orchard Wholesale | Transaction reference no ACH-25-00189 dated 2025-07-30 | Amount USD 9815.28 adjusted against Purchase Invoice ACC-PINV-2025-00189,Meridian Trading Co.
bf55ae3d60,ACC-PAY-2025-00484,P2,Payment Entry,Payment Entry,2,2025-07-30,2025-07-30 16:24:29.674749,ap.clerk@meridian.example,2110 - Creditors - MTC,2110,Creditors,Liability,9815.28,0.0,Supplier,Orchard Wholesale,1210 - Primary Checking - MTC,,Amount USD 9815.28 paid to Orchard Wholesale | Transaction reference no ACH-25-00189 dated 2025-07-30 | Amount USD 9815.28 adjusted against Purchase Invoice ACC-PINV-2025-00189,Meridian Trading Co.
7d6b3fd1d7,ACC-PINV-2025-00208,P2,Purchase Invoice,Purchase Invoice,1,2025-07-30,2025-07-30 18:27:26.172855,ap.clerk@meridian.example,5207 - Marketing Expenses - MTC,5207,Marketing Expenses,Expense,5597.18,0.0,,,Quill Marketing Group,Admin - MTC,Quill Marketing Group July 2025 billing,Meridian Trading Co.
c749fba4c1,ACC-PINV-2025-00208,P2,Purchase Invoice,Purchase Invoice,2,2025-07-30,2025-07-30 18:27:26.172855,ap.clerk@meridian.example,2110 - Creditors - MTC,2110,Creditors,Liability,0.0,5597.18,Supplier,Quill Marketing Group,5207 - Marketing Expenses - MTC,,Quill Marketing Group July 2025 billing,Meridian Trading Co.
1053f37e5e,ACC-SINV-2025-00353,P2,Sales Invoice,Sales Invoice,1,2025-07-30,2025-07-30 14:18:12.107367,ar.clerk@meridian.example,4110 - Sales - MTC,4110,Sales,Income,0.0,767.58,,,Cascade Outfitters,Warehouse - MTC,Customer order Cascade Outfitters Jul 2025,Meridian Trading Co.
1748b6fb22,ACC-SINV-2025-00353,P2,Sales Invoice,Sales Invoice,2,2025-07-30,2025-07-30 14:18:12.107367,ar.clerk@meridian.example,1310 - Debtors - MTC,1310,Debtors,Asset,3311.98,0.0,Customer,Cascade Outfitters,"4110 - Sales - MTC,4130 - Freight Income - MTC",,Customer order Cascade Outfitters Jul 2025,Meridian Trading Co.
61dd6cc588,ACC-SINV-2025-00353,P2,Sales Invoice,Sales Invoice,3,2025-07-30,2025-07-30 14:18:12.107367,ar.clerk@meridian.example,ST 6% - MTC,,ST 6%,Liability,0.0,187.47,,,Cascade Outfitters,Admin - MTC,Customer order Cascade Outfitters Jul 2025,Meridian Trading Co.
ab4ad5cc09,ACC-SINV-2025-00353,P2,Sales Invoice,Sales Invoice,4,2025-07-30,2025-07-30 14:18:12.107367,ar.clerk@meridian.example,4110 - Sales - MTC,4110,Sales,Income,0.0,1400.15,,,Cascade Outfitters,Sales Ops - MTC,Customer order Cascade Outfitters Jul 2025,Meridian Trading Co.
d91eea7f6c,ACC-SINV-2025-00353,P2,Sales Invoice,Sales Invoice,5,2025-07-30,2025-07-30 14:18:12.107367,ar.clerk@meridian.example,4130 - Freight Income - MTC,4130,Freight Income,Income,0.0,956.78,,,Cascade Outfitters,Admin - MTC,Customer order Cascade Outfitters Jul 2025,Meridian Trading Co.
4c8fd5d588,ACC-JV-2025-00059,P2,Journal Entry,Journal Entry,1,2025-07-31,2025-08-01 03:17:34.312502,batch.bot@meridian.example,2320 - Tax Withholding Payable - MTC,2320,Tax Withholding Payable,Liability,0.0,12958.72,,,5213 - Salary - MTC,Admin - MTC,,Meridian Trading Co.
53973e181d,ACC-JV-2025-00059,P2,Journal Entry,Journal Entry,2,2025-07-31,2025-08-01 03:17:34.312502,batch.bot@meridian.example,5213 - Salary - MTC,5213,Salary,Expense,15854.45,0.0,,,"2120 - Payroll Payable - MTC, 2320 - Tax Withholding Payable - MTC",Warehouse - MTC,,Meridian Trading Co.
8d053b053e,ACC-JV-2025-00059,P2,Journal Entry,Journal Entry,3,2025-07-31,2025-08-01 03:17:34.312502,batch.bot@meridian.example,2120 - Payroll Payable - MTC,2120,Payroll Payable,Liability,0.0,44892.69,,,5213 - Salary - MTC,Admin - MTC,,Meridian Trading Co.
bb01f95855,ACC-JV-2025-00059,P2,Journal Entry,Journal Entry,4,2025-07-31,2025-08-01 03:17:34.312502,batch.bot@meridian.example,5213 - Salary - MTC,5213,Salary,Expense,21658.42,0.0,,,"2120 - Payroll Payable - MTC, 2320 - Tax Withholding Payable - MTC",Sales Ops - MTC,,Meridian Trading Co.
e03134fc0c,ACC-JV-2025-00059,P2,Journal Entry,Journal Entry,5,2025-07-31,2025-08-01 03:17:34.312502,batch.bot@meridian.example,5213 - Salary - MTC,5213,Salary,Expense,20338.54,0.0,,,"2120 - Payroll Payable - MTC, 2320 - Tax Withholding Payable - MTC",Admin - MTC,,Meridian Trading Co.
095107d6dc,ACC-JV-2025-00061,P2,Journal Entry,Depreciation Entry,1,2025-07-31,2025-08-01 01:13:42.426751,batch.bot@meridian.example,5203 - Depreciation - MTC,5203,Depreciation,Expense,1258.34,0.0,,,1780 - Accumulated Depreciation - MTC,Admin - MTC,,Meridian Trading Co.
7715cb0038,ACC-JV-2025-00061,P2,Journal Entry,Depreciation Entry,2,2025-07-31,2025-08-01 01:13:42.426751,batch.bot@meridian.example,1780 - Accumulated Depreciation - MTC,1780,Accumulated Depreciation,Asset,0.0,3416.67,,,5203 - Depreciation - MTC,Admin - MTC,,Meridian Trading Co.
909e817c8b,ACC-JV-2025-00061,P2,Journal Entry,Depreciation Entry,3,2025-07-31,2025-08-01 01:13:42.426751,batch.bot@meridian.example,5203 - Depreciation - MTC,5203,Depreciation,Expense,2158.33,0.0,,,1780 - Accumulated Depreciation - MTC,Warehouse - MTC,,Meridian Trading Co.
57c4754028,ACC-JV-2025-00062,P2,Journal Entry,Journal Entry,1,2025-07-31,2025-08-01 01:36:37.307730,batch.bot@meridian.example,5228 - Insurance Expense - MTC,5228,Insurance Expense,Expense,1450.0,0.0,,,1660 - Prepaid Expenses - MTC,Admin - MTC,,Meridian Trading Co.
7b86badcc3,ACC-JV-2025-00062,P2,Journal Entry,Journal Entry,2,2025-07-31,2025-08-01 01:36:37.307730,batch.bot@meridian.example,1660 - Prepaid Expenses - MTC,1660,Prepaid Expenses,Asset,0.0,1450.0,,,5228 - Insurance Expense - MTC,Admin - MTC,,Meridian Trading Co.
10b4fdd24e,ACC-JV-2025-00063,P2,Journal Entry,Journal Entry,1,2025-07-31,2025-07-31 15:04:22.878995,controller@meridian.example,5215 - Telephone Expenses - MTC,5215,Telephone Expenses,Expense,441.13,0.0,,,"5215 - Telephone Expenses - MTC, 5209 - Office Rent - MTC, 5217 - Utility Expenses - MTC",Warehouse - MTC,,Meridian Trading Co.
1267e12c82,ACC-JV-2025-00063,P2,Journal Entry,Journal Entry,2,2025-07-31,2025-07-31 15:04:22.878995,controller@meridian.example,5217 - Utility Expenses - MTC,5217,Utility Expenses,Expense,0.0,2466.47,,,"5215 - Telephone Expenses - MTC, 5209 - Office Rent - MTC, 5217 - Utility Expenses - MTC",Admin - MTC,,Meridian Trading Co.
1a87d77844,ACC-JV-2025-00063,P2,Journal Entry,Journal Entry,3,2025-07-31,2025-07-31 15:04:22.878995,controller@meridian.example,5215 - Telephone Expenses - MTC,5215,Telephone Expenses,Expense,567.17,0.0,,,"5215 - Telephone Expenses - MTC, 5209 - Office Rent - MTC, 5217 - Utility Expenses - MTC",Sales Ops - MTC,,Meridian Trading Co.
231261815a,ACC-JV-2025-00063,P2,Journal Entry,Journal Entry,4,2025-07-31,2025-07-31 15:04:22.878995,controller@meridian.example,5217 - Utility Expenses - MTC,5217,Utility Expenses,Expense,1079.08,0.0,,,"5215 - Telephone Expenses - MTC, 5209 - Office Rent - MTC, 5217 - Utility Expenses - MTC",Warehouse - MTC,,Meridian Trading Co.
3aa3d85ec3,ACC-JV-2025-00063,P2,Journal Entry,Journal Entry,5,2025-07-31,2025-07-31 15:04:22.878995,controller@meridian.example,5209 - Office Rent - MTC,5209,Office Rent,Expense,0.0,7208.07,,,"5215 - Telephone Expenses - MTC, 5209 - Office Rent - MTC, 5217 - Utility Expenses - MTC",Admin - MTC,,Meridian Trading Co.
6e373746c4,ACC-JV-2025-00063,P2,Journal Entry,Journal Entry,6,2025-07-31,2025-07-31 15:04:22.878995,controller@meridian.example,5217 - Utility Expenses - MTC,5217,Utility Expenses,Expense,1387.39,0.0,,,"5215 - Telephone Expenses - MTC, 5209 - Office Rent - MTC, 5217 - Utility Expenses - MTC",Sales Ops - MTC,,Meridian Trading Co.
9a00e0ce9c,ACC-JV-2025-00063,P2,Journal Entry,Journal Entry,7,2025-07-31,2025-07-31 15:04:22.878995,controller@meridian.example,5209 - Office Rent - MTC,5209,Office Rent,Expense,3153.53,0.0,,,"5215 - Telephone Expenses - MTC, 5209 - Office Rent - MTC, 5217 - Utility Expenses - MTC",Warehouse - MTC,,Meridian Trading Co.
b4c1ced103,ACC-JV-2025-00063,P2,Journal Entry,Journal Entry,8,2025-07-31,2025-07-31 15:04:22.878995,controller@meridian.example,5215 - Telephone Expenses - MTC,5215,Telephone Expenses,Expense,0.0,1008.3,,,"5215 - Telephone Expenses - MTC, 5209 - Office Rent - MTC, 5217 - Utility Expenses - MTC",Admin - MTC,,Meridian Trading Co.
fac3d37769,ACC-JV-2025-00063,P2,Journal Entry,Journal Entry,9,2025-07-31,2025-07-31 15:04:22.878995,controller@meridian.example,5209 - Office Rent - MTC,5209,Office Rent,Expense,4054.54,0.0,,,"5215 - Telephone Expenses - MTC, 5209 - Office Rent - MTC, 5217 - Utility Expenses - MTC",Sales Ops - MTC,,Meridian Trading Co.
064dc9be0c,ACC-SINV-2025-00341,P2,Sales Invoice,Sales Invoice,1,2025-07-31,2025-07-31 08:28:46.208551,ar.clerk@meridian.example,1310 - Debtors - MTC,1310,Debtors,Asset,1696.49,0.0,Customer,Northwind Retail,4110 - Sales - MTC,,Customer order Northwind Retail Jul 2025,Meridian Trading Co.
2d4e84d4b8,ACC-SINV-2025-00341,P2,Sales Invoice,Sales Invoice,2,2025-07-31,2025-07-31 08:28:46.208551,ar.clerk@meridian.example,ST 6% - MTC,,ST 6%,Liability,0.0,96.03,,,Northwind Retail,Admin - MTC,Customer order Northwind Retail Jul 2025,Meridian Trading Co.
9c42280b4f,ACC-SINV-2025-00341,P2,Sales Invoice,Sales Invoice,3,2025-07-31,2025-07-31 08:28:46.208551,ar.clerk@meridian.example,4110 - Sales - MTC,4110,Sales,Income,0.0,1600.46,,,Northwind Retail,Sales Ops - MTC,Customer order Northwind Retail Jul 2025,Meridian Trading Co.
102603500e,ACC-SINV-2025-00357,P2,Sales Invoice,Sales Invoice,1,2025-07-31,2025-07-31 17:25:38.535447,ar.clerk@meridian.example,4110 - Sales - MTC,4110,Sales,Income,0.0,136.51,,,Pactrail Sports,Warehouse - MTC,Customer order Pactrail Sports Jul 2025,Meridian Trading Co.
3c40d4ef52,ACC-SINV-2025-00357,P2,Sales Invoice,Sales Invoice,2,2025-07-31,2025-07-31 17:25:38.535447,ar.clerk@meridian.example,1310 - Debtors - MTC,1310,Debtors,Asset,1223.43,0.0,Customer,Pactrail Sports,4110 - Sales - MTC,,Customer order Pactrail Sports Jul 2025,Meridian Trading Co.
5c843ff8c1,ACC-SINV-2025-00357,P2,Sales Invoice,Sales Invoice,3,2025-07-31,2025-07-31 17:25:38.535447,ar.clerk@meridian.example,ST 6% - MTC,,ST 6%,Liability,0.0,69.25,,,Pactrail Sports,Admin - MTC,Customer order Pactrail Sports Jul 2025,Meridian Trading Co.
9c4332dd07,ACC-SINV-2025-00357,P2,Sales Invoice,Sales Invoice,4,2025-07-31,2025-07-31 17:25:38.535447,ar.clerk@meridian.example,4110 - Sales - MTC,4110,Sales,Income,0.0,1017.67,,,Pactrail Sports,Sales Ops - MTC,Customer order Pactrail Sports Jul 2025,Meridian Trading Co.
202156a3b2,ACC-PAY-2025-00451,P2,Payment Entry,Payment Entry,1,2025-08-01,2025-08-01 13:22:09.970795,ar.clerk@meridian.example,1310 - Debtors - MTC,1310,Debtors,Asset,0.0,2216.66,Customer,Marlowe Interiors,1210 - Primary Checking - MTC,,Amount USD 2216.66 received from Marlowe Interiors | Transaction reference no ACH-25-00339 dated 2025-08-01 | Amount USD 2216.66 adjusted against Sales Invoice ACC-SINV-2025-00339,Meridian Trading Co.
9c91dcba5f,ACC-PAY-2025-00451,P2,Payment Entry,Payment Entry,2,2025-08-01,2025-08-01 13:22:09.970795,ar.clerk@meridian.example,1210 - Primary Checking - MTC,1210,Primary Checking,Asset,2216.66,0.0,,,Marlowe Interiors,,Amount USD 2216.66 received from Marlowe Interiors | Transaction reference no ACH-25-00339 dated 2025-08-01 | Amount USD 2216.66 adjusted against Sales Invoice ACC-SINV-2025-00339,Meridian Trading Co.
541c7d547a,ACC-PINV-2025-00219,P2,Purchase Invoice,Purchase Invoice,1,2025-08-01,2025-08-01 18:29:03.869058,ap.clerk@meridian.example,5111 - Cost of Goods Sold - MTC,5111,Cost of Goods Sold,Expense,4426.36,0.0,,,Vulcan Materials Co,Warehouse - MTC,Vulcan Materials Co August 2025 billing,Meridian Trading Co.
ae48612203,ACC-PINV-2025-00219,P2,Purchase Invoice,Purchase Invoice,2,2025-08-01,2025-08-01 18:29:03.869058,ap.clerk@meridian.example,2110 - Creditors - MTC,2110,Creditors,Liability,0.0,4426.36,Supplier,Vulcan Materials Co,5111 - Cost of Goods Sold - MTC,,Vulcan Materials Co August 2025 billing,Meridian Trading Co.
1cf1f4a79e,ACC-PINV-2025-00223,P2,Purchase Invoice,Purchase Invoice,1,2025-08-01,2025-08-01 15:45:52.794358,ap.clerk@meridian.example,2110 - Creditors - MTC,2110,Creditors,Liability,0.0,4929.89,Supplier,Beacon Freight,"5205 - Freight and Forwarding Charges - MTC,5216 - Travel Expenses - MTC",,Beacon Freight August 2025 billing,Meridian Trading Co.
8b5c52d9dd,ACC-PINV-2025-00223,P2,Purchase Invoice,Purchase Invoice,2,2025-08-01,2025-08-01 15:45:52.794358,ap.clerk@meridian.example,5205 - Freight and Forwarding Charges - MTC,5205,Freight and Forwarding Charges,Expense,3334.26,0.0,,,Beacon Freight,Admin - MTC,Beacon Freight August 2025 billing,Meridian Trading Co.
e22a9ebac3,ACC-PINV-2025-00223,P2,Purchase Invoice,Purchase Invoice,3,2025-08-01,2025-08-01 15:45:52.794358,ap.clerk@meridian.example,5216 - Travel Expenses - MTC,5216,Travel Expenses,Expense,1595.63,0.0,,,Beacon Freight,Admin - MTC,Beacon Freight August 2025 billing,Meridian Trading Co.
5b3b0154ba,ACC-SINV-2025-00404,P2,Sales Invoice,Sales Invoice,1,2025-08-01,2025-08-01 16:36:35.047788,ar.clerk@meridian.example,4110 - Sales - MTC,4110,Sales,Income,0.0,887.07,,,Ovation Events,Sales Ops - MTC,Customer order Ovation Events Aug 2025,Meridian Trading Co.
970632be3f,ACC-SINV-2025-00404,P2,Sales Invoice,Sales Invoice,2,2025-08-01,2025-08-01 16:36:35.047788,ar.clerk@meridian.example,1310 - Debtors - MTC,1310,Debtors,Asset,887.07,0.0,Customer,Ovation Events,4110 - Sales - MTC,,Customer order Ovation Events Aug 2025,Meridian Trading Co.
735f4a36f4,ACC-SINV-2025-00425,P2,Sales Invoice,Sales Invoice,1,2025-08-01,2025-08-01 12:02:53.697088,ar.clerk@meridian.example,4110 - Sales - MTC,4110,Sales,Income,0.0,301.62,,,Cascade Outfitters,Sales Ops - MTC,Customer order Cascade Outfitters Aug 2025,Meridian Trading Co.
9216e6eeba,ACC-SINV-2025-00425,P2,Sales Invoice,Sales Invoice,2,2025-08-01,2025-08-01 12:02:53.697088,ar.clerk@meridian.example,ST 6% - MTC,,ST 6%,Liability,0.0,18.1,,,Cascade Outfitters,Admin - MTC,Customer order Cascade Outfitters Aug 2025,Meridian Trading Co.
a275801f5e,ACC-SINV-2025-00425,P2,Sales Invoice,Sales Invoice,3,2025-08-01,2025-08-01 12:02:53.697088,ar.clerk@meridian.example,1310 - Debtors - MTC,1310,Debtors,Asset,319.72,0.0,Customer,Cascade Outfitters,4110 - Sales - MTC,,Customer order Cascade Outfitters Aug 2025,Meridian Trading Co.
85ae504953,ACC-PAY-2025-00428,P2,Payment Entry,Payment Entry,1,2025-08-02,2025-08-04 15:16:04.609650,ap.clerk@meridian.example,1210 - Primary Checking - MTC,1210,Primary Checking,Asset,0.0,1220.26,,,Cobalt IT Services,,Amount USD 1220.26 paid to Cobalt IT Services | Transaction reference no ACH-25-00173 dated 2025-08-02 | Amount USD 1220.26 adjusted against Purchase Invoice ACC-PINV-2025-00173,Meridian Trading Co.
891d96bde8,ACC-PAY-2025-00428,P2,Payment Entry,Payment Entry,2,2025-08-02,2025-08-04 15:16:04.609650,ap.clerk@meridian.example,2110 - Creditors - MTC,2110,Creditors,Liability,1220.26,0.0,Supplier,Cobalt IT Services,1210 - Primary Checking - MTC,,Amount USD 1220.26 paid to Cobalt IT Services | Transaction reference no ACH-25-00173 dated 2025-08-02 | Amount USD 1220.26 adjusted against Purchase Invoice ACC-PINV-2025-00173,Meridian Trading Co.
ac6773c37c,ACC-JV-2025-00060,P2,Journal Entry,Bank Entry,1,2025-08-03,2025-08-04 01:11:29.753992,batch.bot@meridian.example,2120 - Payroll Payable - MTC,2120,Payroll Payable,Liability,44892.69,0.0,,,1210 - Primary Checking - MTC,Admin - MTC,Reference #REF-20250803 dated 08-03-2025,Meridian Trading Co.
cbc2f8db6c,ACC-JV-2025-00060,P2,Journal Entry,Bank Entry,2,2025-08-03,2025-08-04 01:11:29.753992,batch.bot@meridian.example,1210 - Primary Checking - MTC,1210,Primary Checking,Asset,0.0,44892.69,,,2120 - Payroll Payable - MTC,Admin - MTC,Reference #REF-20250803 dated 08-03-2025,Meridian Trading Co.
7064b9c1d7,ACC-PAY-2025-00406,P2,Payment Entry,Payment Entry,1,2025-08-03,2025-08-04 11:49:12.624557,ar.clerk@meridian.example,1210 - Primary Checking - MTC,1210,Primary Checking,Asset,2616.35,0.0,,,Halstrom Supply,,Amount USD 2616.35 received from Halstrom Supply | Transaction reference no ACH-25-00317 dated 2025-08-03 | Amount USD 2616.35 adjusted against Sales Invoice ACC-SINV-2025-00317,Meridian Trading Co.
97fdfe691d,ACC-PAY-2025-00406,P2,Payment Entry,Payment Entry,2,2025-08-03,2025-08-04 11:49:12.624557,ar.clerk@meridian.example,1310 - Debtors - MTC,1310,Debtors,Asset,0.0,2616.35,Customer,Halstrom Supply,1210 - Primary Checking - MTC,,Amount USD 2616.35 received from Halstrom Supply | Transaction reference no ACH-25-00317 dated 2025-08-03 | Amount USD 2616.35 adjusted against Sales Invoice ACC-SINV-2025-00317,Meridian Trading Co.
42a7a0c9df,ACC-PAY-2025-00473,P2,Payment Entry,Payment Entry,1,2025-08-03,2025-08-04 17:39:23.897538,ar.clerk@meridian.example,1210 - Primary Checking - MTC,1210,Primary Checking,Asset,1505.48,0.0,,,Ferrous Works,,Amount USD 1505.48 received from Ferrous Works | Transaction reference no ACH-25-00366 dated 2025-08-03 | Amount USD 1505.48 adjusted against Sales Invoice ACC-SINV-2025-00366,Meridian Trading Co.
d3d18c3f05,ACC-PAY-2025-00473,P2,Payment Entry,Payment Entry,2,2025-08-03,2025-08-04 17:39:23.897538,ar.clerk@meridian.example,1310 - Debtors - MTC,1310,Debtors,Asset,0.0,1505.48,Customer,Ferrous Works,1210 - Primary Checking - MTC,,Amount USD 1505.48 received from Ferrous Works | Transaction reference no ACH-25-00366 dated 2025-08-03 | Amount USD 1505.48 adjusted against Sales Invoice ACC-SINV-2025-00366,Meridian Trading Co.
9bc1dd5e85,ACC-PAY-2025-00454,P2,Payment Entry,Payment Entry,1,2025-08-04,2025-08-04 18:12:36.600041,ar.clerk@meridian.example,1210 - Primary Checking - MTC,1210,Primary Checking,Asset,1389.21,0.0,,,Halstrom Supply,,Amount USD 1389.21 received from Halstrom Supply | Transaction reference no ACH-25-00342 dated 2025-08-04 | Amount USD 1389.21 adjusted against Sales Invoice ACC-SINV-2025-00342,Meridian Trading Co.
f4115f1be0,ACC-PAY-2025-00454,P2,Payment Entry,Payment Entry,2,2025-08-04,2025-08-04 18:12:36.600041,ar.clerk@meridian.example,1310 - Debtors - MTC,1310,Debtors,Asset,0.0,1389.21,Customer,Halstrom Supply,1210 - Primary Checking - MTC,,Amount USD 1389.21 received from Halstrom Supply | Transaction reference no ACH-25-00342 dated 2025-08-04 | Amount USD 1389.21 adjusted against Sales Invoice ACC-SINV-2025-00342,Meridian Trading Co.
27a006fa38,ACC-PAY-2025-00462,P2,Payment Entry,Payment Entry,1,2025-08-04,2025-08-04 12:14:30.078864,ar.clerk@meridian.example,1310 - Debtors - MTC,1310,Debtors,Asset,0.0,1095.67,Customer,Pactrail Sports,1210 - Primary Checking - MTC,,Amount USD 1095.67 received from Pactrail Sports | Transaction reference no ACH-25-00352 dated 2025-08-04 | Amount USD 1095.67 adjusted against Sales Invoice ACC-SINV-2025-00352,Meridian Trading Co.
c657dab5d3,ACC-PAY-2025-00462,P2,Payment Entry,Payment Entry,2,2025-08-04,2025-08-04 12:14:30.078864,ar.clerk@meridian.example,1210 - Primary Checking - MTC,1210,Primary Checking,Asset,1095.67,0.0,,,Pactrail Sports,,Amount USD 1095.67 received from Pactrail Sports | Transaction reference no ACH-25-00352 dated 2025-08-04 | Amount USD 1095.67 adjusted against Sales Invoice ACC-SINV-2025-00352,Meridian Trading Co.
29aa3c4e80,ACC-PAY-2025-00463,P2,Payment Entry,Payment Entry,1,2025-08-04,2025-08-04 13:15:04.622431,ar.clerk@meridian.example,1310 - Debtors - MTC,1310,Debtors,Asset,0.0,3311.98,Customer,Cascade Outfitters,1210 - Primary Checking - MTC,,Amount USD 3311.98 received from Cascade Outfitters | Transaction reference no ACH-25-00353 dated 2025-08-04 | Amount USD 3311.98 adjusted against Sales Invoice ACC-SINV-2025-00353,Meridian Trading Co.
bc73df3336,ACC-PAY-2025-00463,P2,Payment Entry,Payment Entry,2,2025-08-04,2025-08-04 13:15:04.622431,ar.clerk@meridian.example,1210 - Primary Checking - MTC,1210,Primary Checking,Asset,3311.98,0.0,,,Cascade Outfitters,,Amount USD 3311.98 received from Cascade Outfitters | Transaction reference no ACH-25-00353 dated 2025-08-04 | Amount USD 3311.98 adjusted against Sales Invoice ACC-SINV-2025-00353,Meridian Trading Co.
28073a5152,ACC-PAY-2025-00491,P2,Payment Entry,Payment Entry,1,2025-08-04,2025-08-04 15:04:01.188321,ap.clerk@meridian.example,1210 - Primary Checking - MTC,1210,Primary Checking,Asset,0.0,4630.51,,,Beacon Freight,,Amount USD 4630.51 paid to Beacon Freight | Transaction reference no ACH-25-00197 dated 2025-08-04 | Amount USD 4630.51 adjusted against Purchase Invoice ACC-PINV-2025-00197,Meridian Trading Co.
c966c7ccd6,ACC-PAY-2025-00491,P2,Payment Entry,Payment Entry,2,2025-08-04,2025-08-04 15:04:01.188321,ap.clerk@meridian.example,2110 - Creditors - MTC,2110,Creditors,Liability,4630.51,0.0,Supplier,Beacon Freight,1210 - Primary Checking - MTC,,Amount USD 4630.51 paid to Beacon Freight | Transaction reference no ACH-25-00197 dated 2025-08-04 | Amount USD 4630.51 adjusted against Purchase Invoice ACC-PINV-2025-00197,Meridian Trading Co.
3bc277c70d,ACC-PAY-2025-00492,P2,Payment Entry,Payment Entry,1,2025-08-04,2025-08-04 14:30:19.743953,ap.clerk@meridian.example,1210 - Primary Checking - MTC,1210,Primary Checking,Asset,0.0,11382.93,,,Beacon Freight,,Amount USD 11382.93 paid to Beacon Freight | Transaction reference no ACH-25-00198 dated 2025-08-04 | Amount USD 11382.93 adjusted against Purchase Invoice ACC-PINV-2025-00198,Meridian Trading Co.
e4becaaa1a,ACC-PAY-2025-00492,P2,Payment Entry,Payment Entry,2,2025-08-04,2025-08-04 14:30:19.743953,ap.clerk@meridian.example,2110 - Creditors - MTC,2110,Creditors,Liability,11382.93,0.0,Supplier,Beacon Freight,1210 - Primary Checking - MTC,,Amount USD 11382.93 paid to Beacon Freight | Transaction reference no ACH-25-00198 dated 2025-08-04 | Amount USD 11382.93 adjusted against Purchase Invoice ACC-PINV-2025-00198,Meridian Trading Co.
2f9e30b4df,ACC-PINV-2025-00234,P2,Purchase Invoice,Purchase Invoice,1,2025-08-04,2025-08-04 08:29:34.061356,ap.clerk@meridian.example,2110 - Creditors - MTC,2110,Creditors,Liability,0.0,16530.45,Supplier,Quill Marketing Group,5207 - Marketing Expenses - MTC,,Quill Marketing Group August 2025 billing,Meridian Trading Co.
a5447868e7,ACC-PINV-2025-00234,P2,Purchase Invoice,Purchase Invoice,2,2025-08-04,2025-08-04 08:29:34.061356,ap.clerk@meridian.example,5207 - Marketing Expenses - MTC,5207,Marketing Expenses,Expense,16530.45,0.0,,,Quill Marketing Group,Admin - MTC,Quill Marketing Group August 2025 billing,Meridian Trading Co.
069c2ebde1,ACC-SINV-2025-00379,P2,Sales Invoice,Credit Note,1,2025-08-04,2025-08-04 09:58:08.082103,ar.clerk@meridian.example,1310 - Debtors - MTC,1310,Debtors,Asset,0.0,354.06,Customer,Halstrom Supply,4110 - Sales - MTC,,Return against ACC-SINV-2025-00371,Meridian Trading Co.
2b3392f1f1,ACC-SINV-2025-00379,P2,Sales Invoice,Credit Note,2,2025-08-04,2025-08-04 09:58:08.082103,ar.clerk@meridian.example,4110 - Sales - MTC,4110,Sales,Income,354.06,0.0,,,Halstrom Supply,Sales Ops - MTC,Return against ACC-SINV-2025-00371,Meridian Trading Co.
2332f6362f,ACC-SINV-2025-00399,P2,Sales Invoice,Sales Invoice,1,2025-08-04,2025-08-04 10:38:14.041604,ar.clerk@meridian.example,ST 6% - MTC,,ST 6%,Liability,0.0,85.36,,,Cascade Outfitters,Admin - MTC,Customer order Cascade Outfitters Aug 2025,Meridian Trading Co.
7766554d82,ACC-SINV-2025-00399,P2,Sales Invoice,Sales Invoice,2,2025-08-04,2025-08-04 10:38:14.041604,ar.clerk@meridian.example,4110 - Sales - MTC,4110,Sales,Income,0.0,1144.16,,,Cascade Outfitters,Sales Ops - MTC,Customer order Cascade Outfitters Aug 2025,Meridian Trading Co.
c4dfb1796c,ACC-SINV-2025-00399,P2,Sales Invoice,Sales Invoice,3,2025-08-04,2025-08-04 10:38:14.041604,ar.clerk@meridian.example,1310 - Debtors - MTC,1310,Debtors,Asset,1507.98,0.0,Customer,Cascade Outfitters,"4130 - Freight Income - MTC,4110 - Sales - MTC",,Customer order Cascade Outfitters Aug 2025,Meridian Trading Co.
e94f639504,ACC-SINV-2025-00399,P2,Sales Invoice,Sales Invoice,4,2025-08-04,2025-08-04 10:38:14.041604,ar.clerk@meridian.example,4130 - Freight Income - MTC,4130,Freight Income,Income,0.0,278.46,,,Cascade Outfitters,Admin - MTC,Customer order Cascade Outfitters Aug 2025,Meridian Trading Co.
4abea3cd3a,ACC-SINV-2025-00420,P2,Sales Invoice,Sales Invoice,1,2025-08-04,2025-08-04 18:22:18.254051,ar.clerk@meridian.example,ST 6% - MTC,,ST 6%,Liability,0.0,3.16,,,Pactrail Sports,Admin - MTC,Customer order Pactrail Sports Aug 2025,Meridian Trading Co.
c5ec058c32,ACC-SINV-2025-00420,P2,Sales Invoice,Sales Invoice,2,2025-08-04,2025-08-04 18:22:18.254051,ar.clerk@meridian.example,1310 - Debtors - MTC,1310,Debtors,Asset,55.88,0.0,Customer,Pactrail Sports,4110 - Sales - MTC,,Customer order Pactrail Sports Aug 2025,Meridian Trading Co.
e73ded7762,ACC-SINV-2025-00420,P2,Sales Invoice,Sales Invoice,3,2025-08-04,2025-08-04 18:22:18.254051,ar.clerk@meridian.example,4110 - Sales - MTC,4110,Sales,Income,0.0,52.72,,,Pactrail Sports,Warehouse - MTC,Customer order Pactrail Sports Aug 2025,Meridian Trading Co.
7941c961cd,ACC-PAY-2025-00440,P2,Payment Entry,Payment Entry,1,2025-08-05,2025-08-05 10:10:43.359136,ap.clerk@meridian.example,1210 - Primary Checking - MTC,1210,Primary Checking,Asset,0.0,5399.09,,,Granite Janitorial,,Amount USD 5399.09 paid to Granite Janitorial | Transaction reference no ACH-25-00186 dated 2025-08-05 | Amount USD 5399.09 adjusted against Purchase Invoice ACC-PINV-2025-00186,Meridian Trading Co.
a31ad3ba5a,ACC-PAY-2025-00440,P2,Payment Entry,Payment Entry,2,2025-08-05,2025-08-05 10:10:43.359136,ap.clerk@meridian.example,2110 - Creditors - MTC,2110,Creditors,Liability,5399.09,0.0,Supplier,Granite Janitorial,1210 - Primary Checking - MTC,,Amount USD 5399.09 paid to Granite Janitorial | Transaction reference no ACH-25-00186 dated 2025-08-05 | Amount USD 5399.09 adjusted against Purchase Invoice ACC-PINV-2025-00186,Meridian Trading Co.
6b0ea06028,ACC-PINV-2025-00231,P2,Purchase Invoice,Purchase Invoice,1,2025-08-05,2025-08-05 12:11:06.047353,ap.clerk@meridian.example,5208 - Office Maintenance Expenses - MTC,5208,Office Maintenance Expenses,Expense,12258.95,0.0,,,Harlan Office Supply,Admin - MTC,Harlan Office Supply August 2025 billing,Meridian Trading Co.
fe62fabc7d,ACC-PINV-2025-00231,P2,Purchase Invoice,Purchase Invoice,2,2025-08-05,2025-08-05 12:11:06.047353,ap.clerk@meridian.example,2110 - Creditors - MTC,2110,Creditors,Liability,0.0,12258.95,Supplier,Harlan Office Supply,5208 - Office Maintenance Expenses - MTC,,Harlan Office Supply August 2025 billing,Meridian Trading Co.
015e34257b,ACC-SINV-2025-00386,P2,Sales Invoice,Sales Invoice,1,2025-08-05,2025-08-05 13:24:09.440027,ar.clerk@meridian.example,4110 - Sales - MTC,4110,Sales,Income,0.0,163.8,,,Ovation Events,Warehouse - MTC,Customer order Ovation Events Aug 2025,Meridian Trading Co.
271c75c628,ACC-SINV-2025-00386,P2,Sales Invoice,Sales Invoice,2,2025-08-05,2025-08-05 13:24:09.440027,ar.clerk@meridian.example,4110 - Sales - MTC,4110,Sales,Income,0.0,79.06,,,Ovation Events,Sales Ops - MTC,Customer order Ovation Events Aug 2025,Meridian Trading Co.
cd8fe9fe4a,ACC-SINV-2025-00386,P2,Sales Invoice,Sales Invoice,3,2025-08-05,2025-08-05 13:24:09.440027,ar.clerk@meridian.example,1310 - Debtors - MTC,1310,Debtors,Asset,242.86,0.0,Customer,Ovation Events,4110 - Sales - MTC,,Customer order Ovation Events Aug 2025,Meridian Trading Co.
0ecc60fc1c,ACC-SINV-2025-00394,P2,Sales Invoice,Sales Invoice,1,2025-08-05,2025-08-05 08:28:48.621226,ar.clerk@meridian.example,1310 - Debtors - MTC,1310,Debtors,Asset,2718.91,0.0,Customer,Cascade Outfitters,4110 - Sales - MTC,,Customer order Cascade Outfitters Aug 2025,Meridian Trading Co.
4051e772b9,ACC-SINV-2025-00394,P2,Sales Invoice,Sales Invoice,2,2025-08-05,2025-08-05 08:28:48.621226,ar.clerk@meridian.example,ST 6% - MTC,,ST 6%,Liability,0.0,153.9,,,Cascade Outfitters,Admin - MTC,Customer order Cascade Outfitters Aug 2025,Meridian Trading Co.
af4f23c59e,ACC-SINV-2025-00394,P2,Sales Invoice,Sales Invoice,3,2025-08-05,2025-08-05 08:28:48.621226,ar.clerk@meridian.example,4110 - Sales - MTC,4110,Sales,Income,0.0,2565.01,,,Cascade Outfitters,Sales Ops - MTC,Customer order Cascade Outfitters Aug 2025,Meridian Trading Co.
16d21cbdad,ACC-SINV-2025-00401,P2,Sales Invoice,Sales Invoice,1,2025-08-05,2025-08-05 09:49:52.604005,ar.clerk@meridian.example,4110 - Sales - MTC,4110,Sales,Income,0.0,377.76,,,Marlowe Interiors,Warehouse - MTC,Customer order Marlowe Interiors Aug 2025,Meridian Trading Co.
23d36218bd,ACC-SINV-2025-00401,P2,Sales Invoice,Sales Invoice,2,2025-08-05,2025-08-05 09:49:52.604005,ar.clerk@meridian.example,1310 - Debtors - MTC,1310,Debtors,Asset,475.43,0.0,Customer,Marlowe Interiors,4110 - Sales - MTC,,Customer order Marlowe Interiors Aug 2025,Meridian Trading Co.
e64a7fb780,ACC-SINV-2025-00401,P2,Sales Invoice,Sales Invoice,3,2025-08-05,2025-08-05 09:49:52.604005,ar.clerk@meridian.example,ST 6% - MTC,,ST 6%,Liability,0.0,26.91,,,Marlowe Interiors,Admin - MTC,Customer order Marlowe Interiors Aug 2025,Meridian Trading Co.
eea833c438,ACC-SINV-2025-00401,P2,Sales Invoice,Sales Invoice,4,2025-08-05,2025-08-05 09:49:52.604005,ar.clerk@meridian.example,4110 - Sales - MTC,4110,Sales,Income,0.0,70.76,,,Marlowe Interiors,Sales Ops - MTC,Customer order Marlowe Interiors Aug 2025,Meridian Trading Co.
1129621922,ACC-SINV-2025-00411,P2,Sales Invoice,Sales Invoice,1,2025-08-05,2025-08-05 18:09:00.064045,ar.clerk@meridian.example,4110 - Sales - MTC,4110,Sales,Income,0.0,2633.24,,,Juniper & Co,Sales Ops - MTC,Customer order Juniper & Co Aug 2025,Meridian Trading Co.
5231c90b8d,ACC-SINV-2025-00411,P2,Sales Invoice,Sales Invoice,2,2025-08-05,2025-08-05 18:09:00.064045,ar.clerk@meridian.example,4110 - Sales - MTC,4110,Sales,Income,0.0,425.95,,,Juniper & Co,Warehouse - MTC,Customer order Juniper & Co Aug 2025,Meridian Trading Co.
5f3a84fb5d,ACC-SINV-2025-00411,P2,Sales Invoice,Sales Invoice,3,2025-08-05,2025-08-05 18:09:00.064045,ar.clerk@meridian.example,1310 - Debtors - MTC,1310,Debtors,Asset,3242.74,0.0,Customer,Juniper & Co,4110 - Sales - MTC,,Customer order Juniper & Co Aug 2025,Meridian Trading Co.
9ffed27ecb,ACC-SINV-2025-00411,P2,Sales Invoice,Sales Invoice,4,2025-08-05,2025-08-05 18:09:00.064045,ar.clerk@meridian.example,ST 6% - MTC,,ST 6%,Liability,0.0,183.55,,,Juniper & Co,Admin - MTC,Customer order Juniper & Co Aug 2025,Meridian Trading Co.
6950623d6c,ACC-SINV-2025-00432,P2,Sales Invoice,Sales Invoice,1,2025-08-05,2025-08-05 13:06:16.855081,ar.clerk@meridian.example,ST 6% - MTC,,ST 6%,Liability,0.0,169.36,,,Summit Rentals,Admin - MTC,Customer order Summit Rentals Aug 2025,Meridian Trading Co.
8ad9410670,ACC-SINV-2025-00432,P2,Sales Invoice,Sales Invoice,2,2025-08-05,2025-08-05 13:06:16.855081,ar.clerk@meridian.example,4110 - Sales - MTC,4110,Sales,Income,0.0,394.2,,,Summit Rentals,Sales Ops - MTC,Customer order Summit Rentals Aug 2025,Meridian Trading Co.
b5bb3fa5f8,ACC-SINV-2025-00432,P2,Sales Invoice,Sales Invoice,3,2025-08-05,2025-08-05 13:06:16.855081,ar.clerk@meridian.example,1310 - Debtors - MTC,1310,Debtors,Asset,2992.0,0.0,Customer,Summit Rentals,"4140 - Installation Revenue - MTC,4110 - Sales - MTC",,Customer order Summit Rentals Aug 2025,Meridian Trading Co.
dcbe25c1d4,ACC-SINV-2025-00432,P2,Sales Invoice,Sales Invoice,4,2025-08-05,2025-08-05 13:06:16.855081,ar.clerk@meridian.example,4140 - Installation Revenue - MTC,4140,Installation Revenue,Income,0.0,2428.44,,,Summit Rentals,Sales Ops - MTC,Customer order Summit Rentals Aug 2025,Meridian Trading Co.
a61abfc962,ACC-PAY-2025-00421,P2,Payment Entry,Payment Entry,1,2025-08-06,2025-08-06 16:06:18.343614,ap.clerk@meridian.example,2110 - Creditors - MTC,2110,Creditors,Liability,2140.35,0.0,Supplier,Vulcan Materials Co,1210 - Primary Checking - MTC,,Amount USD 2140.35 paid to Vulcan Materials Co | Transaction reference no ACH-25-00166 dated 2025-08-06 | Amount USD 2140.35 adjusted against Purchase Invoice ACC-PINV-2025-00166,Meridian Trading Co.
b20f45e670,ACC-PAY-2025-00421,P2,Payment Entry,Payment Entry,2,2025-08-06,2025-08-06 16:06:18.343614,ap.clerk@meridian.example,1210 - Primary Checking - MTC,1210,Primary Checking,Asset,0.0,2140.35,,,Vulcan Materials Co,,Amount USD 2140.35 paid to Vulcan Materials Co | Transaction reference no ACH-25-00166 dated 2025-08-06 | Amount USD 2140.35 adjusted against Purchase Invoice ACC-PINV-2025-00166,Meridian Trading Co.
32b7716249,ACC-PINV-2025-00214,P2,Purchase Invoice,Purchase Invoice,1,2025-08-06,2025-08-06 14:09:30.430653,ap.clerk@meridian.example,2110 - Creditors - MTC,2110,Creditors,Liability,0.0,16556.78,Supplier,Orchard Wholesale,5111 - Cost of Goods Sold - MTC,,Orchard Wholesale August 2025 billing,Meridian Trading Co.
8a3577f360,ACC-PINV-2025-00214,P2,Purchase Invoice,Purchase Invoice,2,2025-08-06,2025-08-06 14:09:30.430653,ap.clerk@meridian.example,5111 - Cost of Goods Sold - MTC,5111,Cost of Goods Sold,Expense,16556.78,0.0,,,Orchard Wholesale,Warehouse - MTC,Orchard Wholesale August 2025 billing,Meridian Trading Co.
39c0a1989e,ACC-PINV-2025-00237,P2,Purchase Invoice,Purchase Invoice,1,2025-08-06,2025-08-06 18:10:00.828060,ap.clerk@meridian.example,2110 - Creditors - MTC,2110,Creditors,Liability,0.0,14106.6,Supplier,Sterling Equipment Leasing,5227 - Equipment Lease Expense - MTC,,Sterling Equipment Leasing August 2025 billing,Meridian Trading Co.
3c5939a058,ACC-PINV-2025-00237,P2,Purchase Invoice,Purchase Invoice,2,2025-08-06,2025-08-06 18:10:00.828060,ap.clerk@meridian.example,5227 - Equipment Lease Expense - MTC,5227,Equipment Lease Expense,Expense,14106.6,0.0,,,Sterling Equipment Leasing,Admin - MTC,Sterling Equipment Leasing August 2025 billing,Meridian Trading Co.
0ab546caa0,ACC-SINV-2025-00383,P2,Sales Invoice,Sales Invoice,1,2025-08-06,2025-08-06 12:40:33.898296,ar.clerk@meridian.example,1310 - Debtors - MTC,1310,Debtors,Asset,22616.84,0.0,Customer,Brightline Offices,"4110 - Sales - MTC,4120 - Service - MTC,4130 - Freight Income - MTC",,Customer order Brightline Offices Aug 2025,Meridian Trading Co.
1723b3d665,ACC-SINV-2025-00383,P2,Sales Invoice,Sales Invoice,2,2025-08-06,2025-08-06 12:40:33.898296,ar.clerk@meridian.example,ST 6% - MTC,,ST 6%,Liability,0.0,1280.2,,,Brightline Offices,Admin - MTC,Customer order Brightline Offices Aug 2025,Meridian Trading Co.
3535d0a7f3,ACC-SINV-2025-00383,P2,Sales Invoice,Sales Invoice,3,2025-08-06,2025-08-06 12:40:33.898296,ar.clerk@meridian.example,4110 - Sales - MTC,4110,Sales,Income,0.0,2392.72,,,Brightline Offices,Sales Ops - MTC,Customer order Brightline Offices Aug 2025,Meridian Trading Co.
3948ab15c0,ACC-SINV-2025-00383,P2,Sales Invoice,Sales Invoice,4,2025-08-06,2025-08-06 12:40:33.898296,ar.clerk@meridian.example,4120 - Service - MTC,4120,Service,Income,0.0,16980.18,,,Brightline Offices,Warehouse - MTC,Customer order Brightline Offices Aug 2025,Meridian Trading Co.
803302ca99,ACC-SINV-2025-00383,P2,Sales Invoice,Sales Invoice,5,2025-08-06,2025-08-06 12:40:33.898296,ar.clerk@meridian.example,4130 - Freight Income - MTC,4130,Freight Income,Income,0.0,1710.54,,,Brightline Offices,Admin - MTC,Customer order Brightline Offices Aug 2025,Meridian Trading Co.
d7a98a41ef,ACC-SINV-2025-00383,P2,Sales Invoice,Sales Invoice,6,2025-08-06,2025-08-06 12:40:33.898296,ar.clerk@meridian.example,4110 - Sales - MTC,4110,Sales,Income,0.0,253.2,,,Brightline Offices,Warehouse - MTC,Customer order Brightline Offices Aug 2025,Meridian Trading Co.
0225c224e4,ACC-SINV-2025-00423,P2,Sales Invoice,Sales Invoice,1,2025-08-06,2025-08-06 10:48:07.197782,ar.clerk@meridian.example,1310 - Debtors - MTC,1310,Debtors,Asset,2799.31,0.0,Customer,Halstrom Supply,4110 - Sales - MTC,,Customer order Halstrom Supply Aug 2025,Meridian Trading Co.
1f22acd338,ACC-SINV-2025-00423,P2,Sales Invoice,Sales Invoice,2,2025-08-06,2025-08-06 10:48:07.197782,ar.clerk@meridian.example,4110 - Sales - MTC,4110,Sales,Income,0.0,621.09,,,Halstrom Supply,Warehouse - MTC,Customer order Halstrom Supply Aug 2025,Meridian Trading Co.
32e849f5a7,ACC-SINV-2025-00423,P2,Sales Invoice,Sales Invoice,3,2025-08-06,2025-08-06 10:48:07.197782,ar.clerk@meridian.example,ST 6% - MTC,,ST 6%,Liability,0.0,158.45,,,Halstrom Supply,Admin - MTC,Customer order Halstrom Supply Aug 2025,Meridian Trading Co.
9d98f25d91,ACC-SINV-2025-00423,P2,Sales Invoice,Sales Invoice,4,2025-08-06,2025-08-06 10:48:07.197782,ar.clerk@meridian.example,4110 - Sales - MTC,4110,Sales,Income,0.0,2019.77,,,Halstrom Supply,Sales Ops - MTC,Customer order Halstrom Supply Aug 2025,Meridian Trading Co.
0f75005395,ACC-SINV-2025-00428,P2,Sales Invoice,Sales Invoice,1,2025-08-06,2025-08-06 13:06:40.422780,ar.clerk@meridian.example,1310 - Debtors - MTC,1310,Debtors,Asset,9318.28,0.0,Customer,Ferrous Works,4120 - Service - MTC,,Customer order Ferrous Works Aug 2025,Meridian Trading Co.
1686f20367,ACC-SINV-2025-00428,P2,Sales Invoice,Sales Invoice,2,2025-08-06,2025-08-06 13:06:40.422780,ar.clerk@meridian.example,ST 6% - MTC,,ST 6%,Liability,0.0,527.45,,,Ferrous Works,Admin - MTC,Customer order Ferrous Works Aug 2025,Meridian Trading Co.
901b69c5b8,ACC-SINV-2025-00428,P2,Sales Invoice,Sales Invoice,3,2025-08-06,2025-08-06 13:06:40.422780,ar.clerk@meridian.example,4120 - Service - MTC,4120,Service,Income,0.0,8790.83,,,Ferrous Works,Sales Ops - MTC,Customer order Ferrous Works Aug 2025,Meridian Trading Co.
0686ee4c0c,ACC-PAY-2025-00445,P2,Payment Entry,Payment Entry,1,2025-08-07,2025-08-07 08:09:53.766614,ar.clerk@meridian.example,1310 - Debtors - MTC,1310,Debtors,Asset,0.0,3202.75,Customer,Halstrom Supply,1210 - Primary Checking - MTC,,Amount USD 3202.75 received from Halstrom Supply | Transaction reference no ACH-25-00331 dated 2025-08-07 | Amount USD 3202.75 adjusted against Sales Invoice ACC-SINV-2025-00331,Meridian Trading Co.
f5bbc8b333,ACC-PAY-2025-00445,P2,Payment Entry,Payment Entry,2,2025-08-07,2025-08-07 08:09:53.766614,ar.clerk@meridian.example,1210 - Primary Checking - MTC,1210,Primary Checking,Asset,3202.75,0.0,,,Halstrom Supply,,Amount USD 3202.75 received from Halstrom Supply | Transaction reference no ACH-25-00331 dated 2025-08-07 | Amount USD 3202.75 adjusted against Sales Invoice ACC-SINV-2025-00331,Meridian Trading Co.
446eb6612c,ACC-PINV-2025-00216,P2,Purchase Invoice,Purchase Invoice,1,2025-08-07,2025-08-07 15:18:18.786111,ap.clerk@meridian.example,5111 - Cost of Goods Sold - MTC,5111,Cost of Goods Sold,Expense,17567.99,0.0,,,Vulcan Materials Co,Warehouse - MTC,Vulcan Materials Co August 2025 billing,Meridian Trading Co.
fa0df75165,ACC-PINV-2025-00216,P2,Purchase Invoice,Purchase Invoice,2,2025-08-07,2025-08-07 15:18:18.786111,ap.clerk@meridian.example,2110 - Creditors - MTC,2110,Creditors,Liability,0.0,17567.99,Supplier,Vulcan Materials Co,5111 - Cost of Goods Sold - MTC,,Vulcan Materials Co August 2025 billing,Meridian Trading Co.
b37ac8dd21,ACC-PINV-2025-00217,P2,Purchase Invoice,Purchase Invoice,1,2025-08-07,2025-08-07 10:03:17.755192,ap.clerk@meridian.example,2110 - Creditors - MTC,2110,Creditors,Liability,0.0,7383.47,Supplier,Vulcan Materials Co,5111 - Cost of Goods Sold - MTC,,Vulcan Materials Co August 2025 billing,Meridian Trading Co.
f6c759da26,ACC-PINV-2025-00217,P2,Purchase Invoice,Purchase Invoice,2,2025-08-07,2025-08-07 10:03:17.755192,ap.clerk@meridian.example,5111 - Cost of Goods Sold - MTC,5111,Cost of Goods Sold,Expense,7383.47,0.0,,,Vulcan Materials Co,Warehouse - MTC,Vulcan Materials Co August 2025 billing,Meridian Trading Co.
03f775b057,ACC-PAY-2025-00456,P2,Payment Entry,Payment Entry,1,2025-08-08,2025-08-08 18:27:26.851030,ar.clerk@meridian.example,1210 - Primary Checking - MTC,1210,Primary Checking,Asset,1988.01,0.0,,,Juniper & Co,,Amount USD 1988.01 received from Juniper & Co | Transaction reference no ACH-25-00345 dated 2025-08-08 | Amount USD 1988.01 adjusted against Sales Invoice ACC-SINV-2025-00345,Meridian Trading Co.
eec3773026,ACC-PAY-2025-00456,P2,Payment Entry,Payment Entry,2,2025-08-08,2025-08-08 18:27:26.851030,ar.clerk@meridian.example,1310 - Debtors - MTC,1310,Debtors,Asset,0.0,1988.01,Customer,Juniper & Co,1210 - Primary Checking - MTC,,Amount USD 1988.01 received from Juniper & Co | Transaction reference no ACH-25-00345 dated 2025-08-08 | Amount USD 1988.01 adjusted against Sales Invoice ACC-SINV-2025-00345,Meridian Trading Co.
37e8d61cb3,ACC-PAY-2025-00476,P2,Payment Entry,Payment Entry,1,2025-08-08,2025-08-08 18:17:08.804684,ar.clerk@meridian.example,1210 - Primary Checking - MTC,1210,Primary Checking,Asset,605.05,0.0,,,Halstrom Supply,,Amount USD 605.05 received from Halstrom Supply | Transaction reference no ACH-25-00371 dated 2025-08-08 | Amount USD 605.05 adjusted against Sales Invoice ACC-SINV-2025-00371,Meridian Trading Co.
f544e42083,ACC-PAY-2025-00476,P2,Payment Entry,Payment Entry,2,2025-08-08,2025-08-08 18:17:08.804684,ar.clerk@meridian.example,1310 - Debtors - MTC,1310,Debtors,Asset,0.0,605.05,Customer,Halstrom Supply,1210 - Primary Checking - MTC,,Amount USD 605.05 received from Halstrom Supply | Transaction reference no ACH-25-00371 dated 2025-08-08 | Amount USD 605.05 adjusted against Sales Invoice ACC-SINV-2025-00371,Meridian Trading Co.
2a57c124f3,ACC-PAY-2025-00505,P2,Payment Entry,Payment Entry,1,2025-08-08,2025-08-08 16:30:03.898445,ap.clerk@meridian.example,2110 - Creditors - MTC,2110,Creditors,Liability,2776.18,0.0,Supplier,Sterling Equipment Leasing,1210 - Primary Checking - MTC,,Amount USD 2776.18 paid to Sterling Equipment Leasing | Transaction reference no ACH-25-00211 dated 2025-08-08 | Amount USD 2776.18 adjusted against Purchase Invoice ACC-PINV-2025-00211,Meridian Trading Co.
a549b329e4,ACC-PAY-2025-00505,P2,Payment Entry,Payment Entry,2,2025-08-08,2025-08-08 16:30:03.898445,ap.clerk@meridian.example,1210 - Primary Checking - MTC,1210,Primary Checking,Asset,0.0,2776.18,,,Sterling Equipment Leasing,,Amount USD 2776.18 paid to Sterling Equipment Leasing | Transaction reference no ACH-25-00211 dated 2025-08-08 | Amount USD 2776.18 adjusted against Purchase Invoice ACC-PINV-2025-00211,Meridian Trading Co.
281fc5d592,ACC-PINV-2025-00224,P2,Purchase Invoice,Purchase Invoice,1,2025-08-08,2025-08-08 13:22:46.044936,ap.clerk@meridian.example,5205 - Freight and Forwarding Charges - MTC,5205,Freight and Forwarding Charges,Expense,5915.41,0.0,,,Beacon Freight,Admin - MTC,Beacon Freight August 2025 billing,Meridian Trading Co.
e73297ee4a,ACC-PINV-2025-00224,P2,Purchase Invoice,Purchase Invoice,2,2025-08-08,2025-08-08 13:22:46.044936,ap.clerk@meridian.example,2110 - Creditors - MTC,2110,Creditors,Liability,0.0,5915.41,Supplier,Beacon Freight,5205 - Freight and Forwarding Charges - MTC,,Beacon Freight August 2025 billing,Meridian Trading Co.
2f965e3f2f,ACC-SINV-2025-00390,P2,Sales Invoice,Sales Invoice,1,2025-08-08,2025-08-08 18:21:51.918409,ar.clerk@meridian.example,ST 6% - MTC,,ST 6%,Liability,0.0,154.1,,,Summit Rentals,Admin - MTC,Customer order Summit Rentals Aug 2025,Meridian Trading Co.
47bb8a396a,ACC-SINV-2025-00390,P2,Sales Invoice,Sales Invoice,2,2025-08-08,2025-08-08 18:21:51.918409,ar.clerk@meridian.example,4110 - Sales - MTC,4110,Sales,Income,0.0,2568.3,,,Summit Rentals,Sales Ops - MTC,Customer order Summit Rentals Aug 2025,Meridian Trading Co.
ffa1152d9c,ACC-SINV-2025-00390,P2,Sales Invoice,Sales Invoice,3,2025-08-08,2025-08-08 18:21:51.918409,ar.clerk@meridian.example,1310 - Debtors - MTC,1310,Debtors,Asset,2722.4,0.0,Customer,Summit Rentals,4110 - Sales - MTC,,Customer order Summit Rentals Aug 2025,Meridian Trading Co.
2332b9b6c6,ACC-SINV-2025-00391,P2,Sales Invoice,Sales Invoice,1,2025-08-08,2025-08-08 12:21:47.102306,ar.clerk@meridian.example,4120 - Service - MTC,4120,Service,Income,0.0,17965.2,,,Northwind Retail,Warehouse - MTC,Customer order Northwind Retail Aug 2025,Meridian Trading Co.
3244f735f0,ACC-SINV-2025-00391,P2,Sales Invoice,Sales Invoice,2,2025-08-08,2025-08-08 12:21:47.102306,ar.clerk@meridian.example,ST 6% - MTC,,ST 6%,Liability,0.0,1193.1,,,Northwind Retail,Admin - MTC,Customer order Northwind Retail Aug 2025,Meridian Trading Co.
47040d34a9,ACC-SINV-2025-00391,P2,Sales Invoice,Sales Invoice,3,2025-08-08,2025-08-08 12:21:47.102306,ar.clerk@meridian.example,4110 - Sales - MTC,4110,Sales,Income,0.0,1336.46,,,Northwind Retail,Warehouse - MTC,Customer order Northwind Retail Aug 2025,Meridian Trading Co.
5a0bad0130,ACC-SINV-2025-00391,P2,Sales Invoice,Sales Invoice,4,2025-08-08,2025-08-08 12:21:47.102306,ar.clerk@meridian.example,1310 - Debtors - MTC,1310,Debtors,Asset,21078.11,0.0,Customer,Northwind Retail,"4110 - Sales - MTC,4120 - Service - MTC",,Customer order Northwind Retail Aug 2025,Meridian Trading Co.
6708e8c6c6,ACC-SINV-2025-00391,P2,Sales Invoice,Sales Invoice,5,2025-08-08,2025-08-08 12:21:47.102306,ar.clerk@meridian.example,4110 - Sales - MTC,4110,Sales,Income,0.0,583.35,,,Northwind Retail,Sales Ops - MTC,Customer order Northwind Retail Aug 2025,Meridian Trading Co.
2148f60fb2,ACC-SINV-2025-00416,P2,Sales Invoice,Sales Invoice,1,2025-08-08,2025-08-08 10:44:12.746574,ar.clerk@meridian.example,4130 - Freight Income - MTC,4130,Freight Income,Income,0.0,647.28,,,Northwind Retail,Admin - MTC,Customer order Northwind Retail Aug 2025,Meridian Trading Co.
3c780d52b8,ACC-SINV-2025-00416,P2,Sales Invoice,Sales Invoice,2,2025-08-08,2025-08-08 10:44:12.746574,ar.clerk@meridian.example,ST 6% - MTC,,ST 6%,Liability,0.0,139.24,,,Northwind Retail,Admin - MTC,Customer order Northwind Retail Aug 2025,Meridian Trading Co.
a5929699a1,ACC-SINV-2025-00416,P2,Sales Invoice,Sales Invoice,3,2025-08-08,2025-08-08 10:44:12.746574,ar.clerk@meridian.example,4120 - Service - MTC,4120,Service,Income,0.0,1473.68,,,Northwind Retail,Sales Ops - MTC,Customer order Northwind Retail Aug 2025,Meridian Trading Co.
b69edbfc42,ACC-SINV-2025-00416,P2,Sales Invoice,Sales Invoice,4,2025-08-08,2025-08-08 10:44:12.746574,ar.clerk@meridian.example,1310 - Debtors - MTC,1310,Debtors,Asset,2459.94,0.0,Customer,Northwind Retail,"4110 - Sales - MTC,4120 - Service - MTC,4130 - Freight Income - MTC",,Customer order Northwind Retail Aug 2025,Meridian Trading Co.
ca6cea8f24,ACC-SINV-2025-00416,P2,Sales Invoice,Sales Invoice,5,2025-08-08,2025-08-08 10:44:12.746574,ar.clerk@meridian.example,4110 - Sales - MTC,4110,Sales,Income,0.0,199.74,,,Northwind Retail,Warehouse - MTC,Customer order Northwind Retail Aug 2025,Meridian Trading Co.
1accfde652,ACC-SINV-2025-00430,P2,Sales Invoice,Sales Invoice,1,2025-08-08,2025-08-08 09:22:59.360473,ar.clerk@meridian.example,1310 - Debtors - MTC,1310,Debtors,Asset,457.91,0.0,Customer,Ferrous Works,4140 - Installation Revenue - MTC,,Customer order Ferrous Works Aug 2025,Meridian Trading Co.
84f3abeea6,ACC-SINV-2025-00430,P2,Sales Invoice,Sales Invoice,2,2025-08-08,2025-08-08 09:22:59.360473,ar.clerk@meridian.example,ST 6% - MTC,,ST 6%,Liability,0.0,25.92,,,Ferrous Works,Admin - MTC,Customer order Ferrous Works Aug 2025,Meridian Trading Co.
b5ec08c105,ACC-SINV-2025-00430,P2,Sales Invoice,Sales Invoice,3,2025-08-08,2025-08-08 09:22:59.360473,ar.clerk@meridian.example,4140 - Installation Revenue - MTC,4140,Installation Revenue,Income,0.0,431.99,,,Ferrous Works,Sales Ops - MTC,Customer order Ferrous Works Aug 2025,Meridian Trading Co.
6b38c183c0,ACC-PAY-2025-00448,P2,Payment Entry,Payment Entry,1,2025-08-09,2025-08-11 17:15:18.545671,ar.clerk@meridian.example,1210 - Primary Checking - MTC,1210,Primary Checking,Asset,2835.83,0.0,,,Marlowe Interiors,,Amount USD 2835.83 received from Marlowe Interiors | Transaction reference no ACH-25-00334 dated 2025-08-09 | Amount USD 2835.83 adjusted against Sales Invoice ACC-SINV-2025-00334,Meridian Trading Co.
b5794ba2bd,ACC-PAY-2025-00448,P2,Payment Entry,Payment Entry,2,2025-08-09,2025-08-11 17:15:18.545671,ar.clerk@meridian.example,1310 - Debtors - MTC,1310,Debtors,Asset,0.0,2835.83,Customer,Marlowe Interiors,1210 - Primary Checking - MTC,,Amount USD 2835.83 received from Marlowe Interiors | Transaction reference no ACH-25-00334 dated 2025-08-09 | Amount USD 2835.83 adjusted against Sales Invoice ACC-SINV-2025-00334,Meridian Trading Co.
2bf0a3d2ea,ACC-PAY-2025-00457,P2,Payment Entry,Payment Entry,1,2025-08-09,2025-08-11 17:50:51.277552,ar.clerk@meridian.example,1210 - Primary Checking - MTC,1210,Primary Checking,Asset,390.36,0.0,,,Ovation Events,,Amount USD 390.36 received from Ovation Events | Transaction reference no ACH-25-00346 dated 2025-08-09 | Amount USD 390.36 adjusted against Sales Invoice ACC-SINV-2025-00346,Meridian Trading Co.
beedd93fec,ACC-PAY-2025-00457,P2,Payment Entry,Payment Entry,2,2025-08-09,2025-08-11 17:50:51.277552,ar.clerk@meridian.example,1310 - Debtors - MTC,1310,Debtors,Asset,0.0,390.36,Customer,Ovation Events,1210 - Primary Checking - MTC,,Amount USD 390.36 received from Ovation Events | Transaction reference no ACH-25-00346 dated 2025-08-09 | Amount USD 390.36 adjusted against Sales Invoice ACC-SINV-2025-00346,Meridian Trading Co.
14e50d5225,ACC-PAY-2025-00467,P2,Payment Entry,Payment Entry,1,2025-08-09,2025-08-11 12:34:43.377813,ar.clerk@meridian.example,1310 - Debtors - MTC,1310,Debtors,Asset,0.0,3199.85,Customer,Timberline Schools,1210 - Primary Checking - MTC,,Amount USD 3199.85 received from Timberline Schools | Transaction reference no ACH-25-00359 dated 2025-08-09 | Amount USD 3199.85 adjusted against Sales Invoice ACC-SINV-2025-00359,Meridian Trading Co.
67e1db8c4e,ACC-PAY-2025-00467,P2,Payment Entry,Payment Entry,2,2025-08-09,2025-08-11 12:34:43.377813,ar.clerk@meridian.example,1210 - Primary Checking - MTC,1210,Primary Checking,Asset,3199.85,0.0,,,Timberline Schools,,Amount USD 3199.85 received from Timberline Schools | Transaction reference no ACH-25-00359 dated 2025-08-09 | Amount USD 3199.85 adjusted against Sales Invoice ACC-SINV-2025-00359,Meridian Trading Co.
02911cf35c,ACC-PAY-2025-00479,P2,Payment Entry,Payment Entry,1,2025-08-09,2025-08-11 11:21:55.621007,ar.clerk@meridian.example,1310 - Debtors - MTC,1310,Debtors,Asset,0.0,3352.59,Customer,Timberline Schools,1210 - Primary Checking - MTC,,Amount USD 3352.59 received from Timberline Schools | Transaction reference no ACH-25-00374 dated 2025-08-09 | Amount USD 3352.59 adjusted against Sales Invoice ACC-SINV-2025-00374,Meridian Trading Co.
4ea68426dc,ACC-PAY-2025-00479,P2,Payment Entry,Payment Entry,2,2025-08-09,2025-08-11 11:21:55.621007,ar.clerk@meridian.example,1210 - Primary Checking - MTC,1210,Primary Checking,Asset,3352.59,0.0,,,Timberline Schools,,Amount USD 3352.59 received from Timberline Schools | Transaction reference no ACH-25-00374 dated 2025-08-09 | Amount USD 3352.59 adjusted against Sales Invoice ACC-SINV-2025-00374,Meridian Trading Co.
174cc55887,ACC-PAY-2025-00503,P2,Payment Entry,Payment Entry,1,2025-08-09,2025-08-11 13:27:56.348386,ap.clerk@meridian.example,2110 - Creditors - MTC,2110,Creditors,Liability,14614.06,0.0,Supplier,Ironclad Security,1210 - Primary Checking - MTC,,Amount USD 14614.06 paid to Ironclad Security | Transaction reference no ACH-25-00209 dated 2025-08-09 | Amount USD 14614.06 adjusted against Purchase Invoice ACC-PINV-2025-00209,Meridian Trading Co.
4627e8dede,ACC-PAY-2025-00503,P2,Payment Entry,Payment Entry,2,2025-08-09,2025-08-11 13:27:56.348386,ap.clerk@meridian.example,1210 - Primary Checking - MTC,1210,Primary Checking,Asset,0.0,14614.06,,,Ironclad Security,,Amount USD 14614.06 paid to Ironclad Security | Transaction reference no ACH-25-00209 dated 2025-08-09 | Amount USD 14614.06 adjusted against Purchase Invoice ACC-PINV-2025-00209,Meridian Trading Co.
587d3ec762,ACC-SINV-2025-00378,P2,Sales Invoice,Credit Note,1,2025-08-09,2025-08-11 11:50:45.571160,ar.clerk@meridian.example,4120 - Service - MTC,4120,Service,Income,804.36,0.0,,,Juniper & Co,Warehouse - MTC,Return against ACC-SINV-2025-00363,Meridian Trading Co.
f3ea947ae1,ACC-SINV-2025-00378,P2,Sales Invoice,Credit Note,2,2025-08-09,2025-08-11 11:50:45.571160,ar.clerk@meridian.example,1310 - Debtors - MTC,1310,Debtors,Asset,0.0,804.36,Customer,Juniper & Co,4120 - Service - MTC,,Return against ACC-SINV-2025-00363,Meridian Trading Co.
339a607113,ACC-PAY-2025-00444,P2,Payment Entry,Payment Entry,1,2025-08-10,2025-08-11 16:55:54.166964,ar.clerk@meridian.example,1310 - Debtors - MTC,1310,Debtors,Asset,0.0,10865.85,Customer,Cascade Outfitters,1210 - Primary Checking - MTC,,Amount USD 10865.85 received from Cascade Outfitters | Transaction reference no ACH-25-00329 dated 2025-08-10 | Amount USD 10865.85 adjusted against Sales Invoice ACC-SINV-2025-00329,Meridian Trading Co.
5f71ce6c72,ACC-PAY-2025-00444,P2,Payment Entry,Payment Entry,2,2025-08-10,2025-08-11 16:55:54.166964,ar.clerk@meridian.example,1210 - Primary Checking - MTC,1210,Primary Checking,Asset,10865.85,0.0,,,Cascade Outfitters,,Amount USD 10865.85 received from Cascade Outfitters | Transaction reference no ACH-25-00329 dated 2025-08-10 | Amount USD 10865.85 adjusted against Sales Invoice ACC-SINV-2025-00329,Meridian Trading Co.
995ae37afe,ACC-PAY-2025-00447,P2,Payment Entry,Payment Entry,1,2025-08-10,2025-08-11 17:37:10.692727,ar.clerk@meridian.example,1310 - Debtors - MTC,1310,Debtors,Asset,0.0,3265.03,Customer,Halstrom Supply,1210 - Primary Checking - MTC,,Amount USD 3265.03 received from Halstrom Supply | Transaction reference no ACH-25-00333 dated 2025-08-10 | Amount USD 3265.03 adjusted against Sales Invoice ACC-SINV-2025-00333,Meridian Trading Co.
9d19b3edc4,ACC-PAY-2025-00447,P2,Payment Entry,Payment Entry,2,2025-08-10,2025-08-11 17:37:10.692727,ar.clerk@meridian.example,1210 - Primary Checking - MTC,1210,Primary Checking,Asset,3265.03,0.0,,,Halstrom Supply,,Amount USD 3265.03 received from Halstrom Supply | Transaction reference no ACH-25-00333 dated 2025-08-10 | Amount USD 3265.03 adjusted against Sales Invoice ACC-SINV-2025-00333,Meridian Trading Co.
06bcc3e82c,ACC-PAY-2025-00459,P2,Payment Entry,Payment Entry,1,2025-08-10,2025-08-11 16:16:09.542181,ar.clerk@meridian.example,1310 - Debtors - MTC,1310,Debtors,Asset,0.0,812.74,Customer,Galehouse Media,1210 - Primary Checking - MTC,,Amount USD 812.74 received from Galehouse Media | Transaction reference no ACH-25-00348 dated 2025-08-10 | Amount USD 812.74 adjusted against Sales Invoice ACC-SINV-2025-00348,Meridian Trading Co.
b1748d79a5,ACC-PAY-2025-00459,P2,Payment Entry,Payment Entry,2,2025-08-10,2025-08-11 16:16:09.542181,ar.clerk@meridian.example,1210 - Primary Checking - MTC,1210,Primary Checking,Asset,812.74,0.0,,,Galehouse Media,,Amount USD 812.74 received from Galehouse Media | Transaction reference no ACH-25-00348 dated 2025-08-10 | Amount USD 812.74 adjusted against Sales Invoice ACC-SINV-2025-00348,Meridian Trading Co.
ab7c64e7b0,ACC-PAY-2025-00460,P2,Payment Entry,Payment Entry,1,2025-08-10,2025-08-11 15:26:26.048875,ar.clerk@meridian.example,1310 - Debtors - MTC,1310,Debtors,Asset,0.0,2707.45,Customer,Timberline Schools,1210 - Primary Checking - MTC,,Amount USD 2707.45 received from Timberline Schools | Transaction reference no ACH-25-00349 dated 2025-08-10 | Amount USD 2707.45 adjusted against Sales Invoice ACC-SINV-2025-00349,Meridian Trading Co.
c6e5ff49c2,ACC-PAY-2025-00460,P2,Payment Entry,Payment Entry,2,2025-08-10,2025-08-11 15:26:26.048875,ar.clerk@meridian.example,1210 - Primary Checking - MTC,1210,Primary Checking,Asset,2707.45,0.0,,,Timberline Schools,,Amount USD 2707.45 received from Timberline Schools | Transaction reference no ACH-25-00349 dated 2025-08-10 | Amount USD 2707.45 adjusted against Sales Invoice ACC-SINV-2025-00349,Meridian Trading Co.
ab46747d41,ACC-PAY-2025-00489,P2,Payment Entry,Payment Entry,1,2025-08-10,2025-08-11 12:44:27.584271,ap.clerk@meridian.example,2110 - Creditors - MTC,2110,Creditors,Liability,2034.83,0.0,Supplier,Beacon Freight,1210 - Primary Checking - MTC,,Amount USD 2034.83 paid to Beacon Freight | Transaction reference no ACH-25-00195 dated 2025-08-10 | Amount USD 2034.83 adjusted against Purchase Invoice ACC-PINV-2025-00195,Meridian Trading Co.
ed456d0e74,ACC-PAY-2025-00489,P2,Payment Entry,Payment Entry,2,2025-08-10,2025-08-11 12:44:27.584271,ap.clerk@meridian.example,1210 - Primary Checking - MTC,1210,Primary Checking,Asset,0.0,2034.83,,,Beacon Freight,,Amount USD 2034.83 paid to Beacon Freight | Transaction reference no ACH-25-00195 dated 2025-08-10 | Amount USD 2034.83 adjusted against Purchase Invoice ACC-PINV-2025-00195,Meridian Trading Co.
5035b673f6,ACC-PAY-2025-00449,P2,Payment Entry,Payment Entry,1,2025-08-11,2025-08-11 16:18:30.579262,ar.clerk@meridian.example,1310 - Debtors - MTC,1310,Debtors,Asset,0.0,1834.82,Customer,Halstrom Supply,1210 - Primary Checking - MTC,,Amount USD 1834.82 received from Halstrom Supply | Transaction reference no ACH-25-00335 dated 2025-08-11 | Amount USD 1834.82 adjusted against Sales Invoice ACC-SINV-2025-00335,Meridian Trading Co.
d9a25044b6,ACC-PAY-2025-00449,P2,Payment Entry,Payment Entry,2,2025-08-11,2025-08-11 16:18:30.579262,ar.clerk@meridian.example,1210 - Primary Checking - MTC,1210,Primary Checking,Asset,1834.82,0.0,,,Halstrom Supply,,Amount USD 1834.82 received from Halstrom Supply | Transaction reference no ACH-25-00335 dated 2025-08-11 | Amount USD 1834.82 adjusted against Sales Invoice ACC-SINV-2025-00335,Meridian Trading Co.
df592127f6,ACC-PAY-2025-00494,P2,Payment Entry,Payment Entry,1,2025-08-11,2025-08-11 13:50:36.439040,ap.clerk@meridian.example,2110 - Creditors - MTC,2110,Creditors,Liability,19049.77,0.0,Supplier,Cobalt IT Services,1210 - Primary Checking - MTC,,Amount USD 19049.77 paid to Cobalt IT Services | Transaction reference no ACH-25-00200 dated 2025-08-11 | Amount USD 19049.77 adjusted against Purchase Invoice ACC-PINV-2025-00200,Meridian Trading Co.
fdb9801d46,ACC-PAY-2025-00494,P2,Payment Entry,Payment Entry,2,2025-08-11,2025-08-11 13:50:36.439040,ap.clerk@meridian.example,1210 - Primary Checking - MTC,1210,Primary Checking,Asset,0.0,19049.77,,,Cobalt IT Services,,Amount USD 19049.77 paid to Cobalt IT Services | Transaction reference no ACH-25-00200 dated 2025-08-11 | Amount USD 19049.77 adjusted against Purchase Invoice ACC-PINV-2025-00200,Meridian Trading Co.
132d898e8e,ACC-SINV-2025-00395,P2,Sales Invoice,Sales Invoice,1,2025-08-11,2025-08-11 10:36:08.976186,ar.clerk@meridian.example,ST 6% - MTC,,ST 6%,Liability,0.0,191.44,,,Marlowe Interiors,Admin - MTC,Customer order Marlowe Interiors Aug 2025,Meridian Trading Co.
1b3532d4c9,ACC-SINV-2025-00395,P2,Sales Invoice,Sales Invoice,2,2025-08-11,2025-08-11 10:36:08.976186,ar.clerk@meridian.example,4110 - Sales - MTC,4110,Sales,Income,0.0,3190.64,,,Marlowe Interiors,Sales Ops - MTC,Customer order Marlowe Interiors Aug 2025,Meridian Trading Co.
478ec7279e,ACC-SINV-2025-00395,P2,Sales Invoice,Sales Invoice,3,2025-08-11,2025-08-11 10:36:08.976186,ar.clerk@meridian.example,1310 - Debtors - MTC,1310,Debtors,Asset,3382.08,0.0,Customer,Marlowe Interiors,4110 - Sales - MTC,,Customer order Marlowe Interiors Aug 2025,Meridian Trading Co.
36580722c4,ACC-SINV-2025-00403,P2,Sales Invoice,Sales Invoice,1,2025-08-11,2025-08-11 10:17:54.390626,ar.clerk@meridian.example,1310 - Debtors - MTC,1310,Debtors,Asset,12238.92,0.0,Customer,Summit Rentals,"4120 - Service - MTC,4130 - Freight Income - MTC,4110 - Sales - MTC",,Customer order Summit Rentals Aug 2025,Meridian Trading Co.
7998ba813e,ACC-SINV-2025-00403,P2,Sales Invoice,Sales Invoice,2,2025-08-11,2025-08-11 10:17:54.390626,ar.clerk@meridian.example,4130 - Freight Income - MTC,4130,Freight Income,Income,0.0,157.94,,,Summit Rentals,Admin - MTC,Customer order Summit Rentals Aug 2025,Meridian Trading Co.
9c966dfebc,ACC-SINV-2025-00403,P2,Sales Invoice,Sales Invoice,3,2025-08-11,2025-08-11 10:17:54.390626,ar.clerk@meridian.example,4120 - Service - MTC,4120,Service,Income,0.0,3861.69,,,Summit Rentals,Admin - MTC,Customer order Summit Rentals Aug 2025,Meridian Trading Co.
9e686fe8c7,ACC-SINV-2025-00403,P2,Sales Invoice,Sales Invoice,4,2025-08-11,2025-08-11 10:17:54.390626,ar.clerk@meridian.example,4110 - Sales - MTC,4110,Sales,Income,0.0,308.8,,,Summit Rentals,Sales Ops - MTC,Customer order Summit Rentals Aug 2025,Meridian Trading Co.
a88aea87ac,ACC-SINV-2025-00403,P2,Sales Invoice,Sales Invoice,5,2025-08-11,2025-08-11 10:17:54.390626,ar.clerk@meridian.example,ST 6% - MTC,,ST 6%,Liability,0.0,692.77,,,Summit Rentals,Admin - MTC,Customer order Summit Rentals Aug 2025,Meridian Trading Co.
e04c47f847,ACC-SINV-2025-00403,P2,Sales Invoice,Sales Invoice,6,2025-08-11,2025-08-11 10:17:54.390626,ar.clerk@meridian.example,4120 - Service - MTC,4120,Service,Income,0.0,7217.72,,,Summit Rentals,Sales Ops - MTC,Customer order Summit Rentals Aug 2025,Meridian Trading Co.
5522ffb628,ACC-PAY-2025-00461,P2,Payment Entry,Payment Entry,1,2025-08-12,2025-08-12 09:58:09.114694,ar.clerk@meridian.example,1310 - Debtors - MTC,1310,Debtors,Asset,0.0,18797.26,Customer,Bluepine Hardware,1210 - Primary Checking - MTC,,Amount USD 18797.26 received from Bluepine Hardware | Transaction reference no ACH-25-00350 dated 2025-08-12 | Amount USD 18797.26 adjusted against Sales Invoice ACC-SINV-2025-00350,Meridian Trading Co.
f6d257ad81,ACC-PAY-2025-00461,P2,Payment Entry,Payment Entry,2,2025-08-12,2025-08-12 09:58:09.114694,ar.clerk@meridian.example,1210 - Primary Checking - MTC,1210,Primary Checking,Asset,18797.26,0.0,,,Bluepine Hardware,,Amount USD 18797.26 received from Bluepine Hardware | Transaction reference no ACH-25-00350 dated 2025-08-12 | Amount USD 18797.26 adjusted against Sales Invoice ACC-SINV-2025-00350,Meridian Trading Co.
06d0f3c07f,ACC-PAY-2025-00466,P2,Payment Entry,Payment Entry,1,2025-08-12,2025-08-12 10:03:39.178800,ar.clerk@meridian.example,1310 - Debtors - MTC,1310,Debtors,Asset,0.0,1901.74,Customer,Halstrom Supply,1210 - Primary Checking - MTC,,Amount USD 1901.74 received from Halstrom Supply | Transaction reference no ACH-25-00356 dated 2025-08-12 | Amount USD 1901.74 adjusted against Sales Invoice ACC-SINV-2025-00356,Meridian Trading Co.
5c47baf7d9,ACC-PAY-2025-00466,P2,Payment Entry,Payment Entry,2,2025-08-12,2025-08-12 10:03:39.178800,ar.clerk@meridian.example,1210 - Primary Checking - MTC,1210,Primary Checking,Asset,1901.74,0.0,,,Halstrom Supply,,Amount USD 1901.74 received from Halstrom Supply | Transaction reference no ACH-25-00356 dated 2025-08-12 | Amount USD 1901.74 adjusted against Sales Invoice ACC-SINV-2025-00356,Meridian Trading Co.
cc628440fb,ACC-PAY-2025-00495,P2,Payment Entry,Payment Entry,1,2025-08-12,2025-08-12 10:40:16.523348,ap.clerk@meridian.example,1210 - Primary Checking - MTC,1210,Primary Checking,Asset,0.0,11454.63,,,Stateside Insurance,,Amount USD 11454.63 paid to Stateside Insurance | Transaction reference no ACH-25-00201 dated 2025-08-12 | Amount USD 11454.63 adjusted against Purchase Invoice ACC-PINV-2025-00201,Meridian Trading Co.
ed0a019b02,ACC-PAY-2025-00495,P2,Payment Entry,Payment Entry,2,2025-08-12,2025-08-12 10:40:16.523348,ap.clerk@meridian.example,2110 - Creditors - MTC,2110,Creditors,Liability,11454.63,0.0,Supplier,Stateside Insurance,1210 - Primary Checking - MTC,,Amount USD 11454.63 paid to Stateside Insurance | Transaction reference no ACH-25-00201 dated 2025-08-12 | Amount USD 11454.63 adjusted against Purchase Invoice ACC-PINV-2025-00201,Meridian Trading Co.
03ee254233,ACC-PINV-2025-00227,P2,Purchase Invoice,Purchase Invoice,1,2025-08-12,2025-08-12 12:17:31.605458,ap.clerk@meridian.example,2110 - Creditors - MTC,2110,Creditors,Liability,0.0,17914.16,Supplier,Stateside Insurance,5228 - Insurance Expense - MTC,,Stateside Insurance August 2025 billing,Meridian Trading Co.
803c0e07e4,ACC-PINV-2025-00227,P2,Purchase Invoice,Purchase Invoice,2,2025-08-12,2025-08-12 12:17:31.605458,ap.clerk@meridian.example,5228 - Insurance Expense - MTC,5228,Insurance Expense,Expense,17914.16,0.0,,,Stateside Insurance,Admin - MTC,Stateside Insurance August 2025 billing,Meridian Trading Co.
2ad1b62ff1,ACC-PINV-2025-00233,P2,Purchase Invoice,Purchase Invoice,1,2025-08-12,2025-08-12 09:07:28.998520,ap.clerk@meridian.example,5207 - Marketing Expenses - MTC,5207,Marketing Expenses,Expense,15396.89,0.0,,,Quill Marketing Group,Admin - MTC,Quill Marketing Group August 2025 billing,Meridian Trading Co.
79e76cea0f,ACC-PINV-2025-00233,P2,Purchase Invoice,Purchase Invoice,2,2025-08-12,2025-08-12 09:07:28.998520,ap.clerk@meridian.example,2110 - Creditors - MTC,2110,Creditors,Liability,0.0,16511.89,Supplier,Quill Marketing Group,"5207 - Marketing Expenses - MTC,5216 - Travel Expenses - MTC,5210 - Postal Expenses - MTC",,Quill Marketing Group August 2025 billing,Meridian Trading Co.
9168dd1eb2,ACC-PINV-2025-00233,P2,Purchase Invoice,Purchase Invoice,3,2025-08-12,2025-08-12 09:07:28.998520,ap.clerk@meridian.example,5210 - Postal Expenses - MTC,5210,Postal Expenses,Expense,115.03,0.0,,,Quill Marketing Group,Admin - MTC,Quill Marketing Group August 2025 billing,Meridian Trading Co.
f46157905d,ACC-PINV-2025-00233,P2,Purchase Invoice,Purchase Invoice,4,2025-08-12,2025-08-12 09:07:28.998520,ap.clerk@meridian.example,5216 - Travel Expenses - MTC,5216,Travel Expenses,Expense,999.97,0.0,,,Quill Marketing Group,Admin - MTC,Quill Marketing Group August 2025 billing,Meridian Trading Co.
01a11fd531,ACC-PAY-2025-00469,P2,Payment Entry,Payment Entry,1,2025-08-13,2025-08-13 11:38:25.675892,ar.clerk@meridian.example,1310 - Debtors - MTC,1310,Debtors,Asset,0.0,1045.82,Customer,Juniper & Co,1210 - Primary Checking - MTC,,Amount USD 1045.82 received from Juniper & Co | Transaction reference no ACH-25-00361 dated 2025-08-13 | Amount USD 1045.82 adjusted against Sales Invoice ACC-SINV-2025-00361,Meridian Trading Co.
d3a13d0feb,ACC-PAY-2025-00469,P2,Payment Entry,Payment Entry,2,2025-08-13,2025-08-13 11:38:25.675892,ar.clerk@meridian.example,1210 - Primary Checking - MTC,1210,Primary Checking,Asset,1045.82,0.0,,,Juniper & Co,,Amount USD 1045.82 received from Juniper & Co | Transaction reference no ACH-25-00361 dated 2025-08-13 | Amount USD 1045.82 adjusted against Sales Invoice ACC-SINV-2025-00361,Meridian Trading Co.
5b675a4249,ACC-PAY-2025-00515,P2,Payment Entry,Payment Entry,1,2025-08-13,2025-08-13 11:51:29.043905,ar.clerk@meridian.example,1310 - Debtors - MTC,1310,Debtors,Asset,0.0,21078.11,Customer,Northwind Retail,1210 - Primary Checking - MTC,,Amount USD 21078.11 received from Northwind Retail | Transaction reference no ACH-25-00391 dated 2025-08-13 | Amount USD 21078.11 adjusted against Sales Invoice ACC-SINV-2025-00391,Meridian Trading Co.
8037a8f69c,ACC-PAY-2025-00515,P2,Payment Entry,Payment Entry,2,2025-08-13,2025-08-13 11:51:29.043905,ar.clerk@meridian.example,1210 - Primary Checking - MTC,1210,Primary Checking,Asset,21078.11,0.0,,,Northwind Retail,,Amount USD 21078.11 received from Northwind Retail | Transaction reference no ACH-25-00391 dated 2025-08-13 | Amount USD 21078.11 adjusted against Sales Invoice ACC-SINV-2025-00391,Meridian Trading Co.
447334a7cc,ACC-SINV-2025-00388,P2,Sales Invoice,Sales Invoice,1,2025-08-13,2025-08-13 16:48:12.741338,ar.clerk@meridian.example,4110 - Sales - MTC,4110,Sales,Income,0.0,641.34,,,Summit Rentals,Warehouse - MTC,Customer order Summit Rentals Aug 2025,Meridian Trading Co.
6221f7d308,ACC-SINV-2025-00388,P2,Sales Invoice,Sales Invoice,2,2025-08-13,2025-08-13 16:48:12.741338,ar.clerk@meridian.example,1310 - Debtors - MTC,1310,Debtors,Asset,1040.73,0.0,Customer,Summit Rentals,4110 - Sales - MTC,,Customer order Summit Rentals Aug 2025,Meridian Trading Co.
7f42dd251d,ACC-SINV-2025-00388,P2,Sales Invoice,Sales Invoice,3,2025-08-13,2025-08-13 16:48:12.741338,ar.clerk@meridian.example,ST 6% - MTC,,ST 6%,Liability,0.0,58.91,,,Summit Rentals,Admin - MTC,Customer order Summit Rentals Aug 2025,Meridian Trading Co.
8508965087,ACC-SINV-2025-00388,P2,Sales Invoice,Sales Invoice,4,2025-08-13,2025-08-13 16:48:12.741338,ar.clerk@meridian.example,4110 - Sales - MTC,4110,Sales,Income,0.0,340.48,,,Summit Rentals,Sales Ops - MTC,Customer order Summit Rentals Aug 2025,Meridian Trading Co.
a210d95ed7,ACC-SINV-2025-00406,P2,Sales Invoice,Sales Invoice,1,2025-08-13,2025-08-13 16:14:22.856828,ar.clerk@meridian.example,1310 - Debtors - MTC,1310,Debtors,Asset,3288.9,0.0,Customer,Pactrail Sports,4110 - Sales - MTC,,Customer order Pactrail Sports Aug 2025,Meridian Trading Co.
b42b88b19d,ACC-SINV-2025-00406,P2,Sales Invoice,Sales Invoice,2,2025-08-13,2025-08-13 16:14:22.856828,ar.clerk@meridian.example,ST 6% - MTC,,ST 6%,Liability,0.0,186.16,,,Pactrail Sports,Admin - MTC,Customer order Pactrail Sports Aug 2025,Meridian Trading Co.
bde564ce85,ACC-SINV-2025-00406,P2,Sales Invoice,Sales Invoice,3,2025-08-13,2025-08-13 16:14:22.856828,ar.clerk@meridian.example,4110 - Sales - MTC,4110,Sales,Income,0.0,1264.34,,,Pactrail Sports,Warehouse - MTC,Customer order Pactrail Sports Aug 2025,Meridian Trading Co.
e37a6894c0,ACC-SINV-2025-00406,P2,Sales Invoice,Sales Invoice,4,2025-08-13,2025-08-13 16:14:22.856828,ar.clerk@meridian.example,4110 - Sales - MTC,4110,Sales,Income,0.0,1838.4,,,Pactrail Sports,Sales Ops - MTC,Customer order Pactrail Sports Aug 2025,Meridian Trading Co.
7a6d5b2fdd,ACC-SINV-2025-00431,P2,Sales Invoice,Sales Invoice,1,2025-08-13,2025-08-13 16:01:33.193285,ar.clerk@meridian.example,4140 - Installation Revenue - MTC,4140,Installation Revenue,Income,0.0,1421.94,,,Ovation Events,Sales Ops - MTC,Customer order Ovation Events Aug 2025,Meridian Trading Co.
8798268f57,ACC-SINV-2025-00431,P2,Sales Invoice,Sales Invoice,2,2025-08-13,2025-08-13 16:01:33.193285,ar.clerk@meridian.example,1310 - Debtors - MTC,1310,Debtors,Asset,1421.94,0.0,Customer,Ovation Events,4140 - Installation Revenue - MTC,,Customer order Ovation Events Aug 2025,Meridian Trading Co.
7105e1e494,ACC-PAY-2025-00477,P2,Payment Entry,Payment Entry,1,2025-08-14,2025-08-14 16:53:20.809015,ar.clerk@meridian.example,1210 - Primary Checking - MTC,1210,Primary Checking,Asset,15159.7,0.0,,,Juniper & Co,,Amount USD 15159.7 received from Juniper & Co | Transaction reference no ACH-25-00372 dated 2025-08-14 | Amount USD 15159.7 adjusted against Sales Invoice ACC-SINV-2025-00372,Meridian Trading Co.
f43c17c16b,ACC-PAY-2025-00477,P2,Payment Entry,Payment Entry,2,2025-08-14,2025-08-14 16:53:20.809015,ar.clerk@meridian.example,1310 - Debtors - MTC,1310,Debtors,Asset,0.0,15159.7,Customer,Juniper & Co,1210 - Primary Checking - MTC,,Amount USD 15159.7 received from Juniper & Co | Transaction reference no ACH-25-00372 dated 2025-08-14 | Amount USD 15159.7 adjusted against Sales Invoice ACC-SINV-2025-00372,Meridian Trading Co.
3031de51b6,ACC-PINV-2025-00215,P2,Purchase Invoice,Purchase Invoice,1,2025-08-14,2025-08-14 16:03:35.985574,ap.clerk@meridian.example,5111 - Cost of Goods Sold - MTC,5111,Cost of Goods Sold,Expense,3693.73,0.0,,,Orchard Wholesale,Warehouse - MTC,Orchard Wholesale August 2025 billing,Meridian Trading Co.
d2cf93641c,ACC-PINV-2025-00215,P2,Purchase Invoice,Purchase Invoice,2,2025-08-14,2025-08-14 16:03:35.985574,ap.clerk@meridian.example,2110 - Creditors - MTC,2110,Creditors,Liability,0.0,3693.73,Supplier,Orchard Wholesale,5111 - Cost of Goods Sold - MTC,,Orchard Wholesale August 2025 billing,Meridian Trading Co.
13facd5f5d,ACC-PINV-2025-00226,P2,Purchase Invoice,Purchase Invoice,1,2025-08-14,2025-08-14 14:01:22.116236,ap.clerk@meridian.example,5230 - IT and Software Expenses - MTC,5230,IT and Software Expenses,Expense,15631.81,0.0,,,Cobalt IT Services,Admin - MTC,Cobalt IT Services August 2025 billing,Meridian Trading Co.
1a7908af39,ACC-PINV-2025-00226,P2,Purchase Invoice,Purchase Invoice,2,2025-08-14,2025-08-14 14:01:22.116236,ap.clerk@meridian.example,5211 - Print and Stationery - MTC,5211,Print and Stationery,Expense,1514.36,0.0,,,Cobalt IT Services,Admin - MTC,Cobalt IT Services August 2025 billing,Meridian Trading Co.
db501fcfdb,ACC-PINV-2025-00226,P2,Purchase Invoice,Purchase Invoice,3,2025-08-14,2025-08-14 14:01:22.116236,ap.clerk@meridian.example,2110 - Creditors - MTC,2110,Creditors,Liability,0.0,17146.17,Supplier,Cobalt IT Services,"5230 - IT and Software Expenses - MTC,5211 - Print and Stationery - MTC",,Cobalt IT Services August 2025 billing,Meridian Trading Co.
39632966b8,ACC-PAY-2025-00458,P2,Payment Entry,Payment Entry,1,2025-08-15,2025-08-15 18:26:15.089241,ar.clerk@meridian.example,1210 - Primary Checking - MTC,1210,Primary Checking,Asset,1172.86,0.0,,,Halstrom Supply,,Amount USD 1172.86 received from Halstrom Supply | Transaction reference no ACH-25-00347 dated 2025-08-15 | Amount USD 1172.86 adjusted against Sales Invoice ACC-SINV-2025-00347,Meridian Trading Co.
5ddd51711e,ACC-PAY-2025-00458,P2,Payment Entry,Payment Entry,2,2025-08-15,2025-08-15 18:26:15.089241,ar.clerk@meridian.example,1310 - Debtors - MTC,1310,Debtors,Asset,0.0,1172.86,Customer,Halstrom Supply,1210 - Primary Checking - MTC,,Amount USD 1172.86 received from Halstrom Supply | Transaction reference no ACH-25-00347 dated 2025-08-15 | Amount USD 1172.86 adjusted against Sales Invoice ACC-SINV-2025-00347,Meridian Trading Co.
8ef06b1edd,ACC-PINV-2025-00235,P2,Purchase Invoice,Purchase Invoice,1,2025-08-15,2025-08-15 14:02:00.069109,ap.clerk@meridian.example,2110 - Creditors - MTC,2110,Creditors,Liability,0.0,1269.86,Supplier,Ironclad Security,5229 - Security Expenses - MTC,,Ironclad Security August 2025 billing,Meridian Trading Co.
eb1aabab6b,ACC-PINV-2025-00235,P2,Purchase Invoice,Purchase Invoice,2,2025-08-15,2025-08-15 14:02:00.069109,ap.clerk@meridian.example,5229 - Security Expenses - MTC,5229,Security Expenses,Expense,1269.86,0.0,,,Ironclad Security,Admin - MTC,Ironclad Security August 2025 billing,Meridian Trading Co.
01a16bd69c,ACC-SINV-2025-00381,P2,Sales Invoice,Sales Invoice,1,2025-08-15,2025-08-15 13:32:56.663161,ar.clerk@meridian.example,4110 - Sales - MTC,4110,Sales,Income,0.0,1015.46,,,Cascade Outfitters,Sales Ops - MTC,Customer order Cascade Outfitters Aug 2025,Meridian Trading Co.
b6330a4274,ACC-SINV-2025-00381,P2,Sales Invoice,Sales Invoice,2,2025-08-15,2025-08-15 13:32:56.663161,ar.clerk@meridian.example,ST 6% - MTC,,ST 6%,Liability,0.0,60.93,,,Cascade Outfitters,Admin - MTC,Customer order Cascade Outfitters Aug 2025,Meridian Trading Co.
fec3a42651,ACC-SINV-2025-00381,P2,Sales Invoice,Sales Invoice,3,2025-08-15,2025-08-15 13:32:56.663161,ar.clerk@meridian.example,1310 - Debtors - MTC,1310,Debtors,Asset,1076.39,0.0,Customer,Cascade Outfitters,4110 - Sales - MTC,,Customer order Cascade Outfitters Aug 2025,Meridian Trading Co.
0b1f2f4a6a,ACC-SINV-2025-00417,P2,Sales Invoice,Sales Invoice,1,2025-08-15,2025-08-15 16:55:53.284339,ar.clerk@meridian.example,1310 - Debtors - MTC,1310,Debtors,Asset,6707.22,0.0,Customer,Cascade Outfitters,4120 - Service - MTC,,Customer order Cascade Outfitters Aug 2025,Meridian Trading Co.
0e05be4ca5,ACC-SINV-2025-00417,P2,Sales Invoice,Sales Invoice,2,2025-08-15,2025-08-15 16:55:53.284339,ar.clerk@meridian.example,4120 - Service - MTC,4120,Service,Income,0.0,6327.57,,,Cascade Outfitters,Sales Ops - MTC,Customer order Cascade Outfitters Aug 2025,Meridian Trading Co.
c32186a379,ACC-SINV-2025-00417,P2,Sales Invoice,Sales Invoice,3,2025-08-15,2025-08-15 16:55:53.284339,ar.clerk@meridian.example,ST 6% - MTC,,ST 6%,Liability,0.0,379.65,,,Cascade Outfitters,Admin - MTC,Customer order Cascade Outfitters Aug 2025,Meridian Trading Co.
6852602e09,ACC-SINV-2025-00424,P2,Sales Invoice,Sales Invoice,1,2025-08-15,2025-08-15 14:38:36.937472,ar.clerk@meridian.example,1310 - Debtors - MTC,1310,Debtors,Asset,1231.69,0.0,Customer,Timberline Schools,4110 - Sales - MTC,,Customer order Timberline Schools Aug 2025,Meridian Trading Co.
dcf9c2c739,ACC-SINV-2025-00424,P2,Sales Invoice,Sales Invoice,2,2025-08-15,2025-08-15 14:38:36.937472,ar.clerk@meridian.example,4110 - Sales - MTC,4110,Sales,Income,0.0,864.64,,,Timberline Schools,Warehouse - MTC,Customer order Timberline Schools Aug 2025,Meridian Trading Co.
e0f3644668,ACC-SINV-2025-00424,P2,Sales Invoice,Sales Invoice,3,2025-08-15,2025-08-15 14:38:36.937472,ar.clerk@meridian.example,4110 - Sales - MTC,4110,Sales,Income,0.0,367.05,,,Timberline Schools,Sales Ops - MTC,Customer order Timberline Schools Aug 2025,Meridian Trading Co.
0f9861d7a6,ACC-PAY-2025-00442,P2,Payment Entry,Payment Entry,1,2025-08-16,2025-08-18 10:12:50.805590,ar.clerk@meridian.example,1210 - Primary Checking - MTC,1210,Primary Checking,Asset,9643.03,0.0,,,Cascade Outfitters,,Amount USD 9643.03 received from Cascade Outfitters | Transaction reference no ACH-25-00327 dated 2025-08-16 | Amount USD 9643.03 adjusted against Sales Invoice ACC-SINV-2025-00327,Meridian Trading Co.
e83beb4af2,ACC-PAY-2025-00442,P2,Payment Entry,Payment Entry,2,2025-08-16,2025-08-18 10:12:50.805590,ar.clerk@meridian.example,1310 - Debtors - MTC,1310,Debtors,Asset,0.0,9643.03,Customer,Cascade Outfitters,1210 - Primary Checking - MTC,,Amount USD 9643.03 received from Cascade Outfitters | Transaction reference no ACH-25-00327 dated 2025-08-16 | Amount USD 9643.03 adjusted against Sales Invoice ACC-SINV-2025-00327,Meridian Trading Co.
45201dbe3b,ACC-PAY-2025-00481,P2,Payment Entry,Payment Entry,1,2025-08-16,2025-08-18 17:35:59.237956,ar.clerk@meridian.example,1310 - Debtors - MTC,1310,Debtors,Asset,0.0,1150.87,Customer,Kestrel Foods,1210 - Primary Checking - MTC,,Amount USD 1150.87 received from Kestrel Foods | Transaction reference no ACH-25-00376 dated 2025-08-16 | Amount USD 1150.87 adjusted against Sales Invoice ACC-SINV-2025-00376,Meridian Trading Co.
6f0d0dab6f,ACC-PAY-2025-00481,P2,Payment Entry,Payment Entry,2,2025-08-16,2025-08-18 17:35:59.237956,ar.clerk@meridian.example,1210 - Primary Checking - MTC,1210,Primary Checking,Asset,1150.87,0.0,,,Kestrel Foods,,Amount USD 1150.87 received from Kestrel Foods | Transaction reference no ACH-25-00376 dated 2025-08-16 | Amount USD 1150.87 adjusted against Sales Invoice ACC-SINV-2025-00376,Meridian Trading Co.
9ca53d163e,ACC-SINV-2025-00377,P2,Sales Invoice,Credit Note,1,2025-08-16,2025-08-18 14:04:14.900377,ar.clerk@meridian.example,1310 - Debtors - MTC,1310,Debtors,Asset,0.0,123.19,Customer,Pactrail Sports,4110 - Sales - MTC,,Return against ACC-SINV-2025-00357,Meridian Trading Co.
e7b72e03be,ACC-SINV-2025-00377,P2,Sales Invoice,Credit Note,2,2025-08-16,2025-08-18 14:04:14.900377,ar.clerk@meridian.example,4110 - Sales - MTC,4110,Sales,Income,123.19,0.0,,,Pactrail Sports,Sales Ops - MTC,Return against ACC-SINV-2025-00357,Meridian Trading Co.
37f28f1b03,ACC-PAY-2025-00485,P2,Payment Entry,Payment Entry,1,2025-08-17,2025-08-18 11:50:13.693258,ap.clerk@meridian.example,1210 - Primary Checking - MTC,1210,Primary Checking,Asset,0.0,8185.13,,,Vulcan Materials Co,,Amount USD 8185.13 paid to Vulcan Materials Co | Transaction reference no ACH-25-00190 dated 2025-08-17 | Amount USD 8185.13 adjusted against Purchase Invoice ACC-PINV-2025-00190,Meridian Trading Co.
cd7ce64465,ACC-PAY-2025-00485,P2,Payment Entry,Payment Entry,2,2025-08-17,2025-08-18 11:50:13.693258,ap.clerk@meridian.example,2110 - Creditors - MTC,2110,Creditors,Liability,8185.13,0.0,Supplier,Vulcan Materials Co,1210 - Primary Checking - MTC,,Amount USD 8185.13 paid to Vulcan Materials Co | Transaction reference no ACH-25-00190 dated 2025-08-17 | Amount USD 8185.13 adjusted against Purchase Invoice ACC-PINV-2025-00190,Meridian Trading Co.
9e3424cca7,ACC-SINV-2025-00435,P2,Sales Invoice,Credit Note,1,2025-08-17,2025-08-18 18:10:37.843938,ar.clerk@meridian.example,1310 - Debtors - MTC,1310,Debtors,Asset,0.0,161.82,Customer,Northwind Retail,4130 - Freight Income - MTC,,Return against ACC-SINV-2025-00416,Meridian Trading Co.
feaf26e0ae,ACC-SINV-2025-00435,P2,Sales Invoice,Credit Note,2,2025-08-17,2025-08-18 18:10:37.843938,ar.clerk@meridian.example,4130 - Freight Income - MTC,4130,Freight Income,Income,161.82,0.0,,,Northwind Retail,Admin - MTC,Return against ACC-SINV-2025-00416,Meridian Trading Co.
9ccebc4bd6,ACC-PAY-2025-00441,P2,Payment Entry,Payment Entry,1,2025-08-18,2025-08-18 14:58:06.234045,ar.clerk@meridian.example,1210 - Primary Checking - MTC,1210,Primary Checking,Asset,3283.54,0.0,,,Halstrom Supply,,Amount USD 3283.54 received from Halstrom Supply | Transaction reference no ACH-25-00326 dated 2025-08-18 | Amount USD 3283.54 adjusted against Sales Invoice ACC-SINV-2025-00326,Meridian Trading Co.
a7a5c4526c,ACC-PAY-2025-00441,P2,Payment Entry,Payment Entry,2,2025-08-18,2025-08-18 14:58:06.234045,ar.clerk@meridian.example,1310 - Debtors - MTC,1310,Debtors,Asset,0.0,3283.54,Customer,Halstrom Supply,1210 - Primary Checking - MTC,,Amount USD 3283.54 received from Halstrom Supply | Transaction reference no ACH-25-00326 dated 2025-08-18 | Amount USD 3283.54 adjusted against Sales Invoice ACC-SINV-2025-00326,Meridian Trading Co.
acdad58d95,ACC-PAY-2025-00499,P2,Payment Entry,Payment Entry,1,2025-08-18,2025-08-18 11:29:24.346800,ap.clerk@meridian.example,1210 - Primary Checking - MTC,1210,Primary Checking,Asset,0.0,3692.75,,,Harlan Office Supply,,Amount USD 3692.75 paid to Harlan Office Supply | Transaction reference no ACH-25-00205 dated 2025-08-18 | Amount USD 3692.75 adjusted against Purchase Invoice ACC-PINV-2025-00205,Meridian Trading Co.
fef60a5eb6,ACC-PAY-2025-00499,P2,Payment Entry,Payment Entry,2,2025-08-18,2025-08-18 11:29:24.346800,ap.clerk@meridian.example,2110 - Creditors - MTC,2110,Creditors,Liability,3692.75,0.0,Supplier,Harlan Office Supply,1210 - Primary Checking - MTC,,Amount USD 3692.75 paid to Harlan Office Supply | Transaction reference no ACH-25-00205 dated 2025-08-18 | Amount USD 3692.75 adjusted against Purchase Invoice ACC-PINV-2025-00205,Meridian Trading Co.
2717639bea,ACC-PINV-2025-00228,P2,Purchase Invoice,Purchase Invoice,1,2025-08-18,2025-08-18 08:11:45.533885,ap.clerk@meridian.example,5217 - Utility Expenses - MTC,5217,Utility Expenses,Expense,7242.54,0.0,,,Metro Utilities,Admin - MTC,Metro Utilities August 2025 billing,Meridian Trading Co.
b7b3aa1116,ACC-PINV-2025-00228,P2,Purchase Invoice,Purchase Invoice,2,2025-08-18,2025-08-18 08:11:45.533885,ap.clerk@meridian.example,2110 - Creditors - MTC,2110,Creditors,Liability,0.0,7242.54,Supplier,Metro Utilities,5217 - Utility Expenses - MTC,,Metro Utilities August 2025 billing,Meridian Trading Co.
046a4b41da,ACC-SINV-2025-00413,P2,Sales Invoice,Sales Invoice,1,2025-08-18,2025-08-18 15:13:00.762692,ar.clerk@meridian.example,ST 6% - MTC,,ST 6%,Liability,0.0,108.17,,,Juniper & Co,Admin - MTC,Customer order Juniper & Co Aug 2025,Meridian Trading Co.
7ea43db350,ACC-SINV-2025-00413,P2,Sales Invoice,Sales Invoice,2,2025-08-18,2025-08-18 15:13:00.762692,ar.clerk@meridian.example,4110 - Sales - MTC,4110,Sales,Income,0.0,1259.5,,,Juniper & Co,Sales Ops - MTC,Customer order Juniper & Co Aug 2025,Meridian Trading Co.
a704a72011,ACC-SINV-2025-00413,P2,Sales Invoice,Sales Invoice,3,2025-08-18,2025-08-18 15:13:00.762692,ar.clerk@meridian.example,4130 - Freight Income - MTC,4130,Freight Income,Income,0.0,393.85,,,Juniper & Co,Admin - MTC,Customer order Juniper & Co Aug 2025,Meridian Trading Co.
d68f23a3a1,ACC-SINV-2025-00413,P2,Sales Invoice,Sales Invoice,4,2025-08-18,2025-08-18 15:13:00.762692,ar.clerk@meridian.example,1310 - Debtors - MTC,1310,Debtors,Asset,1911.04,0.0,Customer,Juniper & Co,"4110 - Sales - MTC,4130 - Freight Income - MTC",,Customer order Juniper & Co Aug 2025,Meridian Trading Co.
e1347224a5,ACC-SINV-2025-00413,P2,Sales Invoice,Sales Invoice,5,2025-08-18,2025-08-18 15:13:00.762692,ar.clerk@meridian.example,4110 - Sales - MTC,4110,Sales,Income,0.0,149.52,,,Juniper & Co,Warehouse - MTC,Customer order Juniper & Co Aug 2025,Meridian Trading Co.
0f24f37e25,ACC-SINV-2025-00415,P2,Sales Invoice,Sales Invoice,1,2025-08-18,2025-08-18 17:21:45.088150,ar.clerk@meridian.example,1310 - Debtors - MTC,1310,Debtors,Asset,3249.06,0.0,Customer,Cascade Outfitters,4110 - Sales - MTC,,Customer order Cascade Outfitters Aug 2025,Meridian Trading Co.
2b843e612e,ACC-SINV-2025-00415,P2,Sales Invoice,Sales Invoice,2,2025-08-18,2025-08-18 17:21:45.088150,ar.clerk@meridian.example,4110 - Sales - MTC,4110,Sales,Income,0.0,577.08,,,Cascade Outfitters,Warehouse - MTC,Customer order Cascade Outfitters Aug 2025,Meridian Trading Co.
50687a88b1,ACC-SINV-2025-00415,P2,Sales Invoice,Sales Invoice,3,2025-08-18,2025-08-18 17:21:45.088150,ar.clerk@meridian.example,ST 6% - MTC,,ST 6%,Liability,0.0,183.91,,,Cascade Outfitters,Admin - MTC,Customer order Cascade Outfitters Aug 2025,Meridian Trading Co.
b6e78bfb8e,ACC-SINV-2025-00415,P2,Sales Invoice,Sales Invoice,4,2025-08-18,2025-08-18 17:21:45.088150,ar.clerk@meridian.example,4110 - Sales - MTC,4110,Sales,Income,0.0,2488.07,,,Cascade Outfitters,Sales Ops - MTC,Customer order Cascade Outfitters Aug 2025,Meridian Trading Co.
5ca40025c5,ACC-SINV-2025-00426,P2,Sales Invoice,Sales Invoice,1,2025-08-18,2025-08-18 13:39:24.452180,ar.clerk@meridian.example,4110 - Sales - MTC,4110,Sales,Income,0.0,283.04,,,Bluepine Hardware,Warehouse - MTC,Customer order Bluepine Hardware Aug 2025,Meridian Trading Co.
63e98bcf90,ACC-SINV-2025-00426,P2,Sales Invoice,Sales Invoice,2,2025-08-18,2025-08-18 13:39:24.452180,ar.clerk@meridian.example,ST 6% - MTC,,ST 6%,Liability,0.0,16.98,,,Bluepine Hardware,Admin - MTC,Customer order Bluepine Hardware Aug 2025,Meridian Trading Co.
b92cd01c1d,ACC-SINV-2025-00426,P2,Sales Invoice,Sales Invoice,3,2025-08-18,2025-08-18 13:39:24.452180,ar.clerk@meridian.example,1310 - Debtors - MTC,1310,Debtors,Asset,300.02,0.0,Customer,Bluepine Hardware,4110 - Sales - MTC,,Customer order Bluepine Hardware Aug 2025,Meridian Trading Co.
16c3dab781,ACC-SINV-2025-00427,P2,Sales Invoice,Sales Invoice,1,2025-08-18,2025-08-18 17:44:08.836666,ar.clerk@meridian.example,4110 - Sales - MTC,4110,Sales,Income,0.0,355.0,,,Bluepine Hardware,Sales Ops - MTC,Customer order Bluepine Hardware Aug 2025,Meridian Trading Co.
1874451c40,ACC-SINV-2025-00427,P2,Sales Invoice,Sales Invoice,2,2025-08-18,2025-08-18 17:44:08.836666,ar.clerk@meridian.example,ST 6% - MTC,,ST 6%,Liability,0.0,46.42,,,Bluepine Hardware,Admin - MTC,Customer order Bluepine Hardware Aug 2025,Meridian Trading Co.
5d1c2b145d,ACC-SINV-2025-00427,P2,Sales Invoice,Sales Invoice,3,2025-08-18,2025-08-18 17:44:08.836666,ar.clerk@meridian.example,1310 - Debtors - MTC,1310,Debtors,Asset,820.1,0.0,Customer,Bluepine Hardware,4110 - Sales - MTC,,Customer order Bluepine Hardware Aug 2025,Meridian Trading Co.
e919c9174d,ACC-SINV-2025-00427,P2,Sales Invoice,Sales Invoice,4,2025-08-18,2025-08-18 17:44:08.836666,ar.clerk@meridian.example,4110 - Sales - MTC,4110,Sales,Income,0.0,418.68,,,Bluepine Hardware,Warehouse - MTC,Customer order Bluepine Hardware Aug 2025,Meridian Trading Co.
0a31432050,ACC-PAY-2025-00455,P2,Payment Entry,Payment Entry,1,2025-08-19,2025-08-19 08:43:01.965085,ar.clerk@meridian.example,1310 - Debtors - MTC,1310,Debtors,Asset,0.0,8436.88,Customer,Kestrel Foods,1210 - Primary Checking - MTC,,Amount USD 8436.88 received from Kestrel Foods | Transaction reference no ACH-25-00344 dated 2025-08-19 | Amount USD 8436.88 adjusted against Sales Invoice ACC-SINV-2025-00344,Meridian Trading Co.
d73c9e1b01,ACC-PAY-2025-00455,P2,Payment Entry,Payment Entry,2,2025-08-19,2025-08-19 08:43:01.965085,ar.clerk@meridian.example,1210 - Primary Checking - MTC,1210,Primary Checking,Asset,8436.88,0.0,,,Kestrel Foods,,Amount USD 8436.88 received from Kestrel Foods | Transaction reference no ACH-25-00344 dated 2025-08-19 | Amount USD 8436.88 adjusted against Sales Invoice ACC-SINV-2025-00344,Meridian Trading Co.
5b481a41cb,ACC-PAY-2025-00480,P2,Payment Entry,Payment Entry,1,2025-08-19,2025-08-19 08:03:12.882560,ar.clerk@meridian.example,1210 - Primary Checking - MTC,1210,Primary Checking,Asset,31390.32,0.0,,,Ovation Events,,Amount USD 31390.32 received from Ovation Events | Transaction reference no ACH-25-00375 dated 2025-08-19 | Amount USD 31390.32 adjusted against Sales Invoice ACC-SINV-2025-00375,Meridian Trading Co.
5f0d4248e8,ACC-PAY-2025-00480,P2,Payment Entry,Payment Entry,2,2025-08-19,2025-08-19 08:03:12.882560,ar.clerk@meridian.example,1310 - Debtors - MTC,1310,Debtors,Asset,0.0,31390.32,Customer,Ovation Events,1210 - Primary Checking - MTC,,Amount USD 31390.32 received from Ovation Events | Transaction reference no ACH-25-00375 dated 2025-08-19 | Amount USD 31390.32 adjusted against Sales Invoice ACC-SINV-2025-00375,Meridian Trading Co.
68705fc7d5,ACC-PAY-2025-00487,P2,Payment Entry,Payment Entry,1,2025-08-19,2025-08-19 08:31:29.376962,ap.clerk@meridian.example,2110 - Creditors - MTC,2110,Creditors,Liability,852.04,0.0,Supplier,Vulcan Materials Co,1210 - Primary Checking - MTC,,Amount USD 852.04 paid to Vulcan Materials Co | Transaction reference no ACH-25-00192 dated 2025-08-19 | Amount USD 852.04 adjusted against Purchase Invoice ACC-PINV-2025-00192,Meridian Trading Co.
dc5ee7881e,ACC-PAY-2025-00487,P2,Payment Entry,Payment Entry,2,2025-08-19,2025-08-19 08:31:29.376962,ap.clerk@meridian.example,1210 - Primary Checking - MTC,1210,Primary Checking,Asset,0.0,852.04,,,Vulcan Materials Co,,Amount USD 852.04 paid to Vulcan Materials Co | Transaction reference no ACH-25-00192 dated 2025-08-19 | Amount USD 852.04 adjusted against Purchase Invoice ACC-PINV-2025-00192,Meridian Trading Co.
03b499866b,ACC-PAY-2025-00529,P2,Payment Entry,Payment Entry,1,2025-08-19,2025-08-19 15:05:44.656893,ar.clerk@meridian.example,1210 - Primary Checking - MTC,1210,Primary Checking,Asset,3288.9,0.0,,,Pactrail Sports,,Amount USD 3288.9 received from Pactrail Sports | Transaction reference no ACH-25-00406 dated 2025-08-19 | Amount USD 3288.9 adjusted against Sales Invoice ACC-SINV-2025-00406,Meridian Trading Co.
856ed0acb2,ACC-PAY-2025-00529,P2,Payment Entry,Payment Entry,2,2025-08-19,2025-08-19 15:05:44.656893,ar.clerk@meridian.example,1310 - Debtors - MTC,1310,Debtors,Asset,0.0,3288.9,Customer,Pactrail Sports,1210 - Primary Checking - MTC,,Amount USD 3288.9 received from Pactrail Sports | Transaction reference no ACH-25-00406 dated 2025-08-19 | Amount USD 3288.9 adjusted against Sales Invoice ACC-SINV-2025-00406,Meridian Trading Co.
36e2b00137,ACC-PINV-2025-00221,P2,Purchase Invoice,Purchase Invoice,1,2025-08-19,2025-08-19 16:11:07.045227,ap.clerk@meridian.example,2110 - Creditors - MTC,2110,Creditors,Liability,0.0,9281.24,Supplier,Beacon Freight,5205 - Freight and Forwarding Charges - MTC,,Beacon Freight August 2025 billing,Meridian Trading Co.
e800247ecf,ACC-PINV-2025-00221,P2,Purchase Invoice,Purchase Invoice,2,2025-08-19,2025-08-19 16:11:07.045227,ap.clerk@meridian.example,5205 - Freight and Forwarding Charges - MTC,5205,Freight and Forwarding Charges,Expense,9281.24,0.0,,,Beacon Freight,Admin - MTC,Beacon Freight August 2025 billing,Meridian Trading Co.
8598dd3305,ACC-PINV-2025-00222,P2,Purchase Invoice,Purchase Invoice,1,2025-08-19,2025-08-19 12:41:05.870049,ap.clerk@meridian.example,5205 - Freight and Forwarding Charges - MTC,5205,Freight and Forwarding Charges,Expense,15935.33,0.0,,,Beacon Freight,Admin - MTC,Beacon Freight August 2025 billing,Meridian Trading Co.
a64cae1580,ACC-PINV-2025-00222,P2,Purchase Invoice,Purchase Invoice,2,2025-08-19,2025-08-19 12:41:05.870049,ap.clerk@meridian.example,2110 - Creditors - MTC,2110,Creditors,Liability,0.0,15935.33,Supplier,Beacon Freight,5205 - Freight and Forwarding Charges - MTC,,Beacon Freight August 2025 billing,Meridian Trading Co.
07defec4da,ACC-PINV-2025-00225,P2,Purchase Invoice,Purchase Invoice,1,2025-08-19,2025-08-19 11:12:14.919240,ap.clerk@meridian.example,2110 - Creditors - MTC,2110,Creditors,Liability,0.0,17337.62,Supplier,Cobalt IT Services,5230 - IT and Software Expenses - MTC,,Cobalt IT Services August 2025 billing,Meridian Trading Co.
83af63754a,ACC-PINV-2025-00225,P2,Purchase Invoice,Purchase Invoice,2,2025-08-19,2025-08-19 11:12:14.919240,ap.clerk@meridian.example,5230 - IT and Software Expenses - MTC,5230,IT and Software Expenses,Expense,17337.62,0.0,,,Cobalt IT Services,Admin - MTC,Cobalt IT Services August 2025 billing,Meridian Trading Co.
88aae1d58f,ACC-PINV-2025-00236,P2,Purchase Invoice,Purchase Invoice,1,2025-08-19,2025-08-19 08:51:00.136245,ap.clerk@meridian.example,5227 - Equipment Lease Expense - MTC,5227,Equipment Lease Expense,Expense,13720.5,0.0,,,Sterling Equipment Leasing,Admin - MTC,Sterling Equipment Leasing August 2025 billing,Meridian Trading Co.
e43e00fc14,ACC-PINV-2025-00236,P2,Purchase Invoice,Purchase Invoice,2,2025-08-19,2025-08-19 08:51:00.136245,ap.clerk@meridian.example,2110 - Creditors - MTC,2110,Creditors,Liability,0.0,13720.5,Supplier,Sterling Equipment Leasing,5227 - Equipment Lease Expense - MTC,,Sterling Equipment Leasing August 2025 billing,Meridian Trading Co.
147253d64e,ACC-SINV-2025-00387,P2,Sales Invoice,Sales Invoice,1,2025-08-19,2025-08-19 10:51:49.249562,ar.clerk@meridian.example,1310 - Debtors - MTC,1310,Debtors,Asset,12824.06,0.0,Customer,Bluepine Hardware,"4120 - Service - MTC,4110 - Sales - MTC",,Customer order Bluepine Hardware Aug 2025,Meridian Trading Co.
6d52eabb4c,ACC-SINV-2025-00387,P2,Sales Invoice,Sales Invoice,2,2025-08-19,2025-08-19 10:51:49.249562,ar.clerk@meridian.example,ST 6% - MTC,,ST 6%,Liability,0.0,725.89,,,Bluepine Hardware,Admin - MTC,Customer order Bluepine Hardware Aug 2025,Meridian Trading Co.
9f28578b45,ACC-SINV-2025-00387,P2,Sales Invoice,Sales Invoice,3,2025-08-19,2025-08-19 10:51:49.249562,ar.clerk@meridian.example,4110 - Sales - MTC,4110,Sales,Income,0.0,3056.88,,,Bluepine Hardware,Sales Ops - MTC,Customer order Bluepine Hardware Aug 2025,Meridian Trading Co.
a62542fede,ACC-SINV-2025-00387,P2,Sales Invoice,Sales Invoice,4,2025-08-19,2025-08-19 10:51:49.249562,ar.clerk@meridian.example,4120 - Service - MTC,4120,Service,Income,0.0,8443.9,,,Bluepine Hardware,Warehouse - MTC,Customer order Bluepine Hardware Aug 2025,Meridian Trading Co.
aa536a1e6d,ACC-SINV-2025-00387,P2,Sales Invoice,Sales Invoice,5,2025-08-19,2025-08-19 10:51:49.249562,ar.clerk@meridian.example,4110 - Sales - MTC,4110,Sales,Income,0.0,597.39,,,Bluepine Hardware,Warehouse - MTC,Customer order Bluepine Hardware Aug 2025,Meridian Trading Co.
0b61540359,ACC-SINV-2025-00397,P2,Sales Invoice,Sales Invoice,1,2025-08-19,2025-08-19 13:29:36.573341,ar.clerk@meridian.example,4130 - Freight Income - MTC,4130,Freight Income,Income,0.0,993.6,,,Northwind Retail,Admin - MTC,Customer order Northwind Retail Aug 2025,Meridian Trading Co.
a4673b483b,ACC-SINV-2025-00397,P2,Sales Invoice,Sales Invoice,2,2025-08-19,2025-08-19 13:29:36.573341,ar.clerk@meridian.example,1310 - Debtors - MTC,1310,Debtors,Asset,1727.63,0.0,Customer,Northwind Retail,"4130 - Freight Income - MTC,4110 - Sales - MTC",,Customer order Northwind Retail Aug 2025,Meridian Trading Co.
e1a8ff8bb8,ACC-SINV-2025-00397,P2,Sales Invoice,Sales Invoice,3,2025-08-19,2025-08-19 13:29:36.573341,ar.clerk@meridian.example,4110 - Sales - MTC,4110,Sales,Income,0.0,636.24,,,Northwind Retail,Warehouse - MTC,Customer order Northwind Retail Aug 2025,Meridian Trading Co.
f4c919fd25,ACC-SINV-2025-00397,P2,Sales Invoice,Sales Invoice,4,2025-08-19,2025-08-19 13:29:36.573341,ar.clerk@meridian.example,ST 6% - MTC,,ST 6%,Liability,0.0,97.79,,,Northwind Retail,Admin - MTC,Customer order Northwind Retail Aug 2025,Meridian Trading Co.
03acc63fbe,ACC-SINV-2025-00421,P2,Sales Invoice,Sales Invoice,1,2025-08-19,2025-08-19 14:17:04.997120,ar.clerk@meridian.example,4110 - Sales - MTC,4110,Sales,Income,0.0,2889.34,,,Halstrom Supply,Sales Ops - MTC,Customer order Halstrom Supply Aug 2025,Meridian Trading Co.
995ab9a5ad,ACC-SINV-2025-00421,P2,Sales Invoice,Sales Invoice,2,2025-08-19,2025-08-19 14:17:04.997120,ar.clerk@meridian.example,4120 - Service - MTC,4120,Service,Income,0.0,3846.36,,,Halstrom Supply,Admin - MTC,Customer order Halstrom Supply Aug 2025,Meridian Trading Co.
de7e1ec9dd,ACC-SINV-2025-00421,P2,Sales Invoice,Sales Invoice,3,2025-08-19,2025-08-19 14:17:04.997120,ar.clerk@meridian.example,1310 - Debtors - MTC,1310,Debtors,Asset,7139.84,0.0,Customer,Halstrom Supply,"4110 - Sales - MTC,4120 - Service - MTC",,Customer order Halstrom Supply Aug 2025,Meridian Trading Co.
fb3143e34b,ACC-SINV-2025-00421,P2,Sales Invoice,Sales Invoice,4,2025-08-19,2025-08-19 14:17:04.997120,ar.clerk@meridian.example,ST 6% - MTC,,ST 6%,Liability,0.0,404.14,,,Halstrom Supply,Admin - MTC,Customer order Halstrom Supply Aug 2025,Meridian Trading Co.
399286ac9e,ACC-SINV-2025-00422,P2,Sales Invoice,Sales Invoice,1,2025-08-19,2025-08-19 13:01:03.225937,ar.clerk@meridian.example,ST 6% - MTC,,ST 6%,Liability,0.0,31.98,,,Cascade Outfitters,Admin - MTC,Customer order Cascade Outfitters Aug 2025,Meridian Trading Co.
a2d8f69ea4,ACC-SINV-2025-00422,P2,Sales Invoice,Sales Invoice,2,2025-08-19,2025-08-19 13:01:03.225937,ar.clerk@meridian.example,1310 - Debtors - MTC,1310,Debtors,Asset,565.0,0.0,Customer,Cascade Outfitters,4110 - Sales - MTC,,Customer order Cascade Outfitters Aug 2025,Meridian Trading Co.
cda0d1afcb,ACC-SINV-2025-00422,P2,Sales Invoice,Sales Invoice,3,2025-08-19,2025-08-19 13:01:03.225937,ar.clerk@meridian.example,4110 - Sales - MTC,4110,Sales,Income,0.0,468.92,,,Cascade Outfitters,Sales Ops - MTC,Customer order Cascade Outfitters Aug 2025,Meridian Trading Co.
d114cecded,ACC-SINV-2025-00422,P2,Sales Invoice,Sales Invoice,4,2025-08-19,2025-08-19 13:01:03.225937,ar.clerk@meridian.example,4110 - Sales - MTC,4110,Sales,Income,0.0,64.1,,,Cascade Outfitters,Warehouse - MTC,Customer order Cascade Outfitters Aug 2025,Meridian Trading Co.
a4af4cbb64,ACC-PAY-2025-00453,P2,Payment Entry,Payment Entry,1,2025-08-20,2025-08-20 11:45:30.386610,ar.clerk@meridian.example,1210 - Primary Checking - MTC,1210,Primary Checking,Asset,1696.49,0.0,,,Northwind Retail,,Amount USD 1696.49 received from Northwind Retail | Transaction reference no ACH-25-00341 dated 2025-08-20 | Amount USD 1696.49 adjusted against Sales Invoice ACC-SINV-2025-00341,Meridian Trading Co.
b69fb27ccc,ACC-PAY-2025-00453,P2,Payment Entry,Payment Entry,2,2025-08-20,2025-08-20 11:45:30.386610,ar.clerk@meridian.example,1310 - Debtors - MTC,1310,Debtors,Asset,0.0,1696.49,Customer,Northwind Retail,1210 - Primary Checking - MTC,,Amount USD 1696.49 received from Northwind Retail | Transaction reference no ACH-25-00341 dated 2025-08-20 | Amount USD 1696.49 adjusted against Sales Invoice ACC-SINV-2025-00341,Meridian Trading Co.
66271822c9,ACC-PAY-2025-00538,P2,Payment Entry,Payment Entry,1,2025-08-20,2025-08-20 12:54:00.376787,ar.clerk@meridian.example,1210 - Primary Checking - MTC,1210,Primary Checking,Asset,1328.37,0.0,,,Northwind Retail,,Amount USD 1328.37 received from Northwind Retail | Transaction reference no ACH-25-00416 dated 2025-08-20 | Amount USD 1328.37 adjusted against Sales Invoice ACC-SINV-2025-00416,Meridian Trading Co.
a26fe3c9d8,ACC-PAY-2025-00538,P2,Payment Entry,Payment Entry,2,2025-08-20,2025-08-20 12:54:00.376787,ar.clerk@meridian.example,1310 - Debtors - MTC,1310,Debtors,Asset,0.0,1328.37,Customer,Northwind Retail,1210 - Primary Checking - MTC,,Amount USD 1328.37 received from Northwind Retail | Transaction reference no ACH-25-00416 dated 2025-08-20 | Amount USD 1328.37 adjusted against Sales Invoice ACC-SINV-2025-00416,Meridian Trading Co.
bf82af4ad0,ACC-PAY-2025-00574,P2,Payment Entry,Payment Entry,1,2025-08-20,2025-08-20 10:23:30.375893,ap.clerk@meridian.example,2110 - Creditors - MTC,2110,Creditors,Liability,14106.6,0.0,Supplier,Sterling Equipment Leasing,1210 - Primary Checking - MTC,,Amount USD 14106.6 paid to Sterling Equipment Leasing | Transaction reference no ACH-25-00237 dated 2025-08-20 | Amount USD 14106.6 adjusted against Purchase Invoice ACC-PINV-2025-00237,Meridian Trading Co.
c1a785e2d2,ACC-PAY-2025-00574,P2,Payment Entry,Payment Entry,2,2025-08-20,2025-08-20 10:23:30.375893,ap.clerk@meridian.example,1210 - Primary Checking - MTC,1210,Primary Checking,Asset,0.0,14106.6,,,Sterling Equipment Leasing,,Amount USD 14106.6 paid to Sterling Equipment Leasing | Transaction reference no ACH-25-00237 dated 2025-08-20 | Amount USD 14106.6 adjusted against Purchase Invoice ACC-PINV-2025-00237,Meridian Trading Co.
026f178ed2,ACC-PINV-2025-00238,P2,Purchase Invoice,Purchase Invoice,1,2025-08-20,2025-08-20 16:01:32.863007,ap.clerk@meridian.example,2110 - Creditors - MTC,2110,Creditors,Liability,0.0,4163.03,Supplier,Granite Janitorial,"5208 - Office Maintenance Expenses - MTC,5215 - Telephone Expenses - MTC",,Granite Janitorial August 2025 billing,Meridian Trading Co.
45ea4743b6,ACC-PINV-2025-00238,P2,Purchase Invoice,Purchase Invoice,2,2025-08-20,2025-08-20 16:01:32.863007,ap.clerk@meridian.example,5208 - Office Maintenance Expenses - MTC,5208,Office Maintenance Expenses,Expense,1119.94,0.0,,,Granite Janitorial,Admin - MTC,Granite Janitorial August 2025 billing,Meridian Trading Co.
6420f20581,ACC-PINV-2025-00238,P2,Purchase Invoice,Purchase Invoice,3,2025-08-20,2025-08-20 16:01:32.863007,ap.clerk@meridian.example,5215 - Telephone Expenses - MTC,5215,Telephone Expenses,Expense,3043.09,0.0,,,Granite Janitorial,Admin - MTC,Granite Janitorial August 2025 billing,Meridian Trading Co.
0755dc636a,ACC-SINV-2025-00398,P2,Sales Invoice,Sales Invoice,1,2025-08-20,2025-08-20 09:02:18.281306,ar.clerk@meridian.example,4110 - Sales - MTC,4110,Sales,Income,0.0,1058.55,,,Juniper & Co,Warehouse - MTC,Customer order Juniper & Co Aug 2025,Meridian Trading Co.
83be69dcdd,ACC-SINV-2025-00398,P2,Sales Invoice,Sales Invoice,2,2025-08-20,2025-08-20 09:02:18.281306,ar.clerk@meridian.example,1310 - Debtors - MTC,1310,Debtors,Asset,3422.54,0.0,Customer,Juniper & Co,4110 - Sales - MTC,,Customer order Juniper & Co Aug 2025,Meridian Trading Co.
cd120fa529,ACC-SINV-2025-00398,P2,Sales Invoice,Sales Invoice,3,2025-08-20,2025-08-20 09:02:18.281306,ar.clerk@meridian.example,ST 6% - MTC,,ST 6%,Liability,0.0,193.73,,,Juniper & Co,Admin - MTC,Customer order Juniper & Co Aug 2025,Meridian Trading Co.
ea6f51e6b1,ACC-SINV-2025-00398,P2,Sales Invoice,Sales Invoice,4,2025-08-20,2025-08-20 09:02:18.281306,ar.clerk@meridian.example,4110 - Sales - MTC,4110,Sales,Income,0.0,2170.26,,,Juniper & Co,Sales Ops - MTC,Customer order Juniper & Co Aug 2025,Meridian Trading Co.
1b96786a28,ACC-SINV-2025-00409,P2,Sales Invoice,Sales Invoice,1,2025-08-20,2025-08-20 16:11:22.056589,ar.clerk@meridian.example,4110 - Sales - MTC,4110,Sales,Income,0.0,1607.58,,,Juniper & Co,Sales Ops - MTC,Customer order Juniper & Co Aug 2025,Meridian Trading Co.
7718675f14,ACC-SINV-2025-00409,P2,Sales Invoice,Sales Invoice,2,2025-08-20,2025-08-20 16:11:22.056589,ar.clerk@meridian.example,ST 6% - MTC,,ST 6%,Liability,0.0,208.51,,,Juniper & Co,Admin - MTC,Customer order Juniper & Co Aug 2025,Meridian Trading Co.
bc877a3aa3,ACC-SINV-2025-00409,P2,Sales Invoice,Sales Invoice,3,2025-08-20,2025-08-20 16:11:22.056589,ar.clerk@meridian.example,1310 - Debtors - MTC,1310,Debtors,Asset,3683.6,0.0,Customer,Juniper & Co,4110 - Sales - MTC,,Customer order Juniper & Co Aug 2025,Meridian Trading Co.
c6f264abb4,ACC-SINV-2025-00409,P2,Sales Invoice,Sales Invoice,4,2025-08-20,2025-08-20 16:11:22.056589,ar.clerk@meridian.example,4110 - Sales - MTC,4110,Sales,Income,0.0,1867.51,,,Juniper & Co,Warehouse - MTC,Customer order Juniper & Co Aug 2025,Meridian Trading Co.
66b5308fa8,ACC-JV-2025-00076,P2,Journal Entry,Journal Entry,1,2025-08-21,2025-08-21 14:50:43.350480,controller@meridian.example,5208 - Office Maintenance Expenses - MTC,5208,Office Maintenance Expenses,Expense,0.0,3767.16,,,5216 - Travel Expenses - MTC,Admin - MTC,,Meridian Trading Co.
ceb2cb19b1,ACC-JV-2025-00076,P2,Journal Entry,Journal Entry,2,2025-08-21,2025-08-21 14:50:43.350480,controller@meridian.example,5216 - Travel Expenses - MTC,5216,Travel Expenses,Expense,3767.16,0.0,,,5208 - Office Maintenance Expenses - MTC,Admin - MTC,,Meridian Trading Co.
3b07c86148,ACC-JV-2025-00078,P2,Journal Entry,Journal Entry,1,2025-08-21,2025-08-21 15:24:19.943429,controller@meridian.example,1320 - Intercompany Receivable - MTC,1320,Intercompany Receivable,Asset,9689.67,0.0,,,4120 - Service - MTC,Admin - MTC,,Meridian Trading Co.
f72b9e0420,ACC-JV-2025-00078,P2,Journal Entry,Journal Entry,2,2025-08-21,2025-08-21 15:24:19.943429,controller@meridian.example,4120 - Service - MTC,4120,Service,Income,0.0,9689.67,,,1320 - Intercompany Receivable - MTC,Admin - MTC,,Meridian Trading Co.
a13dd934bc,ACC-PAY-2025-00470,P2,Payment Entry,Payment Entry,1,2025-08-21,2025-08-21 16:18:42.024469,ar.clerk@meridian.example,1310 - Debtors - MTC,1310,Debtors,Asset,0.0,807.85,Customer,Galehouse Media,1210 - Primary Checking - MTC,,Amount USD 807.85 received from Galehouse Media | Transaction reference no ACH-25-00362 dated 2025-08-21 | Amount USD 807.85 adjusted against Sales Invoice ACC-SINV-2025-00362,Meridian Trading Co.
f9eba9c875,ACC-PAY-2025-00470,P2,Payment Entry,Payment Entry,2,2025-08-21,2025-08-21 16:18:42.024469,ar.clerk@meridian.example,1210 - Primary Checking - MTC,1210,Primary Checking,Asset,807.85,0.0,,,Galehouse Media,,Amount USD 807.85 received from Galehouse Media | Transaction reference no ACH-25-00362 dated 2025-08-21 | Amount USD 807.85 adjusted against Sales Invoice ACC-SINV-2025-00362,Meridian Trading Co.
64de1b081d,ACC-PAY-2025-00534,P2,Payment Entry,Payment Entry,1,2025-08-21,2025-08-21 12:16:12.927553,ar.clerk@meridian.example,1310 - Debtors - MTC,1310,Debtors,Asset,0.0,3242.74,Customer,Juniper & Co,1210 - Primary Checking - MTC,,Amount USD 3242.74 received from Juniper & Co | Transaction reference no ACH-25-00411 dated 2025-08-21 | Amount USD 3242.74 adjusted against Sales Invoice ACC-SINV-2025-00411,Meridian Trading Co.
8bdaf7ce3e,ACC-PAY-2025-00534,P2,Payment Entry,Payment Entry,2,2025-08-21,2025-08-21 12:16:12.927553,ar.clerk@meridian.example,1210 - Primary Checking - MTC,1210,Primary Checking,Asset,3242.74,0.0,,,Juniper & Co,,Amount USD 3242.74 received from Juniper & Co | Transaction reference no ACH-25-00411 dated 2025-08-21 | Amount USD 3242.74 adjusted against Sales Invoice ACC-SINV-2025-00411,Meridian Trading Co.
2e9e9178da,ACC-SINV-2025-00380,P2,Sales Invoice,Sales Invoice,1,2025-08-21,2025-08-21 10:19:10.973810,ar.clerk@meridian.example,ST 6% - MTC,,ST 6%,Liability,0.0,64.41,,,Bluepine Hardware,Admin - MTC,Customer order Bluepine Hardware Aug 2025,Meridian Trading Co.
5ceddf058e,ACC-SINV-2025-00380,P2,Sales Invoice,Sales Invoice,2,2025-08-21,2025-08-21 10:19:10.973810,ar.clerk@meridian.example,4110 - Sales - MTC,4110,Sales,Income,0.0,788.4,,,Bluepine Hardware,Sales Ops - MTC,Customer order Bluepine Hardware Aug 2025,Meridian Trading Co.
6606beffa8,ACC-SINV-2025-00380,P2,Sales Invoice,Sales Invoice,3,2025-08-21,2025-08-21 10:19:10.973810,ar.clerk@meridian.example,4110 - Sales - MTC,4110,Sales,Income,0.0,285.04,,,Bluepine Hardware,Warehouse - MTC,Customer order Bluepine Hardware Aug 2025,Meridian Trading Co.
6b062b21b3,ACC-SINV-2025-00380,P2,Sales Invoice,Sales Invoice,4,2025-08-21,2025-08-21 10:19:10.973810,ar.clerk@meridian.example,1310 - Debtors - MTC,1310,Debtors,Asset,1137.85,0.0,Customer,Bluepine Hardware,4110 - Sales - MTC,,Customer order Bluepine Hardware Aug 2025,Meridian Trading Co.
23ec42e591,ACC-SINV-2025-00382,P2,Sales Invoice,Sales Invoice,1,2025-08-21,2025-08-21 11:01:18.802532,ar.clerk@meridian.example,ST 6% - MTC,,ST 6%,Liability,0.0,120.59,,,Ferrous Works,Admin - MTC,Customer order Ferrous Works Aug 2025,Meridian Trading Co.
35083fcc33,ACC-SINV-2025-00382,P2,Sales Invoice,Sales Invoice,2,2025-08-21,2025-08-21 11:01:18.802532,ar.clerk@meridian.example,4110 - Sales - MTC,4110,Sales,Income,0.0,2009.76,,,Ferrous Works,Sales Ops - MTC,Customer order Ferrous Works Aug 2025,Meridian Trading Co.
673d95c4f8,ACC-SINV-2025-00382,P2,Sales Invoice,Sales Invoice,3,2025-08-21,2025-08-21 11:01:18.802532,ar.clerk@meridian.example,1310 - Debtors - MTC,1310,Debtors,Asset,2130.35,0.0,Customer,Ferrous Works,4110 - Sales - MTC,,Customer order Ferrous Works Aug 2025,Meridian Trading Co.
a145ed9011,ACC-SINV-2025-00384,P2,Sales Invoice,Sales Invoice,1,2025-08-21,2025-08-21 12:19:58.573180,ar.clerk@meridian.example,1310 - Debtors - MTC,1310,Debtors,Asset,2662.05,0.0,Customer,Redcedar Builders,4110 - Sales - MTC,,Customer order Redcedar Builders Aug 2025,Meridian Trading Co.
d820758e88,ACC-SINV-2025-00384,P2,Sales Invoice,Sales Invoice,2,2025-08-21,2025-08-21 12:19:58.573180,ar.clerk@meridian.example,4110 - Sales - MTC,4110,Sales,Income,0.0,2511.37,,,Redcedar Builders,Sales Ops - MTC,Customer order Redcedar Builders Aug 2025,Meridian Trading Co.
e93947a455,ACC-SINV-2025-00384,P2,Sales Invoice,Sales Invoice,3,2025-08-21,2025-08-21 12:19:58.573180,ar.clerk@meridian.example,ST 6% - MTC,,ST 6%,Liability,0.0,150.68,,,Redcedar Builders,Admin - MTC,Customer order Redcedar Builders Aug 2025,Meridian Trading Co.
362da8371f,ACC-SINV-2025-00392,P2,Sales Invoice,Sales Invoice,1,2025-08-21,2025-08-27 10:03:37.466060,ar.clerk@meridian.example,4110 - Sales - MTC,4110,Sales,Income,0.0,703.53,,,Summit Rentals,Warehouse - MTC,Customer order Summit Rentals Aug 2025,Meridian Trading Co.
6ee409cde3,ACC-SINV-2025-00392,P2,Sales Invoice,Sales Invoice,2,2025-08-21,2025-08-27 10:03:37.466060,ar.clerk@meridian.example,1310 - Debtors - MTC,1310,Debtors,Asset,745.74,0.0,Customer,Summit Rentals,4110 - Sales - MTC,,Customer order Summit Rentals Aug 2025,Meridian Trading Co.
ed58046cc0,ACC-SINV-2025-00392,P2,Sales Invoice,Sales Invoice,3,2025-08-21,2025-08-27 10:03:37.466060,ar.clerk@meridian.example,ST 6% - MTC,,ST 6%,Liability,0.0,42.21,,,Summit Rentals,Admin - MTC,Customer order Summit Rentals Aug 2025,Meridian Trading Co.
3d015ef1c6,ACC-SINV-2025-00408,P2,Sales Invoice,Sales Invoice,1,2025-08-21,2025-08-21 11:47:24.566078,ar.clerk@meridian.example,1310 - Debtors - MTC,1310,Debtors,Asset,5516.64,0.0,Customer,Redcedar Builders,"4110 - Sales - MTC,4130 - Freight Income - MTC",,Customer order Redcedar Builders Aug 2025,Meridian Trading Co.
444e23ecb4,ACC-SINV-2025-00408,P2,Sales Invoice,Sales Invoice,2,2025-08-21,2025-08-21 11:47:24.566078,ar.clerk@meridian.example,4130 - Freight Income - MTC,4130,Freight Income,Income,0.0,2233.68,,,Redcedar Builders,Admin - MTC,Customer order Redcedar Builders Aug 2025,Meridian Trading Co.
5a9443b6c8,ACC-SINV-2025-00408,P2,Sales Invoice,Sales Invoice,3,2025-08-21,2025-08-21 11:47:24.566078,ar.clerk@meridian.example,4110 - Sales - MTC,4110,Sales,Income,0.0,645.6,,,Redcedar Builders,Warehouse - MTC,Customer order Redcedar Builders Aug 2025,Meridian Trading Co.
b739e2cb11,ACC-SINV-2025-00408,P2,Sales Invoice,Sales Invoice,4,2025-08-21,2025-08-21 11:47:24.566078,ar.clerk@meridian.example,ST 6% - MTC,,ST 6%,Liability,0.0,312.26,,,Redcedar Builders,Admin - MTC,Customer order Redcedar Builders Aug 2025,Meridian Trading Co.
c3c5613d51,ACC-SINV-2025-00408,P2,Sales Invoice,Sales Invoice,5,2025-08-21,2025-08-21 11:47:24.566078,ar.clerk@meridian.example,4110 - Sales - MTC,4110,Sales,Income,0.0,2325.1,,,Redcedar Builders,Sales Ops - MTC,Customer order Redcedar Builders Aug 2025,Meridian Trading Co.
94086a4133,ACC-JV-2025-00077,P2,Journal Entry,Journal Entry,1,2025-08-22,2025-08-22 13:41:08.297726,controller@meridian.example,5223 - Miscellaneous Expenses - MTC,5223,Miscellaneous Expenses,Expense,0.0,1911.61,,,5207 - Marketing Expenses - MTC,Admin - MTC,,Meridian Trading Co.
d2714e280c,ACC-JV-2025-00077,P2,Journal Entry,Journal Entry,2,2025-08-22,2025-08-22 13:41:08.297726,controller@meridian.example,5207 - Marketing Expenses - MTC,5207,Marketing Expenses,Expense,1911.61,0.0,,,5223 - Miscellaneous Expenses - MTC,Admin - MTC,,Meridian Trading Co.
0b3cf185a7,ACC-PAY-2025-00519,P2,Payment Entry,Payment Entry,1,2025-08-22,2025-08-22 12:32:38.561796,ar.clerk@meridian.example,1210 - Primary Checking - MTC,1210,Primary Checking,Asset,3382.08,0.0,,,Marlowe Interiors,,Amount USD 3382.08 received from Marlowe Interiors | Transaction reference no ACH-25-00395 dated 2025-08-22 | Amount USD 3382.08 adjusted against Sales Invoice ACC-SINV-2025-00395,Meridian Trading Co.
b7c8a9991d,ACC-PAY-2025-00519,P2,Payment Entry,Payment Entry,2,2025-08-22,2025-08-22 12:32:38.561796,ar.clerk@meridian.example,1310 - Debtors - MTC,1310,Debtors,Asset,0.0,3382.08,Customer,Marlowe Interiors,1210 - Primary Checking - MTC,,Amount USD 3382.08 received from Marlowe Interiors | Transaction reference no ACH-25-00395 dated 2025-08-22 | Amount USD 3382.08 adjusted against Sales Invoice ACC-SINV-2025-00395,Meridian Trading Co.
3298d09548,ACC-PAY-2025-00523,P2,Payment Entry,Payment Entry,1,2025-08-22,2025-08-22 15:10:07.524935,ar.clerk@meridian.example,1210 - Primary Checking - MTC,1210,Primary Checking,Asset,1507.98,0.0,,,Cascade Outfitters,,Amount USD 1507.98 received from Cascade Outfitters | Transaction reference no ACH-25-00399 dated 2025-08-22 | Amount USD 1507.98 adjusted against Sales Invoice ACC-SINV-2025-00399,Meridian Trading Co.
71accd8f53,ACC-PAY-2025-00523,P2,Payment Entry,Payment Entry,2,2025-08-22,2025-08-22 15:10:07.524935,ar.clerk@meridian.example,1310 - Debtors - MTC,1310,Debtors,Asset,0.0,1507.98,Customer,Cascade Outfitters,1210 - Primary Checking - MTC,,Amount USD 1507.98 received from Cascade Outfitters | Transaction reference no ACH-25-00399 dated 2025-08-22 | Amount USD 1507.98 adjusted against Sales Invoice ACC-SINV-2025-00399,Meridian Trading Co.
4b1778568d,ACC-PAY-2025-00539,P2,Payment Entry,Payment Entry,1,2025-08-22,2025-08-22 09:42:37.780575,ar.clerk@meridian.example,1310 - Debtors - MTC,1310,Debtors,Asset,0.0,6707.22,Customer,Cascade Outfitters,1210 - Primary Checking - MTC,,Amount USD 6707.22 received from Cascade Outfitters | Transaction reference no ACH-25-00417 dated 2025-08-22 | Amount USD 6707.22 adjusted against Sales Invoice ACC-SINV-2025-00417,Meridian Trading Co.
579e6baf05,ACC-PAY-2025-00539,P2,Payment Entry,Payment Entry,2,2025-08-22,2025-08-22 09:42:37.780575,ar.clerk@meridian.example,1210 - Primary Checking - MTC,1210,Primary Checking,Asset,6707.22,0.0,,,Cascade Outfitters,,Amount USD 6707.22 received from Cascade Outfitters | Transaction reference no ACH-25-00417 dated 2025-08-22 | Amount USD 6707.22 adjusted against Sales Invoice ACC-SINV-2025-00417,Meridian Trading Co.
3189a9e799,ACC-PINV-2025-00213,P2,Purchase Invoice,Purchase Invoice,1,2025-08-22,2025-08-22 09:38:07.901901,ap.clerk@meridian.example,2110 - Creditors - MTC,2110,Creditors,Liability,0.0,18869.86,Supplier,Orchard Wholesale,"5111 - Cost of Goods Sold - MTC,5210 - Postal Expenses - MTC",,Orchard Wholesale August 2025 billing,Meridian Trading Co.
78e6aae78e,ACC-PINV-2025-00213,P2,Purchase Invoice,Purchase Invoice,2,2025-08-22,2025-08-22 09:38:07.901901,ap.clerk@meridian.example,5210 - Postal Expenses - MTC,5210,Postal Expenses,Expense,1450.1,0.0,,,Orchard Wholesale,Admin - MTC,Orchard Wholesale August 2025 billing,Meridian Trading Co.
d14bccf1ad,ACC-PINV-2025-00213,P2,Purchase Invoice,Purchase Invoice,3,2025-08-22,2025-08-22 09:38:07.901901,ap.clerk@meridian.example,5111 - Cost of Goods Sold - MTC,5111,Cost of Goods Sold,Expense,17419.76,0.0,,,Orchard Wholesale,Warehouse - MTC,Orchard Wholesale August 2025 billing,Meridian Trading Co.
908a8f26ec,ACC-PINV-2025-00220,P2,Purchase Invoice,Purchase Invoice,1,2025-08-22,2025-08-22 11:52:45.472508,ap.clerk@meridian.example,2110 - Creditors - MTC,2110,Creditors,Liability,0.0,8957.47,Supplier,Vulcan Materials Co,5111 - Cost of Goods Sold - MTC,,Vulcan Materials Co August 2025 billing,Meridian Trading Co.
b064bbc714,ACC-PINV-2025-00220,P2,Purchase Invoice,Purchase Invoice,2,2025-08-22,2025-08-22 11:52:45.472508,ap.clerk@meridian.example,5111 - Cost of Goods Sold - MTC,5111,Cost of Goods Sold,Expense,8957.47,0.0,,,Vulcan Materials Co,Warehouse - MTC,Vulcan Materials Co August 2025 billing,Meridian Trading Co.
0f7077059e,ACC-PINV-2025-00230,P2,Purchase Invoice,Purchase Invoice,1,2025-08-22,2025-08-22 14:50:23.310298,ap.clerk@meridian.example,2110 - Creditors - MTC,2110,Creditors,Liability,0.0,11597.5,Supplier,Harlan Office Supply,5208 - Office Maintenance Expenses - MTC,,Harlan Office Supply August 2025 billing,Meridian Trading Co.
8f54637e78,ACC-PINV-2025-00230,P2,Purchase Invoice,Purchase Invoice,2,2025-08-22,2025-08-22 14:50:23.310298,ap.clerk@meridian.example,5208 - Office Maintenance Expenses - MTC,5208,Office Maintenance Expenses,Expense,11597.5,0.0,,,Harlan Office Supply,Admin - MTC,Harlan Office Supply August 2025 billing,Meridian Trading Co.
03e0189afc,ACC-SINV-2025-00385,P2,Sales Invoice,Sales Invoice,1,2025-08-22,2025-08-22 10:57:05.935705,ar.clerk@meridian.example,1310 - Debtors - MTC,1310,Debtors,Asset,2650.39,0.0,Customer,Kestrel Foods,"4130 - Freight Income - MTC,4110 - Sales - MTC",,Customer order Kestrel Foods Aug 2025,Meridian Trading Co.
45728fc4da,ACC-SINV-2025-00385,P2,Sales Invoice,Sales Invoice,2,2025-08-22,2025-08-22 10:57:05.935705,ar.clerk@meridian.example,ST 6% - MTC,,ST 6%,Liability,0.0,150.02,,,Kestrel Foods,Admin - MTC,Customer order Kestrel Foods Aug 2025,Meridian Trading Co.
608747aa78,ACC-SINV-2025-00385,P2,Sales Invoice,Sales Invoice,3,2025-08-22,2025-08-22 10:57:05.935705,ar.clerk@meridian.example,4130 - Freight Income - MTC,4130,Freight Income,Income,0.0,1348.1,,,Kestrel Foods,Admin - MTC,Customer order Kestrel Foods Aug 2025,Meridian Trading Co.
aa422117fb,ACC-SINV-2025-00385,P2,Sales Invoice,Sales Invoice,4,2025-08-22,2025-08-22 10:57:05.935705,ar.clerk@meridian.example,4110 - Sales - MTC,4110,Sales,Income,0.0,261.28,,,Kestrel Foods,Sales Ops - MTC,Customer order Kestrel Foods Aug 2025,Meridian Trading Co.
e5a52b63b1,ACC-SINV-2025-00385,P2,Sales Invoice,Sales Invoice,5,2025-08-22,2025-08-22 10:57:05.935705,ar.clerk@meridian.example,4110 - Sales - MTC,4110,Sales,Income,0.0,890.99,,,Kestrel Foods,Warehouse - MTC,Customer order Kestrel Foods Aug 2025,Meridian Trading Co.
3b5bb15177,ACC-SINV-2025-00393,P2,Sales Invoice,Sales Invoice,1,2025-08-22,2025-08-28 18:26:40.741895,ar.clerk@meridian.example,1310 - Debtors - MTC,1310,Debtors,Asset,1025.75,0.0,Customer,Pactrail Sports,4110 - Sales - MTC,,Customer order Pactrail Sports Aug 2025,Meridian Trading Co.
47323ebb96,ACC-SINV-2025-00393,P2,Sales Invoice,Sales Invoice,2,2025-08-22,2025-08-28 18:26:40.741895,ar.clerk@meridian.example,4110 - Sales - MTC,4110,Sales,Income,0.0,264.65,,,Pactrail Sports,Warehouse - MTC,Customer order Pactrail Sports Aug 2025,Meridian Trading Co.
9dd1023ee6,ACC-SINV-2025-00393,P2,Sales Invoice,Sales Invoice,3,2025-08-22,2025-08-28 18:26:40.741895,ar.clerk@meridian.example,ST 6% - MTC,,ST 6%,Liability,0.0,58.06,,,Pactrail Sports,Admin - MTC,Customer order Pactrail Sports Aug 2025,Meridian Trading Co.
e56510709c,ACC-SINV-2025-00393,P2,Sales Invoice,Sales Invoice,4,2025-08-22,2025-08-28 18:26:40.741895,ar.clerk@meridian.example,4110 - Sales - MTC,4110,Sales,Income,0.0,703.04,,,Pactrail Sports,Sales Ops - MTC,Customer order Pactrail Sports Aug 2025,Meridian Trading Co.
8c907b5f30,ACC-PAY-2025-00464,P2,Payment Entry,Payment Entry,1,2025-08-23,2025-08-25 10:28:26.910457,ar.clerk@meridian.example,1310 - Debtors - MTC,1310,Debtors,Asset,0.0,4143.72,Customer,Halstrom Supply,1210 - Primary Checking - MTC,,Amount USD 4143.72 received from Halstrom Supply | Transaction reference no ACH-25-00354 dated 2025-08-23 | Amount USD 4143.72 adjusted against Sales Invoice ACC-SINV-2025-00354,Meridian Trading Co.
902d06b4da,ACC-PAY-2025-00464,P2,Payment Entry,Payment Entry,2,2025-08-23,2025-08-25 10:28:26.910457,ar.clerk@meridian.example,1210 - Primary Checking - MTC,1210,Primary Checking,Asset,4143.72,0.0,,,Halstrom Supply,,Amount USD 4143.72 received from Halstrom Supply | Transaction reference no ACH-25-00354 dated 2025-08-23 | Amount USD 4143.72 adjusted against Sales Invoice ACC-SINV-2025-00354,Meridian Trading Co.
53465e6879,ACC-PAY-2025-00471,P2,Payment Entry,Payment Entry,1,2025-08-24,2025-08-25 08:34:27.412474,ar.clerk@meridian.example,1210 - Primary Checking - MTC,1210,Primary Checking,Asset,61.6,0.0,,,Juniper & Co,,Amount USD 61.6 received from Juniper & Co | Transaction reference no ACH-25-00363 dated 2025-08-24 | Amount USD 61.6 adjusted against Sales Invoice ACC-SINV-2025-00363,Meridian Trading Co.
55395479e8,ACC-PAY-2025-00471,P2,Payment Entry,Payment Entry,2,2025-08-24,2025-08-25 08:34:27.412474,ar.clerk@meridian.example,1310 - Debtors - MTC,1310,Debtors,Asset,0.0,61.6,Customer,Juniper & Co,1210 - Primary Checking - MTC,,Amount USD 61.6 received from Juniper & Co | Transaction reference no ACH-25-00363 dated 2025-08-24 | Amount USD 61.6 adjusted against Sales Invoice ACC-SINV-2025-00363,Meridian Trading Co.
c2136cf39c,ACC-PAY-2025-00496,P2,Payment Entry,Payment Entry,1,2025-08-24,2025-08-25 13:02:30.488537,ap.clerk@meridian.example,1210 - Primary Checking - MTC,1210,Primary Checking,Asset,0.0,5913.07,,,Metro Utilities,,Amount USD 5913.07 paid to Metro Utilities | Transaction reference no ACH-25-00202 dated 2025-08-24 | Amount USD 5913.07 adjusted against Purchase Invoice ACC-PINV-2025-00202,Meridian Trading Co.
ebac50b6c3,ACC-PAY-2025-00496,P2,Payment Entry,Payment Entry,2,2025-08-24,2025-08-25 13:02:30.488537,ap.clerk@meridian.example,2110 - Creditors - MTC,2110,Creditors,Liability,5913.07,0.0,Supplier,Metro Utilities,1210 - Primary Checking - MTC,,Amount USD 5913.07 paid to Metro Utilities | Transaction reference no ACH-25-00202 dated 2025-08-24 | Amount USD 5913.07 adjusted against Purchase Invoice ACC-PINV-2025-00202,Meridian Trading Co.
0768617043,ACC-PAY-2025-00525,P2,Payment Entry,Payment Entry,1,2025-08-24,2025-08-25 14:19:17.512364,ar.clerk@meridian.example,1310 - Debtors - MTC,1310,Debtors,Asset,0.0,475.43,Customer,Marlowe Interiors,1210 - Primary Checking - MTC,,Amount USD 475.43 received from Marlowe Interiors | Transaction reference no ACH-25-00401 dated 2025-08-24 | Amount USD 475.43 adjusted against Sales Invoice ACC-SINV-2025-00401,Meridian Trading Co.
f7af4ccdcf,ACC-PAY-2025-00525,P2,Payment Entry,Payment Entry,2,2025-08-24,2025-08-25 14:19:17.512364,ar.clerk@meridian.example,1210 - Primary Checking - MTC,1210,Primary Checking,Asset,475.43,0.0,,,Marlowe Interiors,,Amount USD 475.43 received from Marlowe Interiors | Transaction reference no ACH-25-00401 dated 2025-08-24 | Amount USD 475.43 adjusted against Sales Invoice ACC-SINV-2025-00401,Meridian Trading Co.
a7372a9a0d,ACC-PAY-2025-00483,P2,Payment Entry,Payment Entry,1,2025-08-25,2025-08-25 08:55:26.324970,ap.clerk@meridian.example,1210 - Primary Checking - MTC,1210,Primary Checking,Asset,0.0,10501.52,,,Orchard Wholesale,,Amount USD 10501.52 paid to Orchard Wholesale | Transaction reference no ACH-25-00188 dated 2025-08-25 | Amount USD 10501.52 adjusted against Purchase Invoice ACC-PINV-2025-00188,Meridian Trading Co.
c0f05243e2,ACC-PAY-2025-00483,P2,Payment Entry,Payment Entry,2,2025-08-25,2025-08-25 08:55:26.324970,ap.clerk@meridian.example,2110 - Creditors - MTC,2110,Creditors,Liability,10501.52,0.0,Supplier,Orchard Wholesale,1210 - Primary Checking - MTC,,Amount USD 10501.52 paid to Orchard Wholesale | Transaction reference no ACH-25-00188 dated 2025-08-25 | Amount USD 10501.52 adjusted against Purchase Invoice ACC-PINV-2025-00188,Meridian Trading Co.
70a200f4e1,ACC-PAY-2025-00498,P2,Payment Entry,Payment Entry,1,2025-08-25,2025-08-25 16:57:37.766042,ap.clerk@meridian.example,2110 - Creditors - MTC,2110,Creditors,Liability,3840.42,0.0,Supplier,Harlan Office Supply,1210 - Primary Checking - MTC,,Amount USD 3840.42 paid to Harlan Office Supply | Transaction reference no ACH-25-00204 dated 2025-08-25 | Amount USD 3840.42 adjusted against Purchase Invoice ACC-PINV-2025-00204,Meridian Trading Co.
dad4737f2e,ACC-PAY-2025-00498,P2,Payment Entry,Payment Entry,2,2025-08-25,2025-08-25 16:57:37.766042,ap.clerk@meridian.example,1210 - Primary Checking - MTC,1210,Primary Checking,Asset,0.0,3840.42,,,Harlan Office Supply,,Amount USD 3840.42 paid to Harlan Office Supply | Transaction reference no ACH-25-00204 dated 2025-08-25 | Amount USD 3840.42 adjusted against Purchase Invoice ACC-PINV-2025-00204,Meridian Trading Co.
13218e7978,ACC-SINV-2025-00407,P2,Sales Invoice,Sales Invoice,1,2025-08-25,2025-08-25 14:29:01.778660,ar.clerk@meridian.example,4130 - Freight Income - MTC,4130,Freight Income,Income,0.0,94.81,,,Summit Rentals,Admin - MTC,Customer order Summit Rentals Aug 2025,Meridian Trading Co.
1412158b7c,ACC-SINV-2025-00407,P2,Sales Invoice,Sales Invoice,2,2025-08-25,2025-08-25 14:29:01.778660,ar.clerk@meridian.example,4110 - Sales - MTC,4110,Sales,Income,0.0,53.92,,,Summit Rentals,Warehouse - MTC,Customer order Summit Rentals Aug 2025,Meridian Trading Co.
22eda3423a,ACC-SINV-2025-00407,P2,Sales Invoice,Sales Invoice,3,2025-08-25,2025-08-25 14:29:01.778660,ar.clerk@meridian.example,4110 - Sales - MTC,4110,Sales,Income,0.0,133.91,,,Summit Rentals,Sales Ops - MTC,Customer order Summit Rentals Aug 2025,Meridian Trading Co.
48dea9e988,ACC-SINV-2025-00407,P2,Sales Invoice,Sales Invoice,4,2025-08-25,2025-08-25 14:29:01.778660,ar.clerk@meridian.example,ST 6% - MTC,,ST 6%,Liability,0.0,16.96,,,Summit Rentals,Admin - MTC,Customer order Summit Rentals Aug 2025,Meridian Trading Co.
e38a6971a7,ACC-SINV-2025-00407,P2,Sales Invoice,Sales Invoice,5,2025-08-25,2025-08-25 14:29:01.778660,ar.clerk@meridian.example,1310 - Debtors - MTC,1310,Debtors,Asset,299.6,0.0,Customer,Summit Rentals,"4130 - Freight Income - MTC,4110 - Sales - MTC",,Customer order Summit Rentals Aug 2025,Meridian Trading Co.
760934ba0a,ACC-SINV-2025-00419,P2,Sales Invoice,Sales Invoice,1,2025-08-25,2025-08-25 11:43:06.158593,ar.clerk@meridian.example,4110 - Sales - MTC,4110,Sales,Income,0.0,11.72,,,Bluepine Hardware,Warehouse - MTC,Customer order Bluepine Hardware Aug 2025,Meridian Trading Co.
a586348e09,ACC-SINV-2025-00419,P2,Sales Invoice,Sales Invoice,2,2025-08-25,2025-08-25 11:43:06.158593,ar.clerk@meridian.example,ST 6% - MTC,,ST 6%,Liability,0.0,0.7,,,Bluepine Hardware,Admin - MTC,Customer order Bluepine Hardware Aug 2025,Meridian Trading Co.
b083591fbe,ACC-SINV-2025-00419,P2,Sales Invoice,Sales Invoice,3,2025-08-25,2025-08-25 11:43:06.158593,ar.clerk@meridian.example,1310 - Debtors - MTC,1310,Debtors,Asset,12.42,0.0,Customer,Bluepine Hardware,4110 - Sales - MTC,,Customer order Bluepine Hardware Aug 2025,Meridian Trading Co.
4a4aed3884,ACC-JV-2025-00075,P2,Journal Entry,Journal Entry,1,2025-08-26,2025-08-26 15:19:51.267946,controller@meridian.example,5207 - Marketing Expenses - MTC,5207,Marketing Expenses,Expense,0.0,3041.9,,,5211 - Print and Stationery - MTC,Admin - MTC,,Meridian Trading Co.
78fc34505e,ACC-JV-2025-00075,P2,Journal Entry,Journal Entry,2,2025-08-26,2025-08-26 15:19:51.267946,controller@meridian.example,5211 - Print and Stationery - MTC,5211,Print and Stationery,Expense,3041.9,0.0,,,5207 - Marketing Expenses - MTC,Admin - MTC,,Meridian Trading Co.
0d318a406a,ACC-PAY-2025-00488,P2,Payment Entry,Payment Entry,1,2025-08-26,2025-08-26 12:58:00.603018,ap.clerk@meridian.example,1210 - Primary Checking - MTC,1210,Primary Checking,Asset,0.0,6373.79,,,Vulcan Materials Co,,Amount USD 6373.79 paid to Vulcan Materials Co | Transaction reference no ACH-25-00194 dated 2025-08-26 | Amount USD 6373.79 adjusted against Purchase Invoice ACC-PINV-2025-00194,Meridian Trading Co.
7b8b625969,ACC-PAY-2025-00488,P2,Payment Entry,Payment Entry,2,2025-08-26,2025-08-26 12:58:00.603018,ap.clerk@meridian.example,2110 - Creditors - MTC,2110,Creditors,Liability,6373.79,0.0,Supplier,Vulcan Materials Co,1210 - Primary Checking - MTC,,Amount USD 6373.79 paid to Vulcan Materials Co | Transaction reference no ACH-25-00194 dated 2025-08-26 | Amount USD 6373.79 adjusted against Purchase Invoice ACC-PINV-2025-00194,Meridian Trading Co.
03dfa4bedd,ACC-PAY-2025-00514,P2,Payment Entry,Payment Entry,1,2025-08-26,2025-08-26 13:00:17.700097,ar.clerk@meridian.example,1310 - Debtors - MTC,1310,Debtors,Asset,0.0,1225.08,Customer,Summit Rentals,1210 - Primary Checking - MTC,,Amount USD 1225.08 received from Summit Rentals | Transaction reference no ACH-25-00390 dated 2025-08-26 | Amount USD 1225.08 adjusted against Sales Invoice ACC-SINV-2025-00390,Meridian Trading Co.
848bb5ebe2,ACC-PAY-2025-00514,P2,Payment Entry,Payment Entry,2,2025-08-26,2025-08-26 13:00:17.700097,ar.clerk@meridian.example,1210 - Primary Checking - MTC,1210,Primary Checking,Asset,1225.08,0.0,,,Summit Rentals,,Amount USD 1225.08 received from Summit Rentals | Transaction reference no ACH-25-00390 dated 2025-08-26 | Amount USD 1225.08 adjusted against Sales Invoice ACC-SINV-2025-00390,Meridian Trading Co.
33862abcad,ACC-SINV-2025-00389,P2,Sales Invoice,Sales Invoice,1,2025-08-26,2025-08-26 11:15:33.788912,ar.clerk@meridian.example,4110 - Sales - MTC,4110,Sales,Income,0.0,1661.8,,,Halstrom Supply,Sales Ops - MTC,Customer order Halstrom Supply Aug 2025,Meridian Trading Co.
74690936bb,ACC-SINV-2025-00389,P2,Sales Invoice,Sales Invoice,2,2025-08-26,2025-08-26 11:15:33.788912,ar.clerk@meridian.example,1310 - Debtors - MTC,1310,Debtors,Asset,2234.35,0.0,Customer,Halstrom Supply,"4130 - Freight Income - MTC,4110 - Sales - MTC",,Customer order Halstrom Supply Aug 2025,Meridian Trading Co.
836a53aebe,ACC-SINV-2025-00389,P2,Sales Invoice,Sales Invoice,3,2025-08-26,2025-08-26 11:15:33.788912,ar.clerk@meridian.example,4130 - Freight Income - MTC,4130,Freight Income,Income,0.0,186.7,,,Halstrom Supply,Admin - MTC,Customer order Halstrom Supply Aug 2025,Meridian Trading Co.
8e16fe87a8,ACC-SINV-2025-00389,P2,Sales Invoice,Sales Invoice,4,2025-08-26,2025-08-26 11:15:33.788912,ar.clerk@meridian.example,4110 - Sales - MTC,4110,Sales,Income,0.0,259.38,,,Halstrom Supply,Warehouse - MTC,Customer order Halstrom Supply Aug 2025,Meridian Trading Co.
e124833bab,ACC-SINV-2025-00389,P2,Sales Invoice,Sales Invoice,5,2025-08-26,2025-08-26 11:15:33.788912,ar.clerk@meridian.example,ST 6% - MTC,,ST 6%,Liability,0.0,126.47,,,Halstrom Supply,Admin - MTC,Customer order Halstrom Supply Aug 2025,Meridian Trading Co.
8d7d818cba,ACC-SINV-2025-00410,P2,Sales Invoice,Sales Invoice,1,2025-08-26,2025-08-26 13:49:38.708037,ar.clerk@meridian.example,1310 - Debtors - MTC,1310,Debtors,Asset,17788.79,0.0,Customer,Pactrail Sports,"4110 - Sales - MTC,4120 - Service - MTC",,Customer order Pactrail Sports Aug 2025,Meridian Trading Co.
94100fcf96,ACC-SINV-2025-00410,P2,Sales Invoice,Sales Invoice,2,2025-08-26,2025-08-26 13:49:38.708037,ar.clerk@meridian.example,ST 6% - MTC,,ST 6%,Liability,0.0,1006.91,,,Pactrail Sports,Admin - MTC,Customer order Pactrail Sports Aug 2025,Meridian Trading Co.
ba04c5c08e,ACC-SINV-2025-00410,P2,Sales Invoice,Sales Invoice,3,2025-08-26,2025-08-26 13:49:38.708037,ar.clerk@meridian.example,4110 - Sales - MTC,4110,Sales,Income,0.0,88.06,,,Pactrail Sports,Warehouse - MTC,Customer order Pactrail Sports Aug 2025,Meridian Trading Co.
bd8c0a6bc5,ACC-SINV-2025-00410,P2,Sales Invoice,Sales Invoice,4,2025-08-26,2025-08-26 13:49:38.708037,ar.clerk@meridian.example,4120 - Service - MTC,4120,Service,Income,0.0,16693.82,,,Pactrail Sports,Warehouse - MTC,Customer order Pactrail Sports Aug 2025,Meridian Trading Co.
5135315337,ACC-SINV-2025-00429,P2,Sales Invoice,Sales Invoice,1,2025-08-26,2025-08-26 15:52:11.110811,ar.clerk@meridian.example,4110 - Sales - MTC,4110,Sales,Income,0.0,208.95,,,Summit Rentals,Warehouse - MTC,Customer order Summit Rentals Aug 2025,Meridian Trading Co.
72503fb706,ACC-SINV-2025-00429,P2,Sales Invoice,Sales Invoice,2,2025-08-26,2025-08-26 15:52:11.110811,ar.clerk@meridian.example,4140 - Installation Revenue - MTC,4140,Installation Revenue,Income,0.0,954.24,,,Summit Rentals,Sales Ops - MTC,Customer order Summit Rentals Aug 2025,Meridian Trading Co.
82328c85cd,ACC-SINV-2025-00429,P2,Sales Invoice,Sales Invoice,3,2025-08-26,2025-08-26 15:52:11.110811,ar.clerk@meridian.example,1310 - Debtors - MTC,1310,Debtors,Asset,1232.98,0.0,Customer,Summit Rentals,"4140 - Installation Revenue - MTC,4110 - Sales - MTC",,Customer order Summit Rentals Aug 2025,Meridian Trading Co.
bd68bd3fb4,ACC-SINV-2025-00429,P2,Sales Invoice,Sales Invoice,4,2025-08-26,2025-08-26 15:52:11.110811,ar.clerk@meridian.example,ST 6% - MTC,,ST 6%,Liability,0.0,69.79,,,Summit Rentals,Admin - MTC,Customer order Summit Rentals Aug 2025,Meridian Trading Co.
99f8550235,ACC-SINV-2025-00433,P2,Sales Invoice,Sales Invoice,1,2025-08-26,2025-08-26 14:05:36.156738,ar.clerk@meridian.example,1310 - Debtors - MTC,1310,Debtors,Asset,1231.41,0.0,Customer,Galehouse Media,4140 - Installation Revenue - MTC,,Customer order Galehouse Media Aug 2025,Meridian Trading Co.
fbdd83a97d,ACC-SINV-2025-00433,P2,Sales Invoice,Sales Invoice,2,2025-08-26,2025-08-26 14:05:36.156738,ar.clerk@meridian.example,4140 - Installation Revenue - MTC,4140,Installation Revenue,Income,0.0,1161.71,,,Galehouse Media,Sales Ops - MTC,Customer order Galehouse Media Aug 2025,Meridian Trading Co.
fde1968e73,ACC-SINV-2025-00433,P2,Sales Invoice,Sales Invoice,3,2025-08-26,2025-08-26 14:05:36.156738,ar.clerk@meridian.example,ST 6% - MTC,,ST 6%,Liability,0.0,69.7,,,Galehouse Media,Admin - MTC,Customer order Galehouse Media Aug 2025,Meridian Trading Co.
59871342cc,ACC-JV-2025-00074,P2,Journal Entry,Journal Entry,1,2025-08-27,2025-08-27 09:36:22.335096,controller@meridian.example,5217 - Utility Expenses - MTC,5217,Utility Expenses,Expense,10000.0,0.0,,,2150 - Accrued Expenses - MTC,Admin - MTC,,Meridian Trading Co.
e1688585ae,ACC-JV-2025-00074,P2,Journal Entry,Journal Entry,2,2025-08-27,2025-08-27 09:36:22.335096,controller@meridian.example,2150 - Accrued Expenses - MTC,2150,Accrued Expenses,Liability,0.0,10000.0,,,5217 - Utility Expenses - MTC,Admin - MTC,,Meridian Trading Co.
22a3eedff5,ACC-PINV-2025-00232,P2,Purchase Invoice,Purchase Invoice,1,2025-08-27,2025-08-27 09:44:08.980167,ap.clerk@meridian.example,5207 - Marketing Expenses - MTC,5207,Marketing Expenses,Expense,15129.68,0.0,,,Quill Marketing Group,Admin - MTC,Quill Marketing Group August 2025 billing,Meridian Trading Co.
f0fcbb4410,ACC-PINV-2025-00232,P2,Purchase Invoice,Purchase Invoice,2,2025-08-27,2025-08-27 09:44:08.980167,ap.clerk@meridian.example,2110 - Creditors - MTC,2110,Creditors,Liability,0.0,15129.68,Supplier,Quill Marketing Group,5207 - Marketing Expenses - MTC,,Quill Marketing Group August 2025 billing,Meridian Trading Co.
0c07b80f83,ACC-SINV-2025-00412,P2,Sales Invoice,Sales Invoice,1,2025-08-27,2025-08-27 10:34:58.213800,ar.clerk@meridian.example,4120 - Service - MTC,4120,Service,Income,0.0,6126.24,,,Pactrail Sports,Warehouse - MTC,Customer order Pactrail Sports Aug 2025,Meridian Trading Co.
b589009afd,ACC-SINV-2025-00412,P2,Sales Invoice,Sales Invoice,2,2025-08-27,2025-08-27 10:34:58.213800,ar.clerk@meridian.example,ST 6% - MTC,,ST 6%,Liability,0.0,367.57,,,Pactrail Sports,Admin - MTC,Customer order Pactrail Sports Aug 2025,Meridian Trading Co.
dd7aa87ba2,ACC-SINV-2025-00412,P2,Sales Invoice,Sales Invoice,3,2025-08-27,2025-08-27 10:34:58.213800,ar.clerk@meridian.example,1310 - Debtors - MTC,1310,Debtors,Asset,6493.81,0.0,Customer,Pactrail Sports,4120 - Service - MTC,,Customer order Pactrail Sports Aug 2025,Meridian Trading Co.
711e3d6f1b,ACC-JV-2025-00073,P2,Journal Entry,Journal Entry,1,2025-08-28,2025-08-28 18:24:04.765301,controller@meridian.example,5211 - Print and Stationery - MTC,5211,Print and Stationery,Expense,2706.92,0.0,,,5223 - Miscellaneous Expenses - MTC,Admin - MTC,,Meridian Trading Co.
73a1f4d806,ACC-JV-2025-00073,P2,Journal Entry,Journal Entry,2,2025-08-28,2025-08-28 18:24:04.765301,controller@meridian.example,5223 - Miscellaneous Expenses - MTC,5223,Miscellaneous Expenses,Expense,0.0,2706.92,,,5211 - Print and Stationery - MTC,Admin - MTC,,Meridian Trading Co.
5717d85a72,ACC-PAY-2025-00482,P2,Payment Entry,Payment Entry,1,2025-08-28,2025-08-28 09:04:58.159130,ap.clerk@meridian.example,2110 - Creditors - MTC,2110,Creditors,Liability,6163.94,0.0,Supplier,Orchard Wholesale,1210 - Primary Checking - MTC,,Amount USD 6163.94 paid to Orchard Wholesale | Transaction reference no ACH-25-00187 dated 2025-08-28 | Amount USD 6163.94 adjusted against Purchase Invoice ACC-PINV-2025-00187,Meridian Trading Co.
73865344cb,ACC-PAY-2025-00482,P2,Payment Entry,Payment Entry,2,2025-08-28,2025-08-28 09:04:58.159130,ap.clerk@meridian.example,1210 - Primary Checking - MTC,1210,Primary Checking,Asset,0.0,6163.94,,,Orchard Wholesale,,Amount USD 6163.94 paid to Orchard Wholesale | Transaction reference no ACH-25-00187 dated 2025-08-28 | Amount USD 6163.94 adjusted against Purchase Invoice ACC-PINV-2025-00187,Meridian Trading Co.
9444af65b1,ACC-PAY-2025-00507,P2,Payment Entry,Payment Entry,1,2025-08-28,2025-08-28 12:38:37.986409,ar.clerk@meridian.example,1310 - Debtors - MTC,1310,Debtors,Asset,0.0,940.75,Customer,Bluepine Hardware,1210 - Primary Checking - MTC,,Amount USD 940.75 received from Bluepine Hardware | Transaction reference no ACH-25-00380 dated 2025-08-28 | Amount USD 940.75 adjusted against Sales Invoice ACC-SINV-2025-00380,Meridian Trading Co.
f3ff4f7058,ACC-PAY-2025-00507,P2,Payment Entry,Payment Entry,2,2025-08-28,2025-08-28 12:38:37.986409,ar.clerk@meridian.example,1210 - Primary Checking - MTC,1210,Primary Checking,Asset,940.75,0.0,,,Bluepine Hardware,,Amount USD 940.75 received from Bluepine Hardware | Transaction reference no ACH-25-00380 dated 2025-08-28 | Amount USD 940.75 adjusted against Sales Invoice ACC-SINV-2025-00380,Meridian Trading Co.
2d19fa6d6d,ACC-PAY-2025-00553,P2,Payment Entry,Payment Entry,1,2025-08-28,2025-08-28 18:18:35.213416,ap.clerk@meridian.example,1210 - Primary Checking - MTC,1210,Primary Checking,Asset,0.0,16556.78,,,Orchard Wholesale,,Amount USD 16556.78 paid to Orchard Wholesale | Transaction reference no ACH-25-00214 dated 2025-08-28 | Amount USD 16556.78 adjusted against Purchase Invoice ACC-PINV-2025-00214,Meridian Trading Co.
c4d0da6e54,ACC-PAY-2025-00553,P2,Payment Entry,Payment Entry,2,2025-08-28,2025-08-28 18:18:35.213416,ap.clerk@meridian.example,2110 - Creditors - MTC,2110,Creditors,Liability,16556.78,0.0,Supplier,Orchard Wholesale,1210 - Primary Checking - MTC,,Amount USD 16556.78 paid to Orchard Wholesale | Transaction reference no ACH-25-00214 dated 2025-08-28 | Amount USD 16556.78 adjusted against Purchase Invoice ACC-PINV-2025-00214,Meridian Trading Co.
8bdc6e5b71,ACC-PINV-2025-00229,P2,Purchase Invoice,Purchase Invoice,1,2025-08-28,2025-08-28 09:53:03.531788,ap.clerk@meridian.example,2110 - Creditors - MTC,2110,Creditors,Liability,0.0,11537.7,Supplier,Metro Utilities,"5217 - Utility Expenses - MTC,5216 - Travel Expenses - MTC",,Metro Utilities August 2025 billing,Meridian Trading Co.
c788b122d9,ACC-PINV-2025-00229,P2,Purchase Invoice,Purchase Invoice,2,2025-08-28,2025-08-28 09:53:03.531788,ap.clerk@meridian.example,5217 - Utility Expenses - MTC,5217,Utility Expenses,Expense,11090.01,0.0,,,Metro Utilities,Admin - MTC,Metro Utilities August 2025 billing,Meridian Trading Co.
d827e509d5,ACC-PINV-2025-00229,P2,Purchase Invoice,Purchase Invoice,3,2025-08-28,2025-08-28 09:53:03.531788,ap.clerk@meridian.example,5216 - Travel Expenses - MTC,5216,Travel Expenses,Expense,447.69,0.0,,,Metro Utilities,Admin - MTC,Metro Utilities August 2025 billing,Meridian Trading Co.
4dec782bec,ACC-SINV-2025-00396,P2,Sales Invoice,Sales Invoice,1,2025-08-28,2025-08-28 08:38:08.419518,ar.clerk@meridian.example,1310 - Debtors - MTC,1310,Debtors,Asset,2150.29,0.0,Customer,Cascade Outfitters,4110 - Sales - MTC,,Customer order Cascade Outfitters Aug 2025,Meridian Trading Co.
a05d6ec2cf,ACC-SINV-2025-00396,P2,Sales Invoice,Sales Invoice,2,2025-08-28,2025-08-28 08:38:08.419518,ar.clerk@meridian.example,4110 - Sales - MTC,4110,Sales,Income,0.0,371.61,,,Cascade Outfitters,Sales Ops - MTC,Customer order Cascade Outfitters Aug 2025,Meridian Trading Co.
da8c6e02b2,ACC-SINV-2025-00396,P2,Sales Invoice,Sales Invoice,3,2025-08-28,2025-08-28 08:38:08.419518,ar.clerk@meridian.example,4110 - Sales - MTC,4110,Sales,Income,0.0,1656.97,,,Cascade Outfitters,Warehouse - MTC,Customer order Cascade Outfitters Aug 2025,Meridian Trading Co.
fb5f281aee,ACC-SINV-2025-00396,P2,Sales Invoice,Sales Invoice,4,2025-08-28,2025-08-28 08:38:08.419518,ar.clerk@meridian.example,ST 6% - MTC,,ST 6%,Liability,0.0,121.71,,,Cascade Outfitters,Admin - MTC,Customer order Cascade Outfitters Aug 2025,Meridian Trading Co.
666217bab0,ACC-SINV-2025-00400,P2,Sales Invoice,Sales Invoice,1,2025-08-28,2025-08-28 13:25:04.195147,ar.clerk@meridian.example,1310 - Debtors - MTC,1310,Debtors,Asset,721.14,0.0,Customer,Galehouse Media,4110 - Sales - MTC,,Customer order Galehouse Media Aug 2025,Meridian Trading Co.
7dc0038fb4,ACC-SINV-2025-00400,P2,Sales Invoice,Sales Invoice,2,2025-08-28,2025-08-28 13:25:04.195147,ar.clerk@meridian.example,4110 - Sales - MTC,4110,Sales,Income,0.0,492.0,,,Galehouse Media,Sales Ops - MTC,Customer order Galehouse Media Aug 2025,Meridian Trading Co.
9dec8bec47,ACC-SINV-2025-00400,P2,Sales Invoice,Sales Invoice,3,2025-08-28,2025-08-28 13:25:04.195147,ar.clerk@meridian.example,ST 6% - MTC,,ST 6%,Liability,0.0,40.82,,,Galehouse Media,Admin - MTC,Customer order Galehouse Media Aug 2025,Meridian Trading Co.
c17edd9ad8,ACC-SINV-2025-00400,P2,Sales Invoice,Sales Invoice,4,2025-08-28,2025-08-28 13:25:04.195147,ar.clerk@meridian.example,4110 - Sales - MTC,4110,Sales,Income,0.0,188.32,,,Galehouse Media,Warehouse - MTC,Customer order Galehouse Media Aug 2025,Meridian Trading Co.
456b906bc1,ACC-JV-2025-00068,P2,Journal Entry,Journal Entry,1,2025-08-29,2025-08-30 03:13:23.782857,batch.bot@meridian.example,5213 - Salary - MTC,5213,Salary,Expense,17915.8,0.0,,,"2120 - Payroll Payable - MTC, 2320 - Tax Withholding Payable - MTC",Warehouse - MTC,,Meridian Trading Co.
8657395bda,ACC-JV-2025-00068,P2,Journal Entry,Journal Entry,2,2025-08-29,2025-08-30 03:13:23.782857,batch.bot@meridian.example,5213 - Salary - MTC,5213,Salary,Expense,23988.99,0.0,,,"2120 - Payroll Payable - MTC, 2320 - Tax Withholding Payable - MTC",Sales Ops - MTC,,Meridian Trading Co.
8d4fd2151f,ACC-JV-2025-00068,P2,Journal Entry,Journal Entry,3,2025-08-29,2025-08-30 03:13:23.782857,batch.bot@meridian.example,2120 - Payroll Payable - MTC,2120,Payroll Payable,Liability,0.0,46639.28,,,5213 - Salary - MTC,Admin - MTC,,Meridian Trading Co.
93a86bd283,ACC-JV-2025-00068,P2,Journal Entry,Journal Entry,4,2025-08-29,2025-08-30 03:13:23.782857,batch.bot@meridian.example,2320 - Tax Withholding Payable - MTC,2320,Tax Withholding Payable,Liability,0.0,13462.88,,,5213 - Salary - MTC,Admin - MTC,,Meridian Trading Co.
bea59ce20f,ACC-JV-2025-00068,P2,Journal Entry,Journal Entry,5,2025-08-29,2025-08-30 03:13:23.782857,batch.bot@meridian.example,5213 - Salary - MTC,5213,Salary,Expense,18197.37,0.0,,,"2120 - Payroll Payable - MTC, 2320 - Tax Withholding Payable - MTC",Admin - MTC,,Meridian Trading Co.
6594ea7789,ACC-JV-2025-00070,P2,Journal Entry,Depreciation Entry,1,2025-08-29,2025-08-30 01:47:59.302867,batch.bot@meridian.example,5203 - Depreciation - MTC,5203,Depreciation,Expense,1258.34,0.0,,,1780 - Accumulated Depreciation - MTC,Admin - MTC,,Meridian Trading Co.
a1cc2e8eb2,ACC-JV-2025-00070,P2,Journal Entry,Depreciation Entry,2,2025-08-29,2025-08-30 01:47:59.302867,batch.bot@meridian.example,1780 - Accumulated Depreciation - MTC,1780,Accumulated Depreciation,Asset,0.0,3416.67,,,5203 - Depreciation - MTC,Admin - MTC,,Meridian Trading Co.
f86f11c133,ACC-JV-2025-00070,P2,Journal Entry,Depreciation Entry,3,2025-08-29,2025-08-30 01:47:59.302867,batch.bot@meridian.example,5203 - Depreciation - MTC,5203,Depreciation,Expense,2158.33,0.0,,,1780 - Accumulated Depreciation - MTC,Warehouse - MTC,,Meridian Trading Co.
4ae952314b,ACC-JV-2025-00071,P2,Journal Entry,Journal Entry,1,2025-08-29,2025-08-30 01:17:48.995907,batch.bot@meridian.example,1660 - Prepaid Expenses - MTC,1660,Prepaid Expenses,Asset,0.0,1450.0,,,5228 - Insurance Expense - MTC,Admin - MTC,,Meridian Trading Co.
581328ac89,ACC-JV-2025-00071,P2,Journal Entry,Journal Entry,2,2025-08-29,2025-08-30 01:17:48.995907,batch.bot@meridian.example,5228 - Insurance Expense - MTC,5228,Insurance Expense,Expense,1450.0,0.0,,,1660 - Prepaid Expenses - MTC,Admin - MTC,,Meridian Trading Co.
0a574cdcec,ACC-JV-2025-00072,P2,Journal Entry,Journal Entry,1,2025-08-29,2025-08-29 09:49:43.332085,controller@meridian.example,5209 - Office Rent - MTC,5209,Office Rent,Expense,4321.19,0.0,,,"5215 - Telephone Expenses - MTC, 5209 - Office Rent - MTC, 5217 - Utility Expenses - MTC",Sales Ops - MTC,,Meridian Trading Co.
1a15ab7149,ACC-JV-2025-00072,P2,Journal Entry,Journal Entry,2,2025-08-29,2025-08-29 09:49:43.332085,controller@meridian.example,5217 - Utility Expenses - MTC,5217,Utility Expenses,Expense,0.0,2089.24,,,"5215 - Telephone Expenses - MTC, 5209 - Office Rent - MTC, 5217 - Utility Expenses - MTC",Admin - MTC,,Meridian Trading Co.
2a04e545bb,ACC-JV-2025-00072,P2,Journal Entry,Journal Entry,3,2025-08-29,2025-08-29 09:49:43.332085,controller@meridian.example,5215 - Telephone Expenses - MTC,5215,Telephone Expenses,Expense,342.86,0.0,,,"5215 - Telephone Expenses - MTC, 5209 - Office Rent - MTC, 5217 - Utility Expenses - MTC",Sales Ops - MTC,,Meridian Trading Co.
51de58dfce,ACC-JV-2025-00072,P2,Journal Entry,Journal Entry,4,2025-08-29,2025-08-29 09:49:43.332085,controller@meridian.example,5217 - Utility Expenses - MTC,5217,Utility Expenses,Expense,914.04,0.0,,,"5215 - Telephone Expenses - MTC, 5209 - Office Rent - MTC, 5217 - Utility Expenses - MTC",Warehouse - MTC,,Meridian Trading Co.
b2f9b11c55,ACC-JV-2025-00072,P2,Journal Entry,Journal Entry,5,2025-08-29,2025-08-29 09:49:43.332085,controller@meridian.example,5209 - Office Rent - MTC,5209,Office Rent,Expense,3360.93,0.0,,,"5215 - Telephone Expenses - MTC, 5209 - Office Rent - MTC, 5217 - Utility Expenses - MTC",Warehouse - MTC,,Meridian Trading Co.
c5ed896ce9,ACC-JV-2025-00072,P2,Journal Entry,Journal Entry,6,2025-08-29,2025-08-29 09:49:43.332085,controller@meridian.example,5215 - Telephone Expenses - MTC,5215,Telephone Expenses,Expense,266.67,0.0,,,"5215 - Telephone Expenses - MTC, 5209 - Office Rent - MTC, 5217 - Utility Expenses - MTC",Warehouse - MTC,,Meridian Trading Co.
dc496d5baf,ACC-JV-2025-00072,P2,Journal Entry,Journal Entry,7,2025-08-29,2025-08-29 09:49:43.332085,controller@meridian.example,5209 - Office Rent - MTC,5209,Office Rent,Expense,0.0,7682.12,,,"5215 - Telephone Expenses - MTC, 5209 - Office Rent - MTC, 5217 - Utility Expenses - MTC",Admin - MTC,,Meridian Trading Co.
e361aa57b3,ACC-JV-2025-00072,P2,Journal Entry,Journal Entry,8,2025-08-29,2025-08-29 09:49:43.332085,controller@meridian.example,5215 - Telephone Expenses - MTC,5215,Telephone Expenses,Expense,0.0,609.53,,,"5215 - Telephone Expenses - MTC, 5209 - Office Rent - MTC, 5217 - Utility Expenses - MTC",Admin - MTC,,Meridian Trading Co.
e9c83140c9,ACC-JV-2025-00072,P2,Journal Entry,Journal Entry,9,2025-08-29,2025-08-29 09:49:43.332085,controller@meridian.example,5217 - Utility Expenses - MTC,5217,Utility Expenses,Expense,1175.2,0.0,,,"5215 - Telephone Expenses - MTC, 5209 - Office Rent - MTC, 5217 - Utility Expenses - MTC",Sales Ops - MTC,,Meridian Trading Co.
31cdd8720a,ACC-PAY-2025-00504,P2,Payment Entry,Payment Entry,1,2025-08-29,2025-08-29 17:56:37.083572,ap.clerk@meridian.example,2110 - Creditors - MTC,2110,Creditors,Liability,2618.3,0.0,Supplier,Sterling Equipment Leasing,1210 - Primary Checking - MTC,,Amount USD 2618.3 paid to Sterling Equipment Leasing | Transaction reference no ACH-25-00210 dated 2025-08-29 | Amount USD 2618.3 adjusted against Purchase Invoice ACC-PINV-2025-00210,Meridian Trading Co.
aaff692392,ACC-PAY-2025-00504,P2,Payment Entry,Payment Entry,2,2025-08-29,2025-08-29 17:56:37.083572,ap.clerk@meridian.example,1210 - Primary Checking - MTC,1210,Primary Checking,Asset,0.0,2618.3,,,Sterling Equipment Leasing,,Amount USD 2618.3 paid to Sterling Equipment Leasing | Transaction reference no ACH-25-00210 dated 2025-08-29 | Amount USD 2618.3 adjusted against Purchase Invoice ACC-PINV-2025-00210,Meridian Trading Co.
84fa25cb65,ACC-PAY-2025-00554,P2,Payment Entry,Payment Entry,1,2025-08-29,2025-08-29 13:02:45.427053,ap.clerk@meridian.example,2110 - Creditors - MTC,2110,Creditors,Liability,3693.73,0.0,Supplier,Orchard Wholesale,1210 - Primary Checking - MTC,,Amount USD 3693.73 paid to Orchard Wholesale | Transaction reference no ACH-25-00215 dated 2025-08-29 | Amount USD 3693.73 adjusted against Purchase Invoice ACC-PINV-2025-00215,Meridian Trading Co.
f51f896c39,ACC-PAY-2025-00554,P2,Payment Entry,Payment Entry,2,2025-08-29,2025-08-29 13:02:45.427053,ap.clerk@meridian.example,1210 - Primary Checking - MTC,1210,Primary Checking,Asset,0.0,3693.73,,,Orchard Wholesale,,Amount USD 3693.73 paid to Orchard Wholesale | Transaction reference no ACH-25-00215 dated 2025-08-29 | Amount USD 3693.73 adjusted against Purchase Invoice ACC-PINV-2025-00215,Meridian Trading Co.
0dcb43aaf9,ACC-PINV-2025-00218,P2,Purchase Invoice,Purchase Invoice,1,2025-08-29,2025-08-29 08:24:09.429366,ap.clerk@meridian.example,2110 - Creditors - MTC,2110,Creditors,Liability,0.0,10463.63,Supplier,Vulcan Materials Co,5111 - Cost of Goods Sold - MTC,,Vulcan Materials Co August 2025 billing,Meridian Trading Co.
89085d14b9,ACC-PINV-2025-00218,P2,Purchase Invoice,Purchase Invoice,2,2025-08-29,2025-08-29 08:24:09.429366,ap.clerk@meridian.example,5111 - Cost of Goods Sold - MTC,5111,Cost of Goods Sold,Expense,10463.63,0.0,,,Vulcan Materials Co,Warehouse - MTC,Vulcan Materials Co August 2025 billing,Meridian Trading Co.
2b94df21aa,ACC-SINV-2025-00402,P2,Sales Invoice,Sales Invoice,1,2025-08-29,2025-08-29 16:47:51.819033,ar.clerk@meridian.example,4110 - Sales - MTC,4110,Sales,Income,0.0,2336.26,,,Ferrous Works,Sales Ops - MTC,Customer order Ferrous Works Aug 2025,Meridian Trading Co.
40614ebcc5,ACC-SINV-2025-00402,P2,Sales Invoice,Sales Invoice,2,2025-08-29,2025-08-29 16:47:51.819033,ar.clerk@meridian.example,4110 - Sales - MTC,4110,Sales,Income,0.0,583.11,,,Ferrous Works,Warehouse - MTC,Customer order Ferrous Works Aug 2025,Meridian Trading Co.
5a9a85d2ce,ACC-SINV-2025-00402,P2,Sales Invoice,Sales Invoice,3,2025-08-29,2025-08-29 16:47:51.819033,ar.clerk@meridian.example,ST 6% - MTC,,ST 6%,Liability,0.0,175.16,,,Ferrous Works,Admin - MTC,Customer order Ferrous Works Aug 2025,Meridian Trading Co.
ebd8ba6343,ACC-SINV-2025-00402,P2,Sales Invoice,Sales Invoice,4,2025-08-29,2025-08-29 16:47:51.819033,ar.clerk@meridian.example,1310 - Debtors - MTC,1310,Debtors,Asset,3094.53,0.0,Customer,Ferrous Works,4110 - Sales - MTC,,Customer order Ferrous Works Aug 2025,Meridian Trading Co.
1482e99b58,ACC-SINV-2025-00405,P2,Sales Invoice,Sales Invoice,1,2025-08-29,2025-08-29 14:33:46.794676,ar.clerk@meridian.example,4110 - Sales - MTC,4110,Sales,Income,0.0,53.67,,,Redcedar Builders,Sales Ops - MTC,Customer order Redcedar Builders Aug 2025,Meridian Trading Co.
7d170aa5aa,ACC-SINV-2025-00405,P2,Sales Invoice,Sales Invoice,2,2025-08-29,2025-08-29 14:33:46.794676,ar.clerk@meridian.example,1310 - Debtors - MTC,1310,Debtors,Asset,1643.19,0.0,Customer,Redcedar Builders,4110 - Sales - MTC,,Customer order Redcedar Builders Aug 2025,Meridian Trading Co.
8ab1597839,ACC-SINV-2025-00405,P2,Sales Invoice,Sales Invoice,3,2025-08-29,2025-08-29 14:33:46.794676,ar.clerk@meridian.example,ST 6% - MTC,,ST 6%,Liability,0.0,93.01,,,Redcedar Builders,Admin - MTC,Customer order Redcedar Builders Aug 2025,Meridian Trading Co.
e01ff0fa0a,ACC-SINV-2025-00405,P2,Sales Invoice,Sales Invoice,4,2025-08-29,2025-08-29 14:33:46.794676,ar.clerk@meridian.example,4110 - Sales - MTC,4110,Sales,Income,0.0,1496.51,,,Redcedar Builders,Warehouse - MTC,Customer order Redcedar Builders Aug 2025,Meridian Trading Co.
45fd0a7a01,ACC-SINV-2025-00414,P2,Sales Invoice,Sales Invoice,1,2025-08-29,2025-08-29 15:32:18.006687,ar.clerk@meridian.example,ST 6% - MTC,,ST 6%,Liability,0.0,101.92,,,Juniper & Co,Admin - MTC,Customer order Juniper & Co Aug 2025,Meridian Trading Co.
887339cbdd,ACC-SINV-2025-00414,P2,Sales Invoice,Sales Invoice,2,2025-08-29,2025-08-29 15:32:18.006687,ar.clerk@meridian.example,4110 - Sales - MTC,4110,Sales,Income,0.0,1698.62,,,Juniper & Co,Sales Ops - MTC,Customer order Juniper & Co Aug 2025,Meridian Trading Co.
ee261b9454,ACC-SINV-2025-00414,P2,Sales Invoice,Sales Invoice,3,2025-08-29,2025-08-29 15:32:18.006687,ar.clerk@meridian.example,1310 - Debtors - MTC,1310,Debtors,Asset,1800.54,0.0,Customer,Juniper & Co,4110 - Sales - MTC,,Customer order Juniper & Co Aug 2025,Meridian Trading Co.
43210000d3,ACC-SINV-2025-00418,P2,Sales Invoice,Sales Invoice,1,2025-08-29,2025-08-29 14:21:54.641498,ar.clerk@meridian.example,4110 - Sales - MTC,4110,Sales,Income,0.0,65.8,,,Summit Rentals,Warehouse - MTC,Customer order Summit Rentals Aug 2025,Meridian Trading Co.
86ae07504c,ACC-SINV-2025-00418,P2,Sales Invoice,Sales Invoice,2,2025-08-29,2025-08-29 14:21:54.641498,ar.clerk@meridian.example,ST 6% - MTC,,ST 6%,Liability,0.0,604.29,,,Summit Rentals,Admin - MTC,Customer order Summit Rentals Aug 2025,Meridian Trading Co.
9e0f0e12d2,ACC-SINV-2025-00418,P2,Sales Invoice,Sales Invoice,3,2025-08-29,2025-08-29 14:21:54.641498,ar.clerk@meridian.example,4120 - Service - MTC,4120,Service,Income,0.0,9636.77,,,Summit Rentals,Warehouse - MTC,Customer order Summit Rentals Aug 2025,Meridian Trading Co.
a13363d7ca,ACC-SINV-2025-00418,P2,Sales Invoice,Sales Invoice,4,2025-08-29,2025-08-29 14:21:54.641498,ar.clerk@meridian.example,1310 - Debtors - MTC,1310,Debtors,Asset,10675.82,0.0,Customer,Summit Rentals,"4120 - Service - MTC,4110 - Sales - MTC",,Customer order Summit Rentals Aug 2025,Meridian Trading Co.
b4ce6febe8,ACC-SINV-2025-00418,P2,Sales Invoice,Sales Invoice,5,2025-08-29,2025-08-29 14:21:54.641498,ar.clerk@meridian.example,4110 - Sales - MTC,4110,Sales,Income,0.0,368.96,,,Summit Rentals,Sales Ops - MTC,Customer order Summit Rentals Aug 2025,Meridian Trading Co.
35045ba67f,ACC-PAY-2025-00452,P2,Payment Entry,Payment Entry,1,2025-08-30,2025-09-01 13:50:20.873316,ar.clerk@meridian.example,1210 - Primary Checking - MTC,1210,Primary Checking,Asset,5146.38,0.0,,,Ferrous Works,,Amount USD 5146.38 received from Ferrous Works | Transaction reference no ACH-25-00340 dated 2025-08-30 | Amount USD 5146.38 adjusted against Sales Invoice ACC-SINV-2025-00340,Meridian Trading Co.
dfb5bc9bee,ACC-PAY-2025-00452,P2,Payment Entry,Payment Entry,2,2025-08-30,2025-09-01 13:50:20.873316,ar.clerk@meridian.example,1310 - Debtors - MTC,1310,Debtors,Asset,0.0,5146.38,Customer,Ferrous Works,1210 - Primary Checking - MTC,,Amount USD 5146.38 received from Ferrous Works | Transaction reference no ACH-25-00340 dated 2025-08-30 | Amount USD 5146.38 adjusted against Sales Invoice ACC-SINV-2025-00340,Meridian Trading Co.
0de302327f,ACC-PAY-2025-00508,P2,Payment Entry,Payment Entry,1,2025-08-30,2025-09-01 10:48:15.603453,ar.clerk@meridian.example,1210 - Primary Checking - MTC,1210,Primary Checking,Asset,1076.39,0.0,,,Cascade Outfitters,,Amount USD 1076.39 received from Cascade Outfitters | Transaction reference no ACH-25-00381 dated 2025-08-30 | Amount USD 1076.39 adjusted against Sales Invoice ACC-SINV-2025-00381,Meridian Trading Co.
4fab1bc021,ACC-PAY-2025-00508,P2,Payment Entry,Payment Entry,2,2025-08-30,2025-09-01 10:48:15.603453,ar.clerk@meridian.example,1310 - Debtors - MTC,1310,Debtors,Asset,0.0,1076.39,Customer,Cascade Outfitters,1210 - Primary Checking - MTC,,Amount USD 1076.39 received from Cascade Outfitters | Transaction reference no ACH-25-00381 dated 2025-08-30 | Amount USD 1076.39 adjusted against Sales Invoice ACC-SINV-2025-00381,Meridian Trading Co.
bbe1bbfe2d,ACC-PAY-2025-00510,P2,Payment Entry,Payment Entry,1,2025-08-30,2025-09-01 14:51:59.723335,ar.clerk@meridian.example,1310 - Debtors - MTC,1310,Debtors,Asset,0.0,2662.05,Customer,Redcedar Builders,1210 - Primary Checking - MTC,,Amount USD 2662.05 received from Redcedar Builders | Transaction reference no ACH-25-00384 dated 2025-08-30 | Amount USD 2662.05 adjusted against Sales Invoice ACC-SINV-2025-00384,Meridian Trading Co.
fefe2fb936,ACC-PAY-2025-00510,P2,Payment Entry,Payment Entry,2,2025-08-30,2025-09-01 14:51:59.723335,ar.clerk@meridian.example,1210 - Primary Checking - MTC,1210,Primary Checking,Asset,2662.05,0.0,,,Redcedar Builders,,Amount USD 2662.05 received from Redcedar Builders | Transaction reference no ACH-25-00384 dated 2025-08-30 | Amount USD 2662.05 adjusted against Sales Invoice ACC-SINV-2025-00384,Meridian Trading Co.
9537d469d0,ACC-PAY-2025-00517,P2,Payment Entry,Payment Entry,1,2025-08-30,2025-09-01 09:50:57.455347,ar.clerk@meridian.example,1210 - Primary Checking - MTC,1210,Primary Checking,Asset,1025.75,0.0,,,Pactrail Sports,,Amount USD 1025.75 received from Pactrail Sports | Transaction reference no ACH-25-00393 dated 2025-08-30 | Amount USD 1025.75 adjusted against Sales Invoice ACC-SINV-2025-00393,Meridian Trading Co.
bda3a6937a,ACC-PAY-2025-00517,P2,Payment Entry,Payment Entry,2,2025-08-30,2025-09-01 09:50:57.455347,ar.clerk@meridian.example,1310 - Debtors - MTC,1310,Debtors,Asset,0.0,1025.75,Customer,Pactrail Sports,1210 - Primary Checking - MTC,,Amount USD 1025.75 received from Pactrail Sports | Transaction reference no ACH-25-00393 dated 2025-08-30 | Amount USD 1025.75 adjusted against Sales Invoice ACC-SINV-2025-00393,Meridian Trading Co.
4187cb1d71,ACC-PAY-2025-00572,P2,Payment Entry,Payment Entry,1,2025-08-30,2025-09-01 09:04:13.503498,ap.clerk@meridian.example,2110 - Creditors - MTC,2110,Creditors,Liability,1269.86,0.0,Supplier,Ironclad Security,1210 - Primary Checking - MTC,,Amount USD 1269.86 paid to Ironclad Security | Transaction reference no ACH-25-00235 dated 2025-08-30 | Amount USD 1269.86 adjusted against Purchase Invoice ACC-PINV-2025-00235,Meridian Trading Co.
9b10f98292,ACC-PAY-2025-00572,P2,Payment Entry,Payment Entry,2,2025-08-30,2025-09-01 09:04:13.503498,ap.clerk@meridian.example,1210 - Primary Checking - MTC,1210,Primary Checking,Asset,0.0,1269.86,,,Ironclad Security,,Amount USD 1269.86 paid to Ironclad Security | Transaction reference no ACH-25-00235 dated 2025-08-30 | Amount USD 1269.86 adjusted against Purchase Invoice ACC-PINV-2025-00235,Meridian Trading Co.
10889ffc0f,ACC-PAY-2025-00557,P2,Payment Entry,Payment Entry,1,2025-08-31,2025-09-01 11:05:16.145377,ap.clerk@meridian.example,1210 - Primary Checking - MTC,1210,Primary Checking,Asset,0.0,4426.36,,,Vulcan Materials Co,,Amount USD 4426.36 paid to Vulcan Materials Co | Transaction reference no ACH-25-00219 dated 2025-08-31 | Amount USD 4426.36 adjusted against Purchase Invoice ACC-PINV-2025-00219,Meridian Trading Co.
3a430e0681,ACC-PAY-2025-00557,P2,Payment Entry,Payment Entry,2,2025-08-31,2025-09-01 11:05:16.145377,ap.clerk@meridian.example,2110 - Creditors - MTC,2110,Creditors,Liability,4426.36,0.0,Supplier,Vulcan Materials Co,1210 - Primary Checking - MTC,,Amount USD 4426.36 paid to Vulcan Materials Co | Transaction reference no ACH-25-00219 dated 2025-08-31 | Amount USD 4426.36 adjusted against Purchase Invoice ACC-PINV-2025-00219,Meridian Trading Co.
18dab1e253,ACC-JV-2025-00069,P2,Journal Entry,Bank Entry,1,2025-09-01,2025-09-02 03:00:15.755876,batch.bot@meridian.example,1210 - Primary Checking - MTC,1210,Primary Checking,Asset,0.0,46639.28,,,2120 - Payroll Payable - MTC,Admin - MTC,Reference #REF-20250901 dated 09-01-2025,Meridian Trading Co.
dba1f7cc64,ACC-JV-2025-00069,P2,Journal Entry,Bank Entry,2,2025-09-01,2025-09-02 03:00:15.755876,batch.bot@meridian.example,2120 - Payroll Payable - MTC,2120,Payroll Payable,Liability,46639.28,0.0,,,1210 - Primary Checking - MTC,Admin - MTC,Reference #REF-20250901 dated 09-01-2025,Meridian Trading Co.
019e5dde39,ACC-PAY-2025-00564,P2,Payment Entry,Payment Entry,1,2025-09-01,2025-09-01 10:20:05.829517,ap.clerk@meridian.example,2110 - Creditors - MTC,2110,Creditors,Liability,17914.16,0.0,Supplier,Stateside Insurance,1210 - Primary Checking - MTC,,Amount USD 17914.16 paid to Stateside Insurance | Transaction reference no ACH-25-00227 dated 2025-09-01 | Amount USD 17914.16 adjusted against Purchase Invoice ACC-PINV-2025-00227,Meridian Trading Co.
a169f13721,ACC-PAY-2025-00564,P2,Payment Entry,Payment Entry,2,2025-09-01,2025-09-01 10:20:05.829517,ap.clerk@meridian.example,1210 - Primary Checking - MTC,1210,Primary Checking,Asset,0.0,17914.16,,,Stateside Insurance,,Amount USD 17914.16 paid to Stateside Insurance | Transaction reference no ACH-25-00227 dated 2025-09-01 | Amount USD 17914.16 adjusted against Purchase Invoice ACC-PINV-2025-00227,Meridian Trading Co.
307c977317,ACC-PINV-2025-00247,P2,Purchase Invoice,Purchase Invoice,1,2025-09-01,2025-09-01 13:01:33.069835,ap.clerk@meridian.example,5210 - Postal Expenses - MTC,5210,Postal Expenses,Expense,1944.09,0.0,,,Beacon Freight,Admin - MTC,Beacon Freight September 2025 billing,Meridian Trading Co.
7b4ae8855e,ACC-PINV-2025-00247,P2,Purchase Invoice,Purchase Invoice,2,2025-09-01,2025-09-01 13:01:33.069835,ap.clerk@meridian.example,5205 - Freight and Forwarding Charges - MTC,5205,Freight and Forwarding Charges,Expense,12292.22,0.0,,,Beacon Freight,Admin - MTC,Beacon Freight September 2025 billing,Meridian Trading Co.
8615e1501f,ACC-PINV-2025-00247,P2,Purchase Invoice,Purchase Invoice,3,2025-09-01,2025-09-01 13:01:33.069835,ap.clerk@meridian.example,2110 - Creditors - MTC,2110,Creditors,Liability,0.0,14236.31,Supplier,Beacon Freight,"5205 - Freight and Forwarding Charges - MTC,5210 - Postal Expenses - MTC",,Beacon Freight September 2025 billing,Meridian Trading Co.
0e7a68a5ff,ACC-SINV-2025-00469,P2,Sales Invoice,Sales Invoice,1,2025-09-01,2025-09-01 15:37:15.375862,ar.clerk@meridian.example,4110 - Sales - MTC,4110,Sales,Income,0.0,2626.58,,,Ferrous Works,Sales Ops - MTC,Customer order Ferrous Works Sep 2025,Meridian Trading Co.
383c2db96b,ACC-SINV-2025-00469,P2,Sales Invoice,Sales Invoice,2,2025-09-01,2025-09-01 15:37:15.375862,ar.clerk@meridian.example,1310 - Debtors - MTC,1310,Debtors,Asset,2784.17,0.0,Customer,Ferrous Works,4110 - Sales - MTC,,Customer order Ferrous Works Sep 2025,Meridian Trading Co.
c2c27cf704,ACC-SINV-2025-00469,P2,Sales Invoice,Sales Invoice,3,2025-09-01,2025-09-01 15:37:15.375862,ar.clerk@meridian.example,ST 6% - MTC,,ST 6%,Liability,0.0,157.59,,,Ferrous Works,Admin - MTC,Customer order Ferrous Works Sep 2025,Meridian Trading Co.
20ddefe5ce,ACC-PAY-2025-00502,P2,Payment Entry,Payment Entry,1,2025-09-02,2025-09-02 09:24:01.402412,ap.clerk@meridian.example,2110 - Creditors - MTC,2110,Creditors,Liability,5597.18,0.0,Supplier,Quill Marketing Group,1210 - Primary Checking - MTC,,Amount USD 5597.18 paid to Quill Marketing Group | Transaction reference no ACH-25-00208 dated 2025-09-02 | Amount USD 5597.18 adjusted against Purchase Invoice ACC-PINV-2025-00208,Meridian Trading Co.
5d79485b81,ACC-PAY-2025-00502,P2,Payment Entry,Payment Entry,2,2025-09-02,2025-09-02 09:24:01.402412,ap.clerk@meridian.example,1210 - Primary Checking - MTC,1210,Primary Checking,Asset,0.0,5597.18,,,Quill Marketing Group,,Amount USD 5597.18 paid to Quill Marketing Group | Transaction reference no ACH-25-00208 dated 2025-09-02 | Amount USD 5597.18 adjusted against Purchase Invoice ACC-PINV-2025-00208,Meridian Trading Co.
0cda5e9cc7,ACC-PAY-2025-00546,P2,Payment Entry,Payment Entry,1,2025-09-02,2025-09-02 16:25:12.432364,ar.clerk@meridian.example,1310 - Debtors - MTC,1310,Debtors,Asset,0.0,9318.28,Customer,Ferrous Works,1210 - Primary Checking - MTC,,Amount USD 9318.28 received from Ferrous Works | Transaction reference no ACH-25-00428 dated 2025-09-02 | Amount USD 9318.28 adjusted against Sales Invoice ACC-SINV-2025-00428,Meridian Trading Co.
f78e55505a,ACC-PAY-2025-00546,P2,Payment Entry,Payment Entry,2,2025-09-02,2025-09-02 16:25:12.432364,ar.clerk@meridian.example,1210 - Primary Checking - MTC,1210,Primary Checking,Asset,9318.28,0.0,,,Ferrous Works,,Amount USD 9318.28 received from Ferrous Works | Transaction reference no ACH-25-00428 dated 2025-09-02 | Amount USD 9318.28 adjusted against Sales Invoice ACC-SINV-2025-00428,Meridian Trading Co.
3017e3cb46,ACC-PAY-2025-00575,P2,Payment Entry,Payment Entry,1,2025-09-02,2025-09-02 16:28:34.064126,ap.clerk@meridian.example,1210 - Primary Checking - MTC,1210,Primary Checking,Asset,0.0,4163.03,,,Granite Janitorial,,Amount USD 4163.03 paid to Granite Janitorial | Transaction reference no ACH-25-00238 dated 2025-09-02 | Amount USD 4163.03 adjusted against Purchase Invoice ACC-PINV-2025-00238,Meridian Trading Co.
6447892cbc,ACC-PAY-2025-00575,P2,Payment Entry,Payment Entry,2,2025-09-02,2025-09-02 16:28:34.064126,ap.clerk@meridian.example,2110 - Creditors - MTC,2110,Creditors,Liability,4163.03,0.0,Supplier,Granite Janitorial,1210 - Primary Checking - MTC,,Amount USD 4163.03 paid to Granite Janitorial | Transaction reference no ACH-25-00238 dated 2025-09-02 | Amount USD 4163.03 adjusted against Purchase Invoice ACC-PINV-2025-00238,Meridian Trading Co.
607f44c528,ACC-SINV-2025-00482,P2,Sales Invoice,Sales Invoice,1,2025-09-02,2025-09-02 09:52:56.164479,ar.clerk@meridian.example,1310 - Debtors - MTC,1310,Debtors,Asset,1297.23,0.0,Customer,Redcedar Builders,4110 - Sales - MTC,,Customer order Redcedar Builders Sep 2025,Meridian Trading Co.
6b95d94920,ACC-SINV-2025-00482,P2,Sales Invoice,Sales Invoice,2,2025-09-02,2025-09-02 09:52:56.164479,ar.clerk@meridian.example,4110 - Sales - MTC,4110,Sales,Income,0.0,282.04,,,Redcedar Builders,Warehouse - MTC,Customer order Redcedar Builders Sep 2025,Meridian Trading Co.
87acd89619,ACC-SINV-2025-00482,P2,Sales Invoice,Sales Invoice,3,2025-09-02,2025-09-02 09:52:56.164479,ar.clerk@meridian.example,4110 - Sales - MTC,4110,Sales,Income,0.0,941.76,,,Redcedar Builders,Sales Ops - MTC,Customer order Redcedar Builders Sep 2025,Meridian Trading Co.
90a81b716a,ACC-SINV-2025-00482,P2,Sales Invoice,Sales Invoice,4,2025-09-02,2025-09-02 09:52:56.164479,ar.clerk@meridian.example,ST 6% - MTC,,ST 6%,Liability,0.0,73.43,,,Redcedar Builders,Admin - MTC,Customer order Redcedar Builders Sep 2025,Meridian Trading Co.
439ce58ebe,ACC-SINV-2025-00439,P2,Sales Invoice,Sales Invoice,1,2025-09-03,2025-09-03 16:34:02.780621,ar.clerk@meridian.example,1310 - Debtors - MTC,1310,Debtors,Asset,1849.67,0.0,Customer,Redcedar Builders,"4110 - Sales - MTC,4130 - Freight Income - MTC",,Customer order Redcedar Builders Sep 2025,Meridian Trading Co.
7fec60aabf,ACC-SINV-2025-00439,P2,Sales Invoice,Sales Invoice,2,2025-09-03,2025-09-03 16:34:02.780621,ar.clerk@meridian.example,4110 - Sales - MTC,4110,Sales,Income,0.0,595.71,,,Redcedar Builders,Sales Ops - MTC,Customer order Redcedar Builders Sep 2025,Meridian Trading Co.
7feffc3574,ACC-SINV-2025-00439,P2,Sales Invoice,Sales Invoice,3,2025-09-03,2025-09-03 16:34:02.780621,ar.clerk@meridian.example,4130 - Freight Income - MTC,4130,Freight Income,Income,0.0,1149.26,,,Redcedar Builders,Admin - MTC,Customer order Redcedar Builders Sep 2025,Meridian Trading Co.
90ffe90bfb,ACC-SINV-2025-00439,P2,Sales Invoice,Sales Invoice,4,2025-09-03,2025-09-03 16:34:02.780621,ar.clerk@meridian.example,ST 6% - MTC,,ST 6%,Liability,0.0,104.7,,,Redcedar Builders,Admin - MTC,Customer order Redcedar Builders Sep 2025,Meridian Trading Co.
1423634242,ACC-SINV-2025-00446,P2,Sales Invoice,Sales Invoice,1,2025-09-03,2025-09-09 13:57:29.390923,ar.clerk@meridian.example,4110 - Sales - MTC,4110,Sales,Income,0.0,32.32,,,Juniper & Co,Sales Ops - MTC,Customer order Juniper & Co Sep 2025,Meridian Trading Co.
29716d4e99,ACC-SINV-2025-00446,P2,Sales Invoice,Sales Invoice,2,2025-09-03,2025-09-09 13:57:29.390923,ar.clerk@meridian.example,4110 - Sales - MTC,4110,Sales,Income,0.0,1236.48,,,Juniper & Co,Warehouse - MTC,Customer order Juniper & Co Sep 2025,Meridian Trading Co.
31cf691222,ACC-SINV-2025-00446,P2,Sales Invoice,Sales Invoice,3,2025-09-03,2025-09-09 13:57:29.390923,ar.clerk@meridian.example,1310 - Debtors - MTC,1310,Debtors,Asset,1344.93,0.0,Customer,Juniper & Co,4110 - Sales - MTC,,Customer order Juniper & Co Sep 2025,Meridian Trading Co.
c87f481640,ACC-SINV-2025-00446,P2,Sales Invoice,Sales Invoice,4,2025-09-03,2025-09-09 13:57:29.390923,ar.clerk@meridian.example,ST 6% - MTC,,ST 6%,Liability,0.0,76.13,,,Juniper & Co,Admin - MTC,Customer order Juniper & Co Sep 2025,Meridian Trading Co.
a92152a935,ACC-SINV-2025-00485,P2,Sales Invoice,Sales Invoice,1,2025-09-03,2025-09-03 16:01:12.753610,ar.clerk@meridian.example,1310 - Debtors - MTC,1310,Debtors,Asset,487.78,0.0,Customer,Brightline Offices,4140 - Installation Revenue - MTC,,Customer order Brightline Offices Sep 2025,Meridian Trading Co.
b032adf6e5,ACC-SINV-2025-00485,P2,Sales Invoice,Sales Invoice,2,2025-09-03,2025-09-03 16:01:12.753610,ar.clerk@meridian.example,ST 6% - MTC,,ST 6%,Liability,0.0,27.61,,,Brightline Offices,Admin - MTC,Customer order Brightline Offices Sep 2025,Meridian Trading Co.
ce5d70126c,ACC-SINV-2025-00485,P2,Sales Invoice,Sales Invoice,3,2025-09-03,2025-09-03 16:01:12.753610,ar.clerk@meridian.example,4140 - Installation Revenue - MTC,4140,Installation Revenue,Income,0.0,460.17,,,Brightline Offices,Sales Ops - MTC,Customer order Brightline Offices Sep 2025,Meridian Trading Co.
589ab9eb8b,ACC-PAY-2025-00478,P2,Payment Entry,Payment Entry,1,2025-09-04,2025-09-04 16:10:20.292478,ar.clerk@meridian.example,1210 - Primary Checking - MTC,1210,Primary Checking,Asset,1522.68,0.0,,,Galehouse Media,,Amount USD 1522.68 received from Galehouse Media | Transaction reference no ACH-25-00373 dated 2025-09-04 | Amount USD 1522.68 adjusted against Sales Invoice ACC-SINV-2025-00373,Meridian Trading Co.
5cee097640,ACC-PAY-2025-00478,P2,Payment Entry,Payment Entry,2,2025-09-04,2025-09-04 16:10:20.292478,ar.clerk@meridian.example,1310 - Debtors - MTC,1310,Debtors,Asset,0.0,1522.68,Customer,Galehouse Media,1210 - Primary Checking - MTC,,Amount USD 1522.68 received from Galehouse Media | Transaction reference no ACH-25-00373 dated 2025-09-04 | Amount USD 1522.68 adjusted against Sales Invoice ACC-SINV-2025-00373,Meridian Trading Co.
1ed42e9bf0,ACC-PAY-2025-00493,P2,Payment Entry,Payment Entry,1,2025-09-04,2025-09-04 11:22:00.228625,ap.clerk@meridian.example,1210 - Primary Checking - MTC,1210,Primary Checking,Asset,0.0,14364.19,,,Cobalt IT Services,,Amount USD 14364.19 paid to Cobalt IT Services | Transaction reference no ACH-25-00199 dated 2025-09-04 | Amount USD 14364.19 adjusted against Purchase Invoice ACC-PINV-2025-00199,Meridian Trading Co.
d7a9627d66,ACC-PAY-2025-00493,P2,Payment Entry,Payment Entry,2,2025-09-04,2025-09-04 11:22:00.228625,ap.clerk@meridian.example,2110 - Creditors - MTC,2110,Creditors,Liability,14364.19,0.0,Supplier,Cobalt IT Services,1210 - Primary Checking - MTC,,Amount USD 14364.19 paid to Cobalt IT Services | Transaction reference no ACH-25-00199 dated 2025-09-04 | Amount USD 14364.19 adjusted against Purchase Invoice ACC-PINV-2025-00199,Meridian Trading Co.
31420cbe1b,ACC-PAY-2025-00500,P2,Payment Entry,Payment Entry,1,2025-09-04,2025-09-04 12:08:39.434060,ap.clerk@meridian.example,1210 - Primary Checking - MTC,1210,Primary Checking,Asset,0.0,5938.62,,,Quill Marketing Group,,Amount USD 5938.62 paid to Quill Marketing Group | Transaction reference no ACH-25-00206 dated 2025-09-04 | Amount USD 5938.62 adjusted against Purchase Invoice ACC-PINV-2025-00206,Meridian Trading Co.
c5e3842d48,ACC-PAY-2025-00500,P2,Payment Entry,Payment Entry,2,2025-09-04,2025-09-04 12:08:39.434060,ap.clerk@meridian.example,2110 - Creditors - MTC,2110,Creditors,Liability,5938.62,0.0,Supplier,Quill Marketing Group,1210 - Primary Checking - MTC,,Amount USD 5938.62 paid to Quill Marketing Group | Transaction reference no ACH-25-00206 dated 2025-09-04 | Amount USD 5938.62 adjusted against Purchase Invoice ACC-PINV-2025-00206,Meridian Trading Co.
2a2c5cfd4c,ACC-PAY-2025-00549,P2,Payment Entry,Payment Entry,1,2025-09-04,2025-09-04 10:27:33.175235,ar.clerk@meridian.example,1210 - Primary Checking - MTC,1210,Primary Checking,Asset,1421.94,0.0,,,Ovation Events,,Amount USD 1421.94 received from Ovation Events | Transaction reference no ACH-25-00431 dated 2025-09-04 | Amount USD 1421.94 adjusted against Sales Invoice ACC-SINV-2025-00431,Meridian Trading Co.
f079eebb30,ACC-PAY-2025-00549,P2,Payment Entry,Payment Entry,2,2025-09-04,2025-09-04 10:27:33.175235,ar.clerk@meridian.example,1310 - Debtors - MTC,1310,Debtors,Asset,0.0,1421.94,Customer,Ovation Events,1210 - Primary Checking - MTC,,Amount USD 1421.94 received from Ovation Events | Transaction reference no ACH-25-00431 dated 2025-09-04 | Amount USD 1421.94 adjusted against Sales Invoice ACC-SINV-2025-00431,Meridian Trading Co.
98335d6013,ACC-PAY-2025-00561,P2,Payment Entry,Payment Entry,1,2025-09-04,2025-09-04 11:04:34.964975,ap.clerk@meridian.example,2110 - Creditors - MTC,2110,Creditors,Liability,4929.89,0.0,Supplier,Beacon Freight,1210 - Primary Checking - MTC,,Amount USD 4929.89 paid to Beacon Freight | Transaction reference no ACH-25-00223 dated 2025-09-04 | Amount USD 4929.89 adjusted against Purchase Invoice ACC-PINV-2025-00223,Meridian Trading Co.
cdfe2311ce,ACC-PAY-2025-00561,P2,Payment Entry,Payment Entry,2,2025-09-04,2025-09-04 11:04:34.964975,ap.clerk@meridian.example,1210 - Primary Checking - MTC,1210,Primary Checking,Asset,0.0,4929.89,,,Beacon Freight,,Amount USD 4929.89 paid to Beacon Freight | Transaction reference no ACH-25-00223 dated 2025-09-04 | Amount USD 4929.89 adjusted against Purchase Invoice ACC-PINV-2025-00223,Meridian Trading Co.
0603075963,ACC-PINV-2025-00252,P2,Purchase Invoice,Purchase Invoice,1,2025-09-04,2025-09-04 10:47:14.438771,ap.clerk@meridian.example,5230 - IT and Software Expenses - MTC,5230,IT and Software Expenses,Expense,11200.61,0.0,,,Cobalt IT Services,Admin - MTC,Cobalt IT Services September 2025 billing,Meridian Trading Co.
24d170f9dc,ACC-PINV-2025-00252,P2,Purchase Invoice,Purchase Invoice,2,2025-09-04,2025-09-04 10:47:14.438771,ap.clerk@meridian.example,2110 - Creditors - MTC,2110,Creditors,Liability,0.0,13531.63,Supplier,Cobalt IT Services,"5230 - IT and Software Expenses - MTC,5215 - Telephone Expenses - MTC",,Cobalt IT Services September 2025 billing,Meridian Trading Co.
5c7be8bcdf,ACC-PINV-2025-00252,P2,Purchase Invoice,Purchase Invoice,3,2025-09-04,2025-09-04 10:47:14.438771,ap.clerk@meridian.example,5215 - Telephone Expenses - MTC,5215,Telephone Expenses,Expense,2331.02,0.0,,,Cobalt IT Services,Admin - MTC,Cobalt IT Services September 2025 billing,Meridian Trading Co.
0cd1005038,ACC-SINV-2025-00441,P2,Sales Invoice,Sales Invoice,1,2025-09-04,2025-09-04 12:46:29.469667,ar.clerk@meridian.example,4110 - Sales - MTC,4110,Sales,Income,0.0,148.72,,,Juniper & Co,Warehouse - MTC,Customer order Juniper & Co Sep 2025,Meridian Trading Co.
97a836b9bb,ACC-SINV-2025-00441,P2,Sales Invoice,Sales Invoice,2,2025-09-04,2025-09-04 12:46:29.469667,ar.clerk@meridian.example,ST 6% - MTC,,ST 6%,Liability,0.0,135.77,,,Juniper & Co,Admin - MTC,Customer order Juniper & Co Sep 2025,Meridian Trading Co.
ae270250c0,ACC-SINV-2025-00441,P2,Sales Invoice,Sales Invoice,3,2025-09-04,2025-09-04 12:46:29.469667,ar.clerk@meridian.example,1310 - Debtors - MTC,1310,Debtors,Asset,2398.54,0.0,Customer,Juniper & Co,4110 - Sales - MTC,,Customer order Juniper & Co Sep 2025,Meridian Trading Co.
cec8b28291,ACC-SINV-2025-00441,P2,Sales Invoice,Sales Invoice,4,2025-09-04,2025-09-04 12:46:29.469667,ar.clerk@meridian.example,4110 - Sales - MTC,4110,Sales,Income,0.0,2114.05,,,Juniper & Co,Sales Ops - MTC,Customer order Juniper & Co Sep 2025,Meridian Trading Co.
267c06523c,ACC-SINV-2025-00443,P2,Sales Invoice,Sales Invoice,1,2025-09-04,2025-09-04 18:01:16.214258,ar.clerk@meridian.example,4110 - Sales - MTC,4110,Sales,Income,0.0,1079.5,,,Northwind Retail,Warehouse - MTC,Customer order Northwind Retail Sep 2025,Meridian Trading Co.
626f02b958,ACC-SINV-2025-00443,P2,Sales Invoice,Sales Invoice,2,2025-09-04,2025-09-04 18:01:16.214258,ar.clerk@meridian.example,ST 6% - MTC,,ST 6%,Liability,0.0,241.17,,,Northwind Retail,Admin - MTC,Customer order Northwind Retail Sep 2025,Meridian Trading Co.
68c9fa0f2c,ACC-SINV-2025-00443,P2,Sales Invoice,Sales Invoice,3,2025-09-04,2025-09-04 18:01:16.214258,ar.clerk@meridian.example,4110 - Sales - MTC,4110,Sales,Income,0.0,1347.03,,,Northwind Retail,Sales Ops - MTC,Customer order Northwind Retail Sep 2025,Meridian Trading Co.
e09c579ef1,ACC-SINV-2025-00443,P2,Sales Invoice,Sales Invoice,4,2025-09-04,2025-09-04 18:01:16.214258,ar.clerk@meridian.example,4130 - Freight Income - MTC,4130,Freight Income,Income,0.0,1593.0,,,Northwind Retail,Admin - MTC,Customer order Northwind Retail Sep 2025,Meridian Trading Co.
f6028cd79e,ACC-SINV-2025-00443,P2,Sales Invoice,Sales Invoice,5,2025-09-04,2025-09-04 18:01:16.214258,ar.clerk@meridian.example,1310 - Debtors - MTC,1310,Debtors,Asset,4260.7,0.0,Customer,Northwind Retail,"4110 - Sales - MTC,4130 - Freight Income - MTC",,Customer order Northwind Retail Sep 2025,Meridian Trading Co.
8978c8434a,ACC-SINV-2025-00465,P2,Sales Invoice,Sales Invoice,1,2025-09-04,2025-09-04 16:32:36.408519,ar.clerk@meridian.example,1310 - Debtors - MTC,1310,Debtors,Asset,3520.84,0.0,Customer,Galehouse Media,"4120 - Service - MTC,4110 - Sales - MTC",,Customer order Galehouse Media Sep 2025,Meridian Trading Co.
8e9872915f,ACC-SINV-2025-00465,P2,Sales Invoice,Sales Invoice,2,2025-09-04,2025-09-04 16:32:36.408519,ar.clerk@meridian.example,4120 - Service - MTC,4120,Service,Income,0.0,1733.45,,,Galehouse Media,Sales Ops - MTC,Customer order Galehouse Media Sep 2025,Meridian Trading Co.
c95b4c273c,ACC-SINV-2025-00465,P2,Sales Invoice,Sales Invoice,3,2025-09-04,2025-09-04 16:32:36.408519,ar.clerk@meridian.example,4110 - Sales - MTC,4110,Sales,Income,0.0,81.1,,,Galehouse Media,Sales Ops - MTC,Customer order Galehouse Media Sep 2025,Meridian Trading Co.
ca976a3af4,ACC-SINV-2025-00465,P2,Sales Invoice,Sales Invoice,4,2025-09-04,2025-09-04 16:32:36.408519,ar.clerk@meridian.example,ST 6% - MTC,,ST 6%,Liability,0.0,199.29,,,Galehouse Media,Admin - MTC,Customer order Galehouse Media Sep 2025,Meridian Trading Co.
cfabe42d16,ACC-SINV-2025-00465,P2,Sales Invoice,Sales Invoice,5,2025-09-04,2025-09-04 16:32:36.408519,ar.clerk@meridian.example,4110 - Sales - MTC,4110,Sales,Income,0.0,1507.0,,,Galehouse Media,Warehouse - MTC,Customer order Galehouse Media Sep 2025,Meridian Trading Co.
7350b07cc7,ACC-PAY-2025-00547,P2,Payment Entry,Payment Entry,1,2025-09-05,2025-09-05 16:45:41.030475,ar.clerk@meridian.example,1210 - Primary Checking - MTC,1210,Primary Checking,Asset,628.82,0.0,,,Summit Rentals,,Amount USD 628.82 received from Summit Rentals | Transaction reference no ACH-25-00429 dated 2025-09-05 | Amount USD 628.82 adjusted against Sales Invoice ACC-SINV-2025-00429,Meridian Trading Co.
b919a80d62,ACC-PAY-2025-00547,P2,Payment Entry,Payment Entry,2,2025-09-05,2025-09-05 16:45:41.030475,ar.clerk@meridian.example,1310 - Debtors - MTC,1310,Debtors,Asset,0.0,628.82,Customer,Summit Rentals,1210 - Primary Checking - MTC,,Amount USD 628.82 received from Summit Rentals | Transaction reference no ACH-25-00429 dated 2025-09-05 | Amount USD 628.82 adjusted against Sales Invoice ACC-SINV-2025-00429,Meridian Trading Co.
81b2a427bc,ACC-SINV-2025-00434,P2,Sales Invoice,Credit Note,1,2025-09-05,2025-09-05 14:06:11.287533,ar.clerk@meridian.example,4110 - Sales - MTC,4110,Sales,Income,197.1,0.0,,,Bluepine Hardware,Sales Ops - MTC,Return against ACC-SINV-2025-00380,Meridian Trading Co.
d7f0a2e91f,ACC-SINV-2025-00434,P2,Sales Invoice,Credit Note,2,2025-09-05,2025-09-05 14:06:11.287533,ar.clerk@meridian.example,1310 - Debtors - MTC,1310,Debtors,Asset,0.0,197.1,Customer,Bluepine Hardware,4110 - Sales - MTC,,Return against ACC-SINV-2025-00380,Meridian Trading Co.
5b6894c802,ACC-SINV-2025-00471,P2,Sales Invoice,Sales Invoice,1,2025-09-05,2025-09-05 08:01:17.918559,controller@meridian.example,1310 - Debtors - MTC,1310,Debtors,Asset,274.75,0.0,Customer,Kestrel Foods,4110 - Sales - MTC,,Customer order Kestrel Foods Sep 2025,Meridian Trading Co.
7185399f9d,ACC-SINV-2025-00471,P2,Sales Invoice,Sales Invoice,2,2025-09-05,2025-09-05 08:01:17.918559,controller@meridian.example,4110 - Sales - MTC,4110,Sales,Income,0.0,259.2,,,Kestrel Foods,Sales Ops - MTC,Customer order Kestrel Foods Sep 2025,Meridian Trading Co.
73c5677311,ACC-SINV-2025-00471,P2,Sales Invoice,Sales Invoice,3,2025-09-05,2025-09-05 08:01:17.918559,controller@meridian.example,ST 6% - MTC,,ST 6%,Liability,0.0,15.55,,,Kestrel Foods,Admin - MTC,Customer order Kestrel Foods Sep 2025,Meridian Trading Co.
3182cb74d5,ACC-SINV-2025-00477,P2,Sales Invoice,Sales Invoice,1,2025-09-05,2025-09-05 12:16:55.503063,ar.clerk@meridian.example,4110 - Sales - MTC,4110,Sales,Income,0.0,238.22,,,Ovation Events,Sales Ops - MTC,Customer order Ovation Events Sep 2025,Meridian Trading Co.
bafa8749f9,ACC-SINV-2025-00477,P2,Sales Invoice,Sales Invoice,2,2025-09-05,2025-09-05 12:16:55.503063,ar.clerk@meridian.example,4110 - Sales - MTC,4110,Sales,Income,0.0,715.99,,,Ovation Events,Warehouse - MTC,Customer order Ovation Events Sep 2025,Meridian Trading Co.
f22cd1077a,ACC-SINV-2025-00477,P2,Sales Invoice,Sales Invoice,3,2025-09-05,2025-09-05 12:16:55.503063,ar.clerk@meridian.example,1310 - Debtors - MTC,1310,Debtors,Asset,954.21,0.0,Customer,Ovation Events,4110 - Sales - MTC,,Customer order Ovation Events Sep 2025,Meridian Trading Co.
12a868de7c,ACC-SINV-2025-00478,P2,Sales Invoice,Sales Invoice,1,2025-09-05,2025-09-05 16:15:48.128904,ar.clerk@meridian.example,1310 - Debtors - MTC,1310,Debtors,Asset,11734.22,0.0,Customer,Ovation Events,"4110 - Sales - MTC,4120 - Service - MTC",,Customer order Ovation Events Sep 2025,Meridian Trading Co.
9e2b06aa85,ACC-SINV-2025-00478,P2,Sales Invoice,Sales Invoice,2,2025-09-05,2025-09-05 16:15:48.128904,ar.clerk@meridian.example,4120 - Service - MTC,4120,Service,Income,0.0,2737.12,,,Ovation Events,Sales Ops - MTC,Customer order Ovation Events Sep 2025,Meridian Trading Co.
a510ee08d0,ACC-SINV-2025-00478,P2,Sales Invoice,Sales Invoice,3,2025-09-05,2025-09-05 16:15:48.128904,ar.clerk@meridian.example,4110 - Sales - MTC,4110,Sales,Income,0.0,1346.64,,,Ovation Events,Sales Ops - MTC,Customer order Ovation Events Sep 2025,Meridian Trading Co.
df7230a8af,ACC-SINV-2025-00478,P2,Sales Invoice,Sales Invoice,4,2025-09-05,2025-09-05 16:15:48.128904,ar.clerk@meridian.example,4120 - Service - MTC,4120,Service,Income,0.0,7603.26,,,Ovation Events,Admin - MTC,Customer order Ovation Events Sep 2025,Meridian Trading Co.
fdbb38416d,ACC-SINV-2025-00478,P2,Sales Invoice,Sales Invoice,5,2025-09-05,2025-09-05 16:15:48.128904,ar.clerk@meridian.example,4110 - Sales - MTC,4110,Sales,Income,0.0,47.2,,,Ovation Events,Warehouse - MTC,Customer order Ovation Events Sep 2025,Meridian Trading Co.
3f8640fdf5,ACC-PAY-2025-00526,P2,Payment Entry,Payment Entry,1,2025-09-06,2025-09-08 17:45:39.868412,ar.clerk@meridian.example,1210 - Primary Checking - MTC,1210,Primary Checking,Asset,3094.53,0.0,,,Ferrous Works,,Amount USD 3094.53 received from Ferrous Works | Transaction reference no ACH-25-00402 dated 2025-09-06 | Amount USD 3094.53 adjusted against Sales Invoice ACC-SINV-2025-00402,Meridian Trading Co.
914dfd5f60,ACC-PAY-2025-00526,P2,Payment Entry,Payment Entry,2,2025-09-06,2025-09-08 17:45:39.868412,ar.clerk@meridian.example,1310 - Debtors - MTC,1310,Debtors,Asset,0.0,3094.53,Customer,Ferrous Works,1210 - Primary Checking - MTC,,Amount USD 3094.53 received from Ferrous Works | Transaction reference no ACH-25-00402 dated 2025-09-06 | Amount USD 3094.53 adjusted against Sales Invoice ACC-SINV-2025-00402,Meridian Trading Co.
982031680a,ACC-PAY-2025-00537,P2,Payment Entry,Payment Entry,1,2025-09-06,2025-09-08 12:44:05.720203,ar.clerk@meridian.example,1210 - Primary Checking - MTC,1210,Primary Checking,Asset,1800.54,0.0,,,Juniper & Co,,Amount USD 1800.54 received from Juniper & Co | Transaction reference no ACH-25-00414 dated 2025-09-06 | Amount USD 1800.54 adjusted against Sales Invoice ACC-SINV-2025-00414,Meridian Trading Co.
9db0991590,ACC-PAY-2025-00537,P2,Payment Entry,Payment Entry,2,2025-09-06,2025-09-08 12:44:05.720203,ar.clerk@meridian.example,1310 - Debtors - MTC,1310,Debtors,Asset,0.0,1800.54,Customer,Juniper & Co,1210 - Primary Checking - MTC,,Amount USD 1800.54 received from Juniper & Co | Transaction reference no ACH-25-00414 dated 2025-09-06 | Amount USD 1800.54 adjusted against Sales Invoice ACC-SINV-2025-00414,Meridian Trading Co.
6b92d5b651,ACC-PAY-2025-00541,P2,Payment Entry,Payment Entry,1,2025-09-06,2025-09-08 14:15:54.914337,ar.clerk@meridian.example,1310 - Debtors - MTC,1310,Debtors,Asset,0.0,7139.84,Customer,Halstrom Supply,1210 - Primary Checking - MTC,,Amount USD 7139.84 received from Halstrom Supply | Transaction reference no ACH-25-00421 dated 2025-09-06 | Amount USD 7139.84 adjusted against Sales Invoice ACC-SINV-2025-00421,Meridian Trading Co.
bf4a9325d8,ACC-PAY-2025-00541,P2,Payment Entry,Payment Entry,2,2025-09-06,2025-09-08 14:15:54.914337,ar.clerk@meridian.example,1210 - Primary Checking - MTC,1210,Primary Checking,Asset,7139.84,0.0,,,Halstrom Supply,,Amount USD 7139.84 received from Halstrom Supply | Transaction reference no ACH-25-00421 dated 2025-09-06 | Amount USD 7139.84 adjusted against Sales Invoice ACC-SINV-2025-00421,Meridian Trading Co.
1e6b5c5a1f,ACC-PAY-2025-00555,P2,Payment Entry,Payment Entry,1,2025-09-06,2025-09-08 15:21:43.661577,ap.clerk@meridian.example,1210 - Primary Checking - MTC,1210,Primary Checking,Asset,0.0,17567.99,,,Vulcan Materials Co,,Amount USD 17567.99 paid to Vulcan Materials Co | Transaction reference no ACH-25-00216 dated 2025-09-06 | Amount USD 17567.99 adjusted against Purchase Invoice ACC-PINV-2025-00216,Meridian Trading Co.
a7407c7eba,ACC-PAY-2025-00555,P2,Payment Entry,Payment Entry,2,2025-09-06,2025-09-08 15:21:43.661577,ap.clerk@meridian.example,2110 - Creditors - MTC,2110,Creditors,Liability,17567.99,0.0,Supplier,Vulcan Materials Co,1210 - Primary Checking - MTC,,Amount USD 17567.99 paid to Vulcan Materials Co | Transaction reference no ACH-25-00216 dated 2025-09-06 | Amount USD 17567.99 adjusted against Purchase Invoice ACC-PINV-2025-00216,Meridian Trading Co.
69a08bd18a,ACC-PAY-2025-00472,P2,Payment Entry,Payment Entry,1,2025-09-07,2025-09-08 10:12:50.625521,ar.clerk@meridian.example,1210 - Primary Checking - MTC,1210,Primary Checking,Asset,1031.59,0.0,,,Galehouse Media,,Amount USD 1031.59 received from Galehouse Media | Transaction reference no ACH-25-00364 dated 2025-09-07 | Amount USD 1031.59 adjusted against Sales Invoice ACC-SINV-2025-00364,Meridian Trading Co.
85332a3dca,ACC-PAY-2025-00472,P2,Payment Entry,Payment Entry,2,2025-09-07,2025-09-08 10:12:50.625521,ar.clerk@meridian.example,1310 - Debtors - MTC,1310,Debtors,Asset,0.0,1031.59,Customer,Galehouse Media,1210 - Primary Checking - MTC,,Amount USD 1031.59 received from Galehouse Media | Transaction reference no ACH-25-00364 dated 2025-09-07 | Amount USD 1031.59 adjusted against Sales Invoice ACC-SINV-2025-00364,Meridian Trading Co.
860032f879,ACC-PAY-2025-00518,P2,Payment Entry,Payment Entry,1,2025-09-07,2025-09-08 13:58:44.315811,ar.clerk@meridian.example,1310 - Debtors - MTC,1310,Debtors,Asset,0.0,1712.91,Customer,Cascade Outfitters,1210 - Primary Checking - MTC,,Amount USD 1712.91 received from Cascade Outfitters | Transaction reference no ACH-25-00394 dated 2025-09-07 | Amount USD 1712.91 adjusted against Sales Invoice ACC-SINV-2025-00394,Meridian Trading Co.
94eeb227a4,ACC-PAY-2025-00518,P2,Payment Entry,Payment Entry,2,2025-09-07,2025-09-08 13:58:44.315811,ar.clerk@meridian.example,1210 - Primary Checking - MTC,1210,Primary Checking,Asset,1712.91,0.0,,,Cascade Outfitters,,Amount USD 1712.91 received from Cascade Outfitters | Transaction reference no ACH-25-00394 dated 2025-09-07 | Amount USD 1712.91 adjusted against Sales Invoice ACC-SINV-2025-00394,Meridian Trading Co.
4e9e023b85,ACC-PAY-2025-00522,P2,Payment Entry,Payment Entry,1,2025-09-07,2025-09-08 10:52:55.195768,ar.clerk@meridian.example,1210 - Primary Checking - MTC,1210,Primary Checking,Asset,3422.54,0.0,,,Juniper & Co,,Amount USD 3422.54 received from Juniper & Co | Transaction reference no ACH-25-00398 dated 2025-09-07 | Amount USD 3422.54 adjusted against Sales Invoice ACC-SINV-2025-00398,Meridian Trading Co.
5c5b0e2cec,ACC-PAY-2025-00522,P2,Payment Entry,Payment Entry,2,2025-09-07,2025-09-08 10:52:55.195768,ar.clerk@meridian.example,1310 - Debtors - MTC,1310,Debtors,Asset,0.0,3422.54,Customer,Juniper & Co,1210 - Primary Checking - MTC,,Amount USD 3422.54 received from Juniper & Co | Transaction reference no ACH-25-00398 dated 2025-09-07 | Amount USD 3422.54 adjusted against Sales Invoice ACC-SINV-2025-00398,Meridian Trading Co.
23e68afa08,ACC-PAY-2025-00544,P2,Payment Entry,Payment Entry,1,2025-09-07,2025-09-08 08:42:07.295364,ar.clerk@meridian.example,1310 - Debtors - MTC,1310,Debtors,Asset,0.0,300.02,Customer,Bluepine Hardware,1210 - Primary Checking - MTC,,Amount USD 300.02 received from Bluepine Hardware | Transaction reference no ACH-25-00426 dated 2025-09-07 | Amount USD 300.02 adjusted against Sales Invoice ACC-SINV-2025-00426,Meridian Trading Co.
6017fef207,ACC-PAY-2025-00544,P2,Payment Entry,Payment Entry,2,2025-09-07,2025-09-08 08:42:07.295364,ar.clerk@meridian.example,1210 - Primary Checking - MTC,1210,Primary Checking,Asset,300.02,0.0,,,Bluepine Hardware,,Amount USD 300.02 received from Bluepine Hardware | Transaction reference no ACH-25-00426 dated 2025-09-07 | Amount USD 300.02 adjusted against Sales Invoice ACC-SINV-2025-00426,Meridian Trading Co.
00ea98c4bc,ACC-PAY-2025-00573,P2,Payment Entry,Payment Entry,1,2025-09-07,2025-09-08 08:27:02.192688,ap.clerk@meridian.example,2110 - Creditors - MTC,2110,Creditors,Liability,13720.5,0.0,Supplier,Sterling Equipment Leasing,1210 - Primary Checking - MTC,,Amount USD 13720.5 paid to Sterling Equipment Leasing | Transaction reference no ACH-25-00236 dated 2025-09-07 | Amount USD 13720.5 adjusted against Purchase Invoice ACC-PINV-2025-00236,Meridian Trading Co.
90dc520575,ACC-PAY-2025-00573,P2,Payment Entry,Payment Entry,2,2025-09-07,2025-09-08 08:27:02.192688,ap.clerk@meridian.example,1210 - Primary Checking - MTC,1210,Primary Checking,Asset,0.0,13720.5,,,Sterling Equipment Leasing,,Amount USD 13720.5 paid to Sterling Equipment Leasing | Transaction reference no ACH-25-00236 dated 2025-09-07 | Amount USD 13720.5 adjusted against Purchase Invoice ACC-PINV-2025-00236,Meridian Trading Co.
5aedf51806,ACC-PAY-2025-00543,P2,Payment Entry,Payment Entry,1,2025-09-08,2025-09-08 11:14:45.439132,ar.clerk@meridian.example,1210 - Primary Checking - MTC,1210,Primary Checking,Asset,319.72,0.0,,,Cascade Outfitters,,Amount USD 319.72 received from Cascade Outfitters | Transaction reference no ACH-25-00425 dated 2025-09-08 | Amount USD 319.72 adjusted against Sales Invoice ACC-SINV-2025-00425,Meridian Trading Co.
b2b54b491a,ACC-PAY-2025-00543,P2,Payment Entry,Payment Entry,2,2025-09-08,2025-09-08 11:14:45.439132,ar.clerk@meridian.example,1310 - Debtors - MTC,1310,Debtors,Asset,0.0,319.72,Customer,Cascade Outfitters,1210 - Primary Checking - MTC,,Amount USD 319.72 received from Cascade Outfitters | Transaction reference no ACH-25-00425 dated 2025-09-08 | Amount USD 319.72 adjusted against Sales Invoice ACC-SINV-2025-00425,Meridian Trading Co.
02f2d63b76,ACC-PAY-2025-00565,P2,Payment Entry,Payment Entry,1,2025-09-08,2025-09-08 08:59:04.432495,ap.clerk@meridian.example,1210 - Primary Checking - MTC,1210,Primary Checking,Asset,0.0,7242.54,,,Metro Utilities,,Amount USD 7242.54 paid to Metro Utilities | Transaction reference no ACH-25-00228 dated 2025-09-08 | Amount USD 7242.54 adjusted against Purchase Invoice ACC-PINV-2025-00228,Meridian Trading Co.
6537a8b5e6,ACC-PAY-2025-00565,P2,Payment Entry,Payment Entry,2,2025-09-08,2025-09-08 08:59:04.432495,ap.clerk@meridian.example,2110 - Creditors - MTC,2110,Creditors,Liability,7242.54,0.0,Supplier,Metro Utilities,1210 - Primary Checking - MTC,,Amount USD 7242.54 paid to Metro Utilities | Transaction reference no ACH-25-00228 dated 2025-09-08 | Amount USD 7242.54 adjusted against Purchase Invoice ACC-PINV-2025-00228,Meridian Trading Co.
5d96514af1,ACC-PINV-2025-00240,P2,Purchase Invoice,Purchase Invoice,1,2025-09-08,2025-09-08 18:05:32.751223,ap.clerk@meridian.example,2110 - Creditors - MTC,2110,Creditors,Liability,0.0,5765.75,Supplier,Orchard Wholesale,5111 - Cost of Goods Sold - MTC,,Orchard Wholesale September 2025 billing,Meridian Trading Co.
d238d4e5e8,ACC-PINV-2025-00240,P2,Purchase Invoice,Purchase Invoice,2,2025-09-08,2025-09-08 18:05:32.751223,ap.clerk@meridian.example,5111 - Cost of Goods Sold - MTC,5111,Cost of Goods Sold,Expense,5765.75,0.0,,,Orchard Wholesale,Warehouse - MTC,Orchard Wholesale September 2025 billing,Meridian Trading Co.
2dbdc8602f,ACC-PINV-2025-00258,P2,Purchase Invoice,Purchase Invoice,1,2025-09-08,2025-09-08 15:10:39.095471,ap.clerk@meridian.example,2110 - Creditors - MTC,2110,Creditors,Liability,0.0,16192.62,Supplier,Quill Marketing Group,5207 - Marketing Expenses - MTC,,Quill Marketing Group September 2025 billing,Meridian Trading Co.
5797e6a443,ACC-PINV-2025-00258,P2,Purchase Invoice,Purchase Invoice,2,2025-09-08,2025-09-08 15:10:39.095471,ap.clerk@meridian.example,5207 - Marketing Expenses - MTC,5207,Marketing Expenses,Expense,16192.62,0.0,,,Quill Marketing Group,Admin - MTC,Quill Marketing Group September 2025 billing,Meridian Trading Co.
a68cc2ba11,ACC-PINV-2025-00260,P2,Purchase Invoice,Purchase Invoice,1,2025-09-08,2025-09-08 10:45:17.853119,ap.clerk@meridian.example,5207 - Marketing Expenses - MTC,5207,Marketing Expenses,Expense,14517.08,0.0,,,Quill Marketing Group,Admin - MTC,Quill Marketing Group September 2025 billing,Meridian Trading Co.
ba51ac15ca,ACC-PINV-2025-00260,P2,Purchase Invoice,Purchase Invoice,2,2025-09-08,2025-09-08 10:45:17.853119,ap.clerk@meridian.example,2110 - Creditors - MTC,2110,Creditors,Liability,0.0,14517.08,Supplier,Quill Marketing Group,5207 - Marketing Expenses - MTC,,Quill Marketing Group September 2025 billing,Meridian Trading Co.
317808d5e0,ACC-PAY-2025-00552,P2,Payment Entry,Payment Entry,1,2025-09-09,2025-09-09 11:11:48.229513,ap.clerk@meridian.example,1210 - Primary Checking - MTC,1210,Primary Checking,Asset,0.0,18869.86,,,Orchard Wholesale,,Amount USD 18869.86 paid to Orchard Wholesale | Transaction reference no ACH-25-00213 dated 2025-09-09 | Amount USD 18869.86 adjusted against Purchase Invoice ACC-PINV-2025-00213,Meridian Trading Co.
939e67d224,ACC-PAY-2025-00552,P2,Payment Entry,Payment Entry,2,2025-09-09,2025-09-09 11:11:48.229513,ap.clerk@meridian.example,2110 - Creditors - MTC,2110,Creditors,Liability,18869.86,0.0,Supplier,Orchard Wholesale,1210 - Primary Checking - MTC,,Amount USD 18869.86 paid to Orchard Wholesale | Transaction reference no ACH-25-00213 dated 2025-09-09 | Amount USD 18869.86 adjusted against Purchase Invoice ACC-PINV-2025-00213,Meridian Trading Co.
92a3534cf8,ACC-PAY-2025-00559,P2,Payment Entry,Payment Entry,1,2025-09-09,2025-09-09 15:38:31.480286,ap.clerk@meridian.example,1210 - Primary Checking - MTC,1210,Primary Checking,Asset,0.0,9281.24,,,Beacon Freight,,Amount USD 9281.24 paid to Beacon Freight | Transaction reference no ACH-25-00221 dated 2025-09-09 | Amount USD 9281.24 adjusted against Purchase Invoice ACC-PINV-2025-00221,Meridian Trading Co.
d2985dafd8,ACC-PAY-2025-00559,P2,Payment Entry,Payment Entry,2,2025-09-09,2025-09-09 15:38:31.480286,ap.clerk@meridian.example,2110 - Creditors - MTC,2110,Creditors,Liability,9281.24,0.0,Supplier,Beacon Freight,1210 - Primary Checking - MTC,,Amount USD 9281.24 paid to Beacon Freight | Transaction reference no ACH-25-00221 dated 2025-09-09 | Amount USD 9281.24 adjusted against Purchase Invoice ACC-PINV-2025-00221,Meridian Trading Co.
71ce623d62,ACC-PAY-2025-00567,P2,Payment Entry,Payment Entry,1,2025-09-09,2025-09-09 14:15:58.207595,ap.clerk@meridian.example,2110 - Creditors - MTC,2110,Creditors,Liability,11597.5,0.0,Supplier,Harlan Office Supply,1210 - Primary Checking - MTC,,Amount USD 11597.5 paid to Harlan Office Supply | Transaction reference no ACH-25-00230 dated 2025-09-09 | Amount USD 11597.5 adjusted against Purchase Invoice ACC-PINV-2025-00230,Meridian Trading Co.
b4004a70d8,ACC-PAY-2025-00567,P2,Payment Entry,Payment Entry,2,2025-09-09,2025-09-09 14:15:58.207595,ap.clerk@meridian.example,1210 - Primary Checking - MTC,1210,Primary Checking,Asset,0.0,11597.5,,,Harlan Office Supply,,Amount USD 11597.5 paid to Harlan Office Supply | Transaction reference no ACH-25-00230 dated 2025-09-09 | Amount USD 11597.5 adjusted against Purchase Invoice ACC-PINV-2025-00230,Meridian Trading Co.
9b2b6f6100,ACC-PAY-2025-00568,P2,Payment Entry,Payment Entry,1,2025-09-09,2025-09-09 18:25:08.052751,ap.clerk@meridian.example,1210 - Primary Checking - MTC,1210,Primary Checking,Asset,0.0,12258.95,,,Harlan Office Supply,,Amount USD 12258.95 paid to Harlan Office Supply | Transaction reference no ACH-25-00231 dated 2025-09-09 | Amount USD 12258.95 adjusted against Purchase Invoice ACC-PINV-2025-00231,Meridian Trading Co.
eea8a02948,ACC-PAY-2025-00568,P2,Payment Entry,Payment Entry,2,2025-09-09,2025-09-09 18:25:08.052751,ap.clerk@meridian.example,2110 - Creditors - MTC,2110,Creditors,Liability,12258.95,0.0,Supplier,Harlan Office Supply,1210 - Primary Checking - MTC,,Amount USD 12258.95 paid to Harlan Office Supply | Transaction reference no ACH-25-00231 dated 2025-09-09 | Amount USD 12258.95 adjusted against Purchase Invoice ACC-PINV-2025-00231,Meridian Trading Co.
25b75fdf3f,ACC-PINV-2025-00242,P2,Purchase Invoice,Purchase Invoice,1,2025-09-09,2025-09-09 08:44:33.419639,ap.clerk@meridian.example,5111 - Cost of Goods Sold - MTC,5111,Cost of Goods Sold,Expense,14275.32,0.0,,,Vulcan Materials Co,Warehouse - MTC,Vulcan Materials Co September 2025 billing,Meridian Trading Co.
472a674d9b,ACC-PINV-2025-00242,P2,Purchase Invoice,Purchase Invoice,2,2025-09-09,2025-09-09 08:44:33.419639,ap.clerk@meridian.example,2110 - Creditors - MTC,2110,Creditors,Liability,0.0,14275.32,Supplier,Vulcan Materials Co,5111 - Cost of Goods Sold - MTC,,Vulcan Materials Co September 2025 billing,Meridian Trading Co.
1013e10ce2,ACC-PINV-2025-00253,P2,Purchase Invoice,Purchase Invoice,1,2025-09-09,2025-09-09 09:08:18.796785,ap.clerk@meridian.example,5228 - Insurance Expense - MTC,5228,Insurance Expense,Expense,5390.7,0.0,,,Stateside Insurance,Admin - MTC,Stateside Insurance September 2025 billing,Meridian Trading Co.
62382c44e7,ACC-PINV-2025-00253,P2,Purchase Invoice,Purchase Invoice,2,2025-09-09,2025-09-09 09:08:18.796785,ap.clerk@meridian.example,2110 - Creditors - MTC,2110,Creditors,Liability,0.0,5390.7,Supplier,Stateside Insurance,5228 - Insurance Expense - MTC,,Stateside Insurance September 2025 billing,Meridian Trading Co.
3a5bdcb22f,ACC-PINV-2025-00262,P2,Purchase Invoice,Purchase Invoice,1,2025-09-09,2025-09-09 16:49:44.991758,ap.clerk@meridian.example,5227 - Equipment Lease Expense - MTC,5227,Equipment Lease Expense,Expense,896.04,0.0,,,Sterling Equipment Leasing,Admin - MTC,Sterling Equipment Leasing September 2025 billing,Meridian Trading Co.
3e37d8b4e3,ACC-PINV-2025-00262,P2,Purchase Invoice,Purchase Invoice,2,2025-09-09,2025-09-09 16:49:44.991758,ap.clerk@meridian.example,2110 - Creditors - MTC,2110,Creditors,Liability,0.0,896.04,Supplier,Sterling Equipment Leasing,5227 - Equipment Lease Expense - MTC,,Sterling Equipment Leasing September 2025 billing,Meridian Trading Co.
2a8c4140df,ACC-SINV-2025-00455,P2,Sales Invoice,Sales Invoice,1,2025-09-09,2025-09-09 10:12:50.674611,ar.clerk@meridian.example,ST 6% - MTC,,ST 6%,Liability,0.0,218.08,,,Halstrom Supply,Admin - MTC,Customer order Halstrom Supply Sep 2025,Meridian Trading Co.
438c649f0e,ACC-SINV-2025-00455,P2,Sales Invoice,Sales Invoice,2,2025-09-09,2025-09-09 10:12:50.674611,ar.clerk@meridian.example,4110 - Sales - MTC,4110,Sales,Income,0.0,921.92,,,Halstrom Supply,Warehouse - MTC,Customer order Halstrom Supply Sep 2025,Meridian Trading Co.
6d768dd455,ACC-SINV-2025-00455,P2,Sales Invoice,Sales Invoice,3,2025-09-09,2025-09-09 10:12:50.674611,ar.clerk@meridian.example,4110 - Sales - MTC,4110,Sales,Income,0.0,2712.75,,,Halstrom Supply,Sales Ops - MTC,Customer order Halstrom Supply Sep 2025,Meridian Trading Co.
e9d4d766d2,ACC-SINV-2025-00455,P2,Sales Invoice,Sales Invoice,4,2025-09-09,2025-09-09 10:12:50.674611,ar.clerk@meridian.example,1310 - Debtors - MTC,1310,Debtors,Asset,3852.75,0.0,Customer,Halstrom Supply,4110 - Sales - MTC,,Customer order Halstrom Supply Sep 2025,Meridian Trading Co.
24e5baafc6,ACC-SINV-2025-00484,P2,Sales Invoice,Sales Invoice,1,2025-09-09,2025-09-09 11:00:39.394679,ar.clerk@meridian.example,1310 - Debtors - MTC,1310,Debtors,Asset,503.45,0.0,Customer,Galehouse Media,4140 - Installation Revenue - MTC,,Customer order Galehouse Media Sep 2025,Meridian Trading Co.
6a061514cf,ACC-SINV-2025-00484,P2,Sales Invoice,Sales Invoice,2,2025-09-09,2025-09-09 11:00:39.394679,ar.clerk@meridian.example,ST 6% - MTC,,ST 6%,Liability,0.0,28.5,,,Galehouse Media,Admin - MTC,Customer order Galehouse Media Sep 2025,Meridian Trading Co.
984c13d9d1,ACC-SINV-2025-00484,P2,Sales Invoice,Sales Invoice,3,2025-09-09,2025-09-09 11:00:39.394679,ar.clerk@meridian.example,4140 - Installation Revenue - MTC,4140,Installation Revenue,Income,0.0,474.95,,,Galehouse Media,Sales Ops - MTC,Customer order Galehouse Media Sep 2025,Meridian Trading Co.
11425f677c,ACC-PAY-2025-00509,P2,Payment Entry,Payment Entry,1,2025-09-10,2025-09-10 09:42:55.041293,ar.clerk@meridian.example,1210 - Primary Checking - MTC,1210,Primary Checking,Asset,2130.35,0.0,,,Ferrous Works,,Amount USD 2130.35 received from Ferrous Works | Transaction reference no ACH-25-00382 dated 2025-09-10 | Amount USD 2130.35 adjusted against Sales Invoice ACC-SINV-2025-00382,Meridian Trading Co.
430010f047,ACC-PAY-2025-00509,P2,Payment Entry,Payment Entry,2,2025-09-10,2025-09-10 09:42:55.041293,ar.clerk@meridian.example,1310 - Debtors - MTC,1310,Debtors,Asset,0.0,2130.35,Customer,Ferrous Works,1210 - Primary Checking - MTC,,Amount USD 2130.35 received from Ferrous Works | Transaction reference no ACH-25-00382 dated 2025-09-10 | Amount USD 2130.35 adjusted against Sales Invoice ACC-SINV-2025-00382,Meridian Trading Co.
27f06eaa96,ACC-PAY-2025-00524,P2,Payment Entry,Payment Entry,1,2025-09-10,2025-09-10 12:57:52.606085,ar.clerk@meridian.example,1210 - Primary Checking - MTC,1210,Primary Checking,Asset,721.14,0.0,,,Galehouse Media,,Amount USD 721.14 received from Galehouse Media | Transaction reference no ACH-25-00400 dated 2025-09-10 | Amount USD 721.14 adjusted against Sales Invoice ACC-SINV-2025-00400,Meridian Trading Co.
f741a8410d,ACC-PAY-2025-00524,P2,Payment Entry,Payment Entry,2,2025-09-10,2025-09-10 12:57:52.606085,ar.clerk@meridian.example,1310 - Debtors - MTC,1310,Debtors,Asset,0.0,721.14,Customer,Galehouse Media,1210 - Primary Checking - MTC,,Amount USD 721.14 received from Galehouse Media | Transaction reference no ACH-25-00400 dated 2025-09-10 | Amount USD 721.14 adjusted against Sales Invoice ACC-SINV-2025-00400,Meridian Trading Co.
03a61565c2,ACC-PINV-2025-00249,P2,Purchase Invoice,Purchase Invoice,1,2025-09-10,2025-09-10 14:45:43.528365,ap.clerk@meridian.example,5205 - Freight and Forwarding Charges - MTC,5205,Freight and Forwarding Charges,Expense,14579.22,0.0,,,Beacon Freight,Admin - MTC,Beacon Freight September 2025 billing,Meridian Trading Co.
1b26f49ab2,ACC-PINV-2025-00249,P2,Purchase Invoice,Purchase Invoice,2,2025-09-10,2025-09-10 14:45:43.528365,ap.clerk@meridian.example,2110 - Creditors - MTC,2110,Creditors,Liability,0.0,16854.3,Supplier,Beacon Freight,"5205 - Freight and Forwarding Charges - MTC,5211 - Print and Stationery - MTC,5204 - Entertainment Expenses - MTC",,Beacon Freight September 2025 billing,Meridian Trading Co.
b2f493f00d,ACC-PINV-2025-00249,P2,Purchase Invoice,Purchase Invoice,3,2025-09-10,2025-09-10 14:45:43.528365,ap.clerk@meridian.example,5211 - Print and Stationery - MTC,5211,Print and Stationery,Expense,1356.85,0.0,,,Beacon Freight,Admin - MTC,Beacon Freight September 2025 billing,Meridian Trading Co.
e67efc5551,ACC-PINV-2025-00249,P2,Purchase Invoice,Purchase Invoice,4,2025-09-10,2025-09-10 14:45:43.528365,ap.clerk@meridian.example,5204 - Entertainment Expenses - MTC,5204,Entertainment Expenses,Expense,918.23,0.0,,,Beacon Freight,Admin - MTC,Beacon Freight September 2025 billing,Meridian Trading Co.
28554ed962,ACC-SINV-2025-00444,P2,Sales Invoice,Sales Invoice,1,2025-09-10,2025-09-10 10:16:17.698492,ar.clerk@meridian.example,1310 - Debtors - MTC,1310,Debtors,Asset,6233.31,0.0,Customer,Redcedar Builders,"4110 - Sales - MTC,4120 - Service - MTC",,Customer order Redcedar Builders Sep 2025,Meridian Trading Co.
4b2f9faca6,ACC-SINV-2025-00444,P2,Sales Invoice,Sales Invoice,2,2025-09-10,2025-09-10 10:16:17.698492,ar.clerk@meridian.example,ST 6% - MTC,,ST 6%,Liability,0.0,352.83,,,Redcedar Builders,Admin - MTC,Customer order Redcedar Builders Sep 2025,Meridian Trading Co.
5adedad894,ACC-SINV-2025-00444,P2,Sales Invoice,Sales Invoice,3,2025-09-10,2025-09-10 10:16:17.698492,ar.clerk@meridian.example,4120 - Service - MTC,4120,Service,Income,0.0,4999.62,,,Redcedar Builders,Warehouse - MTC,Customer order Redcedar Builders Sep 2025,Meridian Trading Co.
c46bed768a,ACC-SINV-2025-00444,P2,Sales Invoice,Sales Invoice,4,2025-09-10,2025-09-10 10:16:17.698492,ar.clerk@meridian.example,4110 - Sales - MTC,4110,Sales,Income,0.0,556.86,,,Redcedar Builders,Sales Ops - MTC,Customer order Redcedar Builders Sep 2025,Meridian Trading Co.
fca24be5b2,ACC-SINV-2025-00444,P2,Sales Invoice,Sales Invoice,5,2025-09-10,2025-09-10 10:16:17.698492,ar.clerk@meridian.example,4110 - Sales - MTC,4110,Sales,Income,0.0,324.0,,,Redcedar Builders,Warehouse - MTC,Customer order Redcedar Builders Sep 2025,Meridian Trading Co.
650921e44f,ACC-SINV-2025-00459,P2,Sales Invoice,Sales Invoice,1,2025-09-10,2025-09-10 16:21:25.552984,ar.clerk@meridian.example,4110 - Sales - MTC,4110,Sales,Income,0.0,194.64,,,Marlowe Interiors,Warehouse - MTC,Customer order Marlowe Interiors Sep 2025,Meridian Trading Co.
8f16df1c65,ACC-SINV-2025-00459,P2,Sales Invoice,Sales Invoice,2,2025-09-10,2025-09-10 16:21:25.552984,ar.clerk@meridian.example,1310 - Debtors - MTC,1310,Debtors,Asset,2537.96,0.0,Customer,Marlowe Interiors,4110 - Sales - MTC,,Customer order Marlowe Interiors Sep 2025,Meridian Trading Co.
c1c5c54c9e,ACC-SINV-2025-00459,P2,Sales Invoice,Sales Invoice,3,2025-09-10,2025-09-10 16:21:25.552984,ar.clerk@meridian.example,ST 6% - MTC,,ST 6%,Liability,0.0,143.66,,,Marlowe Interiors,Admin - MTC,Customer order Marlowe Interiors Sep 2025,Meridian Trading Co.
d97e4c05db,ACC-SINV-2025-00459,P2,Sales Invoice,Sales Invoice,4,2025-09-10,2025-09-10 16:21:25.552984,ar.clerk@meridian.example,4110 - Sales - MTC,4110,Sales,Income,0.0,2199.66,,,Marlowe Interiors,Sales Ops - MTC,Customer order Marlowe Interiors Sep 2025,Meridian Trading Co.
1e4dba9b73,ACC-SINV-2025-00461,P2,Sales Invoice,Sales Invoice,1,2025-09-10,2025-09-10 12:39:24.825600,ar.clerk@meridian.example,ST 6% - MTC,,ST 6%,Liability,0.0,211.15,,,Brightline Offices,Admin - MTC,Customer order Brightline Offices Sep 2025,Meridian Trading Co.
3248fcb7d4,ACC-SINV-2025-00461,P2,Sales Invoice,Sales Invoice,2,2025-09-10,2025-09-10 12:39:24.825600,ar.clerk@meridian.example,1310 - Debtors - MTC,1310,Debtors,Asset,3730.34,0.0,Customer,Brightline Offices,"4110 - Sales - MTC,4130 - Freight Income - MTC",,Customer order Brightline Offices Sep 2025,Meridian Trading Co.
4510d7ea44,ACC-SINV-2025-00461,P2,Sales Invoice,Sales Invoice,3,2025-09-10,2025-09-10 12:39:24.825600,ar.clerk@meridian.example,4110 - Sales - MTC,4110,Sales,Income,0.0,3109.68,,,Brightline Offices,Sales Ops - MTC,Customer order Brightline Offices Sep 2025,Meridian Trading Co.
6e7990fb66,ACC-SINV-2025-00461,P2,Sales Invoice,Sales Invoice,4,2025-09-10,2025-09-10 12:39:24.825600,ar.clerk@meridian.example,4110 - Sales - MTC,4110,Sales,Income,0.0,315.8,,,Brightline Offices,Warehouse - MTC,Customer order Brightline Offices Sep 2025,Meridian Trading Co.
d39baa8327,ACC-SINV-2025-00461,P2,Sales Invoice,Sales Invoice,5,2025-09-10,2025-09-10 12:39:24.825600,ar.clerk@meridian.example,4130 - Freight Income - MTC,4130,Freight Income,Income,0.0,93.71,,,Brightline Offices,Admin - MTC,Customer order Brightline Offices Sep 2025,Meridian Trading Co.
02436b8f8a,ACC-SINV-2025-00440,P2,Sales Invoice,Sales Invoice,1,2025-09-11,2025-09-11 13:44:17.348438,ar.clerk@meridian.example,4110 - Sales - MTC,4110,Sales,Income,0.0,429.61,,,Kestrel Foods,Sales Ops - MTC,Customer order Kestrel Foods Sep 2025,Meridian Trading Co.
0cac109118,ACC-SINV-2025-00440,P2,Sales Invoice,Sales Invoice,2,2025-09-11,2025-09-11 13:44:17.348438,ar.clerk@meridian.example,ST 6% - MTC,,ST 6%,Liability,0.0,87.33,,,Kestrel Foods,Admin - MTC,Customer order Kestrel Foods Sep 2025,Meridian Trading Co.
9b00e7eecb,ACC-SINV-2025-00440,P2,Sales Invoice,Sales Invoice,3,2025-09-11,2025-09-11 13:44:17.348438,ar.clerk@meridian.example,4110 - Sales - MTC,4110,Sales,Income,0.0,1025.92,,,Kestrel Foods,Warehouse - MTC,Customer order Kestrel Foods Sep 2025,Meridian Trading Co.
fabb5ebef4,ACC-SINV-2025-00440,P2,Sales Invoice,Sales Invoice,4,2025-09-11,2025-09-11 13:44:17.348438,ar.clerk@meridian.example,1310 - Debtors - MTC,1310,Debtors,Asset,1542.86,0.0,Customer,Kestrel Foods,4110 - Sales - MTC,,Customer order Kestrel Foods Sep 2025,Meridian Trading Co.
502419ec19,ACC-SINV-2025-00458,P2,Sales Invoice,Sales Invoice,1,2025-09-11,2025-09-11 10:33:25.466629,ar.clerk@meridian.example,ST 6% - MTC,,ST 6%,Liability,0.0,252.1,,,Cascade Outfitters,Admin - MTC,Customer order Cascade Outfitters Sep 2025,Meridian Trading Co.
61fec1eae4,ACC-SINV-2025-00458,P2,Sales Invoice,Sales Invoice,2,2025-09-11,2025-09-11 10:33:25.466629,ar.clerk@meridian.example,4110 - Sales - MTC,4110,Sales,Income,0.0,1876.95,,,Cascade Outfitters,Sales Ops - MTC,Customer order Cascade Outfitters Sep 2025,Meridian Trading Co.
77464ace49,ACC-SINV-2025-00458,P2,Sales Invoice,Sales Invoice,3,2025-09-11,2025-09-11 10:33:25.466629,ar.clerk@meridian.example,1310 - Debtors - MTC,1310,Debtors,Asset,4453.69,0.0,Customer,Cascade Outfitters,"4110 - Sales - MTC,4130 - Freight Income - MTC",,Customer order Cascade Outfitters Sep 2025,Meridian Trading Co.
a0f422000a,ACC-SINV-2025-00458,P2,Sales Invoice,Sales Invoice,4,2025-09-11,2025-09-11 10:33:25.466629,ar.clerk@meridian.example,4110 - Sales - MTC,4110,Sales,Income,0.0,1298.01,,,Cascade Outfitters,Warehouse - MTC,Customer order Cascade Outfitters Sep 2025,Meridian Trading Co.
d10093d6b7,ACC-SINV-2025-00458,P2,Sales Invoice,Sales Invoice,5,2025-09-11,2025-09-11 10:33:25.466629,ar.clerk@meridian.example,4130 - Freight Income - MTC,4130,Freight Income,Income,0.0,1026.63,,,Cascade Outfitters,Admin - MTC,Customer order Cascade Outfitters Sep 2025,Meridian Trading Co.
50cd769166,ACC-SINV-2025-00488,P2,Sales Invoice,Sales Invoice,1,2025-09-11,2025-09-11 13:43:02.759537,ar.clerk@meridian.example,ST 6% - MTC,,ST 6%,Liability,0.0,52.33,,,Juniper & Co,Admin - MTC,Customer order Juniper & Co Sep 2025,Meridian Trading Co.
9c8f021199,ACC-SINV-2025-00488,P2,Sales Invoice,Sales Invoice,2,2025-09-11,2025-09-11 13:43:02.759537,ar.clerk@meridian.example,1310 - Debtors - MTC,1310,Debtors,Asset,924.51,0.0,Customer,Juniper & Co,4140 - Installation Revenue - MTC,,Customer order Juniper & Co Sep 2025,Meridian Trading Co.
ff2b073356,ACC-SINV-2025-00488,P2,Sales Invoice,Sales Invoice,3,2025-09-11,2025-09-11 13:43:02.759537,ar.clerk@meridian.example,4140 - Installation Revenue - MTC,4140,Installation Revenue,Income,0.0,872.18,,,Juniper & Co,Sales Ops - MTC,Customer order Juniper & Co Sep 2025,Meridian Trading Co.
a6188c3a0e,ACC-PAY-2025-00581,P2,Payment Entry,Payment Entry,1,2025-09-12,2025-09-12 14:53:04.234505,ar.clerk@meridian.example,1210 - Primary Checking - MTC,1210,Primary Checking,Asset,2398.54,0.0,,,Juniper & Co,,Amount USD 2398.54 received from Juniper & Co | Transaction reference no ACH-25-00441 dated 2025-09-12 | Amount USD 2398.54 adjusted against Sales Invoice ACC-SINV-2025-00441,Meridian Trading Co.
d7b4e93ccf,ACC-PAY-2025-00581,P2,Payment Entry,Payment Entry,2,2025-09-12,2025-09-12 14:53:04.234505,ar.clerk@meridian.example,1310 - Debtors - MTC,1310,Debtors,Asset,0.0,2398.54,Customer,Juniper & Co,1210 - Primary Checking - MTC,,Amount USD 2398.54 received from Juniper & Co | Transaction reference no ACH-25-00441 dated 2025-09-12 | Amount USD 2398.54 adjusted against Sales Invoice ACC-SINV-2025-00441,Meridian Trading Co.
d27f327772,ACC-PAY-2025-00611,P2,Payment Entry,Payment Entry,1,2025-09-12,2025-09-12 11:42:11.681214,ar.clerk@meridian.example,1210 - Primary Checking - MTC,1210,Primary Checking,Asset,954.21,0.0,,,Ovation Events,,Amount USD 954.21 received from Ovation Events | Transaction reference no ACH-25-00477 dated 2025-09-12 | Amount USD 954.21 adjusted against Sales Invoice ACC-SINV-2025-00477,Meridian Trading Co.
da669331f3,ACC-PAY-2025-00611,P2,Payment Entry,Payment Entry,2,2025-09-12,2025-09-12 11:42:11.681214,ar.clerk@meridian.example,1310 - Debtors - MTC,1310,Debtors,Asset,0.0,954.21,Customer,Ovation Events,1210 - Primary Checking - MTC,,Amount USD 954.21 received from Ovation Events | Transaction reference no ACH-25-00477 dated 2025-09-12 | Amount USD 954.21 adjusted against Sales Invoice ACC-SINV-2025-00477,Meridian Trading Co.
a2740a33d8,ACC-PINV-2025-00251,P2,Purchase Invoice,Purchase Invoice,1,2025-09-12,2025-09-12 12:54:41.269397,ap.clerk@meridian.example,2110 - Creditors - MTC,2110,Creditors,Liability,0.0,9376.36,Supplier,Cobalt IT Services,5230 - IT and Software Expenses - MTC,,Cobalt IT Services September 2025 billing,Meridian Trading Co.
ac31ddbb48,ACC-PINV-2025-00251,P2,Purchase Invoice,Purchase Invoice,2,2025-09-12,2025-09-12 12:54:41.269397,ap.clerk@meridian.example,5230 - IT and Software Expenses - MTC,5230,IT and Software Expenses,Expense,9376.36,0.0,,,Cobalt IT Services,Admin - MTC,Cobalt IT Services September 2025 billing,Meridian Trading Co.
0594a5a64a,ACC-SINV-2025-00437,P2,Sales Invoice,Sales Invoice,1,2025-09-12,2025-09-12 17:16:06.428852,ar.clerk@meridian.example,ST 6% - MTC,,ST 6%,Liability,0.0,206.01,,,Summit Rentals,Admin - MTC,Customer order Summit Rentals Sep 2025,Meridian Trading Co.
1a0312c9ab,ACC-SINV-2025-00437,P2,Sales Invoice,Sales Invoice,2,2025-09-12,2025-09-12 17:16:06.428852,ar.clerk@meridian.example,4130 - Freight Income - MTC,4130,Freight Income,Income,0.0,1877.82,,,Summit Rentals,Admin - MTC,Customer order Summit Rentals Sep 2025,Meridian Trading Co.
2ba8834e75,ACC-SINV-2025-00437,P2,Sales Invoice,Sales Invoice,3,2025-09-12,2025-09-12 17:16:06.428852,ar.clerk@meridian.example,4110 - Sales - MTC,4110,Sales,Income,0.0,1555.62,,,Summit Rentals,Sales Ops - MTC,Customer order Summit Rentals Sep 2025,Meridian Trading Co.
562787ca7e,ACC-SINV-2025-00437,P2,Sales Invoice,Sales Invoice,4,2025-09-12,2025-09-12 17:16:06.428852,ar.clerk@meridian.example,1310 - Debtors - MTC,1310,Debtors,Asset,3639.45,0.0,Customer,Summit Rentals,"4130 - Freight Income - MTC,4110 - Sales - MTC",,Customer order Summit Rentals Sep 2025,Meridian Trading Co.
17dcfda2a1,ACC-SINV-2025-00449,P2,Sales Invoice,Sales Invoice,1,2025-09-12,2025-09-12 13:06:55.189920,ar.clerk@meridian.example,ST 6% - MTC,,ST 6%,Liability,0.0,15.71,,,Pactrail Sports,Admin - MTC,Customer order Pactrail Sports Sep 2025,Meridian Trading Co.
8734abdfe9,ACC-SINV-2025-00449,P2,Sales Invoice,Sales Invoice,2,2025-09-12,2025-09-12 13:06:55.189920,ar.clerk@meridian.example,1310 - Debtors - MTC,1310,Debtors,Asset,277.58,0.0,Customer,Pactrail Sports,4110 - Sales - MTC,,Customer order Pactrail Sports Sep 2025,Meridian Trading Co.
c554657068,ACC-SINV-2025-00449,P2,Sales Invoice,Sales Invoice,3,2025-09-12,2025-09-12 13:06:55.189920,ar.clerk@meridian.example,4110 - Sales - MTC,4110,Sales,Income,0.0,261.87,,,Pactrail Sports,Warehouse - MTC,Customer order Pactrail Sports Sep 2025,Meridian Trading Co.
3dae52d94e,ACC-SINV-2025-00456,P2,Sales Invoice,Sales Invoice,1,2025-09-12,2025-09-12 18:00:11.621381,ar.clerk@meridian.example,ST 6% - MTC,,ST 6%,Liability,0.0,140.6,,,Ferrous Works,Admin - MTC,Customer order Ferrous Works Sep 2025,Meridian Trading Co.
4b7e1acc3f,ACC-SINV-2025-00456,P2,Sales Invoice,Sales Invoice,2,2025-09-12,2025-09-12 18:00:11.621381,ar.clerk@meridian.example,1310 - Debtors - MTC,1310,Debtors,Asset,2483.97,0.0,Customer,Ferrous Works,"4110 - Sales - MTC,4130 - Freight Income - MTC",,Customer order Ferrous Works Sep 2025,Meridian Trading Co.
55d743b73d,ACC-SINV-2025-00456,P2,Sales Invoice,Sales Invoice,3,2025-09-12,2025-09-12 18:00:11.621381,ar.clerk@meridian.example,4130 - Freight Income - MTC,4130,Freight Income,Income,0.0,1544.89,,,Ferrous Works,Admin - MTC,Customer order Ferrous Works Sep 2025,Meridian Trading Co.
b6f3b584d8,ACC-SINV-2025-00456,P2,Sales Invoice,Sales Invoice,4,2025-09-12,2025-09-12 18:00:11.621381,ar.clerk@meridian.example,4110 - Sales - MTC,4110,Sales,Income,0.0,798.48,,,Ferrous Works,Warehouse - MTC,Customer order Ferrous Works Sep 2025,Meridian Trading Co.
34de9aaf90,ACC-SINV-2025-00466,P2,Sales Invoice,Sales Invoice,1,2025-09-12,2025-09-22 17:38:05.309065,ar.clerk@meridian.example,4110 - Sales - MTC,4110,Sales,Income,0.0,594.28,,,Redcedar Builders,Warehouse - MTC,Customer order Redcedar Builders Sep 2025,Meridian Trading Co.
3b5c8aeff0,ACC-SINV-2025-00466,P2,Sales Invoice,Sales Invoice,2,2025-09-12,2025-09-22 17:38:05.309065,ar.clerk@meridian.example,ST 6% - MTC,,ST 6%,Liability,0.0,192.82,,,Redcedar Builders,Admin - MTC,Customer order Redcedar Builders Sep 2025,Meridian Trading Co.
c34b982ffc,ACC-SINV-2025-00466,P2,Sales Invoice,Sales Invoice,3,2025-09-12,2025-09-22 17:38:05.309065,ar.clerk@meridian.example,4110 - Sales - MTC,4110,Sales,Income,0.0,2619.32,,,Redcedar Builders,Sales Ops - MTC,Customer order Redcedar Builders Sep 2025,Meridian Trading Co.
cdc1e08e7d,ACC-SINV-2025-00466,P2,Sales Invoice,Sales Invoice,4,2025-09-12,2025-09-22 17:38:05.309065,ar.clerk@meridian.example,1310 - Debtors - MTC,1310,Debtors,Asset,3406.42,0.0,Customer,Redcedar Builders,4110 - Sales - MTC,,Customer order Redcedar Builders Sep 2025,Meridian Trading Co.
345db68279,ACC-SINV-2025-00472,P2,Sales Invoice,Sales Invoice,1,2025-09-12,2025-09-12 17:17:14.716896,ar.clerk@meridian.example,4110 - Sales - MTC,4110,Sales,Income,0.0,734.32,,,Redcedar Builders,Warehouse - MTC,Customer order Redcedar Builders Sep 2025,Meridian Trading Co.
5771ff200f,ACC-SINV-2025-00472,P2,Sales Invoice,Sales Invoice,2,2025-09-12,2025-09-12 17:17:14.716896,ar.clerk@meridian.example,4130 - Freight Income - MTC,4130,Freight Income,Income,0.0,2249.52,,,Redcedar Builders,Admin - MTC,Customer order Redcedar Builders Sep 2025,Meridian Trading Co.
7b5860902f,ACC-SINV-2025-00472,P2,Sales Invoice,Sales Invoice,3,2025-09-12,2025-09-12 17:17:14.716896,ar.clerk@meridian.example,1310 - Debtors - MTC,1310,Debtors,Asset,3321.19,0.0,Customer,Redcedar Builders,"4110 - Sales - MTC,4130 - Freight Income - MTC",,Customer order Redcedar Builders Sep 2025,Meridian Trading Co.
8593f22984,ACC-SINV-2025-00472,P2,Sales Invoice,Sales Invoice,4,2025-09-12,2025-09-12 17:17:14.716896,ar.clerk@meridian.example,4110 - Sales - MTC,4110,Sales,Income,0.0,149.36,,,Redcedar Builders,Sales Ops - MTC,Customer order Redcedar Builders Sep 2025,Meridian Trading Co.
9bd1b63dc8,ACC-SINV-2025-00472,P2,Sales Invoice,Sales Invoice,5,2025-09-12,2025-09-12 17:17:14.716896,ar.clerk@meridian.example,ST 6% - MTC,,ST 6%,Liability,0.0,187.99,,,Redcedar Builders,Admin - MTC,Customer order Redcedar Builders Sep 2025,Meridian Trading Co.
2de78b7cfb,ACC-SINV-2025-00479,P2,Sales Invoice,Sales Invoice,1,2025-09-12,2025-09-12 16:59:40.747136,ar.clerk@meridian.example,4120 - Service - MTC,4120,Service,Income,0.0,21945.96,,,Brightline Offices,Admin - MTC,Customer order Brightline Offices Sep 2025,Meridian Trading Co.
6fde25009e,ACC-SINV-2025-00479,P2,Sales Invoice,Sales Invoice,2,2025-09-12,2025-09-12 16:59:40.747136,ar.clerk@meridian.example,4110 - Sales - MTC,4110,Sales,Income,0.0,2255.52,,,Brightline Offices,Sales Ops - MTC,Customer order Brightline Offices Sep 2025,Meridian Trading Co.
96d708128b,ACC-SINV-2025-00479,P2,Sales Invoice,Sales Invoice,3,2025-09-12,2025-09-12 16:59:40.747136,ar.clerk@meridian.example,4130 - Freight Income - MTC,4130,Freight Income,Income,0.0,1311.24,,,Brightline Offices,Admin - MTC,Customer order Brightline Offices Sep 2025,Meridian Trading Co.
aef1eafa6a,ACC-SINV-2025-00479,P2,Sales Invoice,Sales Invoice,4,2025-09-12,2025-09-12 16:59:40.747136,ar.clerk@meridian.example,4110 - Sales - MTC,4110,Sales,Income,0.0,958.95,,,Brightline Offices,Warehouse - MTC,Customer order Brightline Offices Sep 2025,Meridian Trading Co.
d7a0b99563,ACC-SINV-2025-00479,P2,Sales Invoice,Sales Invoice,5,2025-09-12,2025-09-12 16:59:40.747136,ar.clerk@meridian.example,1310 - Debtors - MTC,1310,Debtors,Asset,29096.24,0.0,Customer,Brightline Offices,"4110 - Sales - MTC,4130 - Freight Income - MTC,4120 - Service - MTC",,Customer order Brightline Offices Sep 2025,Meridian Trading Co.
e167ca718d,ACC-SINV-2025-00479,P2,Sales Invoice,Sales Invoice,6,2025-09-12,2025-09-12 16:59:40.747136,ar.clerk@meridian.example,4120 - Service - MTC,4120,Service,Income,0.0,977.61,,,Brightline Offices,Sales Ops - MTC,Customer order Brightline Offices Sep 2025,Meridian Trading Co.
e31c30d11e,ACC-SINV-2025-00479,P2,Sales Invoice,Sales Invoice,7,2025-09-12,2025-09-12 16:59:40.747136,ar.clerk@meridian.example,ST 6% - MTC,,ST 6%,Liability,0.0,1646.96,,,Brightline Offices,Admin - MTC,Customer order Brightline Offices Sep 2025,Meridian Trading Co.
0d7a48876b,ACC-PAY-2025-00512,P2,Payment Entry,Payment Entry,1,2025-09-13,2025-09-15 12:44:30.773450,ar.clerk@meridian.example,1310 - Debtors - MTC,1310,Debtors,Asset,0.0,242.86,Customer,Ovation Events,1210 - Primary Checking - MTC,,Amount USD 242.86 received from Ovation Events | Transaction reference no ACH-25-00386 dated 2025-09-13 | Amount USD 242.86 adjusted against Sales Invoice ACC-SINV-2025-00386,Meridian Trading Co.
10a3978225,ACC-PAY-2025-00512,P2,Payment Entry,Payment Entry,2,2025-09-13,2025-09-15 12:44:30.773450,ar.clerk@meridian.example,1210 - Primary Checking - MTC,1210,Primary Checking,Asset,242.86,0.0,,,Ovation Events,,Amount USD 242.86 received from Ovation Events | Transaction reference no ACH-25-00386 dated 2025-09-13 | Amount USD 242.86 adjusted against Sales Invoice ACC-SINV-2025-00386,Meridian Trading Co.
313a6b890a,ACC-PAY-2025-00516,P2,Payment Entry,Payment Entry,1,2025-09-13,2025-09-15 15:36:42.180649,ar.clerk@meridian.example,1210 - Primary Checking - MTC,1210,Primary Checking,Asset,745.74,0.0,,,Summit Rentals,,Amount USD 745.74 received from Summit Rentals | Transaction reference no ACH-25-00392 dated 2025-09-13 | Amount USD 745.74 adjusted against Sales Invoice ACC-SINV-2025-00392,Meridian Trading Co.
8705c427c6,ACC-PAY-2025-00516,P2,Payment Entry,Payment Entry,2,2025-09-13,2025-09-15 15:36:42.180649,ar.clerk@meridian.example,1310 - Debtors - MTC,1310,Debtors,Asset,0.0,745.74,Customer,Summit Rentals,1210 - Primary Checking - MTC,,Amount USD 745.74 received from Summit Rentals | Transaction reference no ACH-25-00392 dated 2025-09-13 | Amount USD 745.74 adjusted against Sales Invoice ACC-SINV-2025-00392,Meridian Trading Co.
08d07d8f4d,ACC-PAY-2025-00532,P2,Payment Entry,Payment Entry,1,2025-09-13,2025-09-15 13:10:32.090676,ar.clerk@meridian.example,1210 - Primary Checking - MTC,1210,Primary Checking,Asset,3683.6,0.0,,,Juniper & Co,,Amount USD 3683.6 received from Juniper & Co | Transaction reference no ACH-25-00409 dated 2025-09-13 | Amount USD 3683.6 adjusted against Sales Invoice ACC-SINV-2025-00409,Meridian Trading Co.
e7599e3a16,ACC-PAY-2025-00532,P2,Payment Entry,Payment Entry,2,2025-09-13,2025-09-15 13:10:32.090676,ar.clerk@meridian.example,1310 - Debtors - MTC,1310,Debtors,Asset,0.0,3683.6,Customer,Juniper & Co,1210 - Primary Checking - MTC,,Amount USD 3683.6 received from Juniper & Co | Transaction reference no ACH-25-00409 dated 2025-09-13 | Amount USD 3683.6 adjusted against Sales Invoice ACC-SINV-2025-00409,Meridian Trading Co.
9ad296af06,ACC-PAY-2025-00551,P2,Payment Entry,Payment Entry,1,2025-09-13,2025-09-15 17:46:51.084638,ar.clerk@meridian.example,1210 - Primary Checking - MTC,1210,Primary Checking,Asset,1231.41,0.0,,,Galehouse Media,,Amount USD 1231.41 received from Galehouse Media | Transaction reference no ACH-25-00433 dated 2025-09-13 | Amount USD 1231.41 adjusted against Sales Invoice ACC-SINV-2025-00433,Meridian Trading Co.
b265fc6bfd,ACC-PAY-2025-00551,P2,Payment Entry,Payment Entry,2,2025-09-13,2025-09-15 17:46:51.084638,ar.clerk@meridian.example,1310 - Debtors - MTC,1310,Debtors,Asset,0.0,1231.41,Customer,Galehouse Media,1210 - Primary Checking - MTC,,Amount USD 1231.41 received from Galehouse Media | Transaction reference no ACH-25-00433 dated 2025-09-13 | Amount USD 1231.41 adjusted against Sales Invoice ACC-SINV-2025-00433,Meridian Trading Co.
426c240a3a,ACC-PAY-2025-00570,P2,Payment Entry,Payment Entry,1,2025-09-13,2025-09-15 12:43:38.355038,ap.clerk@meridian.example,2110 - Creditors - MTC,2110,Creditors,Liability,16511.89,0.0,Supplier,Quill Marketing Group,1210 - Primary Checking - MTC,,Amount USD 16511.89 paid to Quill Marketing Group | Transaction reference no ACH-25-00233 dated 2025-09-13 | Amount USD 16511.89 adjusted against Purchase Invoice ACC-PINV-2025-00233,Meridian Trading Co.
5479c4ce98,ACC-PAY-2025-00570,P2,Payment Entry,Payment Entry,2,2025-09-13,2025-09-15 12:43:38.355038,ap.clerk@meridian.example,1210 - Primary Checking - MTC,1210,Primary Checking,Asset,0.0,16511.89,,,Quill Marketing Group,,Amount USD 16511.89 paid to Quill Marketing Group | Transaction reference no ACH-25-00233 dated 2025-09-13 | Amount USD 16511.89 adjusted against Purchase Invoice ACC-PINV-2025-00233,Meridian Trading Co.
bb6f486d96,ACC-PAY-2025-00550,P2,Payment Entry,Payment Entry,1,2025-09-14,2025-09-15 15:16:36.950588,ar.clerk@meridian.example,1210 - Primary Checking - MTC,1210,Primary Checking,Asset,2992.0,0.0,,,Summit Rentals,,Amount USD 2992.0 received from Summit Rentals | Transaction reference no ACH-25-00432 dated 2025-09-14 | Amount USD 2992.0 adjusted against Sales Invoice ACC-SINV-2025-00432,Meridian Trading Co.
e7ec41bd33,ACC-PAY-2025-00550,P2,Payment Entry,Payment Entry,2,2025-09-14,2025-09-15 15:16:36.950588,ar.clerk@meridian.example,1310 - Debtors - MTC,1310,Debtors,Asset,0.0,2992.0,Customer,Summit Rentals,1210 - Primary Checking - MTC,,Amount USD 2992.0 received from Summit Rentals | Transaction reference no ACH-25-00432 dated 2025-09-14 | Amount USD 2992.0 adjusted against Sales Invoice ACC-SINV-2025-00432,Meridian Trading Co.
bdd0dd422a,ACC-PAY-2025-00586,P2,Payment Entry,Payment Entry,1,2025-09-14,2025-09-15 14:04:50.948415,ar.clerk@meridian.example,1310 - Debtors - MTC,1310,Debtors,Asset,0.0,1344.93,Customer,Juniper & Co,1210 - Primary Checking - MTC,,Amount USD 1344.93 received from Juniper & Co | Transaction reference no ACH-25-00446 dated 2025-09-14 | Amount USD 1344.93 adjusted against Sales Invoice ACC-SINV-2025-00446,Meridian Trading Co.
dd006779b7,ACC-PAY-2025-00586,P2,Payment Entry,Payment Entry,2,2025-09-14,2025-09-15 14:04:50.948415,ar.clerk@meridian.example,1210 - Primary Checking - MTC,1210,Primary Checking,Asset,1344.93,0.0,,,Juniper & Co,,Amount USD 1344.93 received from Juniper & Co | Transaction reference no ACH-25-00446 dated 2025-09-14 | Amount USD 1344.93 adjusted against Sales Invoice ACC-SINV-2025-00446,Meridian Trading Co.
c2fccea74b,ACC-PAY-2025-00531,P2,Payment Entry,Payment Entry,1,2025-09-15,2025-09-15 09:30:06.926438,ar.clerk@meridian.example,1310 - Debtors - MTC,1310,Debtors,Asset,0.0,5516.64,Customer,Redcedar Builders,1210 - Primary Checking - MTC,,Amount USD 5516.64 received from Redcedar Builders | Transaction reference no ACH-25-00408 dated 2025-09-15 | Amount USD 5516.64 adjusted against Sales Invoice ACC-SINV-2025-00408,Meridian Trading Co.
fadc254b98,ACC-PAY-2025-00531,P2,Payment Entry,Payment Entry,2,2025-09-15,2025-09-15 09:30:06.926438,ar.clerk@meridian.example,1210 - Primary Checking - MTC,1210,Primary Checking,Asset,5516.64,0.0,,,Redcedar Builders,,Amount USD 5516.64 received from Redcedar Builders | Transaction reference no ACH-25-00408 dated 2025-09-15 | Amount USD 5516.64 adjusted against Sales Invoice ACC-SINV-2025-00408,Meridian Trading Co.
18a79826f3,ACC-PAY-2025-00533,P2,Payment Entry,Payment Entry,1,2025-09-15,2025-09-15 09:06:36.911309,ar.clerk@meridian.example,1210 - Primary Checking - MTC,1210,Primary Checking,Asset,17788.79,0.0,,,Pactrail Sports,,Amount USD 17788.79 received from Pactrail Sports | Transaction reference no ACH-25-00410 dated 2025-09-15 | Amount USD 17788.79 adjusted against Sales Invoice ACC-SINV-2025-00410,Meridian Trading Co.
41920fc943,ACC-PAY-2025-00533,P2,Payment Entry,Payment Entry,2,2025-09-15,2025-09-15 09:06:36.911309,ar.clerk@meridian.example,1310 - Debtors - MTC,1310,Debtors,Asset,0.0,17788.79,Customer,Pactrail Sports,1210 - Primary Checking - MTC,,Amount USD 17788.79 received from Pactrail Sports | Transaction reference no ACH-25-00410 dated 2025-09-15 | Amount USD 17788.79 adjusted against Sales Invoice ACC-SINV-2025-00410,Meridian Trading Co.
77da279fc2,ACC-PINV-2025-00241,P2,Purchase Invoice,Purchase Invoice,1,2025-09-15,2025-09-15 09:41:12.400658,ap.clerk@meridian.example,5111 - Cost of Goods Sold - MTC,5111,Cost of Goods Sold,Expense,16600.64,0.0,,,Orchard Wholesale,Warehouse - MTC,Orchard Wholesale September 2025 billing,Meridian Trading Co.
fbcd1f67bd,ACC-PINV-2025-00241,P2,Purchase Invoice,Purchase Invoice,2,2025-09-15,2025-09-15 09:41:12.400658,ap.clerk@meridian.example,2110 - Creditors - MTC,2110,Creditors,Liability,0.0,16600.64,Supplier,Orchard Wholesale,5111 - Cost of Goods Sold - MTC,,Orchard Wholesale September 2025 billing,Meridian Trading Co.
1e89031def,ACC-SINV-2025-00454,P2,Sales Invoice,Sales Invoice,1,2025-09-15,2025-09-15 10:28:46.602600,ar.clerk@meridian.example,1310 - Debtors - MTC,1310,Debtors,Asset,1894.77,0.0,Customer,Galehouse Media,4110 - Sales - MTC,,Customer order Galehouse Media Sep 2025,Meridian Trading Co.
213fe7d893,ACC-SINV-2025-00454,P2,Sales Invoice,Sales Invoice,2,2025-09-15,2025-09-15 10:28:46.602600,ar.clerk@meridian.example,ST 6% - MTC,,ST 6%,Liability,0.0,107.25,,,Galehouse Media,Admin - MTC,Customer order Galehouse Media Sep 2025,Meridian Trading Co.
b6b4e57e78,ACC-SINV-2025-00454,P2,Sales Invoice,Sales Invoice,3,2025-09-15,2025-09-15 10:28:46.602600,ar.clerk@meridian.example,4110 - Sales - MTC,4110,Sales,Income,0.0,1380.42,,,Galehouse Media,Warehouse - MTC,Customer order Galehouse Media Sep 2025,Meridian Trading Co.
cf29fd4a49,ACC-SINV-2025-00454,P2,Sales Invoice,Sales Invoice,4,2025-09-15,2025-09-15 10:28:46.602600,ar.clerk@meridian.example,4110 - Sales - MTC,4110,Sales,Income,0.0,407.1,,,Galehouse Media,Sales Ops - MTC,Customer order Galehouse Media Sep 2025,Meridian Trading Co.
8895d1afc8,ACC-SINV-2025-00464,P2,Sales Invoice,Sales Invoice,1,2025-09-15,2025-09-15 09:27:35.826524,ar.clerk@meridian.example,ST 6% - MTC,,ST 6%,Liability,0.0,513.36,,,Halstrom Supply,Admin - MTC,Customer order Halstrom Supply Sep 2025,Meridian Trading Co.
9b1b089165,ACC-SINV-2025-00464,P2,Sales Invoice,Sales Invoice,2,2025-09-15,2025-09-15 09:27:35.826524,ar.clerk@meridian.example,1310 - Debtors - MTC,1310,Debtors,Asset,9069.39,0.0,Customer,Halstrom Supply,"4110 - Sales - MTC,4120 - Service - MTC",,Customer order Halstrom Supply Sep 2025,Meridian Trading Co.
b83dc45c0b,ACC-SINV-2025-00464,P2,Sales Invoice,Sales Invoice,3,2025-09-15,2025-09-15 09:27:35.826524,ar.clerk@meridian.example,4120 - Service - MTC,4120,Service,Income,0.0,6375.83,,,Halstrom Supply,Sales Ops - MTC,Customer order Halstrom Supply Sep 2025,Meridian Trading Co.
d30c6c639e,ACC-SINV-2025-00464,P2,Sales Invoice,Sales Invoice,4,2025-09-15,2025-09-15 09:27:35.826524,ar.clerk@meridian.example,4110 - Sales - MTC,4110,Sales,Income,0.0,594.3,,,Halstrom Supply,Warehouse - MTC,Customer order Halstrom Supply Sep 2025,Meridian Trading Co.
e57521650b,ACC-SINV-2025-00464,P2,Sales Invoice,Sales Invoice,5,2025-09-15,2025-09-15 09:27:35.826524,ar.clerk@meridian.example,4110 - Sales - MTC,4110,Sales,Income,0.0,1585.9,,,Halstrom Supply,Sales Ops - MTC,Customer order Halstrom Supply Sep 2025,Meridian Trading Co.
3718de99f2,ACC-SINV-2025-00468,P2,Sales Invoice,Sales Invoice,1,2025-09-15,2025-09-15 09:47:18.089769,ar.clerk@meridian.example,4120 - Service - MTC,4120,Service,Income,0.0,2944.56,,,Ovation Events,Sales Ops - MTC,Customer order Ovation Events Sep 2025,Meridian Trading Co.
9364287f41,ACC-SINV-2025-00468,P2,Sales Invoice,Sales Invoice,2,2025-09-15,2025-09-15 09:47:18.089769,ar.clerk@meridian.example,1310 - Debtors - MTC,1310,Debtors,Asset,2944.56,0.0,Customer,Ovation Events,4120 - Service - MTC,,Customer order Ovation Events Sep 2025,Meridian Trading Co.
2363f70233,ACC-SINV-2025-00474,P2,Sales Invoice,Sales Invoice,1,2025-09-15,2025-09-15 13:42:34.931618,ar.clerk@meridian.example,4130 - Freight Income - MTC,4130,Freight Income,Income,0.0,866.3,,,Pactrail Sports,Admin - MTC,Customer order Pactrail Sports Sep 2025,Meridian Trading Co.
4923f49deb,ACC-SINV-2025-00474,P2,Sales Invoice,Sales Invoice,2,2025-09-15,2025-09-15 13:42:34.931618,ar.clerk@meridian.example,4110 - Sales - MTC,4110,Sales,Income,0.0,40.18,,,Pactrail Sports,Sales Ops - MTC,Customer order Pactrail Sports Sep 2025,Meridian Trading Co.
784a29954a,ACC-SINV-2025-00474,P2,Sales Invoice,Sales Invoice,3,2025-09-15,2025-09-15 13:42:34.931618,ar.clerk@meridian.example,ST 6% - MTC,,ST 6%,Liability,0.0,195.22,,,Pactrail Sports,Admin - MTC,Customer order Pactrail Sports Sep 2025,Meridian Trading Co.
898fff42da,ACC-SINV-2025-00474,P2,Sales Invoice,Sales Invoice,4,2025-09-15,2025-09-15 13:42:34.931618,ar.clerk@meridian.example,1310 - Debtors - MTC,1310,Debtors,Asset,3448.9,0.0,Customer,Pactrail Sports,"4130 - Freight Income - MTC,4110 - Sales - MTC,4120 - Service - MTC",,Customer order Pactrail Sports Sep 2025,Meridian Trading Co.
bba8e1f4e0,ACC-SINV-2025-00474,P2,Sales Invoice,Sales Invoice,5,2025-09-15,2025-09-15 13:42:34.931618,ar.clerk@meridian.example,4120 - Service - MTC,4120,Service,Income,0.0,2347.2,,,Pactrail Sports,Sales Ops - MTC,Customer order Pactrail Sports Sep 2025,Meridian Trading Co.
173b265c87,ACC-PAY-2025-00548,P2,Payment Entry,Payment Entry,1,2025-09-16,2025-09-16 08:41:29.534872,ar.clerk@meridian.example,1310 - Debtors - MTC,1310,Debtors,Asset,0.0,457.91,Customer,Ferrous Works,1210 - Primary Checking - MTC,,Amount USD 457.91 received from Ferrous Works | Transaction reference no ACH-25-00430 dated 2025-09-16 | Amount USD 457.91 adjusted against Sales Invoice ACC-SINV-2025-00430,Meridian Trading Co.
c25f5e5f87,ACC-PAY-2025-00548,P2,Payment Entry,Payment Entry,2,2025-09-16,2025-09-16 08:41:29.534872,ar.clerk@meridian.example,1210 - Primary Checking - MTC,1210,Primary Checking,Asset,457.91,0.0,,,Ferrous Works,,Amount USD 457.91 received from Ferrous Works | Transaction reference no ACH-25-00430 dated 2025-09-16 | Amount USD 457.91 adjusted against Sales Invoice ACC-SINV-2025-00430,Meridian Trading Co.
16d21caec2,ACC-PAY-2025-00566,P2,Payment Entry,Payment Entry,1,2025-09-16,2025-09-16 17:28:24.647744,ap.clerk@meridian.example,1210 - Primary Checking - MTC,1210,Primary Checking,Asset,0.0,11537.7,,,Metro Utilities,,Amount USD 11537.7 paid to Metro Utilities | Transaction reference no ACH-25-00229 dated 2025-09-16 | Amount USD 11537.7 adjusted against Purchase Invoice ACC-PINV-2025-00229,Meridian Trading Co.
410a2f6674,ACC-PAY-2025-00566,P2,Payment Entry,Payment Entry,2,2025-09-16,2025-09-16 17:28:24.647744,ap.clerk@meridian.example,2110 - Creditors - MTC,2110,Creditors,Liability,11537.7,0.0,Supplier,Metro Utilities,1210 - Primary Checking - MTC,,Amount USD 11537.7 paid to Metro Utilities | Transaction reference no ACH-25-00229 dated 2025-09-16 | Amount USD 11537.7 adjusted against Purchase Invoice ACC-PINV-2025-00229,Meridian Trading Co.
96fbc85983,ACC-PAY-2025-00597,P2,Payment Entry,Payment Entry,1,2025-09-16,2025-09-16 14:12:59.621268,ar.clerk@meridian.example,1210 - Primary Checking - MTC,1210,Primary Checking,Asset,2537.96,0.0,,,Marlowe Interiors,,Amount USD 2537.96 received from Marlowe Interiors | Transaction reference no ACH-25-00459 dated 2025-09-16 | Amount USD 2537.96 adjusted against Sales Invoice ACC-SINV-2025-00459,Meridian Trading Co.
f0b8e0cf5b,ACC-PAY-2025-00597,P2,Payment Entry,Payment Entry,2,2025-09-16,2025-09-16 14:12:59.621268,ar.clerk@meridian.example,1310 - Debtors - MTC,1310,Debtors,Asset,0.0,2537.96,Customer,Marlowe Interiors,1210 - Primary Checking - MTC,,Amount USD 2537.96 received from Marlowe Interiors | Transaction reference no ACH-25-00459 dated 2025-09-16 | Amount USD 2537.96 adjusted against Sales Invoice ACC-SINV-2025-00459,Meridian Trading Co.
b2cf9c20c1,ACC-PINV-2025-00244,P2,Purchase Invoice,Purchase Invoice,1,2025-09-16,2025-09-16 13:52:24.190748,ap.clerk@meridian.example,2110 - Creditors - MTC,2110,Creditors,Liability,0.0,6501.54,Supplier,Vulcan Materials Co,"5111 - Cost of Goods Sold - MTC,5210 - Postal Expenses - MTC",,Vulcan Materials Co September 2025 billing,Meridian Trading Co.
ba7cda0e0c,ACC-PINV-2025-00244,P2,Purchase Invoice,Purchase Invoice,2,2025-09-16,2025-09-16 13:52:24.190748,ap.clerk@meridian.example,5210 - Postal Expenses - MTC,5210,Postal Expenses,Expense,563.21,0.0,,,Vulcan Materials Co,Admin - MTC,Vulcan Materials Co September 2025 billing,Meridian Trading Co.
ce5580ae49,ACC-PINV-2025-00244,P2,Purchase Invoice,Purchase Invoice,3,2025-09-16,2025-09-16 13:52:24.190748,ap.clerk@meridian.example,5111 - Cost of Goods Sold - MTC,5111,Cost of Goods Sold,Expense,5938.33,0.0,,,Vulcan Materials Co,Warehouse - MTC,Vulcan Materials Co September 2025 billing,Meridian Trading Co.
7778af2fa4,ACC-PINV-2025-00257,P2,Purchase Invoice,Purchase Invoice,1,2025-09-16,2025-09-16 11:36:41.215647,ap.clerk@meridian.example,2110 - Creditors - MTC,2110,Creditors,Liability,0.0,6791.92,Supplier,Harlan Office Supply,5208 - Office Maintenance Expenses - MTC,,Harlan Office Supply September 2025 billing,Meridian Trading Co.
a4c33cf375,ACC-PINV-2025-00257,P2,Purchase Invoice,Purchase Invoice,2,2025-09-16,2025-09-16 11:36:41.215647,ap.clerk@meridian.example,5208 - Office Maintenance Expenses - MTC,5208,Office Maintenance Expenses,Expense,6791.92,0.0,,,Harlan Office Supply,Admin - MTC,Harlan Office Supply September 2025 billing,Meridian Trading Co.
2c6729da98,ACC-SINV-2025-00436,P2,Sales Invoice,Sales Invoice,1,2025-09-16,2025-09-16 08:04:45.770878,ar.clerk@meridian.example,4110 - Sales - MTC,4110,Sales,Income,0.0,1154.3,,,Kestrel Foods,Warehouse - MTC,Customer order Kestrel Foods Sep 2025,Meridian Trading Co.
dd69a75452,ACC-SINV-2025-00436,P2,Sales Invoice,Sales Invoice,2,2025-09-16,2025-09-16 08:04:45.770878,ar.clerk@meridian.example,4110 - Sales - MTC,4110,Sales,Income,0.0,645.45,,,Kestrel Foods,Sales Ops - MTC,Customer order Kestrel Foods Sep 2025,Meridian Trading Co.
f952cc3a63,ACC-SINV-2025-00436,P2,Sales Invoice,Sales Invoice,3,2025-09-16,2025-09-16 08:04:45.770878,ar.clerk@meridian.example,1310 - Debtors - MTC,1310,Debtors,Asset,1907.73,0.0,Customer,Kestrel Foods,4110 - Sales - MTC,,Customer order Kestrel Foods Sep 2025,Meridian Trading Co.
fec8325f8a,ACC-SINV-2025-00436,P2,Sales Invoice,Sales Invoice,4,2025-09-16,2025-09-16 08:04:45.770878,ar.clerk@meridian.example,ST 6% - MTC,,ST 6%,Liability,0.0,107.98,,,Kestrel Foods,Admin - MTC,Customer order Kestrel Foods Sep 2025,Meridian Trading Co.
03822dd401,ACC-SINV-2025-00467,P2,Sales Invoice,Sales Invoice,1,2025-09-16,2025-09-16 17:28:45.059749,ar.clerk@meridian.example,1310 - Debtors - MTC,1310,Debtors,Asset,2547.08,0.0,Customer,Ferrous Works,4110 - Sales - MTC,,Customer order Ferrous Works Sep 2025,Meridian Trading Co.
37e1a9a2b2,ACC-SINV-2025-00467,P2,Sales Invoice,Sales Invoice,2,2025-09-16,2025-09-16 17:28:45.059749,ar.clerk@meridian.example,ST 6% - MTC,,ST 6%,Liability,0.0,144.17,,,Ferrous Works,Admin - MTC,Customer order Ferrous Works Sep 2025,Meridian Trading Co.
b5737790ee,ACC-SINV-2025-00467,P2,Sales Invoice,Sales Invoice,3,2025-09-16,2025-09-16 17:28:45.059749,ar.clerk@meridian.example,4110 - Sales - MTC,4110,Sales,Income,0.0,253.44,,,Ferrous Works,Warehouse - MTC,Customer order Ferrous Works Sep 2025,Meridian Trading Co.
ef919249f1,ACC-SINV-2025-00467,P2,Sales Invoice,Sales Invoice,4,2025-09-16,2025-09-16 17:28:45.059749,ar.clerk@meridian.example,4110 - Sales - MTC,4110,Sales,Income,0.0,2149.47,,,Ferrous Works,Sales Ops - MTC,Customer order Ferrous Works Sep 2025,Meridian Trading Co.
3aec5efe9e,ACC-SINV-2025-00483,P2,Sales Invoice,Sales Invoice,1,2025-09-16,2025-09-16 17:16:06.083499,ar.clerk@meridian.example,1310 - Debtors - MTC,1310,Debtors,Asset,988.11,0.0,Customer,Halstrom Supply,"4140 - Installation Revenue - MTC,4110 - Sales - MTC",,Customer order Halstrom Supply Sep 2025,Meridian Trading Co.
50ef88c219,ACC-SINV-2025-00483,P2,Sales Invoice,Sales Invoice,2,2025-09-16,2025-09-16 17:16:06.083499,ar.clerk@meridian.example,4110 - Sales - MTC,4110,Sales,Income,0.0,32.1,,,Halstrom Supply,Warehouse - MTC,Customer order Halstrom Supply Sep 2025,Meridian Trading Co.
80bdf2bd0a,ACC-SINV-2025-00483,P2,Sales Invoice,Sales Invoice,3,2025-09-16,2025-09-16 17:16:06.083499,ar.clerk@meridian.example,4140 - Installation Revenue - MTC,4140,Installation Revenue,Income,0.0,900.08,,,Halstrom Supply,Sales Ops - MTC,Customer order Halstrom Supply Sep 2025,Meridian Trading Co.
d06c6dc79e,ACC-SINV-2025-00483,P2,Sales Invoice,Sales Invoice,4,2025-09-16,2025-09-16 17:16:06.083499,ar.clerk@meridian.example,ST 6% - MTC,,ST 6%,Liability,0.0,55.93,,,Halstrom Supply,Admin - MTC,Customer order Halstrom Supply Sep 2025,Meridian Trading Co.
448364dbcf,ACC-SINV-2025-00489,P2,Sales Invoice,Sales Invoice,1,2025-09-16,2025-09-16 11:41:04.393894,ar.clerk@meridian.example,ST 6% - MTC,,ST 6%,Liability,0.0,56.49,,,Galehouse Media,Admin - MTC,Customer order Galehouse Media Sep 2025,Meridian Trading Co.
ca75634f37,ACC-SINV-2025-00489,P2,Sales Invoice,Sales Invoice,2,2025-09-16,2025-09-16 11:41:04.393894,ar.clerk@meridian.example,4140 - Installation Revenue - MTC,4140,Installation Revenue,Income,0.0,941.44,,,Galehouse Media,Sales Ops - MTC,Customer order Galehouse Media Sep 2025,Meridian Trading Co.
ec33440c22,ACC-SINV-2025-00489,P2,Sales Invoice,Sales Invoice,3,2025-09-16,2025-09-16 11:41:04.393894,ar.clerk@meridian.example,1310 - Debtors - MTC,1310,Debtors,Asset,997.93,0.0,Customer,Galehouse Media,4140 - Installation Revenue - MTC,,Customer order Galehouse Media Sep 2025,Meridian Trading Co.
c5076555c4,ACC-PAY-2025-00599,P2,Payment Entry,Payment Entry,1,2025-09-17,2025-09-17 08:13:31.079267,ar.clerk@meridian.example,1310 - Debtors - MTC,1310,Debtors,Asset,0.0,3730.34,Customer,Brightline Offices,1210 - Primary Checking - MTC,,Amount USD 3730.34 received from Brightline Offices | Transaction reference no ACH-25-00461 dated 2025-09-17 | Amount USD 3730.34 adjusted against Sales Invoice ACC-SINV-2025-00461,Meridian Trading Co.
fb6098726b,ACC-PAY-2025-00599,P2,Payment Entry,Payment Entry,2,2025-09-17,2025-09-17 08:13:31.079267,ar.clerk@meridian.example,1210 - Primary Checking - MTC,1210,Primary Checking,Asset,3730.34,0.0,,,Brightline Offices,,Amount USD 3730.34 received from Brightline Offices | Transaction reference no ACH-25-00461 dated 2025-09-17 | Amount USD 3730.34 adjusted against Sales Invoice ACC-SINV-2025-00461,Meridian Trading Co.
3f997f6230,ACC-PAY-2025-00628,P2,Payment Entry,Payment Entry,1,2025-09-17,2025-09-17 12:05:08.383286,ap.clerk@meridian.example,2110 - Creditors - MTC,2110,Creditors,Liability,14236.31,0.0,Supplier,Beacon Freight,1210 - Primary Checking - MTC,,Amount USD 14236.31 paid to Beacon Freight | Transaction reference no ACH-25-00247 dated 2025-09-17 | Amount USD 14236.31 adjusted against Purchase Invoice ACC-PINV-2025-00247,Meridian Trading Co.
d7ede4330e,ACC-PAY-2025-00628,P2,Payment Entry,Payment Entry,2,2025-09-17,2025-09-17 12:05:08.383286,ap.clerk@meridian.example,1210 - Primary Checking - MTC,1210,Primary Checking,Asset,0.0,14236.31,,,Beacon Freight,,Amount USD 14236.31 paid to Beacon Freight | Transaction reference no ACH-25-00247 dated 2025-09-17 | Amount USD 14236.31 adjusted against Purchase Invoice ACC-PINV-2025-00247,Meridian Trading Co.
0b995b3674,ACC-SINV-2025-00480,P2,Sales Invoice,Sales Invoice,1,2025-09-17,2025-09-17 09:17:35.574316,ar.clerk@meridian.example,ST 6% - MTC,,ST 6%,Liability,0.0,18.14,,,Summit Rentals,Admin - MTC,Customer order Summit Rentals Sep 2025,Meridian Trading Co.
479bb5c772,ACC-SINV-2025-00480,P2,Sales Invoice,Sales Invoice,2,2025-09-17,2025-09-17 09:17:35.574316,ar.clerk@meridian.example,1310 - Debtors - MTC,1310,Debtors,Asset,320.54,0.0,Customer,Summit Rentals,4110 - Sales - MTC,,Customer order Summit Rentals Sep 2025,Meridian Trading Co.
8a7fb40870,ACC-SINV-2025-00480,P2,Sales Invoice,Sales Invoice,3,2025-09-17,2025-09-17 09:17:35.574316,ar.clerk@meridian.example,4110 - Sales - MTC,4110,Sales,Income,0.0,302.4,,,Summit Rentals,Warehouse - MTC,Customer order Summit Rentals Sep 2025,Meridian Trading Co.
31b7e56855,ACC-SINV-2025-00486,P2,Sales Invoice,Sales Invoice,1,2025-09-17,2025-09-17 09:01:40.997944,ar.clerk@meridian.example,ST 6% - MTC,,ST 6%,Liability,0.0,27.1,,,Juniper & Co,Admin - MTC,Customer order Juniper & Co Sep 2025,Meridian Trading Co.
337063c26b,ACC-SINV-2025-00486,P2,Sales Invoice,Sales Invoice,2,2025-09-17,2025-09-17 09:01:40.997944,ar.clerk@meridian.example,4140 - Installation Revenue - MTC,4140,Installation Revenue,Income,0.0,451.75,,,Juniper & Co,Sales Ops - MTC,Customer order Juniper & Co Sep 2025,Meridian Trading Co.
98de29b2de,ACC-SINV-2025-00486,P2,Sales Invoice,Sales Invoice,3,2025-09-17,2025-09-17 09:01:40.997944,ar.clerk@meridian.example,1310 - Debtors - MTC,1310,Debtors,Asset,478.85,0.0,Customer,Juniper & Co,4140 - Installation Revenue - MTC,,Customer order Juniper & Co Sep 2025,Meridian Trading Co.
e0a5dd6a5a,ACC-PAY-2025-00527,P2,Payment Entry,Payment Entry,1,2025-09-18,2025-09-18 17:33:04.466392,ar.clerk@meridian.example,1210 - Primary Checking - MTC,1210,Primary Checking,Asset,12238.92,0.0,,,Summit Rentals,,Amount USD 12238.92 received from Summit Rentals | Transaction reference no ACH-25-00403 dated 2025-09-18 | Amount USD 12238.92 adjusted against Sales Invoice ACC-SINV-2025-00403,Meridian Trading Co.
f35a171e3a,ACC-PAY-2025-00527,P2,Payment Entry,Payment Entry,2,2025-09-18,2025-09-18 17:33:04.466392,ar.clerk@meridian.example,1310 - Debtors - MTC,1310,Debtors,Asset,0.0,12238.92,Customer,Summit Rentals,1210 - Primary Checking - MTC,,Amount USD 12238.92 received from Summit Rentals | Transaction reference no ACH-25-00403 dated 2025-09-18 | Amount USD 12238.92 adjusted against Sales Invoice ACC-SINV-2025-00403,Meridian Trading Co.
1147929fb1,ACC-PAY-2025-00545,P2,Payment Entry,Payment Entry,1,2025-09-18,2025-09-18 16:12:04.540104,ar.clerk@meridian.example,1210 - Primary Checking - MTC,1210,Primary Checking,Asset,820.1,0.0,,,Bluepine Hardware,,Amount USD 820.1 received from Bluepine Hardware | Transaction reference no ACH-25-00427 dated 2025-09-18 | Amount USD 820.1 adjusted against Sales Invoice ACC-SINV-2025-00427,Meridian Trading Co.
772184fc75,ACC-PAY-2025-00545,P2,Payment Entry,Payment Entry,2,2025-09-18,2025-09-18 16:12:04.540104,ar.clerk@meridian.example,1310 - Debtors - MTC,1310,Debtors,Asset,0.0,820.1,Customer,Bluepine Hardware,1210 - Primary Checking - MTC,,Amount USD 820.1 received from Bluepine Hardware | Transaction reference no ACH-25-00427 dated 2025-09-18 | Amount USD 820.1 adjusted against Sales Invoice ACC-SINV-2025-00427,Meridian Trading Co.
b7dd0a2143,ACC-PAY-2025-00571,P2,Payment Entry,Payment Entry,1,2025-09-18,2025-09-18 13:46:24.806773,ap.clerk@meridian.example,1210 - Primary Checking - MTC,1210,Primary Checking,Asset,0.0,16530.45,,,Quill Marketing Group,,Amount USD 16530.45 paid to Quill Marketing Group | Transaction reference no ACH-25-00234 dated 2025-09-18 | Amount USD 16530.45 adjusted against Purchase Invoice ACC-PINV-2025-00234,Meridian Trading Co.
c6d3b5e525,ACC-PAY-2025-00571,P2,Payment Entry,Payment Entry,2,2025-09-18,2025-09-18 13:46:24.806773,ap.clerk@meridian.example,2110 - Creditors - MTC,2110,Creditors,Liability,16530.45,0.0,Supplier,Quill Marketing Group,1210 - Primary Checking - MTC,,Amount USD 16530.45 paid to Quill Marketing Group | Transaction reference no ACH-25-00234 dated 2025-09-18 | Amount USD 16530.45 adjusted against Purchase Invoice ACC-PINV-2025-00234,Meridian Trading Co.
16fe262529,ACC-PINV-2025-00239,P2,Purchase Invoice,Purchase Invoice,1,2025-09-18,2025-09-18 12:40:21.071719,ap.clerk@meridian.example,2110 - Creditors - MTC,2110,Creditors,Liability,0.0,11909.95,Supplier,Orchard Wholesale,5111 - Cost of Goods Sold - MTC,,Orchard Wholesale September 2025 billing,Meridian Trading Co.
f29bc52263,ACC-PINV-2025-00239,P2,Purchase Invoice,Purchase Invoice,2,2025-09-18,2025-09-18 12:40:21.071719,ap.clerk@meridian.example,5111 - Cost of Goods Sold - MTC,5111,Cost of Goods Sold,Expense,11909.95,0.0,,,Orchard Wholesale,Warehouse - MTC,Orchard Wholesale September 2025 billing,Meridian Trading Co.
314355ba38,ACC-PINV-2025-00255,P2,Purchase Invoice,Purchase Invoice,1,2025-09-18,2025-09-18 10:13:33.917639,ap.clerk@meridian.example,5217 - Utility Expenses - MTC,5217,Utility Expenses,Expense,2308.53,0.0,,,Metro Utilities,Admin - MTC,Metro Utilities September 2025 billing,Meridian Trading Co.
5914a67743,ACC-PINV-2025-00255,P2,Purchase Invoice,Purchase Invoice,2,2025-09-18,2025-09-18 10:13:33.917639,ap.clerk@meridian.example,2110 - Creditors - MTC,2110,Creditors,Liability,0.0,2308.53,Supplier,Metro Utilities,5217 - Utility Expenses - MTC,,Metro Utilities September 2025 billing,Meridian Trading Co.
74857d51b6,ACC-SINV-2025-00452,P2,Sales Invoice,Sales Invoice,1,2025-09-18,2025-09-18 08:49:53.226653,ar.clerk@meridian.example,ST 6% - MTC,,ST 6%,Liability,0.0,60.95,,,Halstrom Supply,Admin - MTC,Customer order Halstrom Supply Sep 2025,Meridian Trading Co.
a294c4ca25,ACC-SINV-2025-00452,P2,Sales Invoice,Sales Invoice,2,2025-09-18,2025-09-18 08:49:53.226653,ar.clerk@meridian.example,4130 - Freight Income - MTC,4130,Freight Income,Income,0.0,1015.8,,,Halstrom Supply,Admin - MTC,Customer order Halstrom Supply Sep 2025,Meridian Trading Co.
e7b09769de,ACC-SINV-2025-00452,P2,Sales Invoice,Sales Invoice,3,2025-09-18,2025-09-18 08:49:53.226653,ar.clerk@meridian.example,1310 - Debtors - MTC,1310,Debtors,Asset,1076.75,0.0,Customer,Halstrom Supply,4130 - Freight Income - MTC,,Customer order Halstrom Supply Sep 2025,Meridian Trading Co.
1d26b29cec,ACC-SINV-2025-00475,P2,Sales Invoice,Sales Invoice,1,2025-09-18,2025-09-18 15:41:02.297501,ar.clerk@meridian.example,1310 - Debtors - MTC,1310,Debtors,Asset,1718.02,0.0,Customer,Marlowe Interiors,4110 - Sales - MTC,,Customer order Marlowe Interiors Sep 2025,Meridian Trading Co.
31264db2b0,ACC-SINV-2025-00475,P2,Sales Invoice,Sales Invoice,2,2025-09-18,2025-09-18 15:41:02.297501,ar.clerk@meridian.example,4110 - Sales - MTC,4110,Sales,Income,0.0,380.07,,,Marlowe Interiors,Sales Ops - MTC,Customer order Marlowe Interiors Sep 2025,Meridian Trading Co.
85271e5b2e,ACC-SINV-2025-00475,P2,Sales Invoice,Sales Invoice,3,2025-09-18,2025-09-18 15:41:02.297501,ar.clerk@meridian.example,ST 6% - MTC,,ST 6%,Liability,0.0,97.25,,,Marlowe Interiors,Admin - MTC,Customer order Marlowe Interiors Sep 2025,Meridian Trading Co.
a1ad6a0e77,ACC-SINV-2025-00475,P2,Sales Invoice,Sales Invoice,4,2025-09-18,2025-09-18 15:41:02.297501,ar.clerk@meridian.example,4110 - Sales - MTC,4110,Sales,Income,0.0,1240.7,,,Marlowe Interiors,Warehouse - MTC,Customer order Marlowe Interiors Sep 2025,Meridian Trading Co.
1a7bb9010c,ACC-SINV-2025-00487,P2,Sales Invoice,Sales Invoice,1,2025-09-18,2025-09-18 10:39:25.595536,ar.clerk@meridian.example,ST 6% - MTC,,ST 6%,Liability,0.0,26.26,,,Bluepine Hardware,Admin - MTC,Customer order Bluepine Hardware Sep 2025,Meridian Trading Co.
682db219ba,ACC-SINV-2025-00487,P2,Sales Invoice,Sales Invoice,2,2025-09-18,2025-09-18 10:39:25.595536,ar.clerk@meridian.example,4140 - Installation Revenue - MTC,4140,Installation Revenue,Income,0.0,437.66,,,Bluepine Hardware,Sales Ops - MTC,Customer order Bluepine Hardware Sep 2025,Meridian Trading Co.
bf3d823985,ACC-SINV-2025-00487,P2,Sales Invoice,Sales Invoice,3,2025-09-18,2025-09-18 10:39:25.595536,ar.clerk@meridian.example,1310 - Debtors - MTC,1310,Debtors,Asset,463.92,0.0,Customer,Bluepine Hardware,4140 - Installation Revenue - MTC,,Customer order Bluepine Hardware Sep 2025,Meridian Trading Co.
2cfc402997,ACC-JV-2025-00091,P2,Journal Entry,Journal Entry,1,2025-09-19,2025-09-19 09:23:20.414332,controller@meridian.example,1320 - Intercompany Receivable - MTC,1320,Intercompany Receivable,Asset,11554.34,0.0,,,4120 - Service - MTC,Admin - MTC,,Meridian Trading Co.
c7057cadd1,ACC-JV-2025-00091,P2,Journal Entry,Journal Entry,2,2025-09-19,2025-09-19 09:23:20.414332,controller@meridian.example,4120 - Service - MTC,4120,Service,Income,0.0,11554.34,,,1320 - Intercompany Receivable - MTC,Admin - MTC,,Meridian Trading Co.
724158ebc1,ACC-PAY-2025-00542,P2,Payment Entry,Payment Entry,1,2025-09-19,2025-09-19 17:37:46.743113,ar.clerk@meridian.example,1210 - Primary Checking - MTC,1210,Primary Checking,Asset,565.0,0.0,,,Cascade Outfitters,,Amount USD 565.0 received from Cascade Outfitters | Transaction reference no ACH-25-00422 dated 2025-09-19 | Amount USD 565.0 adjusted against Sales Invoice ACC-SINV-2025-00422,Meridian Trading Co.
df3c252f2f,ACC-PAY-2025-00542,P2,Payment Entry,Payment Entry,2,2025-09-19,2025-09-19 17:37:46.743113,ar.clerk@meridian.example,1310 - Debtors - MTC,1310,Debtors,Asset,0.0,565.0,Customer,Cascade Outfitters,1210 - Primary Checking - MTC,,Amount USD 565.0 received from Cascade Outfitters | Transaction reference no ACH-25-00422 dated 2025-09-19 | Amount USD 565.0 adjusted against Sales Invoice ACC-SINV-2025-00422,Meridian Trading Co.
083965d3eb,ACC-PAY-2025-00560,P2,Payment Entry,Payment Entry,1,2025-09-19,2025-09-19 14:03:20.158552,ap.clerk@meridian.example,1210 - Primary Checking - MTC,1210,Primary Checking,Asset,0.0,15935.33,,,Beacon Freight,,Amount USD 15935.33 paid to Beacon Freight | Transaction reference no ACH-25-00222 dated 2025-09-19 | Amount USD 15935.33 adjusted against Purchase Invoice ACC-PINV-2025-00222,Meridian Trading Co.
a883ae7e90,ACC-PAY-2025-00560,P2,Payment Entry,Payment Entry,2,2025-09-19,2025-09-19 14:03:20.158552,ap.clerk@meridian.example,2110 - Creditors - MTC,2110,Creditors,Liability,15935.33,0.0,Supplier,Beacon Freight,1210 - Primary Checking - MTC,,Amount USD 15935.33 paid to Beacon Freight | Transaction reference no ACH-25-00222 dated 2025-09-19 | Amount USD 15935.33 adjusted against Purchase Invoice ACC-PINV-2025-00222,Meridian Trading Co.
0e98dab3b9,ACC-PAY-2025-00562,P2,Payment Entry,Payment Entry,1,2025-09-19,2025-09-19 18:03:31.177194,ap.clerk@meridian.example,1210 - Primary Checking - MTC,1210,Primary Checking,Asset,0.0,17337.62,,,Cobalt IT Services,,Amount USD 17337.62 paid to Cobalt IT Services | Transaction reference no ACH-25-00225 dated 2025-09-19 | Amount USD 17337.62 adjusted against Purchase Invoice ACC-PINV-2025-00225,Meridian Trading Co.
1670c0b1a5,ACC-PAY-2025-00562,P2,Payment Entry,Payment Entry,2,2025-09-19,2025-09-19 18:03:31.177194,ap.clerk@meridian.example,2110 - Creditors - MTC,2110,Creditors,Liability,17337.62,0.0,Supplier,Cobalt IT Services,1210 - Primary Checking - MTC,,Amount USD 17337.62 paid to Cobalt IT Services | Transaction reference no ACH-25-00225 dated 2025-09-19 | Amount USD 17337.62 adjusted against Purchase Invoice ACC-PINV-2025-00225,Meridian Trading Co.
1134173ce3,ACC-PAY-2025-00601,P2,Payment Entry,Payment Entry,1,2025-09-19,2025-09-19 16:53:35.918955,ar.clerk@meridian.example,1310 - Debtors - MTC,1310,Debtors,Asset,0.0,3406.42,Customer,Redcedar Builders,1210 - Primary Checking - MTC,,Amount USD 3406.42 received from Redcedar Builders | Transaction reference no ACH-25-00466 dated 2025-09-19 | Amount USD 3406.42 adjusted against Sales Invoice ACC-SINV-2025-00466,Meridian Trading Co.
f81866b814,ACC-PAY-2025-00601,P2,Payment Entry,Payment Entry,2,2025-09-19,2025-09-19 16:53:35.918955,ar.clerk@meridian.example,1210 - Primary Checking - MTC,1210,Primary Checking,Asset,3406.42,0.0,,,Redcedar Builders,,Amount USD 3406.42 received from Redcedar Builders | Transaction reference no ACH-25-00466 dated 2025-09-19 | Amount USD 3406.42 adjusted against Sales Invoice ACC-SINV-2025-00466,Meridian Trading Co.
daded3ab19,ACC-PAY-2025-00612,P2,Payment Entry,Payment Entry,1,2025-09-19,2025-09-19 14:02:18.302912,ar.clerk@meridian.example,1210 - Primary Checking - MTC,1210,Primary Checking,Asset,12220.42,0.0,,,Brightline Offices,,Amount USD 12220.42 received from Brightline Offices | Transaction reference no ACH-25-00479 dated 2025-09-19 | Amount USD 12220.42 adjusted against Sales Invoice ACC-SINV-2025-00479,Meridian Trading Co.
e01664b045,ACC-PAY-2025-00612,P2,Payment Entry,Payment Entry,2,2025-09-19,2025-09-19 14:02:18.302912,ar.clerk@meridian.example,1310 - Debtors - MTC,1310,Debtors,Asset,0.0,12220.42,Customer,Brightline Offices,1210 - Primary Checking - MTC,,Amount USD 12220.42 received from Brightline Offices | Transaction reference no ACH-25-00479 dated 2025-09-19 | Amount USD 12220.42 adjusted against Sales Invoice ACC-SINV-2025-00479,Meridian Trading Co.
2d27452a66,ACC-PINV-2025-00254,P2,Purchase Invoice,Purchase Invoice,1,2025-09-19,2025-09-19 12:07:46.449678,ap.clerk@meridian.example,2110 - Creditors - MTC,2110,Creditors,Liability,0.0,13019.61,Supplier,Metro Utilities,5217 - Utility Expenses - MTC,,Metro Utilities September 2025 billing,Meridian Trading Co.
51552a936c,ACC-PINV-2025-00254,P2,Purchase Invoice,Purchase Invoice,2,2025-09-19,2025-09-19 12:07:46.449678,ap.clerk@meridian.example,5217 - Utility Expenses - MTC,5217,Utility Expenses,Expense,13019.61,0.0,,,Metro Utilities,Admin - MTC,Metro Utilities September 2025 billing,Meridian Trading Co.
bc711acbee,ACC-PAY-2025-00520,P2,Payment Entry,Payment Entry,1,2025-09-20,2025-09-22 16:01:01.432321,ar.clerk@meridian.example,1210 - Primary Checking - MTC,1210,Primary Checking,Asset,967.63,0.0,,,Cascade Outfitters,,Amount USD 967.63 received from Cascade Outfitters | Transaction reference no ACH-25-00396 dated 2025-09-20 | Amount USD 967.63 adjusted against Sales Invoice ACC-SINV-2025-00396,Meridian Trading Co.
df5a7e0a76,ACC-PAY-2025-00520,P2,Payment Entry,Payment Entry,2,2025-09-20,2025-09-22 16:01:01.432321,ar.clerk@meridian.example,1310 - Debtors - MTC,1310,Debtors,Asset,0.0,967.63,Customer,Cascade Outfitters,1210 - Primary Checking - MTC,,Amount USD 967.63 received from Cascade Outfitters | Transaction reference no ACH-25-00396 dated 2025-09-20 | Amount USD 967.63 adjusted against Sales Invoice ACC-SINV-2025-00396,Meridian Trading Co.
4d7b93cbee,ACC-PAY-2025-00540,P2,Payment Entry,Payment Entry,1,2025-09-20,2025-09-22 17:55:38.048060,ar.clerk@meridian.example,1210 - Primary Checking - MTC,1210,Primary Checking,Asset,10675.82,0.0,,,Summit Rentals,,Amount USD 10675.82 received from Summit Rentals | Transaction reference no ACH-25-00418 dated 2025-09-20 | Amount USD 10675.82 adjusted against Sales Invoice ACC-SINV-2025-00418,Meridian Trading Co.
5c75190652,ACC-PAY-2025-00540,P2,Payment Entry,Payment Entry,2,2025-09-20,2025-09-22 17:55:38.048060,ar.clerk@meridian.example,1310 - Debtors - MTC,1310,Debtors,Asset,0.0,10675.82,Customer,Summit Rentals,1210 - Primary Checking - MTC,,Amount USD 10675.82 received from Summit Rentals | Transaction reference no ACH-25-00418 dated 2025-09-20 | Amount USD 10675.82 adjusted against Sales Invoice ACC-SINV-2025-00418,Meridian Trading Co.
2ecc9fe187,ACC-PAY-2025-00619,P2,Payment Entry,Payment Entry,1,2025-09-21,2025-09-22 08:09:50.915576,ar.clerk@meridian.example,1210 - Primary Checking - MTC,1210,Primary Checking,Asset,924.51,0.0,,,Juniper & Co,,Amount USD 924.51 received from Juniper & Co | Transaction reference no ACH-25-00488 dated 2025-09-21 | Amount USD 924.51 adjusted against Sales Invoice ACC-SINV-2025-00488,Meridian Trading Co.
a42fc6e4aa,ACC-PAY-2025-00619,P2,Payment Entry,Payment Entry,2,2025-09-21,2025-09-22 08:09:50.915576,ar.clerk@meridian.example,1310 - Debtors - MTC,1310,Debtors,Asset,0.0,924.51,Customer,Juniper & Co,1210 - Primary Checking - MTC,,Amount USD 924.51 received from Juniper & Co | Transaction reference no ACH-25-00488 dated 2025-09-21 | Amount USD 924.51 adjusted against Sales Invoice ACC-SINV-2025-00488,Meridian Trading Co.
898f0fd2c5,ACC-PAY-2025-00633,P2,Payment Entry,Payment Entry,1,2025-09-21,2025-09-22 11:05:14.861139,ap.clerk@meridian.example,1210 - Primary Checking - MTC,1210,Primary Checking,Asset,0.0,13531.63,,,Cobalt IT Services,,Amount USD 13531.63 paid to Cobalt IT Services | Transaction reference no ACH-25-00252 dated 2025-09-21 | Amount USD 13531.63 adjusted against Purchase Invoice ACC-PINV-2025-00252,Meridian Trading Co.
ca7f55dcb0,ACC-PAY-2025-00633,P2,Payment Entry,Payment Entry,2,2025-09-21,2025-09-22 11:05:14.861139,ap.clerk@meridian.example,2110 - Creditors - MTC,2110,Creditors,Liability,13531.63,0.0,Supplier,Cobalt IT Services,1210 - Primary Checking - MTC,,Amount USD 13531.63 paid to Cobalt IT Services | Transaction reference no ACH-25-00252 dated 2025-09-21 | Amount USD 13531.63 adjusted against Purchase Invoice ACC-PINV-2025-00252,Meridian Trading Co.
0561fcfdb0,ACC-PAY-2025-00639,P2,Payment Entry,Payment Entry,1,2025-09-21,2025-09-22 10:20:07.219067,ap.clerk@meridian.example,1210 - Primary Checking - MTC,1210,Primary Checking,Asset,0.0,16192.62,,,Quill Marketing Group,,Amount USD 16192.62 paid to Quill Marketing Group | Transaction reference no ACH-25-00258 dated 2025-09-21 | Amount USD 16192.62 adjusted against Purchase Invoice ACC-PINV-2025-00258,Meridian Trading Co.
847956af9b,ACC-PAY-2025-00639,P2,Payment Entry,Payment Entry,2,2025-09-21,2025-09-22 10:20:07.219067,ap.clerk@meridian.example,2110 - Creditors - MTC,2110,Creditors,Liability,16192.62,0.0,Supplier,Quill Marketing Group,1210 - Primary Checking - MTC,,Amount USD 16192.62 paid to Quill Marketing Group | Transaction reference no ACH-25-00258 dated 2025-09-21 | Amount USD 16192.62 adjusted against Purchase Invoice ACC-PINV-2025-00258,Meridian Trading Co.
704482e72f,ACC-JV-2025-00088,P2,Journal Entry,Journal Entry,1,2025-09-22,2025-09-22 15:06:32.636996,controller@meridian.example,5217 - Utility Expenses - MTC,5217,Utility Expenses,Expense,2500.0,0.0,,,2150 - Accrued Expenses - MTC,Admin - MTC,,Meridian Trading Co.
ba3b4fbad3,ACC-JV-2025-00088,P2,Journal Entry,Journal Entry,2,2025-09-22,2025-09-22 15:06:32.636996,controller@meridian.example,2150 - Accrued Expenses - MTC,2150,Accrued Expenses,Liability,0.0,2500.0,,,5217 - Utility Expenses - MTC,Admin - MTC,,Meridian Trading Co.
81dab86cca,ACC-JV-2025-00090,P2,Journal Entry,Journal Entry,1,2025-09-22,2025-09-22 11:08:41.067568,controller@meridian.example,5208 - Office Maintenance Expenses - MTC,5208,Office Maintenance Expenses,Expense,0.0,732.3,,,5217 - Utility Expenses - MTC,Admin - MTC,,Meridian Trading Co.
e6d4b7945a,ACC-JV-2025-00090,P2,Journal Entry,Journal Entry,2,2025-09-22,2025-09-22 11:08:41.067568,controller@meridian.example,5217 - Utility Expenses - MTC,5217,Utility Expenses,Expense,732.3,0.0,,,5208 - Office Maintenance Expenses - MTC,Admin - MTC,,Meridian Trading Co.
2291d2df4a,ACC-PAY-2025-00513,P2,Payment Entry,Payment Entry,1,2025-09-22,2025-09-22 16:13:47.533578,ar.clerk@meridian.example,1310 - Debtors - MTC,1310,Debtors,Asset,0.0,1040.73,Customer,Summit Rentals,1210 - Primary Checking - MTC,,Amount USD 1040.73 received from Summit Rentals | Transaction reference no ACH-25-00388 dated 2025-09-22 | Amount USD 1040.73 adjusted against Sales Invoice ACC-SINV-2025-00388,Meridian Trading Co.
55d94d8813,ACC-PAY-2025-00513,P2,Payment Entry,Payment Entry,2,2025-09-22,2025-09-22 16:13:47.533578,ar.clerk@meridian.example,1210 - Primary Checking - MTC,1210,Primary Checking,Asset,1040.73,0.0,,,Summit Rentals,,Amount USD 1040.73 received from Summit Rentals | Transaction reference no ACH-25-00388 dated 2025-09-22 | Amount USD 1040.73 adjusted against Sales Invoice ACC-SINV-2025-00388,Meridian Trading Co.
3aa5fe9e17,ACC-PAY-2025-00606,P2,Payment Entry,Payment Entry,1,2025-09-22,2025-09-22 17:34:43.128457,ar.clerk@meridian.example,1310 - Debtors - MTC,1310,Debtors,Asset,0.0,274.75,Customer,Kestrel Foods,1210 - Primary Checking - MTC,,Amount USD 274.75 received from Kestrel Foods | Transaction reference no ACH-25-00471 dated 2025-09-22 | Amount USD 274.75 adjusted against Sales Invoice ACC-SINV-2025-00471,Meridian Trading Co.
bbbb91d9c0,ACC-PAY-2025-00606,P2,Payment Entry,Payment Entry,2,2025-09-22,2025-09-22 17:34:43.128457,ar.clerk@meridian.example,1210 - Primary Checking - MTC,1210,Primary Checking,Asset,274.75,0.0,,,Kestrel Foods,,Amount USD 274.75 received from Kestrel Foods | Transaction reference no ACH-25-00471 dated 2025-09-22 | Amount USD 274.75 adjusted against Sales Invoice ACC-SINV-2025-00471,Meridian Trading Co.
269c6562e6,ACC-SINV-2025-00442,P2,Sales Invoice,Sales Invoice,1,2025-09-22,2025-09-22 14:10:22.345541,ar.clerk@meridian.example,4110 - Sales - MTC,4110,Sales,Income,0.0,224.77,,,Redcedar Builders,Warehouse - MTC,Customer order Redcedar Builders Sep 2025,Meridian Trading Co.
993c28822b,ACC-SINV-2025-00442,P2,Sales Invoice,Sales Invoice,2,2025-09-22,2025-09-22 14:10:22.345541,ar.clerk@meridian.example,ST 6% - MTC,,ST 6%,Liability,0.0,151.37,,,Redcedar Builders,Admin - MTC,Customer order Redcedar Builders Sep 2025,Meridian Trading Co.
e1a293496b,ACC-SINV-2025-00442,P2,Sales Invoice,Sales Invoice,3,2025-09-22,2025-09-22 14:10:22.345541,ar.clerk@meridian.example,1310 - Debtors - MTC,1310,Debtors,Asset,2674.2,0.0,Customer,Redcedar Builders,4110 - Sales - MTC,,Customer order Redcedar Builders Sep 2025,Meridian Trading Co.
eb6365a4be,ACC-SINV-2025-00442,P2,Sales Invoice,Sales Invoice,4,2025-09-22,2025-09-22 14:10:22.345541,ar.clerk@meridian.example,4110 - Sales - MTC,4110,Sales,Income,0.0,2298.06,,,Redcedar Builders,Sales Ops - MTC,Customer order Redcedar Builders Sep 2025,Meridian Trading Co.
2ad05521d7,ACC-SINV-2025-00462,P2,Sales Invoice,Sales Invoice,1,2025-09-22,2025-09-22 13:03:07.907397,ar.clerk@meridian.example,1310 - Debtors - MTC,1310,Debtors,Asset,3516.21,0.0,Customer,Cascade Outfitters,4110 - Sales - MTC,,Customer order Cascade Outfitters Sep 2025,Meridian Trading Co.
8020cb9064,ACC-SINV-2025-00462,P2,Sales Invoice,Sales Invoice,2,2025-09-22,2025-09-22 13:03:07.907397,ar.clerk@meridian.example,4110 - Sales - MTC,4110,Sales,Income,0.0,139.26,,,Cascade Outfitters,Warehouse - MTC,Customer order Cascade Outfitters Sep 2025,Meridian Trading Co.
ace1ca834a,ACC-SINV-2025-00462,P2,Sales Invoice,Sales Invoice,3,2025-09-22,2025-09-22 13:03:07.907397,ar.clerk@meridian.example,4110 - Sales - MTC,4110,Sales,Income,0.0,3177.92,,,Cascade Outfitters,Sales Ops - MTC,Customer order Cascade Outfitters Sep 2025,Meridian Trading Co.
b9ce5fb182,ACC-SINV-2025-00462,P2,Sales Invoice,Sales Invoice,4,2025-09-22,2025-09-22 13:03:07.907397,ar.clerk@meridian.example,ST 6% - MTC,,ST 6%,Liability,0.0,199.03,,,Cascade Outfitters,Admin - MTC,Customer order Cascade Outfitters Sep 2025,Meridian Trading Co.
08da57f23e,ACC-SINV-2025-00473,P2,Sales Invoice,Sales Invoice,1,2025-09-22,2025-09-22 09:07:29.042091,ar.clerk@meridian.example,ST 6% - MTC,,ST 6%,Liability,0.0,121.61,,,Redcedar Builders,Admin - MTC,Customer order Redcedar Builders Sep 2025,Meridian Trading Co.
60eae36497,ACC-SINV-2025-00473,P2,Sales Invoice,Sales Invoice,2,2025-09-22,2025-09-22 09:07:29.042091,ar.clerk@meridian.example,4110 - Sales - MTC,4110,Sales,Income,0.0,1373.2,,,Redcedar Builders,Warehouse - MTC,Customer order Redcedar Builders Sep 2025,Meridian Trading Co.
d064e4c461,ACC-SINV-2025-00473,P2,Sales Invoice,Sales Invoice,3,2025-09-22,2025-09-22 09:07:29.042091,ar.clerk@meridian.example,1310 - Debtors - MTC,1310,Debtors,Asset,2148.37,0.0,Customer,Redcedar Builders,"4110 - Sales - MTC,4130 - Freight Income - MTC",,Customer order Redcedar Builders Sep 2025,Meridian Trading Co.
d208f43279,ACC-SINV-2025-00473,P2,Sales Invoice,Sales Invoice,4,2025-09-22,2025-09-22 09:07:29.042091,ar.clerk@meridian.example,4130 - Freight Income - MTC,4130,Freight Income,Income,0.0,273.24,,,Redcedar Builders,Admin - MTC,Customer order Redcedar Builders Sep 2025,Meridian Trading Co.
df129f31be,ACC-SINV-2025-00473,P2,Sales Invoice,Sales Invoice,5,2025-09-22,2025-09-22 09:07:29.042091,ar.clerk@meridian.example,4110 - Sales - MTC,4110,Sales,Income,0.0,380.32,,,Redcedar Builders,Sales Ops - MTC,Customer order Redcedar Builders Sep 2025,Meridian Trading Co.
15961a058c,ACC-SINV-2025-00490,P2,Sales Invoice,Sales Invoice,1,2025-09-22,2025-09-22 18:13:25.053097,ar.clerk@meridian.example,ST 6% - MTC,,ST 6%,Liability,0.0,82.12,,,Pactrail Sports,Admin - MTC,Customer order Pactrail Sports Sep 2025,Meridian Trading Co.
9d0febfd46,ACC-SINV-2025-00490,P2,Sales Invoice,Sales Invoice,2,2025-09-22,2025-09-22 18:13:25.053097,ar.clerk@meridian.example,1310 - Debtors - MTC,1310,Debtors,Asset,1450.86,0.0,Customer,Pactrail Sports,"4140 - Installation Revenue - MTC,4110 - Sales - MTC",,Customer order Pactrail Sports Sep 2025,Meridian Trading Co.
bc7f02d48e,ACC-SINV-2025-00490,P2,Sales Invoice,Sales Invoice,3,2025-09-22,2025-09-22 18:13:25.053097,ar.clerk@meridian.example,4140 - Installation Revenue - MTC,4140,Installation Revenue,Income,0.0,1172.42,,,Pactrail Sports,Sales Ops - MTC,Customer order Pactrail Sports Sep 2025,Meridian Trading Co.
ddc3dd554b,ACC-SINV-2025-00490,P2,Sales Invoice,Sales Invoice,4,2025-09-22,2025-09-22 18:13:25.053097,ar.clerk@meridian.example,4110 - Sales - MTC,4110,Sales,Income,0.0,196.32,,,Pactrail Sports,Warehouse - MTC,Customer order Pactrail Sports Sep 2025,Meridian Trading Co.
ae2dd324a8,ACC-PAY-2025-00536,P2,Payment Entry,Payment Entry,1,2025-09-23,2025-09-23 14:25:46.225955,ar.clerk@meridian.example,1310 - Debtors - MTC,1310,Debtors,Asset,0.0,1911.04,Customer,Juniper & Co,1210 - Primary Checking - MTC,,Amount USD 1911.04 received from Juniper & Co | Transaction reference no ACH-25-00413 dated 2025-09-23 | Amount USD 1911.04 adjusted against Sales Invoice ACC-SINV-2025-00413,Meridian Trading Co.
e2e9906f43,ACC-PAY-2025-00536,P2,Payment Entry,Payment Entry,2,2025-09-23,2025-09-23 14:25:46.225955,ar.clerk@meridian.example,1210 - Primary Checking - MTC,1210,Primary Checking,Asset,1911.04,0.0,,,Juniper & Co,,Amount USD 1911.04 received from Juniper & Co | Transaction reference no ACH-25-00413 dated 2025-09-23 | Amount USD 1911.04 adjusted against Sales Invoice ACC-SINV-2025-00413,Meridian Trading Co.
40376ebea3,ACC-PINV-2025-00250,P2,Purchase Invoice,Purchase Invoice,1,2025-09-23,2025-09-23 09:36:43.688733,ap.clerk@meridian.example,2110 - Creditors - MTC,2110,Creditors,Liability,0.0,11936.1,Supplier,Beacon Freight,5205 - Freight and Forwarding Charges - MTC,,Beacon Freight September 2025 billing,Meridian Trading Co.
4bbe8130d7,ACC-PINV-2025-00250,P2,Purchase Invoice,Purchase Invoice,2,2025-09-23,2025-09-23 09:36:43.688733,ap.clerk@meridian.example,5205 - Freight and Forwarding Charges - MTC,5205,Freight and Forwarding Charges,Expense,11936.1,0.0,,,Beacon Freight,Admin - MTC,Beacon Freight September 2025 billing,Meridian Trading Co.
5f98e87d81,ACC-PINV-2025-00263,P2,Purchase Invoice,Purchase Invoice,1,2025-09-23,2025-09-23 11:37:10.576709,ap.clerk@meridian.example,5227 - Equipment Lease Expense - MTC,5227,Equipment Lease Expense,Expense,9648.14,0.0,,,Sterling Equipment Leasing,Admin - MTC,Sterling Equipment Leasing September 2025 billing,Meridian Trading Co.
9af5bb37d7,ACC-PINV-2025-00263,P2,Purchase Invoice,Purchase Invoice,2,2025-09-23,2025-09-23 11:37:10.576709,ap.clerk@meridian.example,2110 - Creditors - MTC,2110,Creditors,Liability,0.0,9648.14,Supplier,Sterling Equipment Leasing,5227 - Equipment Lease Expense - MTC,,Sterling Equipment Leasing September 2025 billing,Meridian Trading Co.
7b91537f87,ACC-SINV-2025-00448,P2,Sales Invoice,Sales Invoice,1,2025-09-23,2025-09-23 13:35:59.660708,ar.clerk@meridian.example,ST 6% - MTC,,ST 6%,Liability,0.0,170.54,,,Marlowe Interiors,Admin - MTC,Customer order Marlowe Interiors Sep 2025,Meridian Trading Co.
e8d2876c3a,ACC-SINV-2025-00448,P2,Sales Invoice,Sales Invoice,2,2025-09-23,2025-09-23 13:35:59.660708,ar.clerk@meridian.example,4110 - Sales - MTC,4110,Sales,Income,0.0,2842.29,,,Marlowe Interiors,Sales Ops - MTC,Customer order Marlowe Interiors Sep 2025,Meridian Trading Co.
ee9c25fcd1,ACC-SINV-2025-00448,P2,Sales Invoice,Sales Invoice,3,2025-09-23,2025-09-23 13:35:59.660708,ar.clerk@meridian.example,1310 - Debtors - MTC,1310,Debtors,Asset,3012.83,0.0,Customer,Marlowe Interiors,4110 - Sales - MTC,,Customer order Marlowe Interiors Sep 2025,Meridian Trading Co.
1772f06770,ACC-SINV-2025-00476,P2,Sales Invoice,Sales Invoice,1,2025-09-23,2025-09-23 10:15:20.946955,ar.clerk@meridian.example,1310 - Debtors - MTC,1310,Debtors,Asset,2558.19,0.0,Customer,Brightline Offices,4110 - Sales - MTC,,Customer order Brightline Offices Sep 2025,Meridian Trading Co.
30ea4b4139,ACC-SINV-2025-00476,P2,Sales Invoice,Sales Invoice,2,2025-09-23,2025-09-23 10:15:20.946955,ar.clerk@meridian.example,ST 6% - MTC,,ST 6%,Liability,0.0,144.8,,,Brightline Offices,Admin - MTC,Customer order Brightline Offices Sep 2025,Meridian Trading Co.
b605b0e938,ACC-SINV-2025-00476,P2,Sales Invoice,Sales Invoice,3,2025-09-23,2025-09-23 10:15:20.946955,ar.clerk@meridian.example,4110 - Sales - MTC,4110,Sales,Income,0.0,1226.24,,,Brightline Offices,Warehouse - MTC,Customer order Brightline Offices Sep 2025,Meridian Trading Co.
c25e0551be,ACC-SINV-2025-00476,P2,Sales Invoice,Sales Invoice,4,2025-09-23,2025-09-23 10:15:20.946955,ar.clerk@meridian.example,4110 - Sales - MTC,4110,Sales,Income,0.0,1187.15,,,Brightline Offices,Sales Ops - MTC,Customer order Brightline Offices Sep 2025,Meridian Trading Co.
166390538c,ACC-SINV-2025-00481,P2,Sales Invoice,Sales Invoice,1,2025-09-23,2025-09-23 12:13:23.595972,ar.clerk@meridian.example,ST 6% - MTC,,ST 6%,Liability,0.0,191.85,,,Galehouse Media,Admin - MTC,Customer order Galehouse Media Sep 2025,Meridian Trading Co.
657fb6b04e,ACC-SINV-2025-00481,P2,Sales Invoice,Sales Invoice,2,2025-09-23,2025-09-23 12:13:23.595972,ar.clerk@meridian.example,1310 - Debtors - MTC,1310,Debtors,Asset,3389.43,0.0,Customer,Galehouse Media,"4110 - Sales - MTC,4130 - Freight Income - MTC",,Customer order Galehouse Media Sep 2025,Meridian Trading Co.
80f2a7f9db,ACC-SINV-2025-00481,P2,Sales Invoice,Sales Invoice,3,2025-09-23,2025-09-23 12:13:23.595972,ar.clerk@meridian.example,4110 - Sales - MTC,4110,Sales,Income,0.0,1276.59,,,Galehouse Media,Warehouse - MTC,Customer order Galehouse Media Sep 2025,Meridian Trading Co.
8890dd0017,ACC-SINV-2025-00481,P2,Sales Invoice,Sales Invoice,4,2025-09-23,2025-09-23 12:13:23.595972,ar.clerk@meridian.example,4110 - Sales - MTC,4110,Sales,Income,0.0,1009.59,,,Galehouse Media,Sales Ops - MTC,Customer order Galehouse Media Sep 2025,Meridian Trading Co.
a6a2caf273,ACC-SINV-2025-00481,P2,Sales Invoice,Sales Invoice,5,2025-09-23,2025-09-23 12:13:23.595972,ar.clerk@meridian.example,4130 - Freight Income - MTC,4130,Freight Income,Income,0.0,911.4,,,Galehouse Media,Admin - MTC,Customer order Galehouse Media Sep 2025,Meridian Trading Co.
4d44b1e315,ACC-PAY-2025-00604,P2,Payment Entry,Payment Entry,1,2025-09-24,2025-09-24 15:26:41.250389,ar.clerk@meridian.example,1210 - Primary Checking - MTC,1210,Primary Checking,Asset,2784.17,0.0,,,Ferrous Works,,Amount USD 2784.17 received from Ferrous Works | Transaction reference no ACH-25-00469 dated 2025-09-24 | Amount USD 2784.17 adjusted against Sales Invoice ACC-SINV-2025-00469,Meridian Trading Co.
799ddb35b7,ACC-PAY-2025-00604,P2,Payment Entry,Payment Entry,2,2025-09-24,2025-09-24 15:26:41.250389,ar.clerk@meridian.example,1310 - Debtors - MTC,1310,Debtors,Asset,0.0,2784.17,Customer,Ferrous Works,1210 - Primary Checking - MTC,,Amount USD 2784.17 received from Ferrous Works | Transaction reference no ACH-25-00469 dated 2025-09-24 | Amount USD 2784.17 adjusted against Sales Invoice ACC-SINV-2025-00469,Meridian Trading Co.
51cb1610f1,ACC-PINV-2025-00243,P2,Purchase Invoice,Purchase Invoice,1,2025-09-24,2025-09-24 10:21:27.521087,ap.clerk@meridian.example,2110 - Creditors - MTC,2110,Creditors,Liability,0.0,18267.77,Supplier,Vulcan Materials Co,"5111 - Cost of Goods Sold - MTC,5211 - Print and Stationery - MTC",,Vulcan Materials Co September 2025 billing,Meridian Trading Co.
da73c3475a,ACC-PINV-2025-00243,P2,Purchase Invoice,Purchase Invoice,2,2025-09-24,2025-09-24 10:21:27.521087,ap.clerk@meridian.example,5211 - Print and Stationery - MTC,5211,Print and Stationery,Expense,2350.03,0.0,,,Vulcan Materials Co,Admin - MTC,Vulcan Materials Co September 2025 billing,Meridian Trading Co.
dbce48f0cb,ACC-PINV-2025-00243,P2,Purchase Invoice,Purchase Invoice,3,2025-09-24,2025-09-24 10:21:27.521087,ap.clerk@meridian.example,5111 - Cost of Goods Sold - MTC,5111,Cost of Goods Sold,Expense,15917.74,0.0,,,Vulcan Materials Co,Warehouse - MTC,Vulcan Materials Co September 2025 billing,Meridian Trading Co.
87a622626b,ACC-PINV-2025-00245,P2,Purchase Invoice,Purchase Invoice,1,2025-09-24,2025-09-24 08:07:56.646313,ap.clerk@meridian.example,2110 - Creditors - MTC,2110,Creditors,Liability,0.0,2886.84,Supplier,Vulcan Materials Co,5111 - Cost of Goods Sold - MTC,,Vulcan Materials Co September 2025 billing,Meridian Trading Co.
d44a3498b9,ACC-PINV-2025-00245,P2,Purchase Invoice,Purchase Invoice,2,2025-09-24,2025-09-24 08:07:56.646313,ap.clerk@meridian.example,5111 - Cost of Goods Sold - MTC,5111,Cost of Goods Sold,Expense,2886.84,0.0,,,Vulcan Materials Co,Warehouse - MTC,Vulcan Materials Co September 2025 billing,Meridian Trading Co.
19047b743a,ACC-JV-2025-00089,P2,Journal Entry,Journal Entry,1,2025-09-25,2025-09-25 09:45:07.128563,controller@meridian.example,2150 - Accrued Expenses - MTC,2150,Accrued Expenses,Liability,0.0,12500.0,,,5217 - Utility Expenses - MTC,Admin - MTC,,Meridian Trading Co.
8205e9f889,ACC-JV-2025-00089,P2,Journal Entry,Journal Entry,2,2025-09-25,2025-09-25 09:45:07.128563,controller@meridian.example,5217 - Utility Expenses - MTC,5217,Utility Expenses,Expense,12500.0,0.0,,,2150 - Accrued Expenses - MTC,Admin - MTC,,Meridian Trading Co.
8094db22c8,ACC-PAY-2025-00521,P2,Payment Entry,Payment Entry,1,2025-09-25,2025-09-25 15:22:20.513966,ar.clerk@meridian.example,1210 - Primary Checking - MTC,1210,Primary Checking,Asset,1727.63,0.0,,,Northwind Retail,,Amount USD 1727.63 received from Northwind Retail | Transaction reference no ACH-25-00397 dated 2025-09-25 | Amount USD 1727.63 adjusted against Sales Invoice ACC-SINV-2025-00397,Meridian Trading Co.
fb72ba2273,ACC-PAY-2025-00521,P2,Payment Entry,Payment Entry,2,2025-09-25,2025-09-25 15:22:20.513966,ar.clerk@meridian.example,1310 - Debtors - MTC,1310,Debtors,Asset,0.0,1727.63,Customer,Northwind Retail,1210 - Primary Checking - MTC,,Amount USD 1727.63 received from Northwind Retail | Transaction reference no ACH-25-00397 dated 2025-09-25 | Amount USD 1727.63 adjusted against Sales Invoice ACC-SINV-2025-00397,Meridian Trading Co.
23cc807520,ACC-PAY-2025-00528,P2,Payment Entry,Payment Entry,1,2025-09-25,2025-09-25 17:24:45.644102,ar.clerk@meridian.example,1210 - Primary Checking - MTC,1210,Primary Checking,Asset,690.14,0.0,,,Redcedar Builders,,Amount USD 690.14 received from Redcedar Builders | Transaction reference no ACH-25-00405 dated 2025-09-25 | Amount USD 690.14 adjusted against Sales Invoice ACC-SINV-2025-00405,Meridian Trading Co.
3e5612c6b9,ACC-PAY-2025-00528,P2,Payment Entry,Payment Entry,2,2025-09-25,2025-09-25 17:24:45.644102,ar.clerk@meridian.example,1310 - Debtors - MTC,1310,Debtors,Asset,0.0,690.14,Customer,Redcedar Builders,1210 - Primary Checking - MTC,,Amount USD 690.14 received from Redcedar Builders | Transaction reference no ACH-25-00405 dated 2025-09-25 | Amount USD 690.14 adjusted against Sales Invoice ACC-SINV-2025-00405,Meridian Trading Co.
6eef8c368a,ACC-PAY-2025-00558,P2,Payment Entry,Payment Entry,1,2025-09-25,2025-09-25 11:24:44.552069,ap.clerk@meridian.example,1210 - Primary Checking - MTC,1210,Primary Checking,Asset,0.0,8957.47,,,Vulcan Materials Co,,Amount USD 8957.47 paid to Vulcan Materials Co | Transaction reference no ACH-25-00220 dated 2025-09-25 | Amount USD 8957.47 adjusted against Purchase Invoice ACC-PINV-2025-00220,Meridian Trading Co.
8a12b90caf,ACC-PAY-2025-00558,P2,Payment Entry,Payment Entry,2,2025-09-25,2025-09-25 11:24:44.552069,ap.clerk@meridian.example,2110 - Creditors - MTC,2110,Creditors,Liability,8957.47,0.0,Supplier,Vulcan Materials Co,1210 - Primary Checking - MTC,,Amount USD 8957.47 paid to Vulcan Materials Co | Transaction reference no ACH-25-00220 dated 2025-09-25 | Amount USD 8957.47 adjusted against Purchase Invoice ACC-PINV-2025-00220,Meridian Trading Co.
3f247fafc4,ACC-PAY-2025-00563,P2,Payment Entry,Payment Entry,1,2025-09-25,2025-09-25 14:30:18.872114,ap.clerk@meridian.example,2110 - Creditors - MTC,2110,Creditors,Liability,17146.17,0.0,Supplier,Cobalt IT Services,1210 - Primary Checking - MTC,,Amount USD 17146.17 paid to Cobalt IT Services | Transaction reference no ACH-25-00226 dated 2025-09-25 | Amount USD 17146.17 adjusted against Purchase Invoice ACC-PINV-2025-00226,Meridian Trading Co.
f18842ae19,ACC-PAY-2025-00563,P2,Payment Entry,Payment Entry,2,2025-09-25,2025-09-25 14:30:18.872114,ap.clerk@meridian.example,1210 - Primary Checking - MTC,1210,Primary Checking,Asset,0.0,17146.17,,,Cobalt IT Services,,Amount USD 17146.17 paid to Cobalt IT Services | Transaction reference no ACH-25-00226 dated 2025-09-25 | Amount USD 17146.17 adjusted against Purchase Invoice ACC-PINV-2025-00226,Meridian Trading Co.
67443ba6b0,ACC-PAY-2025-00576,P2,Payment Entry,Payment Entry,1,2025-09-25,2025-09-25 12:34:15.309203,ar.clerk@meridian.example,1210 - Primary Checking - MTC,1210,Primary Checking,Asset,1907.73,0.0,,,Kestrel Foods,,Amount USD 1907.73 received from Kestrel Foods | Transaction reference no ACH-25-00436 dated 2025-09-25 | Amount USD 1907.73 adjusted against Sales Invoice ACC-SINV-2025-00436,Meridian Trading Co.
7d777c2bf4,ACC-PAY-2025-00576,P2,Payment Entry,Payment Entry,2,2025-09-25,2025-09-25 12:34:15.309203,ar.clerk@meridian.example,1310 - Debtors - MTC,1310,Debtors,Asset,0.0,1907.73,Customer,Kestrel Foods,1210 - Primary Checking - MTC,,Amount USD 1907.73 received from Kestrel Foods | Transaction reference no ACH-25-00436 dated 2025-09-25 | Amount USD 1907.73 adjusted against Sales Invoice ACC-SINV-2025-00436,Meridian Trading Co.
e1bda767c6,ACC-PAY-2025-00607,P2,Payment Entry,Payment Entry,1,2025-09-25,2025-09-25 11:25:08.262333,ar.clerk@meridian.example,1310 - Debtors - MTC,1310,Debtors,Asset,0.0,3321.19,Customer,Redcedar Builders,1210 - Primary Checking - MTC,,Amount USD 3321.19 received from Redcedar Builders | Transaction reference no ACH-25-00472 dated 2025-09-25 | Amount USD 3321.19 adjusted against Sales Invoice ACC-SINV-2025-00472,Meridian Trading Co.
fd45be117f,ACC-PAY-2025-00607,P2,Payment Entry,Payment Entry,2,2025-09-25,2025-09-25 11:25:08.262333,ar.clerk@meridian.example,1210 - Primary Checking - MTC,1210,Primary Checking,Asset,3321.19,0.0,,,Redcedar Builders,,Amount USD 3321.19 received from Redcedar Builders | Transaction reference no ACH-25-00472 dated 2025-09-25 | Amount USD 3321.19 adjusted against Sales Invoice ACC-SINV-2025-00472,Meridian Trading Co.
55d29c4b0a,ACC-PAY-2025-00622,P2,Payment Entry,Payment Entry,1,2025-09-25,2025-09-25 10:11:10.252199,ap.clerk@meridian.example,1210 - Primary Checking - MTC,1210,Primary Checking,Asset,0.0,5765.75,,,Orchard Wholesale,,Amount USD 5765.75 paid to Orchard Wholesale | Transaction reference no ACH-25-00240 dated 2025-09-25 | Amount USD 5765.75 adjusted against Purchase Invoice ACC-PINV-2025-00240,Meridian Trading Co.
b922e34793,ACC-PAY-2025-00622,P2,Payment Entry,Payment Entry,2,2025-09-25,2025-09-25 10:11:10.252199,ap.clerk@meridian.example,2110 - Creditors - MTC,2110,Creditors,Liability,5765.75,0.0,Supplier,Orchard Wholesale,1210 - Primary Checking - MTC,,Amount USD 5765.75 paid to Orchard Wholesale | Transaction reference no ACH-25-00240 dated 2025-09-25 | Amount USD 5765.75 adjusted against Purchase Invoice ACC-PINV-2025-00240,Meridian Trading Co.
4683657e23,ACC-PINV-2025-00256,P2,Purchase Invoice,Purchase Invoice,1,2025-09-25,2025-09-25 17:54:53.268225,ap.clerk@meridian.example,5208 - Office Maintenance Expenses - MTC,5208,Office Maintenance Expenses,Expense,5872.43,0.0,,,Harlan Office Supply,Admin - MTC,Harlan Office Supply September 2025 billing,Meridian Trading Co.
cd05fc2d31,ACC-PINV-2025-00256,P2,Purchase Invoice,Purchase Invoice,2,2025-09-25,2025-09-25 17:54:53.268225,ap.clerk@meridian.example,2110 - Creditors - MTC,2110,Creditors,Liability,0.0,5872.43,Supplier,Harlan Office Supply,5208 - Office Maintenance Expenses - MTC,,Harlan Office Supply September 2025 billing,Meridian Trading Co.
4e66e78c2d,ACC-SINV-2025-00445,P2,Sales Invoice,Sales Invoice,1,2025-09-25,2025-09-25 12:56:08.790395,ar.clerk@meridian.example,4110 - Sales - MTC,4110,Sales,Income,0.0,1890.88,,,Galehouse Media,Sales Ops - MTC,Customer order Galehouse Media Sep 2025,Meridian Trading Co.
9dc02c0ec6,ACC-SINV-2025-00445,P2,Sales Invoice,Sales Invoice,2,2025-09-25,2025-09-25 12:56:08.790395,ar.clerk@meridian.example,1310 - Debtors - MTC,1310,Debtors,Asset,2004.33,0.0,Customer,Galehouse Media,4110 - Sales - MTC,,Customer order Galehouse Media Sep 2025,Meridian Trading Co.
be4bf6db37,ACC-SINV-2025-00445,P2,Sales Invoice,Sales Invoice,3,2025-09-25,2025-09-25 12:56:08.790395,ar.clerk@meridian.example,ST 6% - MTC,,ST 6%,Liability,0.0,113.45,,,Galehouse Media,Admin - MTC,Customer order Galehouse Media Sep 2025,Meridian Trading Co.
01ee2f85f6,ACC-SINV-2025-00451,P2,Sales Invoice,Sales Invoice,1,2025-09-25,2025-09-25 16:20:40.141688,ar.clerk@meridian.example,1310 - Debtors - MTC,1310,Debtors,Asset,2209.6,0.0,Customer,Ovation Events,"4110 - Sales - MTC,4130 - Freight Income - MTC",,Customer order Ovation Events Sep 2025,Meridian Trading Co.
4a0ead54ed,ACC-SINV-2025-00451,P2,Sales Invoice,Sales Invoice,2,2025-09-25,2025-09-25 16:20:40.141688,ar.clerk@meridian.example,4110 - Sales - MTC,4110,Sales,Income,0.0,446.56,,,Ovation Events,Warehouse - MTC,Customer order Ovation Events Sep 2025,Meridian Trading Co.
8fceb42f15,ACC-SINV-2025-00451,P2,Sales Invoice,Sales Invoice,3,2025-09-25,2025-09-25 16:20:40.141688,ar.clerk@meridian.example,4130 - Freight Income - MTC,4130,Freight Income,Income,0.0,950.76,,,Ovation Events,Admin - MTC,Customer order Ovation Events Sep 2025,Meridian Trading Co.
c594e633a7,ACC-SINV-2025-00451,P2,Sales Invoice,Sales Invoice,4,2025-09-25,2025-09-25 16:20:40.141688,ar.clerk@meridian.example,4110 - Sales - MTC,4110,Sales,Income,0.0,812.28,,,Ovation Events,Sales Ops - MTC,Customer order Ovation Events Sep 2025,Meridian Trading Co.
d1eb61cd70,ACC-PAY-2025-00625,P2,Payment Entry,Payment Entry,1,2025-09-26,2025-09-26 10:24:06.676958,ap.clerk@meridian.example,1210 - Primary Checking - MTC,1210,Primary Checking,Asset,0.0,6501.54,,,Vulcan Materials Co,,Amount USD 6501.54 paid to Vulcan Materials Co | Transaction reference no ACH-25-00244 dated 2025-09-26 | Amount USD 6501.54 adjusted against Purchase Invoice ACC-PINV-2025-00244,Meridian Trading Co.
daa2ed5787,ACC-PAY-2025-00625,P2,Payment Entry,Payment Entry,2,2025-09-26,2025-09-26 10:24:06.676958,ap.clerk@meridian.example,2110 - Creditors - MTC,2110,Creditors,Liability,6501.54,0.0,Supplier,Vulcan Materials Co,1210 - Primary Checking - MTC,,Amount USD 6501.54 paid to Vulcan Materials Co | Transaction reference no ACH-25-00244 dated 2025-09-26 | Amount USD 6501.54 adjusted against Purchase Invoice ACC-PINV-2025-00244,Meridian Trading Co.
b01b5000a1,ACC-PINV-2025-00261,P2,Purchase Invoice,Purchase Invoice,1,2025-09-26,2025-09-26 13:02:48.881751,ap.clerk@meridian.example,2110 - Creditors - MTC,2110,Creditors,Liability,0.0,11461.24,Supplier,Ironclad Security,5229 - Security Expenses - MTC,,Ironclad Security September 2025 billing,Meridian Trading Co.
be450fa302,ACC-PINV-2025-00261,P2,Purchase Invoice,Purchase Invoice,2,2025-09-26,2025-09-26 13:02:48.881751,ap.clerk@meridian.example,5229 - Security Expenses - MTC,5229,Security Expenses,Expense,11461.24,0.0,,,Ironclad Security,Admin - MTC,Ironclad Security September 2025 billing,Meridian Trading Co.
2830a0cac2,ACC-SINV-2025-00438,P2,Sales Invoice,Sales Invoice,1,2025-09-26,2025-09-26 12:55:09.553406,ar.clerk@meridian.example,4110 - Sales - MTC,4110,Sales,Income,0.0,801.6,,,Ovation Events,Warehouse - MTC,Customer order Ovation Events Sep 2025,Meridian Trading Co.
6cfdd51629,ACC-SINV-2025-00438,P2,Sales Invoice,Sales Invoice,2,2025-09-26,2025-09-26 12:55:09.553406,ar.clerk@meridian.example,4120 - Service - MTC,4120,Service,Income,0.0,7616.2,,,Ovation Events,Sales Ops - MTC,Customer order Ovation Events Sep 2025,Meridian Trading Co.
888a62f377,ACC-SINV-2025-00438,P2,Sales Invoice,Sales Invoice,3,2025-09-26,2025-09-26 12:55:09.553406,ar.clerk@meridian.example,1310 - Debtors - MTC,1310,Debtors,Asset,8417.8,0.0,Customer,Ovation Events,"4110 - Sales - MTC,4120 - Service - MTC",,Customer order Ovation Events Sep 2025,Meridian Trading Co.
892e360217,ACC-SINV-2025-00450,P2,Sales Invoice,Sales Invoice,1,2025-09-26,2025-09-26 14:20:46.382605,ar.clerk@meridian.example,4110 - Sales - MTC,4110,Sales,Income,0.0,2627.97,,,Marlowe Interiors,Sales Ops - MTC,Customer order Marlowe Interiors Sep 2025,Meridian Trading Co.
a2f3cedebc,ACC-SINV-2025-00450,P2,Sales Invoice,Sales Invoice,2,2025-09-26,2025-09-26 14:20:46.382605,ar.clerk@meridian.example,ST 6% - MTC,,ST 6%,Liability,0.0,157.68,,,Marlowe Interiors,Admin - MTC,Customer order Marlowe Interiors Sep 2025,Meridian Trading Co.
f8a34babe6,ACC-SINV-2025-00450,P2,Sales Invoice,Sales Invoice,3,2025-09-26,2025-09-26 14:20:46.382605,ar.clerk@meridian.example,1310 - Debtors - MTC,1310,Debtors,Asset,2785.65,0.0,Customer,Marlowe Interiors,4110 - Sales - MTC,,Customer order Marlowe Interiors Sep 2025,Meridian Trading Co.
04be6aebf9,ACC-SINV-2025-00460,P2,Sales Invoice,Sales Invoice,1,2025-09-26,2025-09-26 11:58:35.445332,ar.clerk@meridian.example,ST 6% - MTC,,ST 6%,Liability,0.0,1064.77,,,Bluepine Hardware,Admin - MTC,Customer order Bluepine Hardware Sep 2025,Meridian Trading Co.
5486c4c0f6,ACC-SINV-2025-00460,P2,Sales Invoice,Sales Invoice,2,2025-09-26,2025-09-26 11:58:35.445332,ar.clerk@meridian.example,4110 - Sales - MTC,4110,Sales,Income,0.0,3256.2,,,Bluepine Hardware,Sales Ops - MTC,Customer order Bluepine Hardware Sep 2025,Meridian Trading Co.
dee6569b0c,ACC-SINV-2025-00460,P2,Sales Invoice,Sales Invoice,3,2025-09-26,2025-09-26 11:58:35.445332,ar.clerk@meridian.example,1310 - Debtors - MTC,1310,Debtors,Asset,18810.92,0.0,Customer,Bluepine Hardware,"4120 - Service - MTC,4110 - Sales - MTC",,Customer order Bluepine Hardware Sep 2025,Meridian Trading Co.
e817a9544e,ACC-SINV-2025-00460,P2,Sales Invoice,Sales Invoice,4,2025-09-26,2025-09-26 11:58:35.445332,ar.clerk@meridian.example,4120 - Service - MTC,4120,Service,Income,0.0,14489.95,,,Bluepine Hardware,Warehouse - MTC,Customer order Bluepine Hardware Sep 2025,Meridian Trading Co.
a43bfb4d3f,ACC-SINV-2025-00491,P2,Sales Invoice,Sales Invoice,1,2025-09-26,2025-09-26 18:00:29.916316,ar.clerk@meridian.example,ST 6% - MTC,,ST 6%,Liability,0.0,66.7,,,Marlowe Interiors,Admin - MTC,Customer order Marlowe Interiors Sep 2025,Meridian Trading Co.
c5bae84289,ACC-SINV-2025-00491,P2,Sales Invoice,Sales Invoice,2,2025-09-26,2025-09-26 18:00:29.916316,ar.clerk@meridian.example,1310 - Debtors - MTC,1310,Debtors,Asset,1178.35,0.0,Customer,Marlowe Interiors,4140 - Installation Revenue - MTC,,Customer order Marlowe Interiors Sep 2025,Meridian Trading Co.
e2c9c478da,ACC-SINV-2025-00491,P2,Sales Invoice,Sales Invoice,3,2025-09-26,2025-09-26 18:00:29.916316,ar.clerk@meridian.example,4140 - Installation Revenue - MTC,4140,Installation Revenue,Income,0.0,1111.65,,,Marlowe Interiors,Sales Ops - MTC,Customer order Marlowe Interiors Sep 2025,Meridian Trading Co.
633d1691ab,ACC-PAY-2025-00530,P2,Payment Entry,Payment Entry,1,2025-09-27,2025-09-29 18:20:23.724853,ar.clerk@meridian.example,1310 - Debtors - MTC,1310,Debtors,Asset,0.0,299.6,Customer,Summit Rentals,1210 - Primary Checking - MTC,,Amount USD 299.6 received from Summit Rentals | Transaction reference no ACH-25-00407 dated 2025-09-27 | Amount USD 299.6 adjusted against Sales Invoice ACC-SINV-2025-00407,Meridian Trading Co.
fbfa80c327,ACC-PAY-2025-00530,P2,Payment Entry,Payment Entry,2,2025-09-27,2025-09-29 18:20:23.724853,ar.clerk@meridian.example,1210 - Primary Checking - MTC,1210,Primary Checking,Asset,299.6,0.0,,,Summit Rentals,,Amount USD 299.6 received from Summit Rentals | Transaction reference no ACH-25-00407 dated 2025-09-27 | Amount USD 299.6 adjusted against Sales Invoice ACC-SINV-2025-00407,Meridian Trading Co.
d9c1c81912,ACC-PAY-2025-00569,P2,Payment Entry,Payment Entry,1,2025-09-27,2025-09-29 09:23:37.027217,ap.clerk@meridian.example,2110 - Creditors - MTC,2110,Creditors,Liability,11044.67,0.0,Supplier,Quill Marketing Group,1210 - Primary Checking - MTC,,Amount USD 11044.67 paid to Quill Marketing Group | Transaction reference no ACH-25-00232 dated 2025-09-27 | Amount USD 11044.67 adjusted against Purchase Invoice ACC-PINV-2025-00232,Meridian Trading Co.
e3a08af7ec,ACC-PAY-2025-00569,P2,Payment Entry,Payment Entry,2,2025-09-27,2025-09-29 09:23:37.027217,ap.clerk@meridian.example,1210 - Primary Checking - MTC,1210,Primary Checking,Asset,0.0,11044.67,,,Quill Marketing Group,,Amount USD 11044.67 paid to Quill Marketing Group | Transaction reference no ACH-25-00232 dated 2025-09-27 | Amount USD 11044.67 adjusted against Purchase Invoice ACC-PINV-2025-00232,Meridian Trading Co.
1412a46157,ACC-PAY-2025-00511,P2,Payment Entry,Payment Entry,1,2025-09-28,2025-09-29 09:11:10.079847,ar.clerk@meridian.example,1310 - Debtors - MTC,1310,Debtors,Asset,0.0,2650.39,Customer,Kestrel Foods,1210 - Primary Checking - MTC,,Amount USD 2650.39 received from Kestrel Foods | Transaction reference no ACH-25-00385 dated 2025-09-28 | Amount USD 2650.39 adjusted against Sales Invoice ACC-SINV-2025-00385,Meridian Trading Co.
7bdd1ede1c,ACC-PAY-2025-00511,P2,Payment Entry,Payment Entry,2,2025-09-28,2025-09-29 09:11:10.079847,ar.clerk@meridian.example,1210 - Primary Checking - MTC,1210,Primary Checking,Asset,2650.39,0.0,,,Kestrel Foods,,Amount USD 2650.39 received from Kestrel Foods | Transaction reference no ACH-25-00385 dated 2025-09-28 | Amount USD 2650.39 adjusted against Sales Invoice ACC-SINV-2025-00385,Meridian Trading Co.
3dadf844b8,ACC-PAY-2025-00556,P2,Payment Entry,Payment Entry,1,2025-09-29,2025-09-29 08:16:41.853667,ap.clerk@meridian.example,2110 - Creditors - MTC,2110,Creditors,Liability,7533.81,0.0,Supplier,Vulcan Materials Co,1210 - Primary Checking - MTC,,Amount USD 7533.81 paid to Vulcan Materials Co | Transaction reference no ACH-25-00218 dated 2025-09-29 | Amount USD 7533.81 adjusted against Purchase Invoice ACC-PINV-2025-00218,Meridian Trading Co.
c31043d543,ACC-PAY-2025-00556,P2,Payment Entry,Payment Entry,2,2025-09-29,2025-09-29 08:16:41.853667,ap.clerk@meridian.example,1210 - Primary Checking - MTC,1210,Primary Checking,Asset,0.0,7533.81,,,Vulcan Materials Co,,Amount USD 7533.81 paid to Vulcan Materials Co | Transaction reference no ACH-25-00218 dated 2025-09-29 | Amount USD 7533.81 adjusted against Purchase Invoice ACC-PINV-2025-00218,Meridian Trading Co.
1727930022,ACC-PAY-2025-00579,P2,Payment Entry,Payment Entry,1,2025-09-29,2025-09-29 11:39:04.845088,ar.clerk@meridian.example,1210 - Primary Checking - MTC,1210,Primary Checking,Asset,1849.67,0.0,,,Redcedar Builders,,Amount USD 1849.67 received from Redcedar Builders | Transaction reference no ACH-25-00439 dated 2025-09-29 | Amount USD 1849.67 adjusted against Sales Invoice ACC-SINV-2025-00439,Meridian Trading Co.
2130bbe18a,ACC-PAY-2025-00579,P2,Payment Entry,Payment Entry,2,2025-09-29,2025-09-29 11:39:04.845088,ar.clerk@meridian.example,1310 - Debtors - MTC,1310,Debtors,Asset,0.0,1849.67,Customer,Redcedar Builders,1210 - Primary Checking - MTC,,Amount USD 1849.67 received from Redcedar Builders | Transaction reference no ACH-25-00439 dated 2025-09-29 | Amount USD 1849.67 adjusted against Sales Invoice ACC-SINV-2025-00439,Meridian Trading Co.
1e93a206ae,ACC-SINV-2025-00453,P2,Sales Invoice,Sales Invoice,1,2025-09-29,2025-10-06 16:33:21.700831,ar.clerk@meridian.example,ST 6% - MTC,,ST 6%,Liability,0.0,1251.85,,,Cascade Outfitters,Admin - MTC,Customer order Cascade Outfitters Sep 2025,Meridian Trading Co.
3dc2a4806c,ACC-SINV-2025-00453,P2,Sales Invoice,Sales Invoice,2,2025-09-29,2025-10-06 16:33:21.700831,ar.clerk@meridian.example,1310 - Debtors - MTC,1310,Debtors,Asset,22116.06,0.0,Customer,Cascade Outfitters,"4120 - Service - MTC,4130 - Freight Income - MTC",,Customer order Cascade Outfitters Sep 2025,Meridian Trading Co.
5431f138df,ACC-SINV-2025-00453,P2,Sales Invoice,Sales Invoice,3,2025-09-29,2025-10-06 16:33:21.700831,ar.clerk@meridian.example,4120 - Service - MTC,4120,Service,Income,0.0,19816.8,,,Cascade Outfitters,Warehouse - MTC,Customer order Cascade Outfitters Sep 2025,Meridian Trading Co.
a4c525b3ae,ACC-SINV-2025-00453,P2,Sales Invoice,Sales Invoice,4,2025-09-29,2025-10-06 16:33:21.700831,ar.clerk@meridian.example,4130 - Freight Income - MTC,4130,Freight Income,Income,0.0,1047.41,,,Cascade Outfitters,Admin - MTC,Customer order Cascade Outfitters Sep 2025,Meridian Trading Co.
0385b7512c,ACC-JV-2025-00080,P2,Journal Entry,Journal Entry,1,2025-09-30,2025-10-01 02:22:51.156157,batch.bot@meridian.example,2120 - Payroll Payable - MTC,2120,Payroll Payable,Liability,0.0,46912.79,,,5213 - Salary - MTC,Admin - MTC,,Meridian Trading Co.
21be3135be,ACC-JV-2025-00080,P2,Journal Entry,Journal Entry,2,2025-09-30,2025-10-01 02:22:51.156157,batch.bot@meridian.example,5213 - Salary - MTC,5213,Salary,Expense,23789.99,0.0,,,"2120 - Payroll Payable - MTC, 2320 - Tax Withholding Payable - MTC",Sales Ops - MTC,,Meridian Trading Co.
38c3605055,ACC-JV-2025-00080,P2,Journal Entry,Journal Entry,3,2025-09-30,2025-10-01 02:22:51.156157,batch.bot@meridian.example,5213 - Salary - MTC,5213,Salary,Expense,20306.92,0.0,,,"2120 - Payroll Payable - MTC, 2320 - Tax Withholding Payable - MTC",Admin - MTC,,Meridian Trading Co.
435f6b251a,ACC-JV-2025-00080,P2,Journal Entry,Journal Entry,4,2025-09-30,2025-10-01 02:22:51.156157,batch.bot@meridian.example,2320 - Tax Withholding Payable - MTC,2320,Tax Withholding Payable,Liability,0.0,13541.84,,,5213 - Salary - MTC,Admin - MTC,,Meridian Trading Co.
b5c2a3bd49,ACC-JV-2025-00080,P2,Journal Entry,Journal Entry,5,2025-09-30,2025-10-01 02:22:51.156157,batch.bot@meridian.example,5213 - Salary - MTC,5213,Salary,Expense,16357.72,0.0,,,"2120 - Payroll Payable - MTC, 2320 - Tax Withholding Payable - MTC",Warehouse - MTC,,Meridian Trading Co.
23362c77d7,ACC-JV-2025-00083,P2,Journal Entry,Depreciation Entry,1,2025-09-30,2025-10-01 02:26:57.848543,batch.bot@meridian.example,5203 - Depreciation - MTC,5203,Depreciation,Expense,1258.34,0.0,,,1780 - Accumulated Depreciation - MTC,Admin - MTC,,Meridian Trading Co.
d2792d3971,ACC-JV-2025-00083,P2,Journal Entry,Depreciation Entry,2,2025-09-30,2025-10-01 02:26:57.848543,batch.bot@meridian.example,5203 - Depreciation - MTC,5203,Depreciation,Expense,2158.33,0.0,,,1780 - Accumulated Depreciation - MTC,Warehouse - MTC,,Meridian Trading Co.
da5b75b204,ACC-JV-2025-00083,P2,Journal Entry,Depreciation Entry,3,2025-09-30,2025-10-01 02:26:57.848543,batch.bot@meridian.example,1780 - Accumulated Depreciation - MTC,1780,Accumulated Depreciation,Asset,0.0,3416.67,,,5203 - Depreciation - MTC,Admin - MTC,,Meridian Trading Co.
a219d2b5aa,ACC-JV-2025-00084,P2,Journal Entry,Journal Entry,1,2025-09-30,2025-10-01 01:54:09.780918,batch.bot@meridian.example,1660 - Prepaid Expenses - MTC,1660,Prepaid Expenses,Asset,0.0,1450.0,,,5228 - Insurance Expense - MTC,Admin - MTC,,Meridian Trading Co.
c27dfff5fb,ACC-JV-2025-00084,P2,Journal Entry,Journal Entry,2,2025-09-30,2025-10-01 01:54:09.780918,batch.bot@meridian.example,5228 - Insurance Expense - MTC,5228,Insurance Expense,Expense,1450.0,0.0,,,1660 - Prepaid Expenses - MTC,Admin - MTC,,Meridian Trading Co.
1f9e7f3540,ACC-JV-2025-00085,P2,Journal Entry,Journal Entry,1,2025-09-30,2025-09-30 13:41:52.544492,controller@meridian.example,5217 - Utility Expenses - MTC,5217,Utility Expenses,Expense,0.0,2330.47,,,"5215 - Telephone Expenses - MTC, 5209 - Office Rent - MTC, 5217 - Utility Expenses - MTC",Admin - MTC,,Meridian Trading Co.
49b573cf9a,ACC-JV-2025-00085,P2,Journal Entry,Journal Entry,2,2025-09-30,2025-09-30 13:41:52.544492,controller@meridian.example,5209 - Office Rent - MTC,5209,Office Rent,Expense,0.0,7844.56,,,"5215 - Telephone Expenses - MTC, 5209 - Office Rent - MTC, 5217 - Utility Expenses - MTC",Admin - MTC,,Meridian Trading Co.
8b0b5deb24,ACC-JV-2025-00085,P2,Journal Entry,Journal Entry,3,2025-09-30,2025-09-30 13:41:52.544492,controller@meridian.example,5217 - Utility Expenses - MTC,5217,Utility Expenses,Expense,1310.89,0.0,,,"5215 - Telephone Expenses - MTC, 5209 - Office Rent - MTC, 5217 - Utility Expenses - MTC",Sales Ops - MTC,,Meridian Trading Co.
8c96178c2f,ACC-JV-2025-00085,P2,Journal Entry,Journal Entry,4,2025-09-30,2025-09-30 13:41:52.544492,controller@meridian.example,5215 - Telephone Expenses - MTC,5215,Telephone Expenses,Expense,371.38,0.0,,,"5215 - Telephone Expenses - MTC, 5209 - Office Rent - MTC, 5217 - Utility Expenses - MTC",Warehouse - MTC,,Meridian Trading Co.
bc04e9cd8b,ACC-JV-2025-00085,P2,Journal Entry,Journal Entry,5,2025-09-30,2025-09-30 13:41:52.544492,controller@meridian.example,5215 - Telephone Expenses - MTC,5215,Telephone Expenses,Expense,0.0,848.87,,,"5215 - Telephone Expenses - MTC, 5209 - Office Rent - MTC, 5217 - Utility Expenses - MTC",Admin - MTC,,Meridian Trading Co.
bd98cb0cbe,ACC-JV-2025-00085,P2,Journal Entry,Journal Entry,6,2025-09-30,2025-09-30 13:41:52.544492,controller@meridian.example,5215 - Telephone Expenses - MTC,5215,Telephone Expenses,Expense,477.49,0.0,,,"5215 - Telephone Expenses - MTC, 5209 - Office Rent - MTC, 5217 - Utility Expenses - MTC",Sales Ops - MTC,,Meridian Trading Co.
ee1a8d7d02,ACC-JV-2025-00085,P2,Journal Entry,Journal Entry,7,2025-09-30,2025-09-30 13:41:52.544492,controller@meridian.example,5217 - Utility Expenses - MTC,5217,Utility Expenses,Expense,1019.58,0.0,,,"5215 - Telephone Expenses - MTC, 5209 - Office Rent - MTC, 5217 - Utility Expenses - MTC",Warehouse - MTC,,Meridian Trading Co.
f07797c51c,ACC-JV-2025-00085,P2,Journal Entry,Journal Entry,8,2025-09-30,2025-09-30 13:41:52.544492,controller@meridian.example,5209 - Office Rent - MTC,5209,Office Rent,Expense,3431.99,0.0,,,"5215 - Telephone Expenses - MTC, 5209 - Office Rent - MTC, 5217 - Utility Expenses - MTC",Warehouse - MTC,,Meridian Trading Co.
fbd5ed3d0b,ACC-JV-2025-00085,P2,Journal Entry,Journal Entry,9,2025-09-30,2025-09-30 13:41:52.544492,controller@meridian.example,5209 - Office Rent - MTC,5209,Office Rent,Expense,4412.57,0.0,,,"5215 - Telephone Expenses - MTC, 5209 - Office Rent - MTC, 5217 - Utility Expenses - MTC",Sales Ops - MTC,,Meridian Trading Co.
0a86e50596,ACC-JV-2025-00086,P2,Journal Entry,Journal Entry,1,2025-09-30,2025-10-01 01:51:13.409154,batch.bot@meridian.example,5213 - Salary - MTC,5213,Salary,Expense,10761.14,0.0,,,2150 - Accrued Expenses - MTC,Warehouse - MTC,,Meridian Trading Co.
18e25d7e27,ACC-JV-2025-00086,P2,Journal Entry,Journal Entry,2,2025-09-30,2025-10-01 01:51:13.409154,batch.bot@meridian.example,5213 - Salary - MTC,5213,Salary,Expense,9753.48,0.0,,,2150 - Accrued Expenses - MTC,Sales Ops - MTC,,Meridian Trading Co.
9ad89c38a0,ACC-JV-2025-00086,P2,Journal Entry,Journal Entry,3,2025-09-30,2025-10-01 01:51:13.409154,batch.bot@meridian.example,2150 - Accrued Expenses - MTC,2150,Accrued Expenses,Liability,0.0,32520.72,,,5213 - Salary - MTC,Admin - MTC,,Meridian Trading Co.
f5110ef5ac,ACC-JV-2025-00086,P2,Journal Entry,Journal Entry,4,2025-09-30,2025-10-01 01:51:13.409154,batch.bot@meridian.example,5213 - Salary - MTC,5213,Salary,Expense,12006.1,0.0,,,2150 - Accrued Expenses - MTC,Admin - MTC,,Meridian Trading Co.
8a032529f9,ACC-PINV-2025-00246,P2,Purchase Invoice,Purchase Invoice,1,2025-09-30,2025-09-30 09:15:28.776152,ap.clerk@meridian.example,2110 - Creditors - MTC,2110,Creditors,Liability,0.0,13293.21,Supplier,Vulcan Materials Co,5111 - Cost of Goods Sold - MTC,,Vulcan Materials Co September 2025 billing,Meridian Trading Co.
ec7c778c32,ACC-PINV-2025-00246,P2,Purchase Invoice,Purchase Invoice,2,2025-09-30,2025-09-30 09:15:28.776152,ap.clerk@meridian.example,5111 - Cost of Goods Sold - MTC,5111,Cost of Goods Sold,Expense,13293.21,0.0,,,Vulcan Materials Co,Warehouse - MTC,Vulcan Materials Co September 2025 billing,Meridian Trading Co.
0a66f7151d,ACC-PINV-2025-00248,P2,Purchase Invoice,Purchase Invoice,1,2025-09-30,2025-09-30 12:10:52.429273,ap.clerk@meridian.example,2110 - Creditors - MTC,2110,Creditors,Liability,0.0,3215.1,Supplier,Beacon Freight,5205 - Freight and Forwarding Charges - MTC,,Beacon Freight September 2025 billing,Meridian Trading Co.
b4a9bf04e3,ACC-PINV-2025-00248,P2,Purchase Invoice,Purchase Invoice,2,2025-09-30,2025-09-30 12:10:52.429273,ap.clerk@meridian.example,5205 - Freight and Forwarding Charges - MTC,5205,Freight and Forwarding Charges,Expense,3215.1,0.0,,,Beacon Freight,Admin - MTC,Beacon Freight September 2025 billing,Meridian Trading Co.
0e34db979f,ACC-PINV-2025-00259,P2,Purchase Invoice,Purchase Invoice,1,2025-09-30,2025-09-30 08:35:39.689208,ap.clerk@meridian.example,2110 - Creditors - MTC,2110,Creditors,Liability,0.0,10593.85,Supplier,Quill Marketing Group,"5207 - Marketing Expenses - MTC,5210 - Postal Expenses - MTC",,Quill Marketing Group September 2025 billing,Meridian Trading Co.
21d1b7eaaa,ACC-PINV-2025-00259,P2,Purchase Invoice,Purchase Invoice,2,2025-09-30,2025-09-30 08:35:39.689208,ap.clerk@meridian.example,5207 - Marketing Expenses - MTC,5207,Marketing Expenses,Expense,8400.34,0.0,,,Quill Marketing Group,Admin - MTC,Quill Marketing Group September 2025 billing,Meridian Trading Co.
32c280abec,ACC-PINV-2025-00259,P2,Purchase Invoice,Purchase Invoice,3,2025-09-30,2025-09-30 08:35:39.689208,ap.clerk@meridian.example,5210 - Postal Expenses - MTC,5210,Postal Expenses,Expense,2193.51,0.0,,,Quill Marketing Group,Admin - MTC,Quill Marketing Group September 2025 billing,Meridian Trading Co.
6abc3a2f4f,ACC-PINV-2025-00264,P2,Purchase Invoice,Purchase Invoice,1,2025-09-30,2025-09-30 12:03:54.499062,ap.clerk@meridian.example,2110 - Creditors - MTC,2110,Creditors,Liability,0.0,2246.48,Supplier,Granite Janitorial,"5208 - Office Maintenance Expenses - MTC,5209 - Office Rent - MTC",,Granite Janitorial September 2025 billing,Meridian Trading Co.
76e81e3bb8,ACC-PINV-2025-00264,P2,Purchase Invoice,Purchase Invoice,2,2025-09-30,2025-09-30 12:03:54.499062,ap.clerk@meridian.example,5208 - Office Maintenance Expenses - MTC,5208,Office Maintenance Expenses,Expense,1152.49,0.0,,,Granite Janitorial,Admin - MTC,Granite Janitorial September 2025 billing,Meridian Trading Co.
8ea1a8306d,ACC-PINV-2025-00264,P2,Purchase Invoice,Purchase Invoice,3,2025-09-30,2025-09-30 12:03:54.499062,ap.clerk@meridian.example,5209 - Office Rent - MTC,5209,Office Rent,Expense,1093.99,0.0,,,Granite Janitorial,Admin - MTC,Granite Janitorial September 2025 billing,Meridian Trading Co.
1e6eb21cf7,ACC-SINV-2025-00447,P2,Sales Invoice,Sales Invoice,1,2025-09-30,2025-09-30 08:31:46.297462,ar.clerk@meridian.example,ST 6% - MTC,,ST 6%,Liability,0.0,39.89,,,Galehouse Media,Admin - MTC,Customer order Galehouse Media Sep 2025,Meridian Trading Co.
eb3b35b853,ACC-SINV-2025-00447,P2,Sales Invoice,Sales Invoice,2,2025-09-30,2025-09-30 08:31:46.297462,ar.clerk@meridian.example,4110 - Sales - MTC,4110,Sales,Income,0.0,664.86,,,Galehouse Media,Warehouse - MTC,Customer order Galehouse Media Sep 2025,Meridian Trading Co.
f6ea97db16,ACC-SINV-2025-00447,P2,Sales Invoice,Sales Invoice,3,2025-09-30,2025-09-30 08:31:46.297462,ar.clerk@meridian.example,1310 - Debtors - MTC,1310,Debtors,Asset,704.75,0.0,Customer,Galehouse Media,4110 - Sales - MTC,,Customer order Galehouse Media Sep 2025,Meridian Trading Co.
6fc8cc49f2,ACC-SINV-2025-00457,P2,Sales Invoice,Sales Invoice,1,2025-09-30,2025-09-30 18:22:23.467248,ar.clerk@meridian.example,1310 - Debtors - MTC,1310,Debtors,Asset,1945.13,0.0,Customer,Marlowe Interiors,"4110 - Sales - MTC,4130 - Freight Income - MTC",,Customer order Marlowe Interiors Sep 2025,Meridian Trading Co.
cbbed22603,ACC-SINV-2025-00457,P2,Sales Invoice,Sales Invoice,2,2025-09-30,2025-09-30 18:22:23.467248,ar.clerk@meridian.example,4130 - Freight Income - MTC,4130,Freight Income,Income,0.0,1379.55,,,Marlowe Interiors,Admin - MTC,Customer order Marlowe Interiors Sep 2025,Meridian Trading Co.
cebd499684,ACC-SINV-2025-00457,P2,Sales Invoice,Sales Invoice,3,2025-09-30,2025-09-30 18:22:23.467248,ar.clerk@meridian.example,4110 - Sales - MTC,4110,Sales,Income,0.0,455.48,,,Marlowe Interiors,Warehouse - MTC,Customer order Marlowe Interiors Sep 2025,Meridian Trading Co.
dffb645c40,ACC-SINV-2025-00457,P2,Sales Invoice,Sales Invoice,4,2025-09-30,2025-09-30 18:22:23.467248,ar.clerk@meridian.example,ST 6% - MTC,,ST 6%,Liability,0.0,110.1,,,Marlowe Interiors,Admin - MTC,Customer order Marlowe Interiors Sep 2025,Meridian Trading Co.
a158c9d863,ACC-SINV-2025-00463,P2,Sales Invoice,Sales Invoice,1,2025-09-30,2025-09-30 10:09:12.564958,ar.clerk@meridian.example,4110 - Sales - MTC,4110,Sales,Income,0.0,40.35,,,Ovation Events,Warehouse - MTC,Customer order Ovation Events Sep 2025,Meridian Trading Co.
a7f08898b4,ACC-SINV-2025-00463,P2,Sales Invoice,Sales Invoice,2,2025-09-30,2025-09-30 10:09:12.564958,ar.clerk@meridian.example,1310 - Debtors - MTC,1310,Debtors,Asset,11786.21,0.0,Customer,Ovation Events,"4130 - Freight Income - MTC,4120 - Service - MTC,4110 - Sales - MTC",,Customer order Ovation Events Sep 2025,Meridian Trading Co.
d812d2c208,ACC-SINV-2025-00463,P2,Sales Invoice,Sales Invoice,3,2025-09-30,2025-09-30 10:09:12.564958,ar.clerk@meridian.example,4120 - Service - MTC,4120,Service,Income,0.0,10572.24,,,Ovation Events,Warehouse - MTC,Customer order Ovation Events Sep 2025,Meridian Trading Co.
edda082b73,ACC-SINV-2025-00463,P2,Sales Invoice,Sales Invoice,4,2025-09-30,2025-09-30 10:09:12.564958,ar.clerk@meridian.example,4130 - Freight Income - MTC,4130,Freight Income,Income,0.0,1173.62,,,Ovation Events,Admin - MTC,Customer order Ovation Events Sep 2025,Meridian Trading Co.
5b35f2cb1e,ACC-SINV-2025-00470,P2,Sales Invoice,Sales Invoice,1,2025-09-30,2025-09-30 08:11:06.945504,ar.clerk@meridian.example,ST 6% - MTC,,ST 6%,Liability,0.0,62.49,,,Halstrom Supply,Admin - MTC,Customer order Halstrom Supply Sep 2025,Meridian Trading Co.
6b6d092d25,ACC-SINV-2025-00470,P2,Sales Invoice,Sales Invoice,2,2025-09-30,2025-09-30 08:11:06.945504,ar.clerk@meridian.example,4110 - Sales - MTC,4110,Sales,Income,0.0,80.44,,,Halstrom Supply,Sales Ops - MTC,Customer order Halstrom Supply Sep 2025,Meridian Trading Co.
964ed9673d,ACC-SINV-2025-00470,P2,Sales Invoice,Sales Invoice,3,2025-09-30,2025-09-30 08:11:06.945504,ar.clerk@meridian.example,1310 - Debtors - MTC,1310,Debtors,Asset,1103.96,0.0,Customer,Halstrom Supply,4110 - Sales - MTC,,Customer order Halstrom Supply Sep 2025,Meridian Trading Co.
b9bd342860,ACC-SINV-2025-00470,P2,Sales Invoice,Sales Invoice,4,2025-09-30,2025-09-30 08:11:06.945504,ar.clerk@meridian.example,4110 - Sales - MTC,4110,Sales,Income,0.0,961.03,,,Halstrom Supply,Warehouse - MTC,Customer order Halstrom Supply Sep 2025,Meridian Trading Co.
00e0632a36,ACC-JV-2025-00087,P2,Journal Entry,Journal Entry,1,2025-10-01,2025-10-02 02:14:14.587731,batch.bot@meridian.example,2150 - Accrued Expenses - MTC,2150,Accrued Expenses,Liability,32520.72,0.0,,,5213 - Salary - MTC,Admin - MTC,,Meridian Trading Co.
282770f438,ACC-JV-2025-00087,P2,Journal Entry,Journal Entry,2,2025-10-01,2025-10-02 02:14:14.587731,batch.bot@meridian.example,5213 - Salary - MTC,5213,Salary,Expense,0.0,10761.14,,,2150 - Accrued Expenses - MTC,Warehouse - MTC,,Meridian Trading Co.
5562702da6,ACC-JV-2025-00087,P2,Journal Entry,Journal Entry,3,2025-10-01,2025-10-02 02:14:14.587731,batch.bot@meridian.example,5213 - Salary - MTC,5213,Salary,Expense,0.0,12006.1,,,2150 - Accrued Expenses - MTC,Admin - MTC,,Meridian Trading Co.
b91cd0dcfe,ACC-JV-2025-00087,P2,Journal Entry,Journal Entry,4,2025-10-01,2025-10-02 02:14:14.587731,batch.bot@meridian.example,5213 - Salary - MTC,5213,Salary,Expense,0.0,9753.48,,,2150 - Accrued Expenses - MTC,Sales Ops - MTC,,Meridian Trading Co.
6fc5191e3c,ACC-PAY-2025-00603,P2,Payment Entry,Payment Entry,1,2025-10-01,2025-10-01 16:15:06.513351,ar.clerk@meridian.example,1310 - Debtors - MTC,1310,Debtors,Asset,0.0,2944.56,Customer,Ovation Events,1210 - Primary Checking - MTC,,Amount USD 2944.56 received from Ovation Events | Transaction reference no ACH-25-00468 dated 2025-10-01 | Amount USD 2944.56 adjusted against Sales Invoice ACC-SINV-2025-00468,Meridian Trading Co.
dd0550fac0,ACC-PAY-2025-00603,P2,Payment Entry,Payment Entry,2,2025-10-01,2025-10-01 16:15:06.513351,ar.clerk@meridian.example,1210 - Primary Checking - MTC,1210,Primary Checking,Asset,2944.56,0.0,,,Ovation Events,,Amount USD 2944.56 received from Ovation Events | Transaction reference no ACH-25-00468 dated 2025-10-01 | Amount USD 2944.56 adjusted against Sales Invoice ACC-SINV-2025-00468,Meridian Trading Co.
cdfef0028d,ACC-PINV-2025-00281,P2,Purchase Invoice,Purchase Invoice,1,2025-10-01,2025-10-01 10:17:12.328863,ap.clerk@meridian.example,5217 - Utility Expenses - MTC,5217,Utility Expenses,Expense,2989.02,0.0,,,Metro Utilities,Admin - MTC,Metro Utilities October 2025 billing,Meridian Trading Co.
de5c320a34,ACC-PINV-2025-00281,P2,Purchase Invoice,Purchase Invoice,2,2025-10-01,2025-10-01 10:17:12.328863,ap.clerk@meridian.example,2110 - Creditors - MTC,2110,Creditors,Liability,0.0,2989.02,Supplier,Metro Utilities,5217 - Utility Expenses - MTC,,Metro Utilities October 2025 billing,Meridian Trading Co.
3a73fcf28e,ACC-SINV-2025-00524,P2,Sales Invoice,Sales Invoice,1,2025-10-01,2025-10-01 10:26:00.493242,ar.clerk@meridian.example,1310 - Debtors - MTC,1310,Debtors,Asset,2264.41,0.0,Customer,Kestrel Foods,4130 - Freight Income - MTC,,Customer order Kestrel Foods Oct 2025,Meridian Trading Co.
3a8673d8f5,ACC-SINV-2025-00524,P2,Sales Invoice,Sales Invoice,2,2025-10-01,2025-10-01 10:26:00.493242,ar.clerk@meridian.example,ST 6% - MTC,,ST 6%,Liability,0.0,128.17,,,Kestrel Foods,Admin - MTC,Customer order Kestrel Foods Oct 2025,Meridian Trading Co.
427d02a8d0,ACC-SINV-2025-00524,P2,Sales Invoice,Sales Invoice,3,2025-10-01,2025-10-01 10:26:00.493242,ar.clerk@meridian.example,4130 - Freight Income - MTC,4130,Freight Income,Income,0.0,2136.24,,,Kestrel Foods,Admin - MTC,Customer order Kestrel Foods Oct 2025,Meridian Trading Co.
74de250c76,ACC-SINV-2025-00538,P2,Sales Invoice,Sales Invoice,1,2025-10-01,2025-10-01 14:28:31.908382,ar.clerk@meridian.example,4110 - Sales - MTC,4110,Sales,Income,0.0,2486.6,,,Ovation Events,Sales Ops - MTC,Customer order Ovation Events Oct 2025,Meridian Trading Co.
ee75ead368,ACC-SINV-2025-00538,P2,Sales Invoice,Sales Invoice,2,2025-10-01,2025-10-01 14:28:31.908382,ar.clerk@meridian.example,1310 - Debtors - MTC,1310,Debtors,Asset,2486.6,0.0,Customer,Ovation Events,4110 - Sales - MTC,,Customer order Ovation Events Oct 2025,Meridian Trading Co.
26d1606128,ACC-SINV-2025-00540,P2,Sales Invoice,Sales Invoice,1,2025-10-01,2025-10-01 14:50:06.523170,ar.clerk@meridian.example,ST 6% - MTC,,ST 6%,Liability,0.0,15.29,,,Bluepine Hardware,Admin - MTC,Customer order Bluepine Hardware Oct 2025,Meridian Trading Co.
866f613443,ACC-SINV-2025-00540,P2,Sales Invoice,Sales Invoice,2,2025-10-01,2025-10-01 14:50:06.523170,ar.clerk@meridian.example,4110 - Sales - MTC,4110,Sales,Income,0.0,254.8,,,Bluepine Hardware,Warehouse - MTC,Customer order Bluepine Hardware Oct 2025,Meridian Trading Co.
ba61ee14fe,ACC-SINV-2025-00540,P2,Sales Invoice,Sales Invoice,3,2025-10-01,2025-10-01 14:50:06.523170,ar.clerk@meridian.example,1310 - Debtors - MTC,1310,Debtors,Asset,270.09,0.0,Customer,Bluepine Hardware,4110 - Sales - MTC,,Customer order Bluepine Hardware Oct 2025,Meridian Trading Co.
135687c228,ACC-JV-2025-00082,P2,Journal Entry,Bank Entry,1,2025-10-02,2025-10-03 01:47:52.528613,batch.bot@meridian.example,2320 - Tax Withholding Payable - MTC,2320,Tax Withholding Payable,Liability,40625.52,0.0,,,1210 - Primary Checking - MTC,Admin - MTC,Reference #REF-20251002 dated 10-02-2025,Meridian Trading Co.
a061b9ab31,ACC-JV-2025-00082,P2,Journal Entry,Bank Entry,2,2025-10-02,2025-10-03 01:47:52.528613,batch.bot@meridian.example,1210 - Primary Checking - MTC,1210,Primary Checking,Asset,0.0,40625.52,,,2320 - Tax Withholding Payable - MTC,Admin - MTC,Reference #REF-20251002 dated 10-02-2025,Meridian Trading Co.
37dc7fdba4,ACC-PAY-2025-00583,P2,Payment Entry,Payment Entry,1,2025-10-02,2025-10-02 13:43:02.821481,ar.clerk@meridian.example,1210 - Primary Checking - MTC,1210,Primary Checking,Asset,4260.7,0.0,,,Northwind Retail,,Amount USD 4260.7 received from Northwind Retail | Transaction reference no ACH-25-00443 dated 2025-10-02 | Amount USD 4260.7 adjusted against Sales Invoice ACC-SINV-2025-00443,Meridian Trading Co.
b6a418bcef,ACC-PAY-2025-00583,P2,Payment Entry,Payment Entry,2,2025-10-02,2025-10-02 13:43:02.821481,ar.clerk@meridian.example,1310 - Debtors - MTC,1310,Debtors,Asset,0.0,4260.7,Customer,Northwind Retail,1210 - Primary Checking - MTC,,Amount USD 4260.7 received from Northwind Retail | Transaction reference no ACH-25-00443 dated 2025-10-02 | Amount USD 4260.7 adjusted against Sales Invoice ACC-SINV-2025-00443,Meridian Trading Co.
3fe826b1b8,ACC-SINV-2025-00536,P2,Sales Invoice,Sales Invoice,1,2025-10-02,2025-10-02 15:50:38.425550,ar.clerk@meridian.example,4110 - Sales - MTC,4110,Sales,Income,0.0,179.14,,,Redcedar Builders,Warehouse - MTC,Customer order Redcedar Builders Oct 2025,Meridian Trading Co.
547b98bb80,ACC-SINV-2025-00536,P2,Sales Invoice,Sales Invoice,2,2025-10-02,2025-10-02 15:50:38.425550,ar.clerk@meridian.example,1310 - Debtors - MTC,1310,Debtors,Asset,830.18,0.0,Customer,Redcedar Builders,4110 - Sales - MTC,,Customer order Redcedar Builders Oct 2025,Meridian Trading Co.
c6945a08d4,ACC-SINV-2025-00536,P2,Sales Invoice,Sales Invoice,3,2025-10-02,2025-10-02 15:50:38.425550,ar.clerk@meridian.example,4110 - Sales - MTC,4110,Sales,Income,0.0,604.05,,,Redcedar Builders,Sales Ops - MTC,Customer order Redcedar Builders Oct 2025,Meridian Trading Co.
e3e241c2ab,ACC-SINV-2025-00536,P2,Sales Invoice,Sales Invoice,4,2025-10-02,2025-10-02 15:50:38.425550,ar.clerk@meridian.example,ST 6% - MTC,,ST 6%,Liability,0.0,46.99,,,Redcedar Builders,Admin - MTC,Customer order Redcedar Builders Oct 2025,Meridian Trading Co.
4719f5b05d,ACC-SINV-2025-00547,P2,Sales Invoice,Sales Invoice,1,2025-10-02,2025-10-02 09:23:29.856904,ar.clerk@meridian.example,1310 - Debtors - MTC,1310,Debtors,Asset,592.78,0.0,Customer,Galehouse Media,4130 - Freight Income - MTC,,Customer order Galehouse Media Oct 2025,Meridian Trading Co.
84d34c98fc,ACC-SINV-2025-00547,P2,Sales Invoice,Sales Invoice,2,2025-10-02,2025-10-02 09:23:29.856904,ar.clerk@meridian.example,4130 - Freight Income - MTC,4130,Freight Income,Income,0.0,559.23,,,Galehouse Media,Admin - MTC,Customer order Galehouse Media Oct 2025,Meridian Trading Co.
c7da35411a,ACC-SINV-2025-00547,P2,Sales Invoice,Sales Invoice,3,2025-10-02,2025-10-02 09:23:29.856904,ar.clerk@meridian.example,ST 6% - MTC,,ST 6%,Liability,0.0,33.55,,,Galehouse Media,Admin - MTC,Customer order Galehouse Media Oct 2025,Meridian Trading Co.
8822460a20,ACC-JV-2025-00081,P2,Journal Entry,Bank Entry,1,2025-10-03,2025-10-04 01:29:09.770443,batch.bot@meridian.example,1210 - Primary Checking - MTC,1210,Primary Checking,Asset,0.0,46912.79,,,2120 - Payroll Payable - MTC,Admin - MTC,Reference #REF-20251003 dated 10-03-2025,Meridian Trading Co.
e0855f5131,ACC-JV-2025-00081,P2,Journal Entry,Bank Entry,2,2025-10-03,2025-10-04 01:29:09.770443,batch.bot@meridian.example,2120 - Payroll Payable - MTC,2120,Payroll Payable,Liability,46912.79,0.0,,,1210 - Primary Checking - MTC,Admin - MTC,Reference #REF-20251003 dated 10-03-2025,Meridian Trading Co.
298a5cf813,ACC-SINV-2025-00537,P2,Sales Invoice,Sales Invoice,1,2025-10-03,2025-10-03 13:28:57.887948,ar.clerk@meridian.example,4130 - Freight Income - MTC,4130,Freight Income,Income,0.0,158.74,,,Cascade Outfitters,Admin - MTC,Customer order Cascade Outfitters Oct 2025,Meridian Trading Co.
886ee94d8d,ACC-SINV-2025-00537,P2,Sales Invoice,Sales Invoice,2,2025-10-03,2025-10-03 13:28:57.887948,ar.clerk@meridian.example,4110 - Sales - MTC,4110,Sales,Income,0.0,787.74,,,Cascade Outfitters,Sales Ops - MTC,Customer order Cascade Outfitters Oct 2025,Meridian Trading Co.
89deabf608,ACC-SINV-2025-00537,P2,Sales Invoice,Sales Invoice,3,2025-10-03,2025-10-03 13:28:57.887948,ar.clerk@meridian.example,1310 - Debtors - MTC,1310,Debtors,Asset,1254.36,0.0,Customer,Cascade Outfitters,"4110 - Sales - MTC,4130 - Freight Income - MTC",,Customer order Cascade Outfitters Oct 2025,Meridian Trading Co.
d4369caad8,ACC-SINV-2025-00537,P2,Sales Invoice,Sales Invoice,4,2025-10-03,2025-10-03 13:28:57.887948,ar.clerk@meridian.example,ST 6% - MTC,,ST 6%,Liability,0.0,71.0,,,Cascade Outfitters,Admin - MTC,Customer order Cascade Outfitters Oct 2025,Meridian Trading Co.
fdf75d6bbf,ACC-SINV-2025-00537,P2,Sales Invoice,Sales Invoice,5,2025-10-03,2025-10-03 13:28:57.887948,ar.clerk@meridian.example,4110 - Sales - MTC,4110,Sales,Income,0.0,236.88,,,Cascade Outfitters,Warehouse - MTC,Customer order Cascade Outfitters Oct 2025,Meridian Trading Co.
02e80f7ac8,ACC-PAY-2025-00535,P2,Payment Entry,Payment Entry,1,2025-10-04,2025-10-06 15:45:48.699793,ar.clerk@meridian.example,1310 - Debtors - MTC,1310,Debtors,Asset,0.0,6493.81,Customer,Pactrail Sports,1210 - Primary Checking - MTC,,Amount USD 6493.81 received from Pactrail Sports | Transaction reference no ACH-25-00412 dated 2025-10-04 | Amount USD 6493.81 adjusted against Sales Invoice ACC-SINV-2025-00412,Meridian Trading Co.
ae71a3f32a,ACC-PAY-2025-00535,P2,Payment Entry,Payment Entry,2,2025-10-04,2025-10-06 15:45:48.699793,ar.clerk@meridian.example,1210 - Primary Checking - MTC,1210,Primary Checking,Asset,6493.81,0.0,,,Pactrail Sports,,Amount USD 6493.81 received from Pactrail Sports | Transaction reference no ACH-25-00412 dated 2025-10-04 | Amount USD 6493.81 adjusted against Sales Invoice ACC-SINV-2025-00412,Meridian Trading Co.
5ed176bfb7,ACC-PAY-2025-00582,P2,Payment Entry,Payment Entry,1,2025-10-04,2025-10-06 12:38:28.261418,ar.clerk@meridian.example,1310 - Debtors - MTC,1310,Debtors,Asset,0.0,2674.2,Customer,Redcedar Builders,1210 - Primary Checking - MTC,,Amount USD 2674.2 received from Redcedar Builders | Transaction reference no ACH-25-00442 dated 2025-10-04 | Amount USD 2674.2 adjusted against Sales Invoice ACC-SINV-2025-00442,Meridian Trading Co.
b7a8ce7f6e,ACC-PAY-2025-00582,P2,Payment Entry,Payment Entry,2,2025-10-04,2025-10-06 12:38:28.261418,ar.clerk@meridian.example,1210 - Primary Checking - MTC,1210,Primary Checking,Asset,2674.2,0.0,,,Redcedar Builders,,Amount USD 2674.2 received from Redcedar Builders | Transaction reference no ACH-25-00442 dated 2025-10-04 | Amount USD 2674.2 adjusted against Sales Invoice ACC-SINV-2025-00442,Meridian Trading Co.
3e04302860,ACC-PAY-2025-00641,P2,Payment Entry,Payment Entry,1,2025-10-04,2025-10-06 13:38:28.454813,ap.clerk@meridian.example,2110 - Creditors - MTC,2110,Creditors,Liability,14517.08,0.0,Supplier,Quill Marketing Group,1210 - Primary Checking - MTC,,Amount USD 14517.08 paid to Quill Marketing Group | Transaction reference no ACH-25-00260 dated 2025-10-04 | Amount USD 14517.08 adjusted against Purchase Invoice ACC-PINV-2025-00260,Meridian Trading Co.
ca3642b238,ACC-PAY-2025-00641,P2,Payment Entry,Payment Entry,2,2025-10-04,2025-10-06 13:38:28.454813,ap.clerk@meridian.example,1210 - Primary Checking - MTC,1210,Primary Checking,Asset,0.0,14517.08,,,Quill Marketing Group,,Amount USD 14517.08 paid to Quill Marketing Group | Transaction reference no ACH-25-00260 dated 2025-10-04 | Amount USD 14517.08 adjusted against Purchase Invoice ACC-PINV-2025-00260,Meridian Trading Co.
42d22e72a5,ACC-PAY-2025-00580,P2,Payment Entry,Payment Entry,1,2025-10-05,2025-10-06 14:35:30.970084,ar.clerk@meridian.example,1210 - Primary Checking - MTC,1210,Primary Checking,Asset,1542.86,0.0,,,Kestrel Foods,,Amount USD 1542.86 received from Kestrel Foods | Transaction reference no ACH-25-00440 dated 2025-10-05 | Amount USD 1542.86 adjusted against Sales Invoice ACC-SINV-2025-00440,Meridian Trading Co.
b0bf733c44,ACC-PAY-2025-00580,P2,Payment Entry,Payment Entry,2,2025-10-05,2025-10-06 14:35:30.970084,ar.clerk@meridian.example,1310 - Debtors - MTC,1310,Debtors,Asset,0.0,1542.86,Customer,Kestrel Foods,1210 - Primary Checking - MTC,,Amount USD 1542.86 received from Kestrel Foods | Transaction reference no ACH-25-00440 dated 2025-10-05 | Amount USD 1542.86 adjusted against Sales Invoice ACC-SINV-2025-00440,Meridian Trading Co.
1d52f382ac,ACC-PAY-2025-00617,P2,Payment Entry,Payment Entry,1,2025-10-05,2025-10-06 10:09:31.831633,ar.clerk@meridian.example,1310 - Debtors - MTC,1310,Debtors,Asset,0.0,331.69,Customer,Brightline Offices,1210 - Primary Checking - MTC,,Amount USD 331.69 received from Brightline Offices | Transaction reference no ACH-25-00485 dated 2025-10-05 | Amount USD 331.69 adjusted against Sales Invoice ACC-SINV-2025-00485,Meridian Trading Co.
c71ee74099,ACC-PAY-2025-00617,P2,Payment Entry,Payment Entry,2,2025-10-05,2025-10-06 10:09:31.831633,ar.clerk@meridian.example,1210 - Primary Checking - MTC,1210,Primary Checking,Asset,331.69,0.0,,,Brightline Offices,,Amount USD 331.69 received from Brightline Offices | Transaction reference no ACH-25-00485 dated 2025-10-05 | Amount USD 331.69 adjusted against Sales Invoice ACC-SINV-2025-00485,Meridian Trading Co.
c7cadf7dee,ACC-PAY-2025-00620,P2,Payment Entry,Payment Entry,1,2025-10-05,2025-10-06 09:07:29.427802,ar.clerk@meridian.example,1310 - Debtors - MTC,1310,Debtors,Asset,0.0,1450.86,Customer,Pactrail Sports,1210 - Primary Checking - MTC,,Amount USD 1450.86 received from Pactrail Sports | Transaction reference no ACH-25-00490 dated 2025-10-05 | Amount USD 1450.86 adjusted against Sales Invoice ACC-SINV-2025-00490,Meridian Trading Co.
eff76218a8,ACC-PAY-2025-00620,P2,Payment Entry,Payment Entry,2,2025-10-05,2025-10-06 09:07:29.427802,ar.clerk@meridian.example,1210 - Primary Checking - MTC,1210,Primary Checking,Asset,1450.86,0.0,,,Pactrail Sports,,Amount USD 1450.86 received from Pactrail Sports | Transaction reference no ACH-25-00490 dated 2025-10-05 | Amount USD 1450.86 adjusted against Sales Invoice ACC-SINV-2025-00490,Meridian Trading Co.
2e2f748a0d,ACC-PINV-2025-00276,P2,Purchase Invoice,Purchase Invoice,1,2025-10-06,2025-10-06 13:42:14.657955,ap.clerk@meridian.example,2110 - Creditors - MTC,2110,Creditors,Liability,0.0,9519.88,Supplier,Beacon Freight,5205 - Freight and Forwarding Charges - MTC,,Beacon Freight October 2025 billing,Meridian Trading Co.
326c344727,ACC-PINV-2025-00276,P2,Purchase Invoice,Purchase Invoice,2,2025-10-06,2025-10-06 13:42:14.657955,ap.clerk@meridian.example,5205 - Freight and Forwarding Charges - MTC,5205,Freight and Forwarding Charges,Expense,9519.88,0.0,,,Beacon Freight,Admin - MTC,Beacon Freight October 2025 billing,Meridian Trading Co.
8220d448ab,ACC-SINV-2025-00533,P2,Sales Invoice,Sales Invoice,1,2025-10-06,2025-10-06 14:07:00.903515,ar.clerk@meridian.example,ST 6% - MTC,,ST 6%,Liability,0.0,83.4,,,Marlowe Interiors,Admin - MTC,Customer order Marlowe Interiors Oct 2025,Meridian Trading Co.
8567298bbd,ACC-SINV-2025-00533,P2,Sales Invoice,Sales Invoice,2,2025-10-06,2025-10-06 14:07:00.903515,ar.clerk@meridian.example,1310 - Debtors - MTC,1310,Debtors,Asset,1473.36,0.0,Customer,Marlowe Interiors,4110 - Sales - MTC,,Customer order Marlowe Interiors Oct 2025,Meridian Trading Co.
ced6e1b7a4,ACC-SINV-2025-00533,P2,Sales Invoice,Sales Invoice,3,2025-10-06,2025-10-06 14:07:00.903515,ar.clerk@meridian.example,4110 - Sales - MTC,4110,Sales,Income,0.0,1389.96,,,Marlowe Interiors,Sales Ops - MTC,Customer order Marlowe Interiors Oct 2025,Meridian Trading Co.
44b0309ccf,ACC-SINV-2025-00544,P2,Sales Invoice,Sales Invoice,1,2025-10-06,2025-10-06 09:58:34.077624,ar.clerk@meridian.example,4110 - Sales - MTC,4110,Sales,Income,0.0,143.33,,,Pactrail Sports,Warehouse - MTC,Customer order Pactrail Sports Oct 2025,Meridian Trading Co.
52d9da2f94,ACC-SINV-2025-00544,P2,Sales Invoice,Sales Invoice,2,2025-10-06,2025-10-06 09:58:34.077624,ar.clerk@meridian.example,4120 - Service - MTC,4120,Service,Income,0.0,3940.31,,,Pactrail Sports,Sales Ops - MTC,Customer order Pactrail Sports Oct 2025,Meridian Trading Co.
749a3c718b,ACC-SINV-2025-00544,P2,Sales Invoice,Sales Invoice,3,2025-10-06,2025-10-06 09:58:34.077624,ar.clerk@meridian.example,ST 6% - MTC,,ST 6%,Liability,0.0,282.99,,,Pactrail Sports,Admin - MTC,Customer order Pactrail Sports Oct 2025,Meridian Trading Co.
85622f642a,ACC-SINV-2025-00544,P2,Sales Invoice,Sales Invoice,4,2025-10-06,2025-10-06 09:58:34.077624,ar.clerk@meridian.example,4110 - Sales - MTC,4110,Sales,Income,0.0,632.8,,,Pactrail Sports,Sales Ops - MTC,Customer order Pactrail Sports Oct 2025,Meridian Trading Co.
da63790057,ACC-SINV-2025-00544,P2,Sales Invoice,Sales Invoice,5,2025-10-06,2025-10-06 09:58:34.077624,ar.clerk@meridian.example,1310 - Debtors - MTC,1310,Debtors,Asset,4999.43,0.0,Customer,Pactrail Sports,"4110 - Sales - MTC,4120 - Service - MTC",,Customer order Pactrail Sports Oct 2025,Meridian Trading Co.
802ca31ba7,ACC-SINV-2025-00550,P2,Sales Invoice,Sales Invoice,1,2025-10-06,2025-10-06 08:21:02.760012,ar.clerk@meridian.example,ST 6% - MTC,,ST 6%,Liability,0.0,32.14,,,Summit Rentals,Admin - MTC,Customer order Summit Rentals Oct 2025,Meridian Trading Co.
96a99bfdee,ACC-SINV-2025-00550,P2,Sales Invoice,Sales Invoice,2,2025-10-06,2025-10-06 08:21:02.760012,ar.clerk@meridian.example,1310 - Debtors - MTC,1310,Debtors,Asset,567.75,0.0,Customer,Summit Rentals,"4140 - Installation Revenue - MTC,4110 - Sales - MTC",,Customer order Summit Rentals Oct 2025,Meridian Trading Co.
bef7528ea8,ACC-SINV-2025-00550,P2,Sales Invoice,Sales Invoice,3,2025-10-06,2025-10-06 08:21:02.760012,ar.clerk@meridian.example,4110 - Sales - MTC,4110,Sales,Income,0.0,98.31,,,Summit Rentals,Warehouse - MTC,Customer order Summit Rentals Oct 2025,Meridian Trading Co.
d5cf625b1a,ACC-SINV-2025-00550,P2,Sales Invoice,Sales Invoice,4,2025-10-06,2025-10-06 08:21:02.760012,ar.clerk@meridian.example,4140 - Installation Revenue - MTC,4140,Installation Revenue,Income,0.0,437.3,,,Summit Rentals,Sales Ops - MTC,Customer order Summit Rentals Oct 2025,Meridian Trading Co.
325c393a92,ACC-PAY-2025-00589,P2,Payment Entry,Payment Entry,1,2025-10-07,2025-10-07 10:18:12.110471,ar.clerk@meridian.example,1210 - Primary Checking - MTC,1210,Primary Checking,Asset,2785.65,0.0,,,Marlowe Interiors,,Amount USD 2785.65 received from Marlowe Interiors | Transaction reference no ACH-25-00450 dated 2025-10-07 | Amount USD 2785.65 adjusted against Sales Invoice ACC-SINV-2025-00450,Meridian Trading Co.
70bef89f7f,ACC-PAY-2025-00589,P2,Payment Entry,Payment Entry,2,2025-10-07,2025-10-07 10:18:12.110471,ar.clerk@meridian.example,1310 - Debtors - MTC,1310,Debtors,Asset,0.0,2785.65,Customer,Marlowe Interiors,1210 - Primary Checking - MTC,,Amount USD 2785.65 received from Marlowe Interiors | Transaction reference no ACH-25-00450 dated 2025-10-07 | Amount USD 2785.65 adjusted against Sales Invoice ACC-SINV-2025-00450,Meridian Trading Co.
17a2ed1ee3,ACC-SINV-2025-00499,P2,Sales Invoice,Sales Invoice,1,2025-10-07,2025-10-07 08:42:06.313743,ar.clerk@meridian.example,4130 - Freight Income - MTC,4130,Freight Income,Income,0.0,1558.26,,,Kestrel Foods,Admin - MTC,Customer order Kestrel Foods Oct 2025,Meridian Trading Co.
20d31483c4,ACC-SINV-2025-00499,P2,Sales Invoice,Sales Invoice,2,2025-10-07,2025-10-07 08:42:06.313743,ar.clerk@meridian.example,ST 6% - MTC,,ST 6%,Liability,0.0,151.7,,,Kestrel Foods,Admin - MTC,Customer order Kestrel Foods Oct 2025,Meridian Trading Co.
33868f0003,ACC-SINV-2025-00499,P2,Sales Invoice,Sales Invoice,3,2025-10-07,2025-10-07 08:42:06.313743,ar.clerk@meridian.example,4110 - Sales - MTC,4110,Sales,Income,0.0,969.99,,,Kestrel Foods,Sales Ops - MTC,Customer order Kestrel Foods Oct 2025,Meridian Trading Co.
470871c1bb,ACC-SINV-2025-00499,P2,Sales Invoice,Sales Invoice,4,2025-10-07,2025-10-07 08:42:06.313743,ar.clerk@meridian.example,1310 - Debtors - MTC,1310,Debtors,Asset,2679.95,0.0,Customer,Kestrel Foods,"4110 - Sales - MTC,4130 - Freight Income - MTC",,Customer order Kestrel Foods Oct 2025,Meridian Trading Co.
6e1d147694,ACC-SINV-2025-00525,P2,Sales Invoice,Sales Invoice,1,2025-10-07,2025-10-07 12:23:03.528644,ar.clerk@meridian.example,4120 - Service - MTC,4120,Service,Income,0.0,16986.06,,,Timberline Schools,Admin - MTC,Customer order Timberline Schools Oct 2025,Meridian Trading Co.
b0f7949457,ACC-SINV-2025-00525,P2,Sales Invoice,Sales Invoice,2,2025-10-07,2025-10-07 12:23:03.528644,ar.clerk@meridian.example,1310 - Debtors - MTC,1310,Debtors,Asset,18395.78,0.0,Customer,Timberline Schools,"4110 - Sales - MTC,4120 - Service - MTC",,Customer order Timberline Schools Oct 2025,Meridian Trading Co.
cf794e5c6c,ACC-SINV-2025-00525,P2,Sales Invoice,Sales Invoice,3,2025-10-07,2025-10-07 12:23:03.528644,ar.clerk@meridian.example,4110 - Sales - MTC,4110,Sales,Income,0.0,1409.72,,,Timberline Schools,Sales Ops - MTC,Customer order Timberline Schools Oct 2025,Meridian Trading Co.
55d23cf975,ACC-PAY-2025-00614,P2,Payment Entry,Payment Entry,1,2025-10-08,2025-10-08 17:39:22.018459,ar.clerk@meridian.example,1210 - Primary Checking - MTC,1210,Primary Checking,Asset,1297.23,0.0,,,Redcedar Builders,,Amount USD 1297.23 received from Redcedar Builders | Transaction reference no ACH-25-00482 dated 2025-10-08 | Amount USD 1297.23 adjusted against Sales Invoice ACC-SINV-2025-00482,Meridian Trading Co.
af0814fb13,ACC-PAY-2025-00614,P2,Payment Entry,Payment Entry,2,2025-10-08,2025-10-08 17:39:22.018459,ar.clerk@meridian.example,1310 - Debtors - MTC,1310,Debtors,Asset,0.0,1297.23,Customer,Redcedar Builders,1210 - Primary Checking - MTC,,Amount USD 1297.23 received from Redcedar Builders | Transaction reference no ACH-25-00482 dated 2025-10-08 | Amount USD 1297.23 adjusted against Sales Invoice ACC-SINV-2025-00482,Meridian Trading Co.
05851b47d9,ACC-PINV-2025-00275,P2,Purchase Invoice,Purchase Invoice,1,2025-10-08,2025-10-20 12:58:13.687866,ap.clerk@meridian.example,2110 - Creditors - MTC,2110,Creditors,Liability,0.0,7254.5,Supplier,Beacon Freight,5205 - Freight and Forwarding Charges - MTC,,Beacon Freight October 2025 billing,Meridian Trading Co.
4dae6d0be1,ACC-PINV-2025-00275,P2,Purchase Invoice,Purchase Invoice,2,2025-10-08,2025-10-20 12:58:13.687866,ap.clerk@meridian.example,5205 - Freight and Forwarding Charges - MTC,5205,Freight and Forwarding Charges,Expense,7254.5,0.0,,,Beacon Freight,Admin - MTC,Beacon Freight October 2025 billing,Meridian Trading Co.
a0aa1b0696,ACC-PINV-2025-00284,P2,Purchase Invoice,Purchase Invoice,1,2025-10-08,2025-10-08 12:46:32.718493,ap.clerk@meridian.example,5207 - Marketing Expenses - MTC,5207,Marketing Expenses,Expense,2640.96,0.0,,,Quill Marketing Group,Admin - MTC,Quill Marketing Group October 2025 billing,Meridian Trading Co.
cce11b6292,ACC-PINV-2025-00284,P2,Purchase Invoice,Purchase Invoice,2,2025-10-08,2025-10-08 12:46:32.718493,ap.clerk@meridian.example,2110 - Creditors - MTC,2110,Creditors,Liability,0.0,2640.96,Supplier,Quill Marketing Group,5207 - Marketing Expenses - MTC,,Quill Marketing Group October 2025 billing,Meridian Trading Co.
4910b5dc1b,ACC-SINV-2025-00493,P2,Sales Invoice,Sales Invoice,1,2025-10-08,2025-10-08 09:09:38.091113,ar.clerk@meridian.example,4110 - Sales - MTC,4110,Sales,Income,0.0,1087.04,,,Galehouse Media,Warehouse - MTC,Customer order Galehouse Media Oct 2025,Meridian Trading Co.
604a1601b2,ACC-SINV-2025-00493,P2,Sales Invoice,Sales Invoice,2,2025-10-08,2025-10-08 09:09:38.091113,ar.clerk@meridian.example,4110 - Sales - MTC,4110,Sales,Income,0.0,93.04,,,Galehouse Media,Sales Ops - MTC,Customer order Galehouse Media Oct 2025,Meridian Trading Co.
73ffc90124,ACC-SINV-2025-00493,P2,Sales Invoice,Sales Invoice,3,2025-10-08,2025-10-08 09:09:38.091113,ar.clerk@meridian.example,4120 - Service - MTC,4120,Service,Income,0.0,7390.24,,,Galehouse Media,Sales Ops - MTC,Customer order Galehouse Media Oct 2025,Meridian Trading Co.
aaa49b411a,ACC-SINV-2025-00493,P2,Sales Invoice,Sales Invoice,4,2025-10-08,2025-10-08 09:09:38.091113,ar.clerk@meridian.example,1310 - Debtors - MTC,1310,Debtors,Asset,9084.54,0.0,Customer,Galehouse Media,"4110 - Sales - MTC,4120 - Service - MTC",,Customer order Galehouse Media Oct 2025,Meridian Trading Co.
d10647e409,ACC-SINV-2025-00493,P2,Sales Invoice,Sales Invoice,5,2025-10-08,2025-10-08 09:09:38.091113,ar.clerk@meridian.example,ST 6% - MTC,,ST 6%,Liability,0.0,514.22,,,Galehouse Media,Admin - MTC,Customer order Galehouse Media Oct 2025,Meridian Trading Co.
0a8b2f91fe,ACC-SINV-2025-00510,P2,Sales Invoice,Sales Invoice,1,2025-10-08,2025-10-08 12:29:13.212371,ar.clerk@meridian.example,4110 - Sales - MTC,4110,Sales,Income,0.0,815.43,,,Pactrail Sports,Sales Ops - MTC,Customer order Pactrail Sports Oct 2025,Meridian Trading Co.
518bba6f4a,ACC-SINV-2025-00510,P2,Sales Invoice,Sales Invoice,2,2025-10-08,2025-10-08 12:29:13.212371,ar.clerk@meridian.example,1310 - Debtors - MTC,1310,Debtors,Asset,1570.02,0.0,Customer,Pactrail Sports,4110 - Sales - MTC,,Customer order Pactrail Sports Oct 2025,Meridian Trading Co.
73983bafb8,ACC-SINV-2025-00510,P2,Sales Invoice,Sales Invoice,3,2025-10-08,2025-10-08 12:29:13.212371,ar.clerk@meridian.example,ST 6% - MTC,,ST 6%,Liability,0.0,88.87,,,Pactrail Sports,Admin - MTC,Customer order Pactrail Sports Oct 2025,Meridian Trading Co.
f1ef818a8e,ACC-SINV-2025-00510,P2,Sales Invoice,Sales Invoice,4,2025-10-08,2025-10-08 12:29:13.212371,ar.clerk@meridian.example,4110 - Sales - MTC,4110,Sales,Income,0.0,665.72,,,Pactrail Sports,Warehouse - MTC,Customer order Pactrail Sports Oct 2025,Meridian Trading Co.
87d99c57d8,ACC-SINV-2025-00517,P2,Sales Invoice,Sales Invoice,1,2025-10-08,2025-10-08 17:22:58.502205,ar.clerk@meridian.example,4110 - Sales - MTC,4110,Sales,Income,0.0,961.8,,,Juniper & Co,Warehouse - MTC,Customer order Juniper & Co Oct 2025,Meridian Trading Co.
8a52b3ff90,ACC-SINV-2025-00517,P2,Sales Invoice,Sales Invoice,2,2025-10-08,2025-10-08 17:22:58.502205,ar.clerk@meridian.example,ST 6% - MTC,,ST 6%,Liability,0.0,145.61,,,Juniper & Co,Admin - MTC,Customer order Juniper & Co Oct 2025,Meridian Trading Co.
a104920d2a,ACC-SINV-2025-00517,P2,Sales Invoice,Sales Invoice,3,2025-10-08,2025-10-08 17:22:58.502205,ar.clerk@meridian.example,1310 - Debtors - MTC,1310,Debtors,Asset,2572.37,0.0,Customer,Juniper & Co,4110 - Sales - MTC,,Customer order Juniper & Co Oct 2025,Meridian Trading Co.
f6c9e9ddbb,ACC-SINV-2025-00517,P2,Sales Invoice,Sales Invoice,4,2025-10-08,2025-10-08 17:22:58.502205,ar.clerk@meridian.example,4110 - Sales - MTC,4110,Sales,Income,0.0,1464.96,,,Juniper & Co,Sales Ops - MTC,Customer order Juniper & Co Oct 2025,Meridian Trading Co.
0b57c839ac,ACC-SINV-2025-00527,P2,Sales Invoice,Sales Invoice,1,2025-10-08,2025-10-08 12:59:59.100052,ar.clerk@meridian.example,ST 6% - MTC,,ST 6%,Liability,0.0,18.24,,,Halstrom Supply,Admin - MTC,Customer order Halstrom Supply Oct 2025,Meridian Trading Co.
320d96f509,ACC-SINV-2025-00527,P2,Sales Invoice,Sales Invoice,2,2025-10-08,2025-10-08 12:59:59.100052,ar.clerk@meridian.example,1310 - Debtors - MTC,1310,Debtors,Asset,322.25,0.0,Customer,Halstrom Supply,4110 - Sales - MTC,,Customer order Halstrom Supply Oct 2025,Meridian Trading Co.
88bd926df4,ACC-SINV-2025-00527,P2,Sales Invoice,Sales Invoice,3,2025-10-08,2025-10-08 12:59:59.100052,ar.clerk@meridian.example,4110 - Sales - MTC,4110,Sales,Income,0.0,171.99,,,Halstrom Supply,Warehouse - MTC,Customer order Halstrom Supply Oct 2025,Meridian Trading Co.
b31cd7ec95,ACC-SINV-2025-00527,P2,Sales Invoice,Sales Invoice,4,2025-10-08,2025-10-08 12:59:59.100052,ar.clerk@meridian.example,4110 - Sales - MTC,4110,Sales,Income,0.0,132.02,,,Halstrom Supply,Sales Ops - MTC,Customer order Halstrom Supply Oct 2025,Meridian Trading Co.
5a33311af8,ACC-SINV-2025-00535,P2,Sales Invoice,Sales Invoice,1,2025-10-08,2025-10-08 16:46:59.757866,ar.clerk@meridian.example,4110 - Sales - MTC,4110,Sales,Income,0.0,3589.38,,,Cascade Outfitters,Sales Ops - MTC,Customer order Cascade Outfitters Oct 2025,Meridian Trading Co.
69bf5b98e5,ACC-SINV-2025-00535,P2,Sales Invoice,Sales Invoice,2,2025-10-08,2025-10-08 16:46:59.757866,ar.clerk@meridian.example,ST 6% - MTC,,ST 6%,Liability,0.0,215.36,,,Cascade Outfitters,Admin - MTC,Customer order Cascade Outfitters Oct 2025,Meridian Trading Co.
d7bada83a2,ACC-SINV-2025-00535,P2,Sales Invoice,Sales Invoice,3,2025-10-08,2025-10-08 16:46:59.757866,ar.clerk@meridian.example,1310 - Debtors - MTC,1310,Debtors,Asset,3804.74,0.0,Customer,Cascade Outfitters,4110 - Sales - MTC,,Customer order Cascade Outfitters Oct 2025,Meridian Trading Co.
72b09a39e0,ACC-PAY-2025-00578,P2,Payment Entry,Payment Entry,1,2025-10-09,2025-10-09 14:27:38.341779,ar.clerk@meridian.example,1310 - Debtors - MTC,1310,Debtors,Asset,0.0,8417.8,Customer,Ovation Events,1210 - Primary Checking - MTC,,Amount USD 8417.8 received from Ovation Events | Transaction reference no ACH-25-00438 dated 2025-10-09 | Amount USD 8417.8 adjusted against Sales Invoice ACC-SINV-2025-00438,Meridian Trading Co.
74ab3068de,ACC-PAY-2025-00578,P2,Payment Entry,Payment Entry,2,2025-10-09,2025-10-09 14:27:38.341779,ar.clerk@meridian.example,1210 - Primary Checking - MTC,1210,Primary Checking,Asset,8417.8,0.0,,,Ovation Events,,Amount USD 8417.8 received from Ovation Events | Transaction reference no ACH-25-00438 dated 2025-10-09 | Amount USD 8417.8 adjusted against Sales Invoice ACC-SINV-2025-00438,Meridian Trading Co.
8cc2b5e7e2,ACC-PAY-2025-00621,P2,Payment Entry,Payment Entry,1,2025-10-09,2025-10-09 12:51:39.487966,ar.clerk@meridian.example,1210 - Primary Checking - MTC,1210,Primary Checking,Asset,801.28,0.0,,,Marlowe Interiors,,Amount USD 801.28 received from Marlowe Interiors | Transaction reference no ACH-25-00491 dated 2025-10-09 | Amount USD 801.28 adjusted against Sales Invoice ACC-SINV-2025-00491,Meridian Trading Co.
f237afc15b,ACC-PAY-2025-00621,P2,Payment Entry,Payment Entry,2,2025-10-09,2025-10-09 12:51:39.487966,ar.clerk@meridian.example,1310 - Debtors - MTC,1310,Debtors,Asset,0.0,801.28,Customer,Marlowe Interiors,1210 - Primary Checking - MTC,,Amount USD 801.28 received from Marlowe Interiors | Transaction reference no ACH-25-00491 dated 2025-10-09 | Amount USD 801.28 adjusted against Sales Invoice ACC-SINV-2025-00491,Meridian Trading Co.
d23e4d4a34,ACC-PAY-2025-00623,P2,Payment Entry,Payment Entry,1,2025-10-09,2025-10-09 13:39:49.326428,ap.clerk@meridian.example,1210 - Primary Checking - MTC,1210,Primary Checking,Asset,0.0,14275.32,,,Vulcan Materials Co,,Amount USD 14275.32 paid to Vulcan Materials Co | Transaction reference no ACH-25-00242 dated 2025-10-09 | Amount USD 14275.32 adjusted against Purchase Invoice ACC-PINV-2025-00242,Meridian Trading Co.
ffb34fe5f0,ACC-PAY-2025-00623,P2,Payment Entry,Payment Entry,2,2025-10-09,2025-10-09 13:39:49.326428,ap.clerk@meridian.example,2110 - Creditors - MTC,2110,Creditors,Liability,14275.32,0.0,Supplier,Vulcan Materials Co,1210 - Primary Checking - MTC,,Amount USD 14275.32 paid to Vulcan Materials Co | Transaction reference no ACH-25-00242 dated 2025-10-09 | Amount USD 14275.32 adjusted against Purchase Invoice ACC-PINV-2025-00242,Meridian Trading Co.
0329731cae,ACC-PAY-2025-00643,P2,Payment Entry,Payment Entry,1,2025-10-09,2025-10-09 12:31:27.909658,ap.clerk@meridian.example,2110 - Creditors - MTC,2110,Creditors,Liability,896.04,0.0,Supplier,Sterling Equipment Leasing,1210 - Primary Checking - MTC,,Amount USD 896.04 paid to Sterling Equipment Leasing | Transaction reference no ACH-25-00262 dated 2025-10-09 | Amount USD 896.04 adjusted against Purchase Invoice ACC-PINV-2025-00262,Meridian Trading Co.
ad6ebe50b7,ACC-PAY-2025-00643,P2,Payment Entry,Payment Entry,2,2025-10-09,2025-10-09 12:31:27.909658,ap.clerk@meridian.example,1210 - Primary Checking - MTC,1210,Primary Checking,Asset,0.0,896.04,,,Sterling Equipment Leasing,,Amount USD 896.04 paid to Sterling Equipment Leasing | Transaction reference no ACH-25-00262 dated 2025-10-09 | Amount USD 896.04 adjusted against Purchase Invoice ACC-PINV-2025-00262,Meridian Trading Co.
1e55415b41,ACC-PINV-2025-00267,P2,Purchase Invoice,Purchase Invoice,1,2025-10-09,2025-10-09 16:46:55.543734,ap.clerk@meridian.example,5111 - Cost of Goods Sold - MTC,5111,Cost of Goods Sold,Expense,13650.34,0.0,,,Orchard Wholesale,Warehouse - MTC,Orchard Wholesale October 2025 billing,Meridian Trading Co.
b1dabcdc7c,ACC-PINV-2025-00267,P2,Purchase Invoice,Purchase Invoice,2,2025-10-09,2025-10-09 16:46:55.543734,ap.clerk@meridian.example,2110 - Creditors - MTC,2110,Creditors,Liability,0.0,13650.34,Supplier,Orchard Wholesale,5111 - Cost of Goods Sold - MTC,,Orchard Wholesale October 2025 billing,Meridian Trading Co.
6971ee4712,ACC-PINV-2025-00282,P2,Purchase Invoice,Purchase Invoice,1,2025-10-09,2025-10-09 08:23:10.064605,ap.clerk@meridian.example,2110 - Creditors - MTC,2110,Creditors,Liability,0.0,11740.09,Supplier,Harlan Office Supply,5208 - Office Maintenance Expenses - MTC,,Harlan Office Supply October 2025 billing,Meridian Trading Co.
7453139761,ACC-PINV-2025-00282,P2,Purchase Invoice,Purchase Invoice,2,2025-10-09,2025-10-09 08:23:10.064605,ap.clerk@meridian.example,5208 - Office Maintenance Expenses - MTC,5208,Office Maintenance Expenses,Expense,11740.09,0.0,,,Harlan Office Supply,Admin - MTC,Harlan Office Supply October 2025 billing,Meridian Trading Co.
556481d8ff,ACC-SINV-2025-00503,P2,Sales Invoice,Sales Invoice,1,2025-10-09,2025-10-09 16:02:10.089661,ar.clerk@meridian.example,ST 6% - MTC,,ST 6%,Liability,0.0,171.93,,,Northwind Retail,Admin - MTC,Customer order Northwind Retail Oct 2025,Meridian Trading Co.
a2174ba0b6,ACC-SINV-2025-00503,P2,Sales Invoice,Sales Invoice,2,2025-10-09,2025-10-09 16:02:10.089661,ar.clerk@meridian.example,1310 - Debtors - MTC,1310,Debtors,Asset,3037.36,0.0,Customer,Northwind Retail,"4110 - Sales - MTC,4120 - Service - MTC",,Customer order Northwind Retail Oct 2025,Meridian Trading Co.
a5a9c312c7,ACC-SINV-2025-00503,P2,Sales Invoice,Sales Invoice,3,2025-10-09,2025-10-09 16:02:10.089661,ar.clerk@meridian.example,4110 - Sales - MTC,4110,Sales,Income,0.0,1070.38,,,Northwind Retail,Warehouse - MTC,Customer order Northwind Retail Oct 2025,Meridian Trading Co.
ed13271a5c,ACC-SINV-2025-00503,P2,Sales Invoice,Sales Invoice,4,2025-10-09,2025-10-09 16:02:10.089661,ar.clerk@meridian.example,4120 - Service - MTC,4120,Service,Income,0.0,1795.05,,,Northwind Retail,Sales Ops - MTC,Customer order Northwind Retail Oct 2025,Meridian Trading Co.
8f28076a90,ACC-SINV-2025-00546,P2,Sales Invoice,Sales Invoice,1,2025-10-09,2025-10-09 10:48:19.595029,ar.clerk@meridian.example,1310 - Debtors - MTC,1310,Debtors,Asset,2297.29,0.0,Customer,Redcedar Builders,4110 - Sales - MTC,,Customer order Redcedar Builders Oct 2025,Meridian Trading Co.
c3f7d21b92,ACC-SINV-2025-00546,P2,Sales Invoice,Sales Invoice,2,2025-10-09,2025-10-09 10:48:19.595029,ar.clerk@meridian.example,4110 - Sales - MTC,4110,Sales,Income,0.0,876.73,,,Redcedar Builders,Sales Ops - MTC,Customer order Redcedar Builders Oct 2025,Meridian Trading Co.
c4ed19868b,ACC-SINV-2025-00546,P2,Sales Invoice,Sales Invoice,3,2025-10-09,2025-10-09 10:48:19.595029,ar.clerk@meridian.example,ST 6% - MTC,,ST 6%,Liability,0.0,130.04,,,Redcedar Builders,Admin - MTC,Customer order Redcedar Builders Oct 2025,Meridian Trading Co.
cc74292e4a,ACC-SINV-2025-00546,P2,Sales Invoice,Sales Invoice,4,2025-10-09,2025-10-09 10:48:19.595029,ar.clerk@meridian.example,4110 - Sales - MTC,4110,Sales,Income,0.0,1290.52,,,Redcedar Builders,Warehouse - MTC,Customer order Redcedar Builders Oct 2025,Meridian Trading Co.
16e8265dcd,ACC-SINV-2025-00555,P2,Sales Invoice,Sales Invoice,1,2025-10-09,2025-10-09 15:18:07.484731,ar.clerk@meridian.example,1310 - Debtors - MTC,1310,Debtors,Asset,3881.67,0.0,Customer,Galehouse Media,4140 - Installation Revenue - MTC,,Customer order Galehouse Media Oct 2025,Meridian Trading Co.
32d8edc130,ACC-SINV-2025-00555,P2,Sales Invoice,Sales Invoice,2,2025-10-09,2025-10-09 15:18:07.484731,ar.clerk@meridian.example,ST 6% - MTC,,ST 6%,Liability,0.0,219.72,,,Galehouse Media,Admin - MTC,Customer order Galehouse Media Oct 2025,Meridian Trading Co.
bc8f862925,ACC-SINV-2025-00555,P2,Sales Invoice,Sales Invoice,3,2025-10-09,2025-10-09 15:18:07.484731,ar.clerk@meridian.example,4140 - Installation Revenue - MTC,4140,Installation Revenue,Income,0.0,3661.95,,,Galehouse Media,Sales Ops - MTC,Customer order Galehouse Media Oct 2025,Meridian Trading Co.
7756e4f3aa,ACC-PAY-2025-00600,P2,Payment Entry,Payment Entry,1,2025-10-10,2025-10-10 17:11:54.545465,ar.clerk@meridian.example,1210 - Primary Checking - MTC,1210,Primary Checking,Asset,11786.21,0.0,,,Ovation Events,,Amount USD 11786.21 received from Ovation Events | Transaction reference no ACH-25-00463 dated 2025-10-10 | Amount USD 11786.21 adjusted against Sales Invoice ACC-SINV-2025-00463,Meridian Trading Co.
948371a3e9,ACC-PAY-2025-00600,P2,Payment Entry,Payment Entry,2,2025-10-10,2025-10-10 17:11:54.545465,ar.clerk@meridian.example,1310 - Debtors - MTC,1310,Debtors,Asset,0.0,11786.21,Customer,Ovation Events,1210 - Primary Checking - MTC,,Amount USD 11786.21 received from Ovation Events | Transaction reference no ACH-25-00463 dated 2025-10-10 | Amount USD 11786.21 adjusted against Sales Invoice ACC-SINV-2025-00463,Meridian Trading Co.
77bea28012,ACC-SINV-2025-00534,P2,Sales Invoice,Sales Invoice,1,2025-10-10,2025-10-10 09:27:41.088705,ar.clerk@meridian.example,4110 - Sales - MTC,4110,Sales,Income,0.0,608.72,,,Ovation Events,Warehouse - MTC,Customer order Ovation Events Oct 2025,Meridian Trading Co.
b2293fe34d,ACC-SINV-2025-00534,P2,Sales Invoice,Sales Invoice,2,2025-10-10,2025-10-10 09:27:41.088705,ar.clerk@meridian.example,1310 - Debtors - MTC,1310,Debtors,Asset,608.72,0.0,Customer,Ovation Events,4110 - Sales - MTC,,Customer order Ovation Events Oct 2025,Meridian Trading Co.
4ab66f6b70,ACC-SINV-2025-00554,P2,Sales Invoice,Sales Invoice,1,2025-10-10,2025-10-10 15:06:39.840585,ar.clerk@meridian.example,1310 - Debtors - MTC,1310,Debtors,Asset,3467.34,0.0,Customer,Timberline Schools,4140 - Installation Revenue - MTC,,Customer order Timberline Schools Oct 2025,Meridian Trading Co.
602a9ad5a9,ACC-SINV-2025-00554,P2,Sales Invoice,Sales Invoice,2,2025-10-10,2025-10-10 15:06:39.840585,ar.clerk@meridian.example,4140 - Installation Revenue - MTC,4140,Installation Revenue,Income,0.0,3467.34,,,Timberline Schools,Sales Ops - MTC,Customer order Timberline Schools Oct 2025,Meridian Trading Co.
6ad1d2d55d,ACC-PAY-2025-00618,P2,Payment Entry,Payment Entry,1,2025-10-11,2025-10-13 17:05:38.725602,ar.clerk@meridian.example,1210 - Primary Checking - MTC,1210,Primary Checking,Asset,478.85,0.0,,,Juniper & Co,,Amount USD 478.85 received from Juniper & Co | Transaction reference no ACH-25-00486 dated 2025-10-11 | Amount USD 478.85 adjusted against Sales Invoice ACC-SINV-2025-00486,Meridian Trading Co.
e8e2126c52,ACC-PAY-2025-00618,P2,Payment Entry,Payment Entry,2,2025-10-11,2025-10-13 17:05:38.725602,ar.clerk@meridian.example,1310 - Debtors - MTC,1310,Debtors,Asset,0.0,478.85,Customer,Juniper & Co,1210 - Primary Checking - MTC,,Amount USD 478.85 received from Juniper & Co | Transaction reference no ACH-25-00486 dated 2025-10-11 | Amount USD 478.85 adjusted against Sales Invoice ACC-SINV-2025-00486,Meridian Trading Co.
6e0ab93fb2,ACC-PAY-2025-00630,P2,Payment Entry,Payment Entry,1,2025-10-11,2025-10-13 17:27:05.022303,ap.clerk@meridian.example,2110 - Creditors - MTC,2110,Creditors,Liability,16854.3,0.0,Supplier,Beacon Freight,1210 - Primary Checking - MTC,,Amount USD 16854.3 paid to Beacon Freight | Transaction reference no ACH-25-00249 dated 2025-10-11 | Amount USD 16854.3 adjusted against Purchase Invoice ACC-PINV-2025-00249,Meridian Trading Co.
d66c24fb51,ACC-PAY-2025-00630,P2,Payment Entry,Payment Entry,2,2025-10-11,2025-10-13 17:27:05.022303,ap.clerk@meridian.example,1210 - Primary Checking - MTC,1210,Primary Checking,Asset,0.0,16854.3,,,Beacon Freight,,Amount USD 16854.3 paid to Beacon Freight | Transaction reference no ACH-25-00249 dated 2025-10-11 | Amount USD 16854.3 adjusted against Purchase Invoice ACC-PINV-2025-00249,Meridian Trading Co.
38444b6ad4,ACC-PAY-2025-00584,P2,Payment Entry,Payment Entry,1,2025-10-12,2025-10-13 11:47:34.959836,ar.clerk@meridian.example,1210 - Primary Checking - MTC,1210,Primary Checking,Asset,6233.31,0.0,,,Redcedar Builders,,Amount USD 6233.31 received from Redcedar Builders | Transaction reference no ACH-25-00444 dated 2025-10-12 | Amount USD 6233.31 adjusted against Sales Invoice ACC-SINV-2025-00444,Meridian Trading Co.
d54b832d80,ACC-PAY-2025-00584,P2,Payment Entry,Payment Entry,2,2025-10-12,2025-10-13 11:47:34.959836,ar.clerk@meridian.example,1310 - Debtors - MTC,1310,Debtors,Asset,0.0,6233.31,Customer,Redcedar Builders,1210 - Primary Checking - MTC,,Amount USD 6233.31 received from Redcedar Builders | Transaction reference no ACH-25-00444 dated 2025-10-12 | Amount USD 6233.31 adjusted against Sales Invoice ACC-SINV-2025-00444,Meridian Trading Co.
ce99c5e067,ACC-PAY-2025-00585,P2,Payment Entry,Payment Entry,1,2025-10-12,2025-10-13 13:04:44.901006,ar.clerk@meridian.example,1210 - Primary Checking - MTC,1210,Primary Checking,Asset,2004.33,0.0,,,Galehouse Media,,Amount USD 2004.33 received from Galehouse Media | Transaction reference no ACH-25-00445 dated 2025-10-12 | Amount USD 2004.33 adjusted against Sales Invoice ACC-SINV-2025-00445,Meridian Trading Co.
eb7591a251,ACC-PAY-2025-00585,P2,Payment Entry,Payment Entry,2,2025-10-12,2025-10-13 13:04:44.901006,ar.clerk@meridian.example,1310 - Debtors - MTC,1310,Debtors,Asset,0.0,2004.33,Customer,Galehouse Media,1210 - Primary Checking - MTC,,Amount USD 2004.33 received from Galehouse Media | Transaction reference no ACH-25-00445 dated 2025-10-12 | Amount USD 2004.33 adjusted against Sales Invoice ACC-SINV-2025-00445,Meridian Trading Co.
52d11313b8,ACC-PAY-2025-00590,P2,Payment Entry,Payment Entry,1,2025-10-12,2025-10-13 14:31:33.063163,ar.clerk@meridian.example,1210 - Primary Checking - MTC,1210,Primary Checking,Asset,1215.28,0.0,,,Ovation Events,,Amount USD 1215.28 received from Ovation Events | Transaction reference no ACH-25-00451 dated 2025-10-12 | Amount USD 1215.28 adjusted against Sales Invoice ACC-SINV-2025-00451,Meridian Trading Co.
bf2c668140,ACC-PAY-2025-00590,P2,Payment Entry,Payment Entry,2,2025-10-12,2025-10-13 14:31:33.063163,ar.clerk@meridian.example,1310 - Debtors - MTC,1310,Debtors,Asset,0.0,1215.28,Customer,Ovation Events,1210 - Primary Checking - MTC,,Amount USD 1215.28 received from Ovation Events | Transaction reference no ACH-25-00451 dated 2025-10-12 | Amount USD 1215.28 adjusted against Sales Invoice ACC-SINV-2025-00451,Meridian Trading Co.
ab5356096d,ACC-PAY-2025-00593,P2,Payment Entry,Payment Entry,1,2025-10-12,2025-10-13 16:40:47.341825,ar.clerk@meridian.example,1210 - Primary Checking - MTC,1210,Primary Checking,Asset,2234.59,0.0,,,Halstrom Supply,,Amount USD 2234.59 received from Halstrom Supply | Transaction reference no ACH-25-00455 dated 2025-10-12 | Amount USD 2234.59 adjusted against Sales Invoice ACC-SINV-2025-00455,Meridian Trading Co.
b9c86afd28,ACC-PAY-2025-00593,P2,Payment Entry,Payment Entry,2,2025-10-12,2025-10-13 16:40:47.341825,ar.clerk@meridian.example,1310 - Debtors - MTC,1310,Debtors,Asset,0.0,2234.59,Customer,Halstrom Supply,1210 - Primary Checking - MTC,,Amount USD 2234.59 received from Halstrom Supply | Transaction reference no ACH-25-00455 dated 2025-10-12 | Amount USD 2234.59 adjusted against Sales Invoice ACC-SINV-2025-00455,Meridian Trading Co.
21a014bc75,ACC-PAY-2025-00602,P2,Payment Entry,Payment Entry,1,2025-10-13,2025-10-13 18:09:17.059510,ar.clerk@meridian.example,1210 - Primary Checking - MTC,1210,Primary Checking,Asset,2547.08,0.0,,,Ferrous Works,,Amount USD 2547.08 received from Ferrous Works | Transaction reference no ACH-25-00467 dated 2025-10-13 | Amount USD 2547.08 adjusted against Sales Invoice ACC-SINV-2025-00467,Meridian Trading Co.
eb92936964,ACC-PAY-2025-00602,P2,Payment Entry,Payment Entry,2,2025-10-13,2025-10-13 18:09:17.059510,ar.clerk@meridian.example,1310 - Debtors - MTC,1310,Debtors,Asset,0.0,2547.08,Customer,Ferrous Works,1210 - Primary Checking - MTC,,Amount USD 2547.08 received from Ferrous Works | Transaction reference no ACH-25-00467 dated 2025-10-13 | Amount USD 2547.08 adjusted against Sales Invoice ACC-SINV-2025-00467,Meridian Trading Co.
c295f8a8ba,ACC-PAY-2025-00686,P2,Payment Entry,Payment Entry,1,2025-10-13,2025-10-13 14:34:08.050420,ar.clerk@meridian.example,1310 - Debtors - MTC,1310,Debtors,Asset,0.0,4999.43,Customer,Pactrail Sports,1210 - Primary Checking - MTC,,Amount USD 4999.43 received from Pactrail Sports | Transaction reference no ACH-25-00544 dated 2025-10-13 | Amount USD 4999.43 adjusted against Sales Invoice ACC-SINV-2025-00544,Meridian Trading Co.
d7d48a523e,ACC-PAY-2025-00686,P2,Payment Entry,Payment Entry,2,2025-10-13,2025-10-13 14:34:08.050420,ar.clerk@meridian.example,1210 - Primary Checking - MTC,1210,Primary Checking,Asset,4999.43,0.0,,,Pactrail Sports,,Amount USD 4999.43 received from Pactrail Sports | Transaction reference no ACH-25-00544 dated 2025-10-13 | Amount USD 4999.43 adjusted against Sales Invoice ACC-SINV-2025-00544,Meridian Trading Co.
148e0ed1ad,ACC-PINV-2025-00268,P2,Purchase Invoice,Purchase Invoice,1,2025-10-13,2025-10-13 15:56:28.122087,ap.clerk@meridian.example,5111 - Cost of Goods Sold - MTC,5111,Cost of Goods Sold,Expense,13282.57,0.0,,,Vulcan Materials Co,Warehouse - MTC,Vulcan Materials Co October 2025 billing,Meridian Trading Co.
41ca3d7344,ACC-PINV-2025-00268,P2,Purchase Invoice,Purchase Invoice,2,2025-10-13,2025-10-13 15:56:28.122087,ap.clerk@meridian.example,2110 - Creditors - MTC,2110,Creditors,Liability,0.0,13282.57,Supplier,Vulcan Materials Co,5111 - Cost of Goods Sold - MTC,,Vulcan Materials Co October 2025 billing,Meridian Trading Co.
02b8d22b36,ACC-SINV-2025-00512,P2,Sales Invoice,Sales Invoice,1,2025-10-13,2025-10-13 09:53:07.170950,ar.clerk@meridian.example,4110 - Sales - MTC,4110,Sales,Income,0.0,3415.35,,,Redcedar Builders,Sales Ops - MTC,Customer order Redcedar Builders Oct 2025,Meridian Trading Co.
51ea4f46cd,ACC-SINV-2025-00512,P2,Sales Invoice,Sales Invoice,2,2025-10-13,2025-10-13 09:53:07.170950,ar.clerk@meridian.example,1310 - Debtors - MTC,1310,Debtors,Asset,9039.1,0.0,Customer,Redcedar Builders,"4110 - Sales - MTC,4120 - Service - MTC",,Customer order Redcedar Builders Oct 2025,Meridian Trading Co.
7b3780a85f,ACC-SINV-2025-00512,P2,Sales Invoice,Sales Invoice,3,2025-10-13,2025-10-13 09:53:07.170950,ar.clerk@meridian.example,4120 - Service - MTC,4120,Service,Income,0.0,5112.1,,,Redcedar Builders,Sales Ops - MTC,Customer order Redcedar Builders Oct 2025,Meridian Trading Co.
91aaf6ccd1,ACC-SINV-2025-00512,P2,Sales Invoice,Sales Invoice,4,2025-10-13,2025-10-13 09:53:07.170950,ar.clerk@meridian.example,ST 6% - MTC,,ST 6%,Liability,0.0,511.65,,,Redcedar Builders,Admin - MTC,Customer order Redcedar Builders Oct 2025,Meridian Trading Co.
0d578fb500,ACC-SINV-2025-00526,P2,Sales Invoice,Sales Invoice,1,2025-10-13,2025-10-13 17:26:48.943927,ar.clerk@meridian.example,1310 - Debtors - MTC,1310,Debtors,Asset,3716.91,0.0,Customer,Juniper & Co,4110 - Sales - MTC,,Customer order Juniper & Co Oct 2025,Meridian Trading Co.
3ea16f382f,ACC-SINV-2025-00526,P2,Sales Invoice,Sales Invoice,2,2025-10-13,2025-10-13 17:26:48.943927,ar.clerk@meridian.example,4110 - Sales - MTC,4110,Sales,Income,0.0,1776.92,,,Juniper & Co,Sales Ops - MTC,Customer order Juniper & Co Oct 2025,Meridian Trading Co.
3f82ef033b,ACC-SINV-2025-00526,P2,Sales Invoice,Sales Invoice,3,2025-10-13,2025-10-13 17:26:48.943927,ar.clerk@meridian.example,ST 6% - MTC,,ST 6%,Liability,0.0,210.39,,,Juniper & Co,Admin - MTC,Customer order Juniper & Co Oct 2025,Meridian Trading Co.
58b59984fb,ACC-SINV-2025-00526,P2,Sales Invoice,Sales Invoice,4,2025-10-13,2025-10-13 17:26:48.943927,ar.clerk@meridian.example,4110 - Sales - MTC,4110,Sales,Income,0.0,1729.6,,,Juniper & Co,Warehouse - MTC,Customer order Juniper & Co Oct 2025,Meridian Trading Co.
53a5b0e06a,ACC-SINV-2025-00531,P2,Sales Invoice,Sales Invoice,1,2025-10-13,2025-10-13 13:34:42.835899,ar.clerk@meridian.example,4110 - Sales - MTC,4110,Sales,Income,0.0,157.92,,,Juniper & Co,Warehouse - MTC,Customer order Juniper & Co Oct 2025,Meridian Trading Co.
6fbedce037,ACC-SINV-2025-00531,P2,Sales Invoice,Sales Invoice,2,2025-10-13,2025-10-13 13:34:42.835899,ar.clerk@meridian.example,ST 6% - MTC,,ST 6%,Liability,0.0,27.74,,,Juniper & Co,Admin - MTC,Customer order Juniper & Co Oct 2025,Meridian Trading Co.
7a94694e56,ACC-SINV-2025-00531,P2,Sales Invoice,Sales Invoice,3,2025-10-13,2025-10-13 13:34:42.835899,ar.clerk@meridian.example,1310 - Debtors - MTC,1310,Debtors,Asset,490.04,0.0,Customer,Juniper & Co,4110 - Sales - MTC,,Customer order Juniper & Co Oct 2025,Meridian Trading Co.
eb1da5b9ba,ACC-SINV-2025-00531,P2,Sales Invoice,Sales Invoice,4,2025-10-13,2025-10-13 13:34:42.835899,ar.clerk@meridian.example,4110 - Sales - MTC,4110,Sales,Income,0.0,304.38,,,Juniper & Co,Sales Ops - MTC,Customer order Juniper & Co Oct 2025,Meridian Trading Co.
241980a852,ACC-PAY-2025-00610,P2,Payment Entry,Payment Entry,1,2025-10-14,2025-10-14 13:05:32.304259,ar.clerk@meridian.example,1310 - Debtors - MTC,1310,Debtors,Asset,0.0,2558.19,Customer,Brightline Offices,1210 - Primary Checking - MTC,,Amount USD 2558.19 received from Brightline Offices | Transaction reference no ACH-25-00476 dated 2025-10-14 | Amount USD 2558.19 adjusted against Sales Invoice ACC-SINV-2025-00476,Meridian Trading Co.
ff7000641e,ACC-PAY-2025-00610,P2,Payment Entry,Payment Entry,2,2025-10-14,2025-10-14 13:05:32.304259,ar.clerk@meridian.example,1210 - Primary Checking - MTC,1210,Primary Checking,Asset,2558.19,0.0,,,Brightline Offices,,Amount USD 2558.19 received from Brightline Offices | Transaction reference no ACH-25-00476 dated 2025-10-14 | Amount USD 2558.19 adjusted against Sales Invoice ACC-SINV-2025-00476,Meridian Trading Co.
3bd63631a7,ACC-PINV-2025-00272,P2,Purchase Invoice,Purchase Invoice,1,2025-10-14,2025-10-14 11:20:57.741703,ap.clerk@meridian.example,2110 - Creditors - MTC,2110,Creditors,Liability,0.0,2104.29,Supplier,Vulcan Materials Co,5111 - Cost of Goods Sold - MTC,,Vulcan Materials Co October 2025 billing,Meridian Trading Co.
5d245a2125,ACC-PINV-2025-00272,P2,Purchase Invoice,Purchase Invoice,2,2025-10-14,2025-10-14 11:20:57.741703,ap.clerk@meridian.example,5111 - Cost of Goods Sold - MTC,5111,Cost of Goods Sold,Expense,2104.29,0.0,,,Vulcan Materials Co,Warehouse - MTC,Vulcan Materials Co October 2025 billing,Meridian Trading Co.
7b555adca5,ACC-PINV-2025-00283,P2,Purchase Invoice,Purchase Invoice,1,2025-10-14,2025-10-14 10:18:20.506508,ap.clerk@meridian.example,2110 - Creditors - MTC,2110,Creditors,Liability,0.0,9585.05,Supplier,Harlan Office Supply,5208 - Office Maintenance Expenses - MTC,,Harlan Office Supply October 2025 billing,Meridian Trading Co.
fbc5132e8c,ACC-PINV-2025-00283,P2,Purchase Invoice,Purchase Invoice,2,2025-10-14,2025-10-14 10:18:20.506508,ap.clerk@meridian.example,5208 - Office Maintenance Expenses - MTC,5208,Office Maintenance Expenses,Expense,9585.05,0.0,,,Harlan Office Supply,Admin - MTC,Harlan Office Supply October 2025 billing,Meridian Trading Co.
19b3fe7f8b,ACC-SINV-2025-00496,P2,Sales Invoice,Sales Invoice,1,2025-10-14,2025-10-14 18:16:11.362795,ar.clerk@meridian.example,ST 6% - MTC,,ST 6%,Liability,0.0,1.97,,,Pactrail Sports,Admin - MTC,Customer order Pactrail Sports Oct 2025,Meridian Trading Co.
4f60d1fbcf,ACC-SINV-2025-00496,P2,Sales Invoice,Sales Invoice,2,2025-10-14,2025-10-14 18:16:11.362795,ar.clerk@meridian.example,1310 - Debtors - MTC,1310,Debtors,Asset,34.87,0.0,Customer,Pactrail Sports,4110 - Sales - MTC,,Customer order Pactrail Sports Oct 2025,Meridian Trading Co.
e884975704,ACC-SINV-2025-00496,P2,Sales Invoice,Sales Invoice,3,2025-10-14,2025-10-14 18:16:11.362795,ar.clerk@meridian.example,4110 - Sales - MTC,4110,Sales,Income,0.0,32.9,,,Pactrail Sports,Sales Ops - MTC,Customer order Pactrail Sports Oct 2025,Meridian Trading Co.
87ea12e6ff,ACC-PAY-2025-00595,P2,Payment Entry,Payment Entry,1,2025-10-15,2025-10-15 09:46:06.011204,ar.clerk@meridian.example,1310 - Debtors - MTC,1310,Debtors,Asset,0.0,1945.13,Customer,Marlowe Interiors,1210 - Primary Checking - MTC,,Amount USD 1945.13 received from Marlowe Interiors | Transaction reference no ACH-25-00457 dated 2025-10-15 | Amount USD 1945.13 adjusted against Sales Invoice ACC-SINV-2025-00457,Meridian Trading Co.
97c7560961,ACC-PAY-2025-00595,P2,Payment Entry,Payment Entry,2,2025-10-15,2025-10-15 09:46:06.011204,ar.clerk@meridian.example,1210 - Primary Checking - MTC,1210,Primary Checking,Asset,1945.13,0.0,,,Marlowe Interiors,,Amount USD 1945.13 received from Marlowe Interiors | Transaction reference no ACH-25-00457 dated 2025-10-15 | Amount USD 1945.13 adjusted against Sales Invoice ACC-SINV-2025-00457,Meridian Trading Co.
52a7d04a7b,ACC-PAY-2025-00613,P2,Payment Entry,Payment Entry,1,2025-10-15,2025-10-15 16:38:17.462463,ar.clerk@meridian.example,1210 - Primary Checking - MTC,1210,Primary Checking,Asset,3389.43,0.0,,,Galehouse Media,,Amount USD 3389.43 received from Galehouse Media | Transaction reference no ACH-25-00481 dated 2025-10-15 | Amount USD 3389.43 adjusted against Sales Invoice ACC-SINV-2025-00481,Meridian Trading Co.
7c6fa1f4e5,ACC-PAY-2025-00613,P2,Payment Entry,Payment Entry,2,2025-10-15,2025-10-15 16:38:17.462463,ar.clerk@meridian.example,1310 - Debtors - MTC,1310,Debtors,Asset,0.0,3389.43,Customer,Galehouse Media,1210 - Primary Checking - MTC,,Amount USD 3389.43 received from Galehouse Media | Transaction reference no ACH-25-00481 dated 2025-10-15 | Amount USD 3389.43 adjusted against Sales Invoice ACC-SINV-2025-00481,Meridian Trading Co.
42dad83b29,ACC-PAY-2025-00632,P2,Payment Entry,Payment Entry,1,2025-10-15,2025-10-15 16:11:37.144548,ap.clerk@meridian.example,1210 - Primary Checking - MTC,1210,Primary Checking,Asset,0.0,9376.36,,,Cobalt IT Services,,Amount USD 9376.36 paid to Cobalt IT Services | Transaction reference no ACH-25-00251 dated 2025-10-15 | Amount USD 9376.36 adjusted against Purchase Invoice ACC-PINV-2025-00251,Meridian Trading Co.
c2769f6965,ACC-PAY-2025-00632,P2,Payment Entry,Payment Entry,2,2025-10-15,2025-10-15 16:11:37.144548,ap.clerk@meridian.example,2110 - Creditors - MTC,2110,Creditors,Liability,9376.36,0.0,Supplier,Cobalt IT Services,1210 - Primary Checking - MTC,,Amount USD 9376.36 paid to Cobalt IT Services | Transaction reference no ACH-25-00251 dated 2025-10-15 | Amount USD 9376.36 adjusted against Purchase Invoice ACC-PINV-2025-00251,Meridian Trading Co.
390a3c2e70,ACC-PAY-2025-00680,P2,Payment Entry,Payment Entry,1,2025-10-15,2025-10-15 09:20:26.868571,ar.clerk@meridian.example,1310 - Debtors - MTC,1310,Debtors,Asset,0.0,1473.36,Customer,Marlowe Interiors,1210 - Primary Checking - MTC,,Amount USD 1473.36 received from Marlowe Interiors | Transaction reference no ACH-25-00533 dated 2025-10-15 | Amount USD 1473.36 adjusted against Sales Invoice ACC-SINV-2025-00533,Meridian Trading Co.
d28b57975d,ACC-PAY-2025-00680,P2,Payment Entry,Payment Entry,2,2025-10-15,2025-10-15 09:20:26.868571,ar.clerk@meridian.example,1210 - Primary Checking - MTC,1210,Primary Checking,Asset,1473.36,0.0,,,Marlowe Interiors,,Amount USD 1473.36 received from Marlowe Interiors | Transaction reference no ACH-25-00533 dated 2025-10-15 | Amount USD 1473.36 adjusted against Sales Invoice ACC-SINV-2025-00533,Meridian Trading Co.
45a63b2281,ACC-PINV-2025-00280,P2,Purchase Invoice,Purchase Invoice,1,2025-10-15,2025-10-15 12:51:04.334210,ap.clerk@meridian.example,5217 - Utility Expenses - MTC,5217,Utility Expenses,Expense,6238.22,0.0,,,Metro Utilities,Admin - MTC,Metro Utilities October 2025 billing,Meridian Trading Co.
6c8236c280,ACC-PINV-2025-00280,P2,Purchase Invoice,Purchase Invoice,2,2025-10-15,2025-10-15 12:51:04.334210,ap.clerk@meridian.example,2110 - Creditors - MTC,2110,Creditors,Liability,0.0,6238.22,Supplier,Metro Utilities,5217 - Utility Expenses - MTC,,Metro Utilities October 2025 billing,Meridian Trading Co.
2a3eed2f9a,ACC-SINV-2025-00498,P2,Sales Invoice,Sales Invoice,1,2025-10-15,2025-10-15 15:49:52.405740,ar.clerk@meridian.example,ST 6% - MTC,,ST 6%,Liability,0.0,4.08,,,Pactrail Sports,Admin - MTC,Customer order Pactrail Sports Oct 2025,Meridian Trading Co.
2d740bc1b7,ACC-SINV-2025-00498,P2,Sales Invoice,Sales Invoice,2,2025-10-15,2025-10-15 15:49:52.405740,ar.clerk@meridian.example,4110 - Sales - MTC,4110,Sales,Income,0.0,68.0,,,Pactrail Sports,Warehouse - MTC,Customer order Pactrail Sports Oct 2025,Meridian Trading Co.
8139fc5258,ACC-SINV-2025-00498,P2,Sales Invoice,Sales Invoice,3,2025-10-15,2025-10-15 15:49:52.405740,ar.clerk@meridian.example,1310 - Debtors - MTC,1310,Debtors,Asset,72.08,0.0,Customer,Pactrail Sports,4110 - Sales - MTC,,Customer order Pactrail Sports Oct 2025,Meridian Trading Co.
096e895189,ACC-SINV-2025-00506,P2,Sales Invoice,Sales Invoice,1,2025-10-15,2025-10-15 17:15:00.765360,ar.clerk@meridian.example,ST 6% - MTC,,ST 6%,Liability,0.0,32.99,,,Redcedar Builders,Admin - MTC,Customer order Redcedar Builders Oct 2025,Meridian Trading Co.
9be8fcd1d2,ACC-SINV-2025-00506,P2,Sales Invoice,Sales Invoice,2,2025-10-15,2025-10-15 17:15:00.765360,ar.clerk@meridian.example,4110 - Sales - MTC,4110,Sales,Income,0.0,226.8,,,Redcedar Builders,Warehouse - MTC,Customer order Redcedar Builders Oct 2025,Meridian Trading Co.
d9a3a59242,ACC-SINV-2025-00506,P2,Sales Invoice,Sales Invoice,3,2025-10-15,2025-10-15 17:15:00.765360,ar.clerk@meridian.example,1310 - Debtors - MTC,1310,Debtors,Asset,582.79,0.0,Customer,Redcedar Builders,4110 - Sales - MTC,,Customer order Redcedar Builders Oct 2025,Meridian Trading Co.
e3c5f02659,ACC-SINV-2025-00506,P2,Sales Invoice,Sales Invoice,4,2025-10-15,2025-10-15 17:15:00.765360,ar.clerk@meridian.example,4110 - Sales - MTC,4110,Sales,Income,0.0,323.0,,,Redcedar Builders,Sales Ops - MTC,Customer order Redcedar Builders Oct 2025,Meridian Trading Co.
47fa2991aa,ACC-SINV-2025-00521,P2,Sales Invoice,Sales Invoice,1,2025-10-15,2025-10-15 10:22:04.928185,ar.clerk@meridian.example,4110 - Sales - MTC,4110,Sales,Income,0.0,441.26,,,Halstrom Supply,Sales Ops - MTC,Customer order Halstrom Supply Oct 2025,Meridian Trading Co.
8ab783fe05,ACC-SINV-2025-00521,P2,Sales Invoice,Sales Invoice,2,2025-10-15,2025-10-15 10:22:04.928185,ar.clerk@meridian.example,1310 - Debtors - MTC,1310,Debtors,Asset,2673.16,0.0,Customer,Halstrom Supply,4110 - Sales - MTC,,Customer order Halstrom Supply Oct 2025,Meridian Trading Co.
b926bc9aa2,ACC-SINV-2025-00521,P2,Sales Invoice,Sales Invoice,3,2025-10-15,2025-10-15 10:22:04.928185,ar.clerk@meridian.example,ST 6% - MTC,,ST 6%,Liability,0.0,151.31,,,Halstrom Supply,Admin - MTC,Customer order Halstrom Supply Oct 2025,Meridian Trading Co.
d3f776d42f,ACC-SINV-2025-00521,P2,Sales Invoice,Sales Invoice,4,2025-10-15,2025-10-15 10:22:04.928185,ar.clerk@meridian.example,4110 - Sales - MTC,4110,Sales,Income,0.0,2080.59,,,Halstrom Supply,Warehouse - MTC,Customer order Halstrom Supply Oct 2025,Meridian Trading Co.
8b4e0bef8d,ACC-PAY-2025-00594,P2,Payment Entry,Payment Entry,1,2025-10-16,2025-10-16 17:52:18.894002,ar.clerk@meridian.example,1310 - Debtors - MTC,1310,Debtors,Asset,0.0,2483.97,Customer,Ferrous Works,1210 - Primary Checking - MTC,,Amount USD 2483.97 received from Ferrous Works | Transaction reference no ACH-25-00456 dated 2025-10-16 | Amount USD 2483.97 adjusted against Sales Invoice ACC-SINV-2025-00456,Meridian Trading Co.
c53d16dcf8,ACC-PAY-2025-00594,P2,Payment Entry,Payment Entry,2,2025-10-16,2025-10-16 17:52:18.894002,ar.clerk@meridian.example,1210 - Primary Checking - MTC,1210,Primary Checking,Asset,2483.97,0.0,,,Ferrous Works,,Amount USD 2483.97 received from Ferrous Works | Transaction reference no ACH-25-00456 dated 2025-10-16 | Amount USD 2483.97 adjusted against Sales Invoice ACC-SINV-2025-00456,Meridian Trading Co.
67a771a1ee,ACC-PAY-2025-00637,P2,Payment Entry,Payment Entry,1,2025-10-16,2025-10-16 11:16:30.641559,ap.clerk@meridian.example,1210 - Primary Checking - MTC,1210,Primary Checking,Asset,0.0,5872.43,,,Harlan Office Supply,,Amount USD 5872.43 paid to Harlan Office Supply | Transaction reference no ACH-25-00256 dated 2025-10-16 | Amount USD 5872.43 adjusted against Purchase Invoice ACC-PINV-2025-00256,Meridian Trading Co.
91ee8cfb9e,ACC-PAY-2025-00637,P2,Payment Entry,Payment Entry,2,2025-10-16,2025-10-16 11:16:30.641559,ap.clerk@meridian.example,2110 - Creditors - MTC,2110,Creditors,Liability,5872.43,0.0,Supplier,Harlan Office Supply,1210 - Primary Checking - MTC,,Amount USD 5872.43 paid to Harlan Office Supply | Transaction reference no ACH-25-00256 dated 2025-10-16 | Amount USD 5872.43 adjusted against Purchase Invoice ACC-PINV-2025-00256,Meridian Trading Co.
cf27e00e7e,ACC-PINV-2025-00290,P2,Purchase Invoice,Purchase Invoice,1,2025-10-16,2025-10-16 11:11:08.046104,ap.clerk@meridian.example,2110 - Creditors - MTC,2110,Creditors,Liability,0.0,6750.2,Supplier,Granite Janitorial,5208 - Office Maintenance Expenses - MTC,,Granite Janitorial October 2025 billing,Meridian Trading Co.
d9a609fbbb,ACC-PINV-2025-00290,P2,Purchase Invoice,Purchase Invoice,2,2025-10-16,2025-10-16 11:11:08.046104,ap.clerk@meridian.example,5208 - Office Maintenance Expenses - MTC,5208,Office Maintenance Expenses,Expense,6750.2,0.0,,,Granite Janitorial,Admin - MTC,Granite Janitorial October 2025 billing,Meridian Trading Co.
0876ba745e,ACC-SINV-2025-00508,P2,Sales Invoice,Sales Invoice,1,2025-10-16,2025-10-16 16:48:19.382435,ar.clerk@meridian.example,4120 - Service - MTC,4120,Service,Income,0.0,6178.23,,,Ferrous Works,Sales Ops - MTC,Customer order Ferrous Works Oct 2025,Meridian Trading Co.
397e25e290,ACC-SINV-2025-00508,P2,Sales Invoice,Sales Invoice,2,2025-10-16,2025-10-16 16:48:19.382435,ar.clerk@meridian.example,ST 6% - MTC,,ST 6%,Liability,0.0,370.69,,,Ferrous Works,Admin - MTC,Customer order Ferrous Works Oct 2025,Meridian Trading Co.
49c6ea99bd,ACC-SINV-2025-00508,P2,Sales Invoice,Sales Invoice,3,2025-10-16,2025-10-16 16:48:19.382435,ar.clerk@meridian.example,1310 - Debtors - MTC,1310,Debtors,Asset,6548.92,0.0,Customer,Ferrous Works,4120 - Service - MTC,,Customer order Ferrous Works Oct 2025,Meridian Trading Co.
57b462d70b,ACC-SINV-2025-00529,P2,Sales Invoice,Sales Invoice,1,2025-10-16,2025-10-16 14:45:50.252863,ar.clerk@meridian.example,1310 - Debtors - MTC,1310,Debtors,Asset,328.48,0.0,Customer,Juniper & Co,4110 - Sales - MTC,,Customer order Juniper & Co Oct 2025,Meridian Trading Co.
67bc8764d4,ACC-SINV-2025-00529,P2,Sales Invoice,Sales Invoice,2,2025-10-16,2025-10-16 14:45:50.252863,ar.clerk@meridian.example,4110 - Sales - MTC,4110,Sales,Income,0.0,309.89,,,Juniper & Co,Sales Ops - MTC,Customer order Juniper & Co Oct 2025,Meridian Trading Co.
99fa2a6cb6,ACC-SINV-2025-00529,P2,Sales Invoice,Sales Invoice,3,2025-10-16,2025-10-16 14:45:50.252863,ar.clerk@meridian.example,ST 6% - MTC,,ST 6%,Liability,0.0,18.59,,,Juniper & Co,Admin - MTC,Customer order Juniper & Co Oct 2025,Meridian Trading Co.
0abf530693,ACC-SINV-2025-00545,P2,Sales Invoice,Sales Invoice,1,2025-10-16,2025-10-16 10:19:43.966034,ar.clerk@meridian.example,4110 - Sales - MTC,4110,Sales,Income,0.0,292.63,,,Ferrous Works,Warehouse - MTC,Customer order Ferrous Works Oct 2025,Meridian Trading Co.
7ad244f3d5,ACC-SINV-2025-00545,P2,Sales Invoice,Sales Invoice,2,2025-10-16,2025-10-16 10:19:43.966034,ar.clerk@meridian.example,1310 - Debtors - MTC,1310,Debtors,Asset,1532.74,0.0,Customer,Ferrous Works,4110 - Sales - MTC,,Customer order Ferrous Works Oct 2025,Meridian Trading Co.
7d3728cf08,ACC-SINV-2025-00545,P2,Sales Invoice,Sales Invoice,3,2025-10-16,2025-10-16 10:19:43.966034,ar.clerk@meridian.example,4110 - Sales - MTC,4110,Sales,Income,0.0,1153.35,,,Ferrous Works,Sales Ops - MTC,Customer order Ferrous Works Oct 2025,Meridian Trading Co.
b8793603d9,ACC-SINV-2025-00545,P2,Sales Invoice,Sales Invoice,4,2025-10-16,2025-10-16 10:19:43.966034,ar.clerk@meridian.example,ST 6% - MTC,,ST 6%,Liability,0.0,86.76,,,Ferrous Works,Admin - MTC,Customer order Ferrous Works Oct 2025,Meridian Trading Co.
106c7004ee,ACC-SINV-2025-00553,P2,Sales Invoice,Sales Invoice,1,2025-10-16,2025-10-16 16:17:58.905828,ar.clerk@meridian.example,1310 - Debtors - MTC,1310,Debtors,Asset,2444.66,0.0,Customer,Redcedar Builders,"4140 - Installation Revenue - MTC,4110 - Sales - MTC",,Customer order Redcedar Builders Oct 2025,Meridian Trading Co.
47f409076f,ACC-SINV-2025-00553,P2,Sales Invoice,Sales Invoice,2,2025-10-16,2025-10-16 16:17:58.905828,ar.clerk@meridian.example,4140 - Installation Revenue - MTC,4140,Installation Revenue,Income,0.0,1228.26,,,Redcedar Builders,Sales Ops - MTC,Customer order Redcedar Builders Oct 2025,Meridian Trading Co.
681bfbd4e2,ACC-SINV-2025-00553,P2,Sales Invoice,Sales Invoice,3,2025-10-16,2025-10-16 16:17:58.905828,ar.clerk@meridian.example,ST 6% - MTC,,ST 6%,Liability,0.0,138.38,,,Redcedar Builders,Admin - MTC,Customer order Redcedar Builders Oct 2025,Meridian Trading Co.
9570330d66,ACC-SINV-2025-00553,P2,Sales Invoice,Sales Invoice,4,2025-10-16,2025-10-16 16:17:58.905828,ar.clerk@meridian.example,4110 - Sales - MTC,4110,Sales,Income,0.0,1078.02,,,Redcedar Builders,Sales Ops - MTC,Customer order Redcedar Builders Oct 2025,Meridian Trading Co.
5ddbe933d1,ACC-PAY-2025-00707,P2,Payment Entry,Payment Entry,1,2025-10-17,2025-10-17 11:52:10.237114,ap.clerk@meridian.example,1210 - Primary Checking - MTC,1210,Primary Checking,Asset,0.0,9519.88,,,Beacon Freight,,Amount USD 9519.88 paid to Beacon Freight | Transaction reference no ACH-25-00276 dated 2025-10-17 | Amount USD 9519.88 adjusted against Purchase Invoice ACC-PINV-2025-00276,Meridian Trading Co.
de35555f04,ACC-PAY-2025-00707,P2,Payment Entry,Payment Entry,2,2025-10-17,2025-10-17 11:52:10.237114,ap.clerk@meridian.example,2110 - Creditors - MTC,2110,Creditors,Liability,9519.88,0.0,Supplier,Beacon Freight,1210 - Primary Checking - MTC,,Amount USD 9519.88 paid to Beacon Freight | Transaction reference no ACH-25-00276 dated 2025-10-17 | Amount USD 9519.88 adjusted against Purchase Invoice ACC-PINV-2025-00276,Meridian Trading Co.
1088d3eb07,ACC-PINV-2025-00265,P2,Purchase Invoice,Purchase Invoice,1,2025-10-17,2025-10-17 11:19:27.302432,ap.clerk@meridian.example,2110 - Creditors - MTC,2110,Creditors,Liability,0.0,13536.54,Supplier,Orchard Wholesale,5111 - Cost of Goods Sold - MTC,,Orchard Wholesale October 2025 billing,Meridian Trading Co.
ecde5cc393,ACC-PINV-2025-00265,P2,Purchase Invoice,Purchase Invoice,2,2025-10-17,2025-10-17 11:19:27.302432,ap.clerk@meridian.example,5111 - Cost of Goods Sold - MTC,5111,Cost of Goods Sold,Expense,13536.54,0.0,,,Orchard Wholesale,Warehouse - MTC,Orchard Wholesale October 2025 billing,Meridian Trading Co.
15d023357c,ACC-PINV-2025-00274,P2,Purchase Invoice,Purchase Invoice,1,2025-10-17,2025-10-17 14:40:37.201852,ap.clerk@meridian.example,2110 - Creditors - MTC,2110,Creditors,Liability,0.0,11132.41,Supplier,Beacon Freight,"5205 - Freight and Forwarding Charges - MTC,5204 - Entertainment Expenses - MTC,5210 - Postal Expenses - MTC",,Beacon Freight October 2025 billing,Meridian Trading Co.
3c84060449,ACC-PINV-2025-00274,P2,Purchase Invoice,Purchase Invoice,2,2025-10-17,2025-10-17 14:40:37.201852,ap.clerk@meridian.example,5210 - Postal Expenses - MTC,5210,Postal Expenses,Expense,124.73,0.0,,,Beacon Freight,Admin - MTC,Beacon Freight October 2025 billing,Meridian Trading Co.
5cff59980f,ACC-PINV-2025-00274,P2,Purchase Invoice,Purchase Invoice,3,2025-10-17,2025-10-17 14:40:37.201852,ap.clerk@meridian.example,5205 - Freight and Forwarding Charges - MTC,5205,Freight and Forwarding Charges,Expense,8828.43,0.0,,,Beacon Freight,Admin - MTC,Beacon Freight October 2025 billing,Meridian Trading Co.
98d2be7ae7,ACC-PINV-2025-00274,P2,Purchase Invoice,Purchase Invoice,4,2025-10-17,2025-10-17 14:40:37.201852,ap.clerk@meridian.example,5204 - Entertainment Expenses - MTC,5204,Entertainment Expenses,Expense,2179.25,0.0,,,Beacon Freight,Admin - MTC,Beacon Freight October 2025 billing,Meridian Trading Co.
716c3a0e09,ACC-PINV-2025-00278,P2,Purchase Invoice,Purchase Invoice,1,2025-10-17,2025-10-17 15:09:26.896254,ap.clerk@meridian.example,5230 - IT and Software Expenses - MTC,5230,IT and Software Expenses,Expense,15570.67,0.0,,,Cobalt IT Services,Admin - MTC,Cobalt IT Services October 2025 billing,Meridian Trading Co.
8cb6309288,ACC-PINV-2025-00278,P2,Purchase Invoice,Purchase Invoice,2,2025-10-17,2025-10-17 15:09:26.896254,ap.clerk@meridian.example,2110 - Creditors - MTC,2110,Creditors,Liability,0.0,18064.58,Supplier,Cobalt IT Services,"5230 - IT and Software Expenses - MTC,5216 - Travel Expenses - MTC",,Cobalt IT Services October 2025 billing,Meridian Trading Co.
ec147346c9,ACC-PINV-2025-00278,P2,Purchase Invoice,Purchase Invoice,3,2025-10-17,2025-10-17 15:09:26.896254,ap.clerk@meridian.example,5216 - Travel Expenses - MTC,5216,Travel Expenses,Expense,2493.91,0.0,,,Cobalt IT Services,Admin - MTC,Cobalt IT Services October 2025 billing,Meridian Trading Co.
06ad6ce4e2,ACC-PINV-2025-00285,P2,Purchase Invoice,Purchase Invoice,1,2025-10-17,2025-10-17 13:15:21.302919,ap.clerk@meridian.example,2110 - Creditors - MTC,2110,Creditors,Liability,0.0,11875.34,Supplier,Quill Marketing Group,5207 - Marketing Expenses - MTC,,Quill Marketing Group October 2025 billing,Meridian Trading Co.
c0136c8a5f,ACC-PINV-2025-00285,P2,Purchase Invoice,Purchase Invoice,2,2025-10-17,2025-10-17 13:15:21.302919,ap.clerk@meridian.example,5207 - Marketing Expenses - MTC,5207,Marketing Expenses,Expense,11875.34,0.0,,,Quill Marketing Group,Admin - MTC,Quill Marketing Group October 2025 billing,Meridian Trading Co.
21622d3e99,ACC-SINV-2025-00494,P2,Sales Invoice,Sales Invoice,1,2025-10-17,2025-10-17 10:19:18.560713,ar.clerk@meridian.example,4110 - Sales - MTC,4110,Sales,Income,0.0,300.48,,,Northwind Retail,Sales Ops - MTC,Customer order Northwind Retail Oct 2025,Meridian Trading Co.
4ab2983555,ACC-SINV-2025-00494,P2,Sales Invoice,Sales Invoice,2,2025-10-17,2025-10-17 10:19:18.560713,ar.clerk@meridian.example,ST 6% - MTC,,ST 6%,Liability,0.0,28.61,,,Northwind Retail,Admin - MTC,Customer order Northwind Retail Oct 2025,Meridian Trading Co.
8f2bd07641,ACC-SINV-2025-00494,P2,Sales Invoice,Sales Invoice,3,2025-10-17,2025-10-17 10:19:18.560713,ar.clerk@meridian.example,4110 - Sales - MTC,4110,Sales,Income,0.0,176.4,,,Northwind Retail,Warehouse - MTC,Customer order Northwind Retail Oct 2025,Meridian Trading Co.
b6c2f71d67,ACC-SINV-2025-00494,P2,Sales Invoice,Sales Invoice,4,2025-10-17,2025-10-17 10:19:18.560713,ar.clerk@meridian.example,1310 - Debtors - MTC,1310,Debtors,Asset,505.49,0.0,Customer,Northwind Retail,4110 - Sales - MTC,,Customer order Northwind Retail Oct 2025,Meridian Trading Co.
31b30af98f,ACC-SINV-2025-00501,P2,Sales Invoice,Sales Invoice,1,2025-10-17,2025-10-17 17:34:43.744453,ar.clerk@meridian.example,4110 - Sales - MTC,4110,Sales,Income,0.0,219.3,,,Summit Rentals,Warehouse - MTC,Customer order Summit Rentals Oct 2025,Meridian Trading Co.
5d11c31fee,ACC-SINV-2025-00501,P2,Sales Invoice,Sales Invoice,2,2025-10-17,2025-10-17 17:34:43.744453,ar.clerk@meridian.example,ST 6% - MTC,,ST 6%,Liability,0.0,119.41,,,Summit Rentals,Admin - MTC,Customer order Summit Rentals Oct 2025,Meridian Trading Co.
82bad7222b,ACC-SINV-2025-00501,P2,Sales Invoice,Sales Invoice,3,2025-10-17,2025-10-17 17:34:43.744453,ar.clerk@meridian.example,1310 - Debtors - MTC,1310,Debtors,Asset,2109.57,0.0,Customer,Summit Rentals,4110 - Sales - MTC,,Customer order Summit Rentals Oct 2025,Meridian Trading Co.
d472b94101,ACC-SINV-2025-00501,P2,Sales Invoice,Sales Invoice,4,2025-10-17,2025-10-17 17:34:43.744453,ar.clerk@meridian.example,4110 - Sales - MTC,4110,Sales,Income,0.0,1770.86,,,Summit Rentals,Sales Ops - MTC,Customer order Summit Rentals Oct 2025,Meridian Trading Co.
56ee4456d6,ACC-SINV-2025-00539,P2,Sales Invoice,Sales Invoice,1,2025-10-17,2025-10-17 15:43:27.601351,ar.clerk@meridian.example,ST 6% - MTC,,ST 6%,Liability,0.0,226.84,,,Juniper & Co,Admin - MTC,Customer order Juniper & Co Oct 2025,Meridian Trading Co.
5aa133c34b,ACC-SINV-2025-00539,P2,Sales Invoice,Sales Invoice,2,2025-10-17,2025-10-17 15:43:27.601351,ar.clerk@meridian.example,1310 - Debtors - MTC,1310,Debtors,Asset,4007.51,0.0,Customer,Juniper & Co,4110 - Sales - MTC,,Customer order Juniper & Co Oct 2025,Meridian Trading Co.
a14551541a,ACC-SINV-2025-00539,P2,Sales Invoice,Sales Invoice,3,2025-10-17,2025-10-17 15:43:27.601351,ar.clerk@meridian.example,4110 - Sales - MTC,4110,Sales,Income,0.0,758.44,,,Juniper & Co,Warehouse - MTC,Customer order Juniper & Co Oct 2025,Meridian Trading Co.
af818eb921,ACC-SINV-2025-00539,P2,Sales Invoice,Sales Invoice,4,2025-10-17,2025-10-17 15:43:27.601351,ar.clerk@meridian.example,4110 - Sales - MTC,4110,Sales,Income,0.0,3022.23,,,Juniper & Co,Sales Ops - MTC,Customer order Juniper & Co Oct 2025,Meridian Trading Co.
03aafbe76f,ACC-SINV-2025-00541,P2,Sales Invoice,Sales Invoice,1,2025-10-17,2025-10-17 18:20:38.016773,ar.clerk@meridian.example,4110 - Sales - MTC,4110,Sales,Income,0.0,205.95,,,Timberline Schools,Warehouse - MTC,Customer order Timberline Schools Oct 2025,Meridian Trading Co.
4738d59e77,ACC-SINV-2025-00541,P2,Sales Invoice,Sales Invoice,2,2025-10-17,2025-10-17 18:20:38.016773,ar.clerk@meridian.example,1310 - Debtors - MTC,1310,Debtors,Asset,205.95,0.0,Customer,Timberline Schools,4110 - Sales - MTC,,Customer order Timberline Schools Oct 2025,Meridian Trading Co.
48cc864c7a,ACC-PAY-2025-00577,P2,Payment Entry,Payment Entry,1,2025-10-18,2025-10-20 12:42:36.710474,ar.clerk@meridian.example,1210 - Primary Checking - MTC,1210,Primary Checking,Asset,3639.45,0.0,,,Summit Rentals,,Amount USD 3639.45 received from Summit Rentals | Transaction reference no ACH-25-00437 dated 2025-10-18 | Amount USD 3639.45 adjusted against Sales Invoice ACC-SINV-2025-00437,Meridian Trading Co.
c59fb12db0,ACC-PAY-2025-00577,P2,Payment Entry,Payment Entry,2,2025-10-18,2025-10-20 12:42:36.710474,ar.clerk@meridian.example,1310 - Debtors - MTC,1310,Debtors,Asset,0.0,3639.45,Customer,Summit Rentals,1210 - Primary Checking - MTC,,Amount USD 3639.45 received from Summit Rentals | Transaction reference no ACH-25-00437 dated 2025-10-18 | Amount USD 3639.45 adjusted against Sales Invoice ACC-SINV-2025-00437,Meridian Trading Co.
204ac15b83,ACC-PAY-2025-00591,P2,Payment Entry,Payment Entry,1,2025-10-18,2025-10-20 11:32:45.077787,ar.clerk@meridian.example,1310 - Debtors - MTC,1310,Debtors,Asset,0.0,1076.75,Customer,Halstrom Supply,1210 - Primary Checking - MTC,,Amount USD 1076.75 received from Halstrom Supply | Transaction reference no ACH-25-00452 dated 2025-10-18 | Amount USD 1076.75 adjusted against Sales Invoice ACC-SINV-2025-00452,Meridian Trading Co.
d42f186400,ACC-PAY-2025-00591,P2,Payment Entry,Payment Entry,2,2025-10-18,2025-10-20 11:32:45.077787,ar.clerk@meridian.example,1210 - Primary Checking - MTC,1210,Primary Checking,Asset,1076.75,0.0,,,Halstrom Supply,,Amount USD 1076.75 received from Halstrom Supply | Transaction reference no ACH-25-00452 dated 2025-10-18 | Amount USD 1076.75 adjusted against Sales Invoice ACC-SINV-2025-00452,Meridian Trading Co.
7457d41819,ACC-PAY-2025-00596,P2,Payment Entry,Payment Entry,1,2025-10-18,2025-10-20 12:06:32.457139,ar.clerk@meridian.example,1310 - Debtors - MTC,1310,Debtors,Asset,0.0,4453.69,Customer,Cascade Outfitters,1210 - Primary Checking - MTC,,Amount USD 4453.69 received from Cascade Outfitters | Transaction reference no ACH-25-00458 dated 2025-10-18 | Amount USD 4453.69 adjusted against Sales Invoice ACC-SINV-2025-00458,Meridian Trading Co.
950eb1a06c,ACC-PAY-2025-00596,P2,Payment Entry,Payment Entry,2,2025-10-18,2025-10-20 12:06:32.457139,ar.clerk@meridian.example,1210 - Primary Checking - MTC,1210,Primary Checking,Asset,4453.69,0.0,,,Cascade Outfitters,,Amount USD 4453.69 received from Cascade Outfitters | Transaction reference no ACH-25-00458 dated 2025-10-18 | Amount USD 4453.69 adjusted against Sales Invoice ACC-SINV-2025-00458,Meridian Trading Co.
1bf81f241d,ACC-PAY-2025-00616,P2,Payment Entry,Payment Entry,1,2025-10-18,2025-10-20 12:50:44.263082,ar.clerk@meridian.example,1210 - Primary Checking - MTC,1210,Primary Checking,Asset,503.45,0.0,,,Galehouse Media,,Amount USD 503.45 received from Galehouse Media | Transaction reference no ACH-25-00484 dated 2025-10-18 | Amount USD 503.45 adjusted against Sales Invoice ACC-SINV-2025-00484,Meridian Trading Co.
b0ea55ddf7,ACC-PAY-2025-00616,P2,Payment Entry,Payment Entry,2,2025-10-18,2025-10-20 12:50:44.263082,ar.clerk@meridian.example,1310 - Debtors - MTC,1310,Debtors,Asset,0.0,503.45,Customer,Galehouse Media,1210 - Primary Checking - MTC,,Amount USD 503.45 received from Galehouse Media | Transaction reference no ACH-25-00484 dated 2025-10-18 | Amount USD 503.45 adjusted against Sales Invoice ACC-SINV-2025-00484,Meridian Trading Co.
5ad4d91842,ACC-PAY-2025-00635,P2,Payment Entry,Payment Entry,1,2025-10-18,2025-10-20 17:41:52.914427,ap.clerk@meridian.example,2110 - Creditors - MTC,2110,Creditors,Liability,13019.61,0.0,Supplier,Metro Utilities,1210 - Primary Checking - MTC,,Amount USD 13019.61 paid to Metro Utilities | Transaction reference no ACH-25-00254 dated 2025-10-18 | Amount USD 13019.61 adjusted against Purchase Invoice ACC-PINV-2025-00254,Meridian Trading Co.
5cb22fc1c9,ACC-PAY-2025-00635,P2,Payment Entry,Payment Entry,2,2025-10-18,2025-10-20 17:41:52.914427,ap.clerk@meridian.example,1210 - Primary Checking - MTC,1210,Primary Checking,Asset,0.0,13019.61,,,Metro Utilities,,Amount USD 13019.61 paid to Metro Utilities | Transaction reference no ACH-25-00254 dated 2025-10-18 | Amount USD 13019.61 adjusted against Purchase Invoice ACC-PINV-2025-00254,Meridian Trading Co.
38e45b0719,ACC-PAY-2025-00651,P2,Payment Entry,Payment Entry,1,2025-10-19,2025-10-20 10:33:40.987022,ar.clerk@meridian.example,1310 - Debtors - MTC,1310,Debtors,Asset,0.0,2679.95,Customer,Kestrel Foods,1210 - Primary Checking - MTC,,Amount USD 2679.95 received from Kestrel Foods | Transaction reference no ACH-25-00499 dated 2025-10-19 | Amount USD 2679.95 adjusted against Sales Invoice ACC-SINV-2025-00499,Meridian Trading Co.
f89b117388,ACC-PAY-2025-00651,P2,Payment Entry,Payment Entry,2,2025-10-19,2025-10-20 10:33:40.987022,ar.clerk@meridian.example,1210 - Primary Checking - MTC,1210,Primary Checking,Asset,2679.95,0.0,,,Kestrel Foods,,Amount USD 2679.95 received from Kestrel Foods | Transaction reference no ACH-25-00499 dated 2025-10-19 | Amount USD 2679.95 adjusted against Sales Invoice ACC-SINV-2025-00499,Meridian Trading Co.
c8fbb561d5,ACC-PAY-2025-00626,P2,Payment Entry,Payment Entry,1,2025-10-20,2025-10-20 18:25:22.350831,ap.clerk@meridian.example,1210 - Primary Checking - MTC,1210,Primary Checking,Asset,0.0,2886.84,,,Vulcan Materials Co,,Amount USD 2886.84 paid to Vulcan Materials Co | Transaction reference no ACH-25-00245 dated 2025-10-20 | Amount USD 2886.84 adjusted against Purchase Invoice ACC-PINV-2025-00245,Meridian Trading Co.
f45d889cde,ACC-PAY-2025-00626,P2,Payment Entry,Payment Entry,2,2025-10-20,2025-10-20 18:25:22.350831,ap.clerk@meridian.example,2110 - Creditors - MTC,2110,Creditors,Liability,2886.84,0.0,Supplier,Vulcan Materials Co,1210 - Primary Checking - MTC,,Amount USD 2886.84 paid to Vulcan Materials Co | Transaction reference no ACH-25-00245 dated 2025-10-20 | Amount USD 2886.84 adjusted against Purchase Invoice ACC-PINV-2025-00245,Meridian Trading Co.
13255f0004,ACC-PAY-2025-00689,P2,Payment Entry,Payment Entry,1,2025-10-20,2025-10-20 16:10:18.423988,ar.clerk@meridian.example,1310 - Debtors - MTC,1310,Debtors,Asset,0.0,592.78,Customer,Galehouse Media,1210 - Primary Checking - MTC,,Amount USD 592.78 received from Galehouse Media | Transaction reference no ACH-25-00547 dated 2025-10-20 | Amount USD 592.78 adjusted against Sales Invoice ACC-SINV-2025-00547,Meridian Trading Co.
8f50885fd9,ACC-PAY-2025-00689,P2,Payment Entry,Payment Entry,2,2025-10-20,2025-10-20 16:10:18.423988,ar.clerk@meridian.example,1210 - Primary Checking - MTC,1210,Primary Checking,Asset,592.78,0.0,,,Galehouse Media,,Amount USD 592.78 received from Galehouse Media | Transaction reference no ACH-25-00547 dated 2025-10-20 | Amount USD 592.78 adjusted against Sales Invoice ACC-SINV-2025-00547,Meridian Trading Co.
fad7265529,ACC-PINV-2025-00279,P2,Purchase Invoice,Purchase Invoice,1,2025-10-20,2025-10-20 08:17:15.798675,ap.clerk@meridian.example,2110 - Creditors - MTC,2110,Creditors,Liability,0.0,10576.47,Supplier,Stateside Insurance,5228 - Insurance Expense - MTC,,Stateside Insurance October 2025 billing,Meridian Trading Co.
fcd13ffaec,ACC-PINV-2025-00279,P2,Purchase Invoice,Purchase Invoice,2,2025-10-20,2025-10-20 08:17:15.798675,ap.clerk@meridian.example,5228 - Insurance Expense - MTC,5228,Insurance Expense,Expense,10576.47,0.0,,,Stateside Insurance,Admin - MTC,Stateside Insurance October 2025 billing,Meridian Trading Co.
47748560c6,ACC-SINV-2025-00492,P2,Sales Invoice,Sales Invoice,1,2025-10-20,2025-10-20 08:05:35.106917,ar.clerk@meridian.example,4110 - Sales - MTC,4110,Sales,Income,0.0,59.5,,,Ovation Events,Warehouse - MTC,Customer order Ovation Events Oct 2025,Meridian Trading Co.
7dbc6fa371,ACC-SINV-2025-00492,P2,Sales Invoice,Sales Invoice,2,2025-10-20,2025-10-20 08:05:35.106917,ar.clerk@meridian.example,4110 - Sales - MTC,4110,Sales,Income,0.0,2610.96,,,Ovation Events,Sales Ops - MTC,Customer order Ovation Events Oct 2025,Meridian Trading Co.
e28ee36d8a,ACC-SINV-2025-00492,P2,Sales Invoice,Sales Invoice,3,2025-10-20,2025-10-20 08:05:35.106917,ar.clerk@meridian.example,1310 - Debtors - MTC,1310,Debtors,Asset,2670.46,0.0,Customer,Ovation Events,4110 - Sales - MTC,,Customer order Ovation Events Oct 2025,Meridian Trading Co.
6f6f26b3c2,ACC-SINV-2025-00497,P2,Sales Invoice,Sales Invoice,1,2025-10-20,2025-10-20 13:29:47.828460,ar.clerk@meridian.example,4120 - Service - MTC,4120,Service,Income,0.0,22689.39,,,Kestrel Foods,Admin - MTC,Customer order Kestrel Foods Oct 2025,Meridian Trading Co.
c04d278c0e,ACC-SINV-2025-00497,P2,Sales Invoice,Sales Invoice,2,2025-10-20,2025-10-20 13:29:47.828460,ar.clerk@meridian.example,ST 6% - MTC,,ST 6%,Liability,0.0,1513.98,,,Kestrel Foods,Admin - MTC,Customer order Kestrel Foods Oct 2025,Meridian Trading Co.
c9ad34e440,ACC-SINV-2025-00497,P2,Sales Invoice,Sales Invoice,3,2025-10-20,2025-10-20 13:29:47.828460,ar.clerk@meridian.example,4110 - Sales - MTC,4110,Sales,Income,0.0,1225.95,,,Kestrel Foods,Sales Ops - MTC,Customer order Kestrel Foods Oct 2025,Meridian Trading Co.
d16c9c7deb,ACC-SINV-2025-00497,P2,Sales Invoice,Sales Invoice,4,2025-10-20,2025-10-20 13:29:47.828460,ar.clerk@meridian.example,1310 - Debtors - MTC,1310,Debtors,Asset,26746.9,0.0,Customer,Kestrel Foods,"4110 - Sales - MTC,4120 - Service - MTC",,Customer order Kestrel Foods Oct 2025,Meridian Trading Co.
d40295641e,ACC-SINV-2025-00497,P2,Sales Invoice,Sales Invoice,5,2025-10-20,2025-10-20 13:29:47.828460,ar.clerk@meridian.example,4110 - Sales - MTC,4110,Sales,Income,0.0,1317.58,,,Kestrel Foods,Warehouse - MTC,Customer order Kestrel Foods Oct 2025,Meridian Trading Co.
1b89abf60b,ACC-SINV-2025-00511,P2,Sales Invoice,Sales Invoice,1,2025-10-20,2025-10-20 12:15:41.550729,ar.clerk@meridian.example,4120 - Service - MTC,4120,Service,Income,0.0,8751.12,,,Ovation Events,Warehouse - MTC,Customer order Ovation Events Oct 2025,Meridian Trading Co.
74eb68d14a,ACC-SINV-2025-00511,P2,Sales Invoice,Sales Invoice,2,2025-10-20,2025-10-20 12:15:41.550729,ar.clerk@meridian.example,1310 - Debtors - MTC,1310,Debtors,Asset,12263.48,0.0,Customer,Ovation Events,"4110 - Sales - MTC,4120 - Service - MTC",,Customer order Ovation Events Oct 2025,Meridian Trading Co.
9fe830831d,ACC-SINV-2025-00511,P2,Sales Invoice,Sales Invoice,3,2025-10-20,2025-10-20 12:15:41.550729,ar.clerk@meridian.example,4110 - Sales - MTC,4110,Sales,Income,0.0,3112.79,,,Ovation Events,Sales Ops - MTC,Customer order Ovation Events Oct 2025,Meridian Trading Co.
c4707f45d1,ACC-SINV-2025-00511,P2,Sales Invoice,Sales Invoice,4,2025-10-20,2025-10-20 12:15:41.550729,ar.clerk@meridian.example,4110 - Sales - MTC,4110,Sales,Income,0.0,399.57,,,Ovation Events,Warehouse - MTC,Customer order Ovation Events Oct 2025,Meridian Trading Co.
1134cc712a,ACC-SINV-2025-00528,P2,Sales Invoice,Sales Invoice,1,2025-10-20,2025-10-20 11:20:36.302167,ar.clerk@meridian.example,4130 - Freight Income - MTC,4130,Freight Income,Income,0.0,1842.33,,,Timberline Schools,Admin - MTC,Customer order Timberline Schools Oct 2025,Meridian Trading Co.
196516538c,ACC-SINV-2025-00528,P2,Sales Invoice,Sales Invoice,2,2025-10-20,2025-10-20 11:20:36.302167,ar.clerk@meridian.example,4110 - Sales - MTC,4110,Sales,Income,0.0,294.75,,,Timberline Schools,Warehouse - MTC,Customer order Timberline Schools Oct 2025,Meridian Trading Co.
547c7ed56a,ACC-SINV-2025-00528,P2,Sales Invoice,Sales Invoice,3,2025-10-20,2025-10-20 11:20:36.302167,ar.clerk@meridian.example,1310 - Debtors - MTC,1310,Debtors,Asset,2762.83,0.0,Customer,Timberline Schools,"4110 - Sales - MTC,4130 - Freight Income - MTC",,Customer order Timberline Schools Oct 2025,Meridian Trading Co.
a57410efab,ACC-SINV-2025-00528,P2,Sales Invoice,Sales Invoice,4,2025-10-20,2025-10-20 11:20:36.302167,ar.clerk@meridian.example,4110 - Sales - MTC,4110,Sales,Income,0.0,625.75,,,Timberline Schools,Sales Ops - MTC,Customer order Timberline Schools Oct 2025,Meridian Trading Co.
69e69f4e71,ACC-JV-2025-00102,P2,Journal Entry,Journal Entry,1,2025-10-21,2025-10-21 19:11:29.293550,controller@meridian.example,4120 - Service - MTC,4120,Service,Income,0.0,11236.87,,,1320 - Intercompany Receivable - MTC,Admin - MTC,,Meridian Trading Co.
7b12a61939,ACC-JV-2025-00102,P2,Journal Entry,Journal Entry,2,2025-10-21,2025-10-21 19:11:29.293550,controller@meridian.example,1320 - Intercompany Receivable - MTC,1320,Intercompany Receivable,Asset,11236.87,0.0,,,4120 - Service - MTC,Admin - MTC,,Meridian Trading Co.
3ca6947bb4,ACC-PAY-2025-00609,P2,Payment Entry,Payment Entry,1,2025-10-21,2025-10-21 13:47:18.684419,ar.clerk@meridian.example,1310 - Debtors - MTC,1310,Debtors,Asset,0.0,3448.9,Customer,Pactrail Sports,1210 - Primary Checking - MTC,,Amount USD 3448.9 received from Pactrail Sports | Transaction reference no ACH-25-00474 dated 2025-10-21 | Amount USD 3448.9 adjusted against Sales Invoice ACC-SINV-2025-00474,Meridian Trading Co.
d7b67849f4,ACC-PAY-2025-00609,P2,Payment Entry,Payment Entry,2,2025-10-21,2025-10-21 13:47:18.684419,ar.clerk@meridian.example,1210 - Primary Checking - MTC,1210,Primary Checking,Asset,3448.9,0.0,,,Pactrail Sports,,Amount USD 3448.9 received from Pactrail Sports | Transaction reference no ACH-25-00474 dated 2025-10-21 | Amount USD 3448.9 adjusted against Sales Invoice ACC-SINV-2025-00474,Meridian Trading Co.
b5213f0247,ACC-PAY-2025-00615,P2,Payment Entry,Payment Entry,1,2025-10-21,2025-10-21 15:04:37.957065,ar.clerk@meridian.example,1310 - Debtors - MTC,1310,Debtors,Asset,0.0,988.11,Customer,Halstrom Supply,1210 - Primary Checking - MTC,,Amount USD 988.11 received from Halstrom Supply | Transaction reference no ACH-25-00483 dated 2025-10-21 | Amount USD 988.11 adjusted against Sales Invoice ACC-SINV-2025-00483,Meridian Trading Co.
c62891b35c,ACC-PAY-2025-00615,P2,Payment Entry,Payment Entry,2,2025-10-21,2025-10-21 15:04:37.957065,ar.clerk@meridian.example,1210 - Primary Checking - MTC,1210,Primary Checking,Asset,988.11,0.0,,,Halstrom Supply,,Amount USD 988.11 received from Halstrom Supply | Transaction reference no ACH-25-00483 dated 2025-10-21 | Amount USD 988.11 adjusted against Sales Invoice ACC-SINV-2025-00483,Meridian Trading Co.
0643f7ae94,ACC-PAY-2025-00675,P2,Payment Entry,Payment Entry,1,2025-10-21,2025-10-21 08:55:21.538907,ar.clerk@meridian.example,1310 - Debtors - MTC,1310,Debtors,Asset,0.0,322.25,Customer,Halstrom Supply,1210 - Primary Checking - MTC,,Amount USD 322.25 received from Halstrom Supply | Transaction reference no ACH-25-00527 dated 2025-10-21 | Amount USD 322.25 adjusted against Sales Invoice ACC-SINV-2025-00527,Meridian Trading Co.
eb1cb76749,ACC-PAY-2025-00675,P2,Payment Entry,Payment Entry,2,2025-10-21,2025-10-21 08:55:21.538907,ar.clerk@meridian.example,1210 - Primary Checking - MTC,1210,Primary Checking,Asset,322.25,0.0,,,Halstrom Supply,,Amount USD 322.25 received from Halstrom Supply | Transaction reference no ACH-25-00527 dated 2025-10-21 | Amount USD 322.25 adjusted against Sales Invoice ACC-SINV-2025-00527,Meridian Trading Co.
2ab343ba3c,ACC-SINV-2025-00519,P2,Sales Invoice,Sales Invoice,1,2025-10-21,2025-10-21 12:09:15.369237,ar.clerk@meridian.example,4110 - Sales - MTC,4110,Sales,Income,0.0,147.96,,,Ferrous Works,Warehouse - MTC,Customer order Ferrous Works Oct 2025,Meridian Trading Co.
67bf5ae796,ACC-SINV-2025-00519,P2,Sales Invoice,Sales Invoice,2,2025-10-21,2025-10-21 12:09:15.369237,ar.clerk@meridian.example,1310 - Debtors - MTC,1310,Debtors,Asset,415.44,0.0,Customer,Ferrous Works,4110 - Sales - MTC,,Customer order Ferrous Works Oct 2025,Meridian Trading Co.
ac4d2d0dc9,ACC-SINV-2025-00519,P2,Sales Invoice,Sales Invoice,3,2025-10-21,2025-10-21 12:09:15.369237,ar.clerk@meridian.example,ST 6% - MTC,,ST 6%,Liability,0.0,23.52,,,Ferrous Works,Admin - MTC,Customer order Ferrous Works Oct 2025,Meridian Trading Co.
b0603ea5cd,ACC-SINV-2025-00519,P2,Sales Invoice,Sales Invoice,4,2025-10-21,2025-10-21 12:09:15.369237,ar.clerk@meridian.example,4110 - Sales - MTC,4110,Sales,Income,0.0,243.96,,,Ferrous Works,Sales Ops - MTC,Customer order Ferrous Works Oct 2025,Meridian Trading Co.
0f06c06fa3,ACC-JV-2025-00098,P2,Journal Entry,Journal Entry,1,2025-10-22,2025-10-22 15:57:03.933085,controller@meridian.example,5217 - Utility Expenses - MTC,5217,Utility Expenses,Expense,10000.0,0.0,,,2150 - Accrued Expenses - MTC,Admin - MTC,,Meridian Trading Co.
86c5761a15,ACC-JV-2025-00098,P2,Journal Entry,Journal Entry,2,2025-10-22,2025-10-22 15:57:03.933085,controller@meridian.example,2150 - Accrued Expenses - MTC,2150,Accrued Expenses,Liability,0.0,10000.0,,,5217 - Utility Expenses - MTC,Admin - MTC,,Meridian Trading Co.
44ca02dc7a,ACC-PAY-2025-00634,P2,Payment Entry,Payment Entry,1,2025-10-22,2025-10-22 15:52:11.705596,ap.clerk@meridian.example,2110 - Creditors - MTC,2110,Creditors,Liability,5390.7,0.0,Supplier,Stateside Insurance,1210 - Primary Checking - MTC,,Amount USD 5390.7 paid to Stateside Insurance | Transaction reference no ACH-25-00253 dated 2025-10-22 | Amount USD 5390.7 adjusted against Purchase Invoice ACC-PINV-2025-00253,Meridian Trading Co.
6db0f44ca7,ACC-PAY-2025-00634,P2,Payment Entry,Payment Entry,2,2025-10-22,2025-10-22 15:52:11.705596,ap.clerk@meridian.example,1210 - Primary Checking - MTC,1210,Primary Checking,Asset,0.0,5390.7,,,Stateside Insurance,,Amount USD 5390.7 paid to Stateside Insurance | Transaction reference no ACH-25-00253 dated 2025-10-22 | Amount USD 5390.7 adjusted against Purchase Invoice ACC-PINV-2025-00253,Meridian Trading Co.
1533a3192e,ACC-PAY-2025-00645,P2,Payment Entry,Payment Entry,1,2025-10-22,2025-10-22 09:06:03.361363,ap.clerk@meridian.example,2110 - Creditors - MTC,2110,Creditors,Liability,2246.48,0.0,Supplier,Granite Janitorial,1210 - Primary Checking - MTC,,Amount USD 2246.48 paid to Granite Janitorial | Transaction reference no ACH-25-00264 dated 2025-10-22 | Amount USD 2246.48 adjusted against Purchase Invoice ACC-PINV-2025-00264,Meridian Trading Co.
70e23b834c,ACC-PAY-2025-00645,P2,Payment Entry,Payment Entry,2,2025-10-22,2025-10-22 09:06:03.361363,ap.clerk@meridian.example,1210 - Primary Checking - MTC,1210,Primary Checking,Asset,0.0,2246.48,,,Granite Janitorial,,Amount USD 2246.48 paid to Granite Janitorial | Transaction reference no ACH-25-00264 dated 2025-10-22 | Amount USD 2246.48 adjusted against Purchase Invoice ACC-PINV-2025-00264,Meridian Trading Co.
58ecf004ef,ACC-PINV-2025-00270,P2,Purchase Invoice,Purchase Invoice,1,2025-10-22,2025-10-31 16:26:41.869796,ap.clerk@meridian.example,2110 - Creditors - MTC,2110,Creditors,Liability,0.0,1272.13,Supplier,Vulcan Materials Co,5111 - Cost of Goods Sold - MTC,,Vulcan Materials Co October 2025 billing,Meridian Trading Co.
6f75d8ea19,ACC-PINV-2025-00270,P2,Purchase Invoice,Purchase Invoice,2,2025-10-22,2025-10-31 16:26:41.869796,ap.clerk@meridian.example,5111 - Cost of Goods Sold - MTC,5111,Cost of Goods Sold,Expense,1272.13,0.0,,,Vulcan Materials Co,Warehouse - MTC,Vulcan Materials Co October 2025 billing,Meridian Trading Co.
b1b9fda664,ACC-PINV-2025-00271,P2,Purchase Invoice,Purchase Invoice,1,2025-10-22,2025-10-22 14:52:30.205993,ap.clerk@meridian.example,2110 - Creditors - MTC,2110,Creditors,Liability,0.0,4866.88,Supplier,Vulcan Materials Co,5111 - Cost of Goods Sold - MTC,,Vulcan Materials Co October 2025 billing,Meridian Trading Co.
dd26350739,ACC-PINV-2025-00271,P2,Purchase Invoice,Purchase Invoice,2,2025-10-22,2025-10-22 14:52:30.205993,ap.clerk@meridian.example,5111 - Cost of Goods Sold - MTC,5111,Cost of Goods Sold,Expense,4866.88,0.0,,,Vulcan Materials Co,Warehouse - MTC,Vulcan Materials Co October 2025 billing,Meridian Trading Co.
21822e3a21,ACC-SINV-2025-00500,P2,Sales Invoice,Sales Invoice,1,2025-10-22,2025-10-22 11:02:41.859676,ar.clerk@meridian.example,1310 - Debtors - MTC,1310,Debtors,Asset,16886.15,0.0,Customer,Kestrel Foods,"4110 - Sales - MTC,4120 - Service - MTC",,Customer order Kestrel Foods Oct 2025,Meridian Trading Co.
2939d208d8,ACC-SINV-2025-00500,P2,Sales Invoice,Sales Invoice,2,2025-10-22,2025-10-22 11:02:41.859676,ar.clerk@meridian.example,4120 - Service - MTC,4120,Service,Income,0.0,12457.6,,,Kestrel Foods,Warehouse - MTC,Customer order Kestrel Foods Oct 2025,Meridian Trading Co.
4a44d9b638,ACC-SINV-2025-00500,P2,Sales Invoice,Sales Invoice,3,2025-10-22,2025-10-22 11:02:41.859676,ar.clerk@meridian.example,4110 - Sales - MTC,4110,Sales,Income,0.0,2750.99,,,Kestrel Foods,Sales Ops - MTC,Customer order Kestrel Foods Oct 2025,Meridian Trading Co.
922bc6bd6c,ACC-SINV-2025-00500,P2,Sales Invoice,Sales Invoice,4,2025-10-22,2025-10-22 11:02:41.859676,ar.clerk@meridian.example,ST 6% - MTC,,ST 6%,Liability,0.0,955.82,,,Kestrel Foods,Admin - MTC,Customer order Kestrel Foods Oct 2025,Meridian Trading Co.
9452ffa794,ACC-SINV-2025-00500,P2,Sales Invoice,Sales Invoice,5,2025-10-22,2025-10-22 11:02:41.859676,ar.clerk@meridian.example,4110 - Sales - MTC,4110,Sales,Income,0.0,721.74,,,Kestrel Foods,Warehouse - MTC,Customer order Kestrel Foods Oct 2025,Meridian Trading Co.
032cbae0b8,ACC-SINV-2025-00548,P2,Sales Invoice,Sales Invoice,1,2025-10-22,2025-10-22 18:26:39.739151,ar.clerk@meridian.example,ST 6% - MTC,,ST 6%,Liability,0.0,86.2,,,Bluepine Hardware,Admin - MTC,Customer order Bluepine Hardware Oct 2025,Meridian Trading Co.
dedfffcf45,ACC-SINV-2025-00548,P2,Sales Invoice,Sales Invoice,2,2025-10-22,2025-10-22 18:26:39.739151,ar.clerk@meridian.example,1310 - Debtors - MTC,1310,Debtors,Asset,1522.93,0.0,Customer,Bluepine Hardware,4140 - Installation Revenue - MTC,,Customer order Bluepine Hardware Oct 2025,Meridian Trading Co.
e61ea4afff,ACC-SINV-2025-00548,P2,Sales Invoice,Sales Invoice,3,2025-10-22,2025-10-22 18:26:39.739151,ar.clerk@meridian.example,4140 - Installation Revenue - MTC,4140,Installation Revenue,Income,0.0,1436.73,,,Bluepine Hardware,Sales Ops - MTC,Customer order Bluepine Hardware Oct 2025,Meridian Trading Co.
6108c5debe,ACC-PAY-2025-00605,P2,Payment Entry,Payment Entry,1,2025-10-23,2025-10-23 13:52:42.449170,ar.clerk@meridian.example,1210 - Primary Checking - MTC,1210,Primary Checking,Asset,1103.96,0.0,,,Halstrom Supply,,Amount USD 1103.96 received from Halstrom Supply | Transaction reference no ACH-25-00470 dated 2025-10-23 | Amount USD 1103.96 adjusted against Sales Invoice ACC-SINV-2025-00470,Meridian Trading Co.
a8452eaba4,ACC-PAY-2025-00605,P2,Payment Entry,Payment Entry,2,2025-10-23,2025-10-23 13:52:42.449170,ar.clerk@meridian.example,1310 - Debtors - MTC,1310,Debtors,Asset,0.0,1103.96,Customer,Halstrom Supply,1210 - Primary Checking - MTC,,Amount USD 1103.96 received from Halstrom Supply | Transaction reference no ACH-25-00470 dated 2025-10-23 | Amount USD 1103.96 adjusted against Sales Invoice ACC-SINV-2025-00470,Meridian Trading Co.
7a3a0cb611,ACC-PINV-2025-00288,P2,Purchase Invoice,Purchase Invoice,1,2025-10-23,2025-10-23 12:08:40.599982,ap.clerk@meridian.example,2110 - Creditors - MTC,2110,Creditors,Liability,0.0,5345.24,Supplier,Sterling Equipment Leasing,5227 - Equipment Lease Expense - MTC,,Sterling Equipment Leasing October 2025 billing,Meridian Trading Co.
d5fb2d35bf,ACC-PINV-2025-00288,P2,Purchase Invoice,Purchase Invoice,2,2025-10-23,2025-10-23 12:08:40.599982,ap.clerk@meridian.example,5227 - Equipment Lease Expense - MTC,5227,Equipment Lease Expense,Expense,5345.24,0.0,,,Sterling Equipment Leasing,Admin - MTC,Sterling Equipment Leasing October 2025 billing,Meridian Trading Co.
4f9879d481,ACC-SINV-2025-00507,P2,Sales Invoice,Sales Invoice,1,2025-10-23,2025-10-23 16:54:22.123838,ar.clerk@meridian.example,4110 - Sales - MTC,4110,Sales,Income,0.0,22.84,,,Ferrous Works,Warehouse - MTC,Customer order Ferrous Works Oct 2025,Meridian Trading Co.
8ad8fc1fed,ACC-SINV-2025-00507,P2,Sales Invoice,Sales Invoice,2,2025-10-23,2025-10-23 16:54:22.123838,ar.clerk@meridian.example,ST 6% - MTC,,ST 6%,Liability,0.0,196.83,,,Ferrous Works,Admin - MTC,Customer order Ferrous Works Oct 2025,Meridian Trading Co.
a15fb44335,ACC-SINV-2025-00507,P2,Sales Invoice,Sales Invoice,3,2025-10-23,2025-10-23 16:54:22.123838,ar.clerk@meridian.example,4130 - Freight Income - MTC,4130,Freight Income,Income,0.0,1498.32,,,Ferrous Works,Admin - MTC,Customer order Ferrous Works Oct 2025,Meridian Trading Co.
bd433e16d4,ACC-SINV-2025-00507,P2,Sales Invoice,Sales Invoice,4,2025-10-23,2025-10-23 16:54:22.123838,ar.clerk@meridian.example,1310 - Debtors - MTC,1310,Debtors,Asset,3477.28,0.0,Customer,Ferrous Works,"4130 - Freight Income - MTC,4110 - Sales - MTC",,Customer order Ferrous Works Oct 2025,Meridian Trading Co.
ee8e0f80d4,ACC-SINV-2025-00507,P2,Sales Invoice,Sales Invoice,5,2025-10-23,2025-10-23 16:54:22.123838,ar.clerk@meridian.example,4110 - Sales - MTC,4110,Sales,Income,0.0,1759.29,,,Ferrous Works,Sales Ops - MTC,Customer order Ferrous Works Oct 2025,Meridian Trading Co.
0ce176062f,ACC-SINV-2025-00520,P2,Sales Invoice,Sales Invoice,1,2025-10-23,2025-10-23 08:42:10.420660,ar.clerk@meridian.example,1310 - Debtors - MTC,1310,Debtors,Asset,4672.12,0.0,Customer,Juniper & Co,"4110 - Sales - MTC,4130 - Freight Income - MTC",,Customer order Juniper & Co Oct 2025,Meridian Trading Co.
b68db427a1,ACC-SINV-2025-00520,P2,Sales Invoice,Sales Invoice,2,2025-10-23,2025-10-23 08:42:10.420660,ar.clerk@meridian.example,4110 - Sales - MTC,4110,Sales,Income,0.0,53.24,,,Juniper & Co,Warehouse - MTC,Customer order Juniper & Co Oct 2025,Meridian Trading Co.
c5b5a6beb0,ACC-SINV-2025-00520,P2,Sales Invoice,Sales Invoice,3,2025-10-23,2025-10-23 08:42:10.420660,ar.clerk@meridian.example,4130 - Freight Income - MTC,4130,Freight Income,Income,0.0,1329.44,,,Juniper & Co,Admin - MTC,Customer order Juniper & Co Oct 2025,Meridian Trading Co.
deca411633,ACC-SINV-2025-00520,P2,Sales Invoice,Sales Invoice,4,2025-10-23,2025-10-23 08:42:10.420660,ar.clerk@meridian.example,4110 - Sales - MTC,4110,Sales,Income,0.0,3024.98,,,Juniper & Co,Sales Ops - MTC,Customer order Juniper & Co Oct 2025,Meridian Trading Co.
ea2e1b85da,ACC-SINV-2025-00520,P2,Sales Invoice,Sales Invoice,5,2025-10-23,2025-10-23 08:42:10.420660,ar.clerk@meridian.example,ST 6% - MTC,,ST 6%,Liability,0.0,264.46,,,Juniper & Co,Admin - MTC,Customer order Juniper & Co Oct 2025,Meridian Trading Co.
576634a351,ACC-SINV-2025-00522,P2,Sales Invoice,Sales Invoice,1,2025-10-23,2025-10-23 14:08:08.707715,ar.clerk@meridian.example,1310 - Debtors - MTC,1310,Debtors,Asset,520.71,0.0,Customer,Redcedar Builders,4110 - Sales - MTC,,Customer order Redcedar Builders Oct 2025,Meridian Trading Co.
b008bb8f37,ACC-SINV-2025-00522,P2,Sales Invoice,Sales Invoice,2,2025-10-23,2025-10-23 14:08:08.707715,ar.clerk@meridian.example,ST 6% - MTC,,ST 6%,Liability,0.0,29.47,,,Redcedar Builders,Admin - MTC,Customer order Redcedar Builders Oct 2025,Meridian Trading Co.
bac301aa06,ACC-SINV-2025-00522,P2,Sales Invoice,Sales Invoice,3,2025-10-23,2025-10-23 14:08:08.707715,ar.clerk@meridian.example,4110 - Sales - MTC,4110,Sales,Income,0.0,491.24,,,Redcedar Builders,Warehouse - MTC,Customer order Redcedar Builders Oct 2025,Meridian Trading Co.
73e26d7ef4,ACC-SINV-2025-00543,P2,Sales Invoice,Sales Invoice,1,2025-10-23,2025-10-23 13:49:01.137458,ar.clerk@meridian.example,4110 - Sales - MTC,4110,Sales,Income,0.0,55.8,,,Timberline Schools,Warehouse - MTC,Customer order Timberline Schools Oct 2025,Meridian Trading Co.
ec8c240dd4,ACC-SINV-2025-00543,P2,Sales Invoice,Sales Invoice,2,2025-10-23,2025-10-23 13:49:01.137458,ar.clerk@meridian.example,1310 - Debtors - MTC,1310,Debtors,Asset,55.8,0.0,Customer,Timberline Schools,4110 - Sales - MTC,,Customer order Timberline Schools Oct 2025,Meridian Trading Co.
40de6ef44a,ACC-SINV-2025-00551,P2,Sales Invoice,Sales Invoice,1,2025-10-23,2025-10-27 17:58:37.783772,ar.clerk@meridian.example,ST 6% - MTC,,ST 6%,Liability,0.0,78.05,,,Juniper & Co,Admin - MTC,Customer order Juniper & Co Oct 2025,Meridian Trading Co.
b7c75b54cb,ACC-SINV-2025-00551,P2,Sales Invoice,Sales Invoice,2,2025-10-23,2025-10-27 17:58:37.783772,ar.clerk@meridian.example,1310 - Debtors - MTC,1310,Debtors,Asset,1378.91,0.0,Customer,Juniper & Co,4140 - Installation Revenue - MTC,,Customer order Juniper & Co Oct 2025,Meridian Trading Co.
f4ea47176d,ACC-SINV-2025-00551,P2,Sales Invoice,Sales Invoice,3,2025-10-23,2025-10-27 17:58:37.783772,ar.clerk@meridian.example,4140 - Installation Revenue - MTC,4140,Installation Revenue,Income,0.0,1300.86,,,Juniper & Co,Sales Ops - MTC,Customer order Juniper & Co Oct 2025,Meridian Trading Co.
512c75d13e,ACC-JV-2025-00100,P2,Journal Entry,Journal Entry,1,2025-10-24,2025-10-24 07:36:00.323023,controller@meridian.example,2150 - Accrued Expenses - MTC,2150,Accrued Expenses,Liability,0.0,5000.0,,,5217 - Utility Expenses - MTC,Admin - MTC,,Meridian Trading Co.
63f95a5283,ACC-JV-2025-00100,P2,Journal Entry,Journal Entry,2,2025-10-24,2025-10-24 07:36:00.323023,controller@meridian.example,5217 - Utility Expenses - MTC,5217,Utility Expenses,Expense,5000.0,0.0,,,2150 - Accrued Expenses - MTC,Admin - MTC,,Meridian Trading Co.
124335c018,ACC-PAY-2025-00636,P2,Payment Entry,Payment Entry,1,2025-10-24,2025-10-24 15:59:33.267876,ap.clerk@meridian.example,2110 - Creditors - MTC,2110,Creditors,Liability,2308.53,0.0,Supplier,Metro Utilities,1210 - Primary Checking - MTC,,Amount USD 2308.53 paid to Metro Utilities | Transaction reference no ACH-25-00255 dated 2025-10-24 | Amount USD 2308.53 adjusted against Purchase Invoice ACC-PINV-2025-00255,Meridian Trading Co.
1e9379acb3,ACC-PAY-2025-00636,P2,Payment Entry,Payment Entry,2,2025-10-24,2025-10-24 15:59:33.267876,ap.clerk@meridian.example,1210 - Primary Checking - MTC,1210,Primary Checking,Asset,0.0,2308.53,,,Metro Utilities,,Amount USD 2308.53 paid to Metro Utilities | Transaction reference no ACH-25-00255 dated 2025-10-24 | Amount USD 2308.53 adjusted against Purchase Invoice ACC-PINV-2025-00255,Meridian Trading Co.
34614e253e,ACC-PAY-2025-00688,P2,Payment Entry,Payment Entry,1,2025-10-24,2025-10-24 13:25:35.655408,ar.clerk@meridian.example,1210 - Primary Checking - MTC,1210,Primary Checking,Asset,1975.64,0.0,,,Redcedar Builders,,Amount USD 1975.64 received from Redcedar Builders | Transaction reference no ACH-25-00546 dated 2025-10-24 | Amount USD 1975.64 adjusted against Sales Invoice ACC-SINV-2025-00546,Meridian Trading Co.
a42b4f2cec,ACC-PAY-2025-00688,P2,Payment Entry,Payment Entry,2,2025-10-24,2025-10-24 13:25:35.655408,ar.clerk@meridian.example,1310 - Debtors - MTC,1310,Debtors,Asset,0.0,1975.64,Customer,Redcedar Builders,1210 - Primary Checking - MTC,,Amount USD 1975.64 received from Redcedar Builders | Transaction reference no ACH-25-00546 dated 2025-10-24 | Amount USD 1975.64 adjusted against Sales Invoice ACC-SINV-2025-00546,Meridian Trading Co.
20a6bf7bed,ACC-SINV-2025-00552,P2,Sales Invoice,Sales Invoice,1,2025-10-24,2025-10-24 16:26:19.834475,ar.clerk@meridian.example,4140 - Installation Revenue - MTC,4140,Installation Revenue,Income,0.0,864.68,,,Marlowe Interiors,Sales Ops - MTC,Customer order Marlowe Interiors Oct 2025,Meridian Trading Co.
7df8b2868c,ACC-SINV-2025-00552,P2,Sales Invoice,Sales Invoice,2,2025-10-24,2025-10-24 16:26:19.834475,ar.clerk@meridian.example,1310 - Debtors - MTC,1310,Debtors,Asset,916.56,0.0,Customer,Marlowe Interiors,4140 - Installation Revenue - MTC,,Customer order Marlowe Interiors Oct 2025,Meridian Trading Co.
b48a2aaa37,ACC-SINV-2025-00552,P2,Sales Invoice,Sales Invoice,3,2025-10-24,2025-10-24 16:26:19.834475,ar.clerk@meridian.example,ST 6% - MTC,,ST 6%,Liability,0.0,51.88,,,Marlowe Interiors,Admin - MTC,Customer order Marlowe Interiors Oct 2025,Meridian Trading Co.
539d03d413,ACC-SINV-2025-00558,P2,Sales Invoice,Credit Note,1,2025-10-24,2025-10-24 09:46:19.839736,ar.clerk@meridian.example,4110 - Sales - MTC,4110,Sales,Income,321.65,0.0,,,Redcedar Builders,Sales Ops - MTC,Return against ACC-SINV-2025-00546,Meridian Trading Co.
69256ac59e,ACC-SINV-2025-00558,P2,Sales Invoice,Credit Note,2,2025-10-24,2025-10-24 09:46:19.839736,ar.clerk@meridian.example,1310 - Debtors - MTC,1310,Debtors,Asset,0.0,321.65,Customer,Redcedar Builders,4110 - Sales - MTC,,Return against ACC-SINV-2025-00546,Meridian Trading Co.
89c92108e8,ACC-PAY-2025-00678,P2,Payment Entry,Payment Entry,1,2025-10-25,2025-10-27 16:28:04.659126,ar.clerk@meridian.example,1310 - Debtors - MTC,1310,Debtors,Asset,0.0,490.04,Customer,Juniper & Co,1210 - Primary Checking - MTC,,Amount USD 490.04 received from Juniper & Co | Transaction reference no ACH-25-00531 dated 2025-10-25 | Amount USD 490.04 adjusted against Sales Invoice ACC-SINV-2025-00531,Meridian Trading Co.
a18f48d00d,ACC-PAY-2025-00678,P2,Payment Entry,Payment Entry,2,2025-10-25,2025-10-27 16:28:04.659126,ar.clerk@meridian.example,1210 - Primary Checking - MTC,1210,Primary Checking,Asset,490.04,0.0,,,Juniper & Co,,Amount USD 490.04 received from Juniper & Co | Transaction reference no ACH-25-00531 dated 2025-10-25 | Amount USD 490.04 adjusted against Sales Invoice ACC-SINV-2025-00531,Meridian Trading Co.
026a51ee38,ACC-PAY-2025-00598,P2,Payment Entry,Payment Entry,1,2025-10-26,2025-10-27 12:16:57.947689,ar.clerk@meridian.example,1310 - Debtors - MTC,1310,Debtors,Asset,0.0,18810.92,Customer,Bluepine Hardware,1210 - Primary Checking - MTC,,Amount USD 18810.92 received from Bluepine Hardware | Transaction reference no ACH-25-00460 dated 2025-10-26 | Amount USD 18810.92 adjusted against Sales Invoice ACC-SINV-2025-00460,Meridian Trading Co.
20e154bd90,ACC-PAY-2025-00598,P2,Payment Entry,Payment Entry,2,2025-10-26,2025-10-27 12:16:57.947689,ar.clerk@meridian.example,1210 - Primary Checking - MTC,1210,Primary Checking,Asset,18810.92,0.0,,,Bluepine Hardware,,Amount USD 18810.92 received from Bluepine Hardware | Transaction reference no ACH-25-00460 dated 2025-10-26 | Amount USD 18810.92 adjusted against Sales Invoice ACC-SINV-2025-00460,Meridian Trading Co.
ec3d5f30c5,ACC-PAY-2025-00682,P2,Payment Entry,Payment Entry,1,2025-10-26,2025-10-27 16:13:07.816022,ar.clerk@meridian.example,1310 - Debtors - MTC,1310,Debtors,Asset,0.0,1254.36,Customer,Cascade Outfitters,1210 - Primary Checking - MTC,,Amount USD 1254.36 received from Cascade Outfitters | Transaction reference no ACH-25-00537 dated 2025-10-26 | Amount USD 1254.36 adjusted against Sales Invoice ACC-SINV-2025-00537,Meridian Trading Co.
f7f8050f3e,ACC-PAY-2025-00682,P2,Payment Entry,Payment Entry,2,2025-10-26,2025-10-27 16:13:07.816022,ar.clerk@meridian.example,1210 - Primary Checking - MTC,1210,Primary Checking,Asset,1254.36,0.0,,,Cascade Outfitters,,Amount USD 1254.36 received from Cascade Outfitters | Transaction reference no ACH-25-00537 dated 2025-10-26 | Amount USD 1254.36 adjusted against Sales Invoice ACC-SINV-2025-00537,Meridian Trading Co.
c31673416f,ACC-PAY-2025-00608,P2,Payment Entry,Payment Entry,1,2025-10-27,2025-10-27 15:58:18.199685,ar.clerk@meridian.example,1210 - Primary Checking - MTC,1210,Primary Checking,Asset,2148.37,0.0,,,Redcedar Builders,,Amount USD 2148.37 received from Redcedar Builders | Transaction reference no ACH-25-00473 dated 2025-10-27 | Amount USD 2148.37 adjusted against Sales Invoice ACC-SINV-2025-00473,Meridian Trading Co.
d2eda6c3ba,ACC-PAY-2025-00608,P2,Payment Entry,Payment Entry,2,2025-10-27,2025-10-27 15:58:18.199685,ar.clerk@meridian.example,1310 - Debtors - MTC,1310,Debtors,Asset,0.0,2148.37,Customer,Redcedar Builders,1210 - Primary Checking - MTC,,Amount USD 2148.37 received from Redcedar Builders | Transaction reference no ACH-25-00473 dated 2025-10-27 | Amount USD 2148.37 adjusted against Sales Invoice ACC-SINV-2025-00473,Meridian Trading Co.
ee43cd7521,ACC-PAY-2025-00681,P2,Payment Entry,Payment Entry,1,2025-10-27,2025-10-27 12:19:19.107924,ar.clerk@meridian.example,1310 - Debtors - MTC,1310,Debtors,Asset,0.0,608.72,Customer,Ovation Events,1210 - Primary Checking - MTC,,Amount USD 608.72 received from Ovation Events | Transaction reference no ACH-25-00534 dated 2025-10-27 | Amount USD 608.72 adjusted against Sales Invoice ACC-SINV-2025-00534,Meridian Trading Co.
fe273e9480,ACC-PAY-2025-00681,P2,Payment Entry,Payment Entry,2,2025-10-27,2025-10-27 12:19:19.107924,ar.clerk@meridian.example,1210 - Primary Checking - MTC,1210,Primary Checking,Asset,608.72,0.0,,,Ovation Events,,Amount USD 608.72 received from Ovation Events | Transaction reference no ACH-25-00534 dated 2025-10-27 | Amount USD 608.72 adjusted against Sales Invoice ACC-SINV-2025-00534,Meridian Trading Co.
8ecfa6080a,ACC-PAY-2025-00684,P2,Payment Entry,Payment Entry,1,2025-10-27,2025-10-27 13:43:43.278322,ar.clerk@meridian.example,1310 - Debtors - MTC,1310,Debtors,Asset,0.0,270.09,Customer,Bluepine Hardware,1210 - Primary Checking - MTC,,Amount USD 270.09 received from Bluepine Hardware | Transaction reference no ACH-25-00540 dated 2025-10-27 | Amount USD 270.09 adjusted against Sales Invoice ACC-SINV-2025-00540,Meridian Trading Co.
d73b06b379,ACC-PAY-2025-00684,P2,Payment Entry,Payment Entry,2,2025-10-27,2025-10-27 13:43:43.278322,ar.clerk@meridian.example,1210 - Primary Checking - MTC,1210,Primary Checking,Asset,270.09,0.0,,,Bluepine Hardware,,Amount USD 270.09 received from Bluepine Hardware | Transaction reference no ACH-25-00540 dated 2025-10-27 | Amount USD 270.09 adjusted against Sales Invoice ACC-SINV-2025-00540,Meridian Trading Co.
5c2d693bea,ACC-PINV-2025-00269,P2,Purchase Invoice,Purchase Invoice,1,2025-10-27,2025-10-27 10:08:30.865883,ap.clerk@meridian.example,2110 - Creditors - MTC,2110,Creditors,Liability,0.0,3852.01,Supplier,Vulcan Materials Co,5111 - Cost of Goods Sold - MTC,,Vulcan Materials Co October 2025 billing,Meridian Trading Co.
c58192b8c9,ACC-PINV-2025-00269,P2,Purchase Invoice,Purchase Invoice,2,2025-10-27,2025-10-27 10:08:30.865883,ap.clerk@meridian.example,5111 - Cost of Goods Sold - MTC,5111,Cost of Goods Sold,Expense,3852.01,0.0,,,Vulcan Materials Co,Warehouse - MTC,Vulcan Materials Co October 2025 billing,Meridian Trading Co.
3f88876400,ACC-PINV-2025-00277,P2,Purchase Invoice,Purchase Invoice,1,2025-10-27,2025-10-27 17:14:33.612837,ap.clerk@meridian.example,2110 - Creditors - MTC,2110,Creditors,Liability,0.0,2884.52,Supplier,Cobalt IT Services,5230 - IT and Software Expenses - MTC,,Cobalt IT Services October 2025 billing,Meridian Trading Co.
530e000817,ACC-PINV-2025-00277,P2,Purchase Invoice,Purchase Invoice,2,2025-10-27,2025-10-27 17:14:33.612837,ap.clerk@meridian.example,5230 - IT and Software Expenses - MTC,5230,IT and Software Expenses,Expense,2884.52,0.0,,,Cobalt IT Services,Admin - MTC,Cobalt IT Services October 2025 billing,Meridian Trading Co.
4bc4d4f854,ACC-SINV-2025-00504,P2,Sales Invoice,Sales Invoice,1,2025-10-27,2025-10-27 15:09:27.230904,ar.clerk@meridian.example,ST 6% - MTC,,ST 6%,Liability,0.0,66.73,,,Ferrous Works,Admin - MTC,Customer order Ferrous Works Oct 2025,Meridian Trading Co.
cb5523ec39,ACC-SINV-2025-00504,P2,Sales Invoice,Sales Invoice,2,2025-10-27,2025-10-27 15:09:27.230904,ar.clerk@meridian.example,4110 - Sales - MTC,4110,Sales,Income,0.0,1112.22,,,Ferrous Works,Warehouse - MTC,Customer order Ferrous Works Oct 2025,Meridian Trading Co.
f7c79ffacc,ACC-SINV-2025-00504,P2,Sales Invoice,Sales Invoice,3,2025-10-27,2025-10-27 15:09:27.230904,ar.clerk@meridian.example,1310 - Debtors - MTC,1310,Debtors,Asset,1178.95,0.0,Customer,Ferrous Works,4110 - Sales - MTC,,Customer order Ferrous Works Oct 2025,Meridian Trading Co.
1fb430865d,ACC-SINV-2025-00513,P2,Sales Invoice,Sales Invoice,1,2025-10-27,2025-10-27 12:01:25.409622,ar.clerk@meridian.example,4110 - Sales - MTC,4110,Sales,Income,0.0,2296.61,,,Timberline Schools,Sales Ops - MTC,Customer order Timberline Schools Oct 2025,Meridian Trading Co.
5c7b18dc2e,ACC-SINV-2025-00513,P2,Sales Invoice,Sales Invoice,2,2025-10-27,2025-10-27 12:01:25.409622,ar.clerk@meridian.example,4130 - Freight Income - MTC,4130,Freight Income,Income,0.0,1956.57,,,Timberline Schools,Admin - MTC,Customer order Timberline Schools Oct 2025,Meridian Trading Co.
fb56b8e096,ACC-SINV-2025-00513,P2,Sales Invoice,Sales Invoice,3,2025-10-27,2025-10-27 12:01:25.409622,ar.clerk@meridian.example,1310 - Debtors - MTC,1310,Debtors,Asset,4253.18,0.0,Customer,Timberline Schools,"4110 - Sales - MTC,4130 - Freight Income - MTC",,Customer order Timberline Schools Oct 2025,Meridian Trading Co.
15f53f3004,ACC-SINV-2025-00523,P2,Sales Invoice,Sales Invoice,1,2025-10-27,2025-10-27 15:14:12.308339,ar.clerk@meridian.example,ST 6% - MTC,,ST 6%,Liability,0.0,84.21,,,Marlowe Interiors,Admin - MTC,Customer order Marlowe Interiors Oct 2025,Meridian Trading Co.
4cc30dd542,ACC-SINV-2025-00523,P2,Sales Invoice,Sales Invoice,2,2025-10-27,2025-10-27 15:14:12.308339,ar.clerk@meridian.example,1310 - Debtors - MTC,1310,Debtors,Asset,1487.64,0.0,Customer,Marlowe Interiors,"4120 - Service - MTC,4110 - Sales - MTC",,Customer order Marlowe Interiors Oct 2025,Meridian Trading Co.
c6081b52dd,ACC-SINV-2025-00523,P2,Sales Invoice,Sales Invoice,3,2025-10-27,2025-10-27 15:14:12.308339,ar.clerk@meridian.example,4110 - Sales - MTC,4110,Sales,Income,0.0,110.82,,,Marlowe Interiors,Sales Ops - MTC,Customer order Marlowe Interiors Oct 2025,Meridian Trading Co.
e3d4c8f83f,ACC-SINV-2025-00523,P2,Sales Invoice,Sales Invoice,4,2025-10-27,2025-10-27 15:14:12.308339,ar.clerk@meridian.example,4120 - Service - MTC,4120,Service,Income,0.0,1292.61,,,Marlowe Interiors,Admin - MTC,Customer order Marlowe Interiors Oct 2025,Meridian Trading Co.
07868442e1,ACC-PAY-2025-00638,P2,Payment Entry,Payment Entry,1,2025-10-28,2025-10-28 14:14:32.864965,ap.clerk@meridian.example,2110 - Creditors - MTC,2110,Creditors,Liability,6791.92,0.0,Supplier,Harlan Office Supply,1210 - Primary Checking - MTC,,Amount USD 6791.92 paid to Harlan Office Supply | Transaction reference no ACH-25-00257 dated 2025-10-28 | Amount USD 6791.92 adjusted against Purchase Invoice ACC-PINV-2025-00257,Meridian Trading Co.
dd67b4945c,ACC-PAY-2025-00638,P2,Payment Entry,Payment Entry,2,2025-10-28,2025-10-28 14:14:32.864965,ap.clerk@meridian.example,1210 - Primary Checking - MTC,1210,Primary Checking,Asset,0.0,6791.92,,,Harlan Office Supply,,Amount USD 6791.92 paid to Harlan Office Supply | Transaction reference no ACH-25-00257 dated 2025-10-28 | Amount USD 6791.92 adjusted against Purchase Invoice ACC-PINV-2025-00257,Meridian Trading Co.
77c0e8756b,ACC-PAY-2025-00652,P2,Payment Entry,Payment Entry,1,2025-10-28,2025-10-28 08:22:30.524091,ar.clerk@meridian.example,1210 - Primary Checking - MTC,1210,Primary Checking,Asset,16886.15,0.0,,,Kestrel Foods,,Amount USD 16886.15 received from Kestrel Foods | Transaction reference no ACH-25-00500 dated 2025-10-28 | Amount USD 16886.15 adjusted against Sales Invoice ACC-SINV-2025-00500,Meridian Trading Co.
fee2563837,ACC-PAY-2025-00652,P2,Payment Entry,Payment Entry,2,2025-10-28,2025-10-28 08:22:30.524091,ar.clerk@meridian.example,1310 - Debtors - MTC,1310,Debtors,Asset,0.0,16886.15,Customer,Kestrel Foods,1210 - Primary Checking - MTC,,Amount USD 16886.15 received from Kestrel Foods | Transaction reference no ACH-25-00500 dated 2025-10-28 | Amount USD 16886.15 adjusted against Sales Invoice ACC-SINV-2025-00500,Meridian Trading Co.
9b7aff8532,ACC-PAY-2025-00672,P2,Payment Entry,Payment Entry,1,2025-10-28,2025-10-28 16:31:29.409519,ar.clerk@meridian.example,1210 - Primary Checking - MTC,1210,Primary Checking,Asset,2264.41,0.0,,,Kestrel Foods,,Amount USD 2264.41 received from Kestrel Foods | Transaction reference no ACH-25-00524 dated 2025-10-28 | Amount USD 2264.41 adjusted against Sales Invoice ACC-SINV-2025-00524,Meridian Trading Co.
e1c57a3ee5,ACC-PAY-2025-00672,P2,Payment Entry,Payment Entry,2,2025-10-28,2025-10-28 16:31:29.409519,ar.clerk@meridian.example,1310 - Debtors - MTC,1310,Debtors,Asset,0.0,2264.41,Customer,Kestrel Foods,1210 - Primary Checking - MTC,,Amount USD 2264.41 received from Kestrel Foods | Transaction reference no ACH-25-00524 dated 2025-10-28 | Amount USD 2264.41 adjusted against Sales Invoice ACC-SINV-2025-00524,Meridian Trading Co.
a32c46afb5,ACC-PAY-2025-00674,P2,Payment Entry,Payment Entry,1,2025-10-28,2025-10-28 16:45:11.993834,ar.clerk@meridian.example,1310 - Debtors - MTC,1310,Debtors,Asset,0.0,3716.91,Customer,Juniper & Co,1210 - Primary Checking - MTC,,Amount USD 3716.91 received from Juniper & Co | Transaction reference no ACH-25-00526 dated 2025-10-28 | Amount USD 3716.91 adjusted against Sales Invoice ACC-SINV-2025-00526,Meridian Trading Co.
d853e8f0b7,ACC-PAY-2025-00674,P2,Payment Entry,Payment Entry,2,2025-10-28,2025-10-28 16:45:11.993834,ar.clerk@meridian.example,1210 - Primary Checking - MTC,1210,Primary Checking,Asset,3716.91,0.0,,,Juniper & Co,,Amount USD 3716.91 received from Juniper & Co | Transaction reference no ACH-25-00526 dated 2025-10-28 | Amount USD 3716.91 adjusted against Sales Invoice ACC-SINV-2025-00526,Meridian Trading Co.
06f95cc7c3,ACC-SINV-2025-00495,P2,Sales Invoice,Sales Invoice,1,2025-10-28,2025-10-28 09:21:48.020584,ar.clerk@meridian.example,1310 - Debtors - MTC,1310,Debtors,Asset,994.7,0.0,Customer,Marlowe Interiors,4110 - Sales - MTC,,Customer order Marlowe Interiors Oct 2025,Meridian Trading Co.
07b445193a,ACC-SINV-2025-00495,P2,Sales Invoice,Sales Invoice,2,2025-10-28,2025-10-28 09:21:48.020584,ar.clerk@meridian.example,4110 - Sales - MTC,4110,Sales,Income,0.0,708.9,,,Marlowe Interiors,Sales Ops - MTC,Customer order Marlowe Interiors Oct 2025,Meridian Trading Co.
cebd7000a0,ACC-SINV-2025-00495,P2,Sales Invoice,Sales Invoice,3,2025-10-28,2025-10-28 09:21:48.020584,ar.clerk@meridian.example,4110 - Sales - MTC,4110,Sales,Income,0.0,229.5,,,Marlowe Interiors,Warehouse - MTC,Customer order Marlowe Interiors Oct 2025,Meridian Trading Co.
e97bc19644,ACC-SINV-2025-00495,P2,Sales Invoice,Sales Invoice,4,2025-10-28,2025-10-28 09:21:48.020584,ar.clerk@meridian.example,ST 6% - MTC,,ST 6%,Liability,0.0,56.3,,,Marlowe Interiors,Admin - MTC,Customer order Marlowe Interiors Oct 2025,Meridian Trading Co.
284a63d758,ACC-SINV-2025-00509,P2,Sales Invoice,Sales Invoice,1,2025-10-28,2025-10-28 11:59:26.229316,ar.clerk@meridian.example,ST 6% - MTC,,ST 6%,Liability,0.0,419.38,,,Redcedar Builders,Admin - MTC,Customer order Redcedar Builders Oct 2025,Meridian Trading Co.
34f2205f4b,ACC-SINV-2025-00509,P2,Sales Invoice,Sales Invoice,2,2025-10-28,2025-10-28 11:59:26.229316,ar.clerk@meridian.example,4110 - Sales - MTC,4110,Sales,Income,0.0,138.68,,,Redcedar Builders,Warehouse - MTC,Customer order Redcedar Builders Oct 2025,Meridian Trading Co.
7a58830532,ACC-SINV-2025-00509,P2,Sales Invoice,Sales Invoice,3,2025-10-28,2025-10-28 11:59:26.229316,ar.clerk@meridian.example,1310 - Debtors - MTC,1310,Debtors,Asset,7409.0,0.0,Customer,Redcedar Builders,"4110 - Sales - MTC,4120 - Service - MTC",,Customer order Redcedar Builders Oct 2025,Meridian Trading Co.
813c67eb83,ACC-SINV-2025-00509,P2,Sales Invoice,Sales Invoice,4,2025-10-28,2025-10-28 11:59:26.229316,ar.clerk@meridian.example,4110 - Sales - MTC,4110,Sales,Income,0.0,1639.86,,,Redcedar Builders,Sales Ops - MTC,Customer order Redcedar Builders Oct 2025,Meridian Trading Co.
8b358e5158,ACC-SINV-2025-00509,P2,Sales Invoice,Sales Invoice,5,2025-10-28,2025-10-28 11:59:26.229316,ar.clerk@meridian.example,4120 - Service - MTC,4120,Service,Income,0.0,5211.08,,,Redcedar Builders,Sales Ops - MTC,Customer order Redcedar Builders Oct 2025,Meridian Trading Co.
4a6bd55101,ACC-SINV-2025-00515,P2,Sales Invoice,Sales Invoice,1,2025-10-28,2025-10-28 12:58:34.115856,ar.clerk@meridian.example,4110 - Sales - MTC,4110,Sales,Income,0.0,1377.32,,,Galehouse Media,Sales Ops - MTC,Customer order Galehouse Media Oct 2025,Meridian Trading Co.
6d7023d0ff,ACC-SINV-2025-00515,P2,Sales Invoice,Sales Invoice,2,2025-10-28,2025-10-28 12:58:34.115856,ar.clerk@meridian.example,ST 6% - MTC,,ST 6%,Liability,0.0,95.72,,,Galehouse Media,Admin - MTC,Customer order Galehouse Media Oct 2025,Meridian Trading Co.
897320ef9a,ACC-SINV-2025-00515,P2,Sales Invoice,Sales Invoice,3,2025-10-28,2025-10-28 12:58:34.115856,ar.clerk@meridian.example,4110 - Sales - MTC,4110,Sales,Income,0.0,217.98,,,Galehouse Media,Warehouse - MTC,Customer order Galehouse Media Oct 2025,Meridian Trading Co.
8aa2fb2258,ACC-SINV-2025-00515,P2,Sales Invoice,Sales Invoice,4,2025-10-28,2025-10-28 12:58:34.115856,ar.clerk@meridian.example,1310 - Debtors - MTC,1310,Debtors,Asset,1691.02,0.0,Customer,Galehouse Media,4110 - Sales - MTC,,Customer order Galehouse Media Oct 2025,Meridian Trading Co.
11817df640,ACC-SINV-2025-00516,P2,Sales Invoice,Sales Invoice,1,2025-10-28,2025-10-28 08:23:15.877803,ar.clerk@meridian.example,1310 - Debtors - MTC,1310,Debtors,Asset,1609.58,0.0,Customer,Summit Rentals,4110 - Sales - MTC,,Customer order Summit Rentals Oct 2025,Meridian Trading Co.
2428febc10,ACC-SINV-2025-00516,P2,Sales Invoice,Sales Invoice,2,2025-10-28,2025-10-28 08:23:15.877803,ar.clerk@meridian.example,4110 - Sales - MTC,4110,Sales,Income,0.0,627.74,,,Summit Rentals,Sales Ops - MTC,Customer order Summit Rentals Oct 2025,Meridian Trading Co.
2cdb3390d6,ACC-SINV-2025-00516,P2,Sales Invoice,Sales Invoice,3,2025-10-28,2025-10-28 08:23:15.877803,ar.clerk@meridian.example,ST 6% - MTC,,ST 6%,Liability,0.0,91.11,,,Summit Rentals,Admin - MTC,Customer order Summit Rentals Oct 2025,Meridian Trading Co.
b40f7a3498,ACC-SINV-2025-00516,P2,Sales Invoice,Sales Invoice,4,2025-10-28,2025-10-28 08:23:15.877803,ar.clerk@meridian.example,4110 - Sales - MTC,4110,Sales,Income,0.0,890.73,,,Summit Rentals,Warehouse - MTC,Customer order Summit Rentals Oct 2025,Meridian Trading Co.
6f8c1d8ae9,ACC-SINV-2025-00518,P2,Sales Invoice,Sales Invoice,1,2025-10-28,2025-10-28 10:04:51.859191,ar.clerk@meridian.example,4110 - Sales - MTC,4110,Sales,Income,0.0,3419.85,,,Summit Rentals,Sales Ops - MTC,Customer order Summit Rentals Oct 2025,Meridian Trading Co.
b9fff97145,ACC-SINV-2025-00518,P2,Sales Invoice,Sales Invoice,2,2025-10-28,2025-10-28 10:04:51.859191,ar.clerk@meridian.example,1310 - Debtors - MTC,1310,Debtors,Asset,13467.97,0.0,Customer,Summit Rentals,"4120 - Service - MTC,4110 - Sales - MTC",,Customer order Summit Rentals Oct 2025,Meridian Trading Co.
f7699e18e3,ACC-SINV-2025-00518,P2,Sales Invoice,Sales Invoice,3,2025-10-28,2025-10-28 10:04:51.859191,ar.clerk@meridian.example,ST 6% - MTC,,ST 6%,Liability,0.0,762.34,,,Summit Rentals,Admin - MTC,Customer order Summit Rentals Oct 2025,Meridian Trading Co.
f8e799dc8a,ACC-SINV-2025-00518,P2,Sales Invoice,Sales Invoice,4,2025-10-28,2025-10-28 10:04:51.859191,ar.clerk@meridian.example,4120 - Service - MTC,4120,Service,Income,0.0,9285.78,,,Summit Rentals,Admin - MTC,Customer order Summit Rentals Oct 2025,Meridian Trading Co.
d9e2500f58,ACC-SINV-2025-00549,P2,Sales Invoice,Sales Invoice,1,2025-10-28,2025-10-28 10:24:56.918378,ar.clerk@meridian.example,1310 - Debtors - MTC,1310,Debtors,Asset,513.52,0.0,Customer,Pactrail Sports,4140 - Installation Revenue - MTC,,Customer order Pactrail Sports Oct 2025,Meridian Trading Co.
dead47023b,ACC-SINV-2025-00549,P2,Sales Invoice,Sales Invoice,2,2025-10-28,2025-10-28 10:24:56.918378,ar.clerk@meridian.example,ST 6% - MTC,,ST 6%,Liability,0.0,29.07,,,Pactrail Sports,Admin - MTC,Customer order Pactrail Sports Oct 2025,Meridian Trading Co.
efde1ec124,ACC-SINV-2025-00549,P2,Sales Invoice,Sales Invoice,3,2025-10-28,2025-10-28 10:24:56.918378,ar.clerk@meridian.example,4140 - Installation Revenue - MTC,4140,Installation Revenue,Income,0.0,484.45,,,Pactrail Sports,Sales Ops - MTC,Customer order Pactrail Sports Oct 2025,Meridian Trading Co.
8ecbf6f458,ACC-PAY-2025-00691,P2,Payment Entry,Payment Entry,1,2025-10-29,2025-10-29 09:01:12.260170,ar.clerk@meridian.example,1210 - Primary Checking - MTC,1210,Primary Checking,Asset,567.75,0.0,,,Summit Rentals,,Amount USD 567.75 received from Summit Rentals | Transaction reference no ACH-25-00550 dated 2025-10-29 | Amount USD 567.75 adjusted against Sales Invoice ACC-SINV-2025-00550,Meridian Trading Co.
9055c94356,ACC-PAY-2025-00691,P2,Payment Entry,Payment Entry,2,2025-10-29,2025-10-29 09:01:12.260170,ar.clerk@meridian.example,1310 - Debtors - MTC,1310,Debtors,Asset,0.0,567.75,Customer,Summit Rentals,1210 - Primary Checking - MTC,,Amount USD 567.75 received from Summit Rentals | Transaction reference no ACH-25-00550 dated 2025-10-29 | Amount USD 567.75 adjusted against Sales Invoice ACC-SINV-2025-00550,Meridian Trading Co.
39147b1bda,ACC-PAY-2025-00694,P2,Payment Entry,Payment Entry,1,2025-10-29,2025-10-29 11:03:59.798993,ar.clerk@meridian.example,1210 - Primary Checking - MTC,1210,Primary Checking,Asset,3467.34,0.0,,,Timberline Schools,,Amount USD 3467.34 received from Timberline Schools | Transaction reference no ACH-25-00554 dated 2025-10-29 | Amount USD 3467.34 adjusted against Sales Invoice ACC-SINV-2025-00554,Meridian Trading Co.
a1e4b98280,ACC-PAY-2025-00694,P2,Payment Entry,Payment Entry,2,2025-10-29,2025-10-29 11:03:59.798993,ar.clerk@meridian.example,1310 - Debtors - MTC,1310,Debtors,Asset,0.0,3467.34,Customer,Timberline Schools,1210 - Primary Checking - MTC,,Amount USD 3467.34 received from Timberline Schools | Transaction reference no ACH-25-00554 dated 2025-10-29 | Amount USD 3467.34 adjusted against Sales Invoice ACC-SINV-2025-00554,Meridian Trading Co.
0c308de2f1,ACC-PINV-2025-00273,P2,Purchase Invoice,Purchase Invoice,1,2025-10-29,2025-10-31 11:21:05.486838,ap.clerk@meridian.example,5205 - Freight and Forwarding Charges - MTC,5205,Freight and Forwarding Charges,Expense,15817.09,0.0,,,Beacon Freight,Admin - MTC,Beacon Freight October 2025 billing,Meridian Trading Co.
7a0523c9b1,ACC-PINV-2025-00273,P2,Purchase Invoice,Purchase Invoice,2,2025-10-29,2025-10-31 11:21:05.486838,ap.clerk@meridian.example,2110 - Creditors - MTC,2110,Creditors,Liability,0.0,15817.09,Supplier,Beacon Freight,5205 - Freight and Forwarding Charges - MTC,,Beacon Freight October 2025 billing,Meridian Trading Co.
8af49bc745,ACC-PINV-2025-00286,P2,Purchase Invoice,Purchase Invoice,1,2025-10-29,2025-11-07 17:44:11.300595,ap.clerk@meridian.example,5207 - Marketing Expenses - MTC,5207,Marketing Expenses,Expense,17454.1,0.0,,,Quill Marketing Group,Admin - MTC,Quill Marketing Group October 2025 billing,Meridian Trading Co.
fc49fab0e3,ACC-PINV-2025-00286,P2,Purchase Invoice,Purchase Invoice,2,2025-10-29,2025-11-07 17:44:11.300595,ap.clerk@meridian.example,2110 - Creditors - MTC,2110,Creditors,Liability,0.0,17454.1,Supplier,Quill Marketing Group,5207 - Marketing Expenses - MTC,,Quill Marketing Group October 2025 billing,Meridian Trading Co.
021d1950af,ACC-SINV-2025-00505,P2,Sales Invoice,Sales Invoice,1,2025-10-29,2025-10-29 14:38:13.637923,ar.clerk@meridian.example,4110 - Sales - MTC,4110,Sales,Income,0.0,1568.2,,,Ovation Events,Warehouse - MTC,Customer order Ovation Events Oct 2025,Meridian Trading Co.
c1b6de291c,ACC-SINV-2025-00505,P2,Sales Invoice,Sales Invoice,2,2025-10-29,2025-10-29 14:38:13.637923,ar.clerk@meridian.example,4110 - Sales - MTC,4110,Sales,Income,0.0,258.66,,,Ovation Events,Sales Ops - MTC,Customer order Ovation Events Oct 2025,Meridian Trading Co.
cf5d5073a9,ACC-SINV-2025-00505,P2,Sales Invoice,Sales Invoice,3,2025-10-29,2025-10-29 14:38:13.637923,ar.clerk@meridian.example,1310 - Debtors - MTC,1310,Debtors,Asset,1826.86,0.0,Customer,Ovation Events,4110 - Sales - MTC,,Customer order Ovation Events Oct 2025,Meridian Trading Co.
28197e7b29,ACC-SINV-2025-00530,P2,Sales Invoice,Sales Invoice,1,2025-10-29,2025-10-29 08:00:11.669390,ar.clerk@meridian.example,1310 - Debtors - MTC,1310,Debtors,Asset,2066.79,0.0,Customer,Summit Rentals,4110 - Sales - MTC,,Customer order Summit Rentals Oct 2025,Meridian Trading Co.
de5b037362,ACC-SINV-2025-00530,P2,Sales Invoice,Sales Invoice,2,2025-10-29,2025-10-29 08:00:11.669390,ar.clerk@meridian.example,ST 6% - MTC,,ST 6%,Liability,0.0,116.99,,,Summit Rentals,Admin - MTC,Customer order Summit Rentals Oct 2025,Meridian Trading Co.
df7d0421ce,ACC-SINV-2025-00530,P2,Sales Invoice,Sales Invoice,3,2025-10-29,2025-10-29 08:00:11.669390,ar.clerk@meridian.example,4110 - Sales - MTC,4110,Sales,Income,0.0,1816.66,,,Summit Rentals,Warehouse - MTC,Customer order Summit Rentals Oct 2025,Meridian Trading Co.
e5d2fbe174,ACC-SINV-2025-00530,P2,Sales Invoice,Sales Invoice,4,2025-10-29,2025-10-29 08:00:11.669390,ar.clerk@meridian.example,4110 - Sales - MTC,4110,Sales,Income,0.0,133.14,,,Summit Rentals,Sales Ops - MTC,Customer order Summit Rentals Oct 2025,Meridian Trading Co.
23c12763d1,ACC-SINV-2025-00532,P2,Sales Invoice,Sales Invoice,1,2025-10-29,2025-10-29 09:41:49.483412,ar.clerk@meridian.example,4120 - Service - MTC,4120,Service,Income,0.0,1041.9,,,Galehouse Media,Sales Ops - MTC,Customer order Galehouse Media Oct 2025,Meridian Trading Co.
299259633b,ACC-SINV-2025-00532,P2,Sales Invoice,Sales Invoice,2,2025-10-29,2025-10-29 09:41:49.483412,ar.clerk@meridian.example,1310 - Debtors - MTC,1310,Debtors,Asset,1104.41,0.0,Customer,Galehouse Media,4120 - Service - MTC,,Customer order Galehouse Media Oct 2025,Meridian Trading Co.
89dfb66a47,ACC-SINV-2025-00532,P2,Sales Invoice,Sales Invoice,3,2025-10-29,2025-10-29 09:41:49.483412,ar.clerk@meridian.example,ST 6% - MTC,,ST 6%,Liability,0.0,62.51,,,Galehouse Media,Admin - MTC,Customer order Galehouse Media Oct 2025,Meridian Trading Co.
35fee3bd1d,ACC-JV-2025-00099,P2,Journal Entry,Journal Entry,1,2025-10-30,2025-10-30 12:56:10.034250,controller@meridian.example,5207 - Marketing Expenses - MTC,5207,Marketing Expenses,Expense,1333.26,0.0,,,5211 - Print and Stationery - MTC,Admin - MTC,,Meridian Trading Co.
6233ef82bd,ACC-JV-2025-00099,P2,Journal Entry,Journal Entry,2,2025-10-30,2025-10-30 12:56:10.034250,controller@meridian.example,5211 - Print and Stationery - MTC,5211,Print and Stationery,Expense,0.0,1333.26,,,5207 - Marketing Expenses - MTC,Admin - MTC,,Meridian Trading Co.
0fc20dd27b,ACC-JV-2025-00101,P2,Journal Entry,Cash Entry,1,2025-10-30,2025-10-30 12:47:26.138979,controller@meridian.example,1110 - Cash - MTC,1110,Cash,Asset,0.0,260.92,,,5223 - Miscellaneous Expenses - MTC,Admin - MTC,Reference #REF-20251030 dated 10-30-2025,Meridian Trading Co.
6213168304,ACC-JV-2025-00101,P2,Journal Entry,Cash Entry,2,2025-10-30,2025-10-30 12:47:26.138979,controller@meridian.example,5223 - Miscellaneous Expenses - MTC,5223,Miscellaneous Expenses,Expense,260.92,0.0,,,1110 - Cash - MTC,Admin - MTC,Reference #REF-20251030 dated 10-30-2025,Meridian Trading Co.
7043e23977,ACC-PAY-2025-00587,P2,Payment Entry,Payment Entry,1,2025-10-30,2025-10-30 10:04:03.395523,ar.clerk@meridian.example,1310 - Debtors - MTC,1310,Debtors,Asset,0.0,704.75,Customer,Galehouse Media,1210 - Primary Checking - MTC,,Amount USD 704.75 received from Galehouse Media | Transaction reference no ACH-25-00447 dated 2025-10-30 | Amount USD 704.75 adjusted against Sales Invoice ACC-SINV-2025-00447,Meridian Trading Co.
f635b62d4e,ACC-PAY-2025-00587,P2,Payment Entry,Payment Entry,2,2025-10-30,2025-10-30 10:04:03.395523,ar.clerk@meridian.example,1210 - Primary Checking - MTC,1210,Primary Checking,Asset,704.75,0.0,,,Galehouse Media,,Amount USD 704.75 received from Galehouse Media | Transaction reference no ACH-25-00447 dated 2025-10-30 | Amount USD 704.75 adjusted against Sales Invoice ACC-SINV-2025-00447,Meridian Trading Co.
54bd018d2e,ACC-PINV-2025-00289,P2,Purchase Invoice,Purchase Invoice,1,2025-10-30,2025-10-30 12:26:29.654968,ap.clerk@meridian.example,5211 - Print and Stationery - MTC,5211,Print and Stationery,Expense,143.29,0.0,,,Sterling Equipment Leasing,Admin - MTC,Sterling Equipment Leasing October 2025 billing,Meridian Trading Co.
72072888a3,ACC-PINV-2025-00289,P2,Purchase Invoice,Purchase Invoice,2,2025-10-30,2025-10-30 12:26:29.654968,ap.clerk@meridian.example,2110 - Creditors - MTC,2110,Creditors,Liability,0.0,2162.28,Supplier,Sterling Equipment Leasing,"5227 - Equipment Lease Expense - MTC,5211 - Print and Stationery - MTC,5204 - Entertainment Expenses - MTC",,Sterling Equipment Leasing October 2025 billing,Meridian Trading Co.
9bb08fc7a9,ACC-PINV-2025-00289,P2,Purchase Invoice,Purchase Invoice,3,2025-10-30,2025-10-30 12:26:29.654968,ap.clerk@meridian.example,5204 - Entertainment Expenses - MTC,5204,Entertainment Expenses,Expense,989.4,0.0,,,Sterling Equipment Leasing,Admin - MTC,Sterling Equipment Leasing October 2025 billing,Meridian Trading Co.
f9a8912e3e,ACC-PINV-2025-00289,P2,Purchase Invoice,Purchase Invoice,4,2025-10-30,2025-10-30 12:26:29.654968,ap.clerk@meridian.example,5227 - Equipment Lease Expense - MTC,5227,Equipment Lease Expense,Expense,1029.59,0.0,,,Sterling Equipment Leasing,Admin - MTC,Sterling Equipment Leasing October 2025 billing,Meridian Trading Co.
6ecfde1500,ACC-SINV-2025-00542,P2,Sales Invoice,Sales Invoice,1,2025-10-30,2025-10-30 11:43:25.973628,ar.clerk@meridian.example,1310 - Debtors - MTC,1310,Debtors,Asset,1125.43,0.0,Customer,Northwind Retail,4110 - Sales - MTC,,Customer order Northwind Retail Oct 2025,Meridian Trading Co.
b8e137b441,ACC-SINV-2025-00542,P2,Sales Invoice,Sales Invoice,2,2025-10-30,2025-10-30 11:43:25.973628,ar.clerk@meridian.example,ST 6% - MTC,,ST 6%,Liability,0.0,63.7,,,Northwind Retail,Admin - MTC,Customer order Northwind Retail Oct 2025,Meridian Trading Co.
da1cdd44ac,ACC-SINV-2025-00542,P2,Sales Invoice,Sales Invoice,3,2025-10-30,2025-10-30 11:43:25.973628,ar.clerk@meridian.example,4110 - Sales - MTC,4110,Sales,Income,0.0,164.19,,,Northwind Retail,Warehouse - MTC,Customer order Northwind Retail Oct 2025,Meridian Trading Co.
fc0652785e,ACC-SINV-2025-00542,P2,Sales Invoice,Sales Invoice,4,2025-10-30,2025-10-30 11:43:25.973628,ar.clerk@meridian.example,4110 - Sales - MTC,4110,Sales,Income,0.0,897.54,,,Northwind Retail,Sales Ops - MTC,Customer order Northwind Retail Oct 2025,Meridian Trading Co.
06884a0394,ACC-SINV-2025-00556,P2,Sales Invoice,Sales Invoice,1,2025-10-30,2025-10-30 10:49:51.987537,ar.clerk@meridian.example,1310 - Debtors - MTC,1310,Debtors,Asset,2470.37,0.0,Customer,Northwind Retail,4140 - Installation Revenue - MTC,,Customer order Northwind Retail Oct 2025,Meridian Trading Co.
3298cfd4f4,ACC-SINV-2025-00556,P2,Sales Invoice,Sales Invoice,2,2025-10-30,2025-10-30 10:49:51.987537,ar.clerk@meridian.example,4140 - Installation Revenue - MTC,4140,Installation Revenue,Income,0.0,2330.54,,,Northwind Retail,Sales Ops - MTC,Customer order Northwind Retail Oct 2025,Meridian Trading Co.
a7a2995262,ACC-SINV-2025-00556,P2,Sales Invoice,Sales Invoice,3,2025-10-30,2025-10-30 10:49:51.987537,ar.clerk@meridian.example,ST 6% - MTC,,ST 6%,Liability,0.0,139.83,,,Northwind Retail,Admin - MTC,Customer order Northwind Retail Oct 2025,Meridian Trading Co.
329e924d0b,ACC-JV-2025-00093,P2,Journal Entry,Journal Entry,1,2025-10-31,2025-11-01 03:08:22.967890,batch.bot@meridian.example,5213 - Salary - MTC,5213,Salary,Expense,19110.94,0.0,,,"2120 - Payroll Payable - MTC, 2320 - Tax Withholding Payable - MTC",Admin - MTC,,Meridian Trading Co.
a5284d7733,ACC-JV-2025-00093,P2,Journal Entry,Journal Entry,2,2025-10-31,2025-11-01 03:08:22.967890,batch.bot@meridian.example,2320 - Tax Withholding Payable - MTC,2320,Tax Withholding Payable,Liability,0.0,13170.94,,,5213 - Salary - MTC,Admin - MTC,,Meridian Trading Co.
eb9a444ad4,ACC-JV-2025-00093,P2,Journal Entry,Journal Entry,3,2025-10-31,2025-11-01 03:08:22.967890,batch.bot@meridian.example,5213 - Salary - MTC,5213,Salary,Expense,17155.58,0.0,,,"2120 - Payroll Payable - MTC, 2320 - Tax Withholding Payable - MTC",Warehouse - MTC,,Meridian Trading Co.
ede705b044,ACC-JV-2025-00093,P2,Journal Entry,Journal Entry,4,2025-10-31,2025-11-01 03:08:22.967890,batch.bot@meridian.example,5213 - Salary - MTC,5213,Salary,Expense,22532.3,0.0,,,"2120 - Payroll Payable - MTC, 2320 - Tax Withholding Payable - MTC",Sales Ops - MTC,,Meridian Trading Co.
efecddb19c,ACC-JV-2025-00093,P2,Journal Entry,Journal Entry,5,2025-10-31,2025-11-01 03:08:22.967890,batch.bot@meridian.example,2120 - Payroll Payable - MTC,2120,Payroll Payable,Liability,0.0,45627.88,,,5213 - Salary - MTC,Admin - MTC,,Meridian Trading Co.
46b1bc9fc5,ACC-JV-2025-00095,P2,Journal Entry,Depreciation Entry,1,2025-10-31,2025-11-01 01:29:26.035075,batch.bot@meridian.example,5203 - Depreciation - MTC,5203,Depreciation,Expense,1258.34,0.0,,,1780 - Accumulated Depreciation - MTC,Admin - MTC,,Meridian Trading Co.
ebc34928a4,ACC-JV-2025-00095,P2,Journal Entry,Depreciation Entry,2,2025-10-31,2025-11-01 01:29:26.035075,batch.bot@meridian.example,1780 - Accumulated Depreciation - MTC,1780,Accumulated Depreciation,Asset,0.0,3416.67,,,5203 - Depreciation - MTC,Admin - MTC,,Meridian Trading Co.
f1feedd3e5,ACC-JV-2025-00095,P2,Journal Entry,Depreciation Entry,3,2025-10-31,2025-11-01 01:29:26.035075,batch.bot@meridian.example,5203 - Depreciation - MTC,5203,Depreciation,Expense,2158.33,0.0,,,1780 - Accumulated Depreciation - MTC,Warehouse - MTC,,Meridian Trading Co.
440d70c851,ACC-JV-2025-00096,P2,Journal Entry,Journal Entry,1,2025-10-31,2025-11-01 01:03:44.102855,batch.bot@meridian.example,5228 - Insurance Expense - MTC,5228,Insurance Expense,Expense,1450.0,0.0,,,1660 - Prepaid Expenses - MTC,Admin - MTC,,Meridian Trading Co.
96d3e05352,ACC-JV-2025-00096,P2,Journal Entry,Journal Entry,2,2025-10-31,2025-11-01 01:03:44.102855,batch.bot@meridian.example,1660 - Prepaid Expenses - MTC,1660,Prepaid Expenses,Asset,0.0,1450.0,,,5228 - Insurance Expense - MTC,Admin - MTC,,Meridian Trading Co.
301a5e938a,ACC-JV-2025-00097,P2,Journal Entry,Journal Entry,1,2025-10-31,2025-10-31 12:28:34.279948,controller@meridian.example,5217 - Utility Expenses - MTC,5217,Utility Expenses,Expense,1628.8,0.0,,,"5215 - Telephone Expenses - MTC, 5209 - Office Rent - MTC, 5217 - Utility Expenses - MTC",Sales Ops - MTC,,Meridian Trading Co.
32991ebf89,ACC-JV-2025-00097,P2,Journal Entry,Journal Entry,2,2025-10-31,2025-10-31 12:28:34.279948,controller@meridian.example,5217 - Utility Expenses - MTC,5217,Utility Expenses,Expense,0.0,2895.65,,,"5215 - Telephone Expenses - MTC, 5209 - Office Rent - MTC, 5217 - Utility Expenses - MTC",Admin - MTC,,Meridian Trading Co.
3b2bf79b97,ACC-JV-2025-00097,P2,Journal Entry,Journal Entry,3,2025-10-31,2025-10-31 12:28:34.279948,controller@meridian.example,5215 - Telephone Expenses - MTC,5215,Telephone Expenses,Expense,300.59,0.0,,,"5215 - Telephone Expenses - MTC, 5209 - Office Rent - MTC, 5217 - Utility Expenses - MTC",Warehouse - MTC,,Meridian Trading Co.
66b01b4f23,ACC-JV-2025-00097,P2,Journal Entry,Journal Entry,4,2025-10-31,2025-10-31 12:28:34.279948,controller@meridian.example,5215 - Telephone Expenses - MTC,5215,Telephone Expenses,Expense,0.0,687.07,,,"5215 - Telephone Expenses - MTC, 5209 - Office Rent - MTC, 5217 - Utility Expenses - MTC",Admin - MTC,,Meridian Trading Co.
7e99330fec,ACC-JV-2025-00097,P2,Journal Entry,Journal Entry,5,2025-10-31,2025-10-31 12:28:34.279948,controller@meridian.example,5217 - Utility Expenses - MTC,5217,Utility Expenses,Expense,1266.85,0.0,,,"5215 - Telephone Expenses - MTC, 5209 - Office Rent - MTC, 5217 - Utility Expenses - MTC",Warehouse - MTC,,Meridian Trading Co.
d9044d5fc0,ACC-JV-2025-00097,P2,Journal Entry,Journal Entry,6,2025-10-31,2025-10-31 12:28:34.279948,controller@meridian.example,5209 - Office Rent - MTC,5209,Office Rent,Expense,4679.06,0.0,,,"5215 - Telephone Expenses - MTC, 5209 - Office Rent - MTC, 5217 - Utility Expenses - MTC",Sales Ops - MTC,,Meridian Trading Co.
f055d0f979,ACC-JV-2025-00097,P2,Journal Entry,Journal Entry,7,2025-10-31,2025-10-31 12:28:34.279948,controller@meridian.example,5215 - Telephone Expenses - MTC,5215,Telephone Expenses,Expense,386.48,0.0,,,"5215 - Telephone Expenses - MTC, 5209 - Office Rent - MTC, 5217 - Utility Expenses - MTC",Sales Ops - MTC,,Meridian Trading Co.
f4667cbc1f,ACC-JV-2025-00097,P2,Journal Entry,Journal Entry,8,2025-10-31,2025-10-31 12:28:34.279948,controller@meridian.example,5209 - Office Rent - MTC,5209,Office Rent,Expense,3639.27,0.0,,,"5215 - Telephone Expenses - MTC, 5209 - Office Rent - MTC, 5217 - Utility Expenses - MTC",Warehouse - MTC,,Meridian Trading Co.
f6498e8883,ACC-JV-2025-00097,P2,Journal Entry,Journal Entry,9,2025-10-31,2025-10-31 12:28:34.279948,controller@meridian.example,5209 - Office Rent - MTC,5209,Office Rent,Expense,0.0,8318.33,,,"5215 - Telephone Expenses - MTC, 5209 - Office Rent - MTC, 5217 - Utility Expenses - MTC",Admin - MTC,,Meridian Trading Co.
bf3941f261,ACC-PAY-2025-00627,P2,Payment Entry,Payment Entry,1,2025-10-31,2025-10-31 12:07:55.357922,ap.clerk@meridian.example,1210 - Primary Checking - MTC,1210,Primary Checking,Asset,0.0,13293.21,,,Vulcan Materials Co,,Amount USD 13293.21 paid to Vulcan Materials Co | Transaction reference no ACH-25-00246 dated 2025-10-31 | Amount USD 13293.21 adjusted against Purchase Invoice ACC-PINV-2025-00246,Meridian Trading Co.
e0e73a160e,ACC-PAY-2025-00627,P2,Payment Entry,Payment Entry,2,2025-10-31,2025-10-31 12:07:55.357922,ap.clerk@meridian.example,2110 - Creditors - MTC,2110,Creditors,Liability,13293.21,0.0,Supplier,Vulcan Materials Co,1210 - Primary Checking - MTC,,Amount USD 13293.21 paid to Vulcan Materials Co | Transaction reference no ACH-25-00246 dated 2025-10-31 | Amount USD 13293.21 adjusted against Purchase Invoice ACC-PINV-2025-00246,Meridian Trading Co.
9dda2700fc,ACC-PAY-2025-00670,P2,Payment Entry,Payment Entry,1,2025-10-31,2025-10-31 15:52:18.828251,ar.clerk@meridian.example,1210 - Primary Checking - MTC,1210,Primary Checking,Asset,520.71,0.0,,,Redcedar Builders,,Amount USD 520.71 received from Redcedar Builders | Transaction reference no ACH-25-00522 dated 2025-10-31 | Amount USD 520.71 adjusted against Sales Invoice ACC-SINV-2025-00522,Meridian Trading Co.
ddfa53918b,ACC-PAY-2025-00670,P2,Payment Entry,Payment Entry,2,2025-10-31,2025-10-31 15:52:18.828251,ar.clerk@meridian.example,1310 - Debtors - MTC,1310,Debtors,Asset,0.0,520.71,Customer,Redcedar Builders,1210 - Primary Checking - MTC,,Amount USD 520.71 received from Redcedar Builders | Transaction reference no ACH-25-00522 dated 2025-10-31 | Amount USD 520.71 adjusted against Sales Invoice ACC-SINV-2025-00522,Meridian Trading Co.
97b33fc2c2,ACC-PAY-2025-00692,P2,Payment Entry,Payment Entry,1,2025-10-31,2025-10-31 17:43:41.295639,ar.clerk@meridian.example,1310 - Debtors - MTC,1310,Debtors,Asset,0.0,916.56,Customer,Marlowe Interiors,1210 - Primary Checking - MTC,,Amount USD 916.56 received from Marlowe Interiors | Transaction reference no ACH-25-00552 dated 2025-10-31 | Amount USD 916.56 adjusted against Sales Invoice ACC-SINV-2025-00552,Meridian Trading Co.
ac6a24919b,ACC-PAY-2025-00692,P2,Payment Entry,Payment Entry,2,2025-10-31,2025-10-31 17:43:41.295639,ar.clerk@meridian.example,1210 - Primary Checking - MTC,1210,Primary Checking,Asset,916.56,0.0,,,Marlowe Interiors,,Amount USD 916.56 received from Marlowe Interiors | Transaction reference no ACH-25-00552 dated 2025-10-31 | Amount USD 916.56 adjusted against Sales Invoice ACC-SINV-2025-00552,Meridian Trading Co.
2805b56312,ACC-PAY-2025-00697,P2,Payment Entry,Payment Entry,1,2025-10-31,2025-10-31 12:03:04.955493,ap.clerk@meridian.example,1210 - Primary Checking - MTC,1210,Primary Checking,Asset,0.0,13536.54,,,Orchard Wholesale,,Amount USD 13536.54 paid to Orchard Wholesale | Transaction reference no ACH-25-00265 dated 2025-10-31 | Amount USD 13536.54 adjusted against Purchase Invoice ACC-PINV-2025-00265,Meridian Trading Co.
e848fac289,ACC-PAY-2025-00697,P2,Payment Entry,Payment Entry,2,2025-10-31,2025-10-31 12:03:04.955493,ap.clerk@meridian.example,2110 - Creditors - MTC,2110,Creditors,Liability,13536.54,0.0,Supplier,Orchard Wholesale,1210 - Primary Checking - MTC,,Amount USD 13536.54 paid to Orchard Wholesale | Transaction reference no ACH-25-00265 dated 2025-10-31 | Amount USD 13536.54 adjusted against Purchase Invoice ACC-PINV-2025-00265,Meridian Trading Co.
710fec574d,ACC-PAY-2025-00715,P2,Payment Entry,Payment Entry,1,2025-10-31,2025-10-31 10:45:23.120408,ap.clerk@meridian.example,2110 - Creditors - MTC,2110,Creditors,Liability,11875.34,0.0,Supplier,Quill Marketing Group,1210 - Primary Checking - MTC,,Amount USD 11875.34 paid to Quill Marketing Group | Transaction reference no ACH-25-00285 dated 2025-10-31 | Amount USD 11875.34 adjusted against Purchase Invoice ACC-PINV-2025-00285,Meridian Trading Co.
d47a80b8b7,ACC-PAY-2025-00715,P2,Payment Entry,Payment Entry,2,2025-10-31,2025-10-31 10:45:23.120408,ap.clerk@meridian.example,1210 - Primary Checking - MTC,1210,Primary Checking,Asset,0.0,11875.34,,,Quill Marketing Group,,Amount USD 11875.34 paid to Quill Marketing Group | Transaction reference no ACH-25-00285 dated 2025-10-31 | Amount USD 11875.34 adjusted against Purchase Invoice ACC-PINV-2025-00285,Meridian Trading Co.
09d5958ade,ACC-PINV-2025-00266,P2,Purchase Invoice,Purchase Invoice,1,2025-10-31,2025-10-31 17:35:58.161122,ap.clerk@meridian.example,5111 - Cost of Goods Sold - MTC,5111,Cost of Goods Sold,Expense,16622.84,0.0,,,Orchard Wholesale,Warehouse - MTC,Orchard Wholesale October 2025 billing,Meridian Trading Co.
c28524c19c,ACC-PINV-2025-00266,P2,Purchase Invoice,Purchase Invoice,2,2025-10-31,2025-10-31 17:35:58.161122,ap.clerk@meridian.example,2110 - Creditors - MTC,2110,Creditors,Liability,0.0,16622.84,Supplier,Orchard Wholesale,5111 - Cost of Goods Sold - MTC,,Orchard Wholesale October 2025 billing,Meridian Trading Co.
4de5d005c7,ACC-PINV-2025-00287,P2,Purchase Invoice,Purchase Invoice,1,2025-10-31,2025-10-31 09:49:18.757533,ap.clerk@meridian.example,2110 - Creditors - MTC,2110,Creditors,Liability,0.0,6460.64,Supplier,Ironclad Security,5229 - Security Expenses - MTC,,Ironclad Security October 2025 billing,Meridian Trading Co.
b17334e268,ACC-PINV-2025-00287,P2,Purchase Invoice,Purchase Invoice,2,2025-10-31,2025-10-31 09:49:18.757533,ap.clerk@meridian.example,5229 - Security Expenses - MTC,5229,Security Expenses,Expense,6460.64,0.0,,,Ironclad Security,Admin - MTC,Ironclad Security October 2025 billing,Meridian Trading Co.
2b5b4a50d4,ACC-SINV-2025-00502,P2,Sales Invoice,Sales Invoice,1,2025-10-31,2025-10-31 17:23:08.845408,ar.clerk@meridian.example,ST 6% - MTC,,ST 6%,Liability,0.0,1622.66,,,Juniper & Co,Admin - MTC,Customer order Juniper & Co Oct 2025,Meridian Trading Co.
300501ca7a,ACC-SINV-2025-00502,P2,Sales Invoice,Sales Invoice,2,2025-10-31,2025-10-31 17:23:08.845408,ar.clerk@meridian.example,1310 - Debtors - MTC,1310,Debtors,Asset,28667.03,0.0,Customer,Juniper & Co,"4120 - Service - MTC,4110 - Sales - MTC",,Customer order Juniper & Co Oct 2025,Meridian Trading Co.
4d7f584c0d,ACC-SINV-2025-00502,P2,Sales Invoice,Sales Invoice,3,2025-10-31,2025-10-31 17:23:08.845408,ar.clerk@meridian.example,4120 - Service - MTC,4120,Service,Income,0.0,7710.78,,,Juniper & Co,Sales Ops - MTC,Customer order Juniper & Co Oct 2025,Meridian Trading Co.
6f53ab3eee,ACC-SINV-2025-00502,P2,Sales Invoice,Sales Invoice,4,2025-10-31,2025-10-31 17:23:08.845408,ar.clerk@meridian.example,4110 - Sales - MTC,4110,Sales,Income,0.0,1923.54,,,Juniper & Co,Sales Ops - MTC,Customer order Juniper & Co Oct 2025,Meridian Trading Co.
c24c0433cb,ACC-SINV-2025-00502,P2,Sales Invoice,Sales Invoice,5,2025-10-31,2025-10-31 17:23:08.845408,ar.clerk@meridian.example,4120 - Service - MTC,4120,Service,Income,0.0,17410.05,,,Juniper & Co,Warehouse - MTC,Customer order Juniper & Co Oct 2025,Meridian Trading Co.
47b81745cc,ACC-SINV-2025-00514,P2,Sales Invoice,Sales Invoice,1,2025-10-31,2025-10-31 13:19:42.252835,ar.clerk@meridian.example,4130 - Freight Income - MTC,4130,Freight Income,Income,0.0,1947.64,,,Cascade Outfitters,Admin - MTC,Customer order Cascade Outfitters Oct 2025,Meridian Trading Co.
5bfee0d706,ACC-SINV-2025-00514,P2,Sales Invoice,Sales Invoice,2,2025-10-31,2025-10-31 13:19:42.252835,ar.clerk@meridian.example,1310 - Debtors - MTC,1310,Debtors,Asset,3703.43,0.0,Customer,Cascade Outfitters,"4110 - Sales - MTC,4130 - Freight Income - MTC",,Customer order Cascade Outfitters Oct 2025,Meridian Trading Co.
94a7cd0953,ACC-SINV-2025-00514,P2,Sales Invoice,Sales Invoice,3,2025-10-31,2025-10-31 13:19:42.252835,ar.clerk@meridian.example,4110 - Sales - MTC,4110,Sales,Income,0.0,1246.8,,,Cascade Outfitters,Warehouse - MTC,Customer order Cascade Outfitters Oct 2025,Meridian Trading Co.
dfeacccc75,ACC-SINV-2025-00514,P2,Sales Invoice,Sales Invoice,4,2025-10-31,2025-10-31 13:19:42.252835,ar.clerk@meridian.example,4110 - Sales - MTC,4110,Sales,Income,0.0,299.36,,,Cascade Outfitters,Sales Ops - MTC,Customer order Cascade Outfitters Oct 2025,Meridian Trading Co.
f476fcc62e,ACC-SINV-2025-00514,P2,Sales Invoice,Sales Invoice,5,2025-10-31,2025-10-31 13:19:42.252835,ar.clerk@meridian.example,ST 6% - MTC,,ST 6%,Liability,0.0,209.63,,,Cascade Outfitters,Admin - MTC,Customer order Cascade Outfitters Oct 2025,Meridian Trading Co.
3c8483ac61,ACC-PAY-2025-00644,P2,Payment Entry,Payment Entry,1,2025-11-01,2025-11-03 17:14:43.617009,ap.clerk@meridian.example,2110 - Creditors - MTC,2110,Creditors,Liability,9648.14,0.0,Supplier,Sterling Equipment Leasing,1210 - Primary Checking - MTC,,Amount USD 9648.14 paid to Sterling Equipment Leasing | Transaction reference no ACH-25-00263 dated 2025-11-01 | Amount USD 9648.14 adjusted against Purchase Invoice ACC-PINV-2025-00263,Meridian Trading Co.
a12f53c72a,ACC-PAY-2025-00644,P2,Payment Entry,Payment Entry,2,2025-11-01,2025-11-03 17:14:43.617009,ap.clerk@meridian.example,1210 - Primary Checking - MTC,1210,Primary Checking,Asset,0.0,9648.14,,,Sterling Equipment Leasing,,Amount USD 9648.14 paid to Sterling Equipment Leasing | Transaction reference no ACH-25-00263 dated 2025-11-01 | Amount USD 9648.14 adjusted against Purchase Invoice ACC-PINV-2025-00263,Meridian Trading Co.
45afdd0816,ACC-PAY-2025-00693,P2,Payment Entry,Payment Entry,1,2025-11-01,2025-11-03 08:25:12.047610,ar.clerk@meridian.example,1210 - Primary Checking - MTC,1210,Primary Checking,Asset,2444.66,0.0,,,Redcedar Builders,,Amount USD 2444.66 received from Redcedar Builders | Transaction reference no ACH-25-00553 dated 2025-11-01 | Amount USD 2444.66 adjusted against Sales Invoice ACC-SINV-2025-00553,Meridian Trading Co.
6ddec5b11c,ACC-PAY-2025-00693,P2,Payment Entry,Payment Entry,2,2025-11-01,2025-11-03 08:25:12.047610,ar.clerk@meridian.example,1310 - Debtors - MTC,1310,Debtors,Asset,0.0,2444.66,Customer,Redcedar Builders,1210 - Primary Checking - MTC,,Amount USD 2444.66 received from Redcedar Builders | Transaction reference no ACH-25-00553 dated 2025-11-01 | Amount USD 2444.66 adjusted against Sales Invoice ACC-SINV-2025-00553,Meridian Trading Co.
2d5476146f,ACC-PAY-2025-00588,P2,Payment Entry,Payment Entry,1,2025-11-02,2025-11-03 08:09:56.789798,ar.clerk@meridian.example,1210 - Primary Checking - MTC,1210,Primary Checking,Asset,3012.83,0.0,,,Marlowe Interiors,,Amount USD 3012.83 received from Marlowe Interiors | Transaction reference no ACH-25-00448 dated 2025-11-02 | Amount USD 3012.83 adjusted against Sales Invoice ACC-SINV-2025-00448,Meridian Trading Co.
dbcd1272d9,ACC-PAY-2025-00588,P2,Payment Entry,Payment Entry,2,2025-11-02,2025-11-03 08:09:56.789798,ar.clerk@meridian.example,1310 - Debtors - MTC,1310,Debtors,Asset,0.0,3012.83,Customer,Marlowe Interiors,1210 - Primary Checking - MTC,,Amount USD 3012.83 received from Marlowe Interiors | Transaction reference no ACH-25-00448 dated 2025-11-02 | Amount USD 3012.83 adjusted against Sales Invoice ACC-SINV-2025-00448,Meridian Trading Co.
833d0acf87,ACC-PAY-2025-00592,P2,Payment Entry,Payment Entry,1,2025-11-02,2025-11-03 12:28:35.148626,ar.clerk@meridian.example,1310 - Debtors - MTC,1310,Debtors,Asset,0.0,22116.06,Customer,Cascade Outfitters,1210 - Primary Checking - MTC,,Amount USD 22116.06 received from Cascade Outfitters | Transaction reference no ACH-25-00453 dated 2025-11-02 | Amount USD 22116.06 adjusted against Sales Invoice ACC-SINV-2025-00453,Meridian Trading Co.
d6aa4b957a,ACC-PAY-2025-00592,P2,Payment Entry,Payment Entry,2,2025-11-02,2025-11-03 12:28:35.148626,ar.clerk@meridian.example,1210 - Primary Checking - MTC,1210,Primary Checking,Asset,22116.06,0.0,,,Cascade Outfitters,,Amount USD 22116.06 received from Cascade Outfitters | Transaction reference no ACH-25-00453 dated 2025-11-02 | Amount USD 22116.06 adjusted against Sales Invoice ACC-SINV-2025-00453,Meridian Trading Co.
a84d21f718,ACC-PAY-2025-00710,P2,Payment Entry,Payment Entry,1,2025-11-02,2025-11-03 15:13:43.805863,ap.clerk@meridian.example,1210 - Primary Checking - MTC,1210,Primary Checking,Asset,0.0,10576.47,,,Stateside Insurance,,Amount USD 10576.47 paid to Stateside Insurance | Transaction reference no ACH-25-00279 dated 2025-11-02 | Amount USD 10576.47 adjusted against Purchase Invoice ACC-PINV-2025-00279,Meridian Trading Co.
f21b65f493,ACC-PAY-2025-00710,P2,Payment Entry,Payment Entry,2,2025-11-02,2025-11-03 15:13:43.805863,ap.clerk@meridian.example,2110 - Creditors - MTC,2110,Creditors,Liability,10576.47,0.0,Supplier,Stateside Insurance,1210 - Primary Checking - MTC,,Amount USD 10576.47 paid to Stateside Insurance | Transaction reference no ACH-25-00279 dated 2025-11-02 | Amount USD 10576.47 adjusted against Purchase Invoice ACC-PINV-2025-00279,Meridian Trading Co.
16c9d164f0,ACC-JV-2025-00094,P2,Journal Entry,Bank Entry,1,2025-11-03,2025-11-04 02:31:35.664561,batch.bot@meridian.example,2120 - Payroll Payable - MTC,2120,Payroll Payable,Liability,45627.88,0.0,,,1210 - Primary Checking - MTC,Admin - MTC,Reference #REF-20251103 dated 11-03-2025,Meridian Trading Co.
8e0bc830ec,ACC-JV-2025-00094,P2,Journal Entry,Bank Entry,2,2025-11-03,2025-11-04 02:31:35.664561,batch.bot@meridian.example,1210 - Primary Checking - MTC,1210,Primary Checking,Asset,0.0,45627.88,,,2120 - Payroll Payable - MTC,Admin - MTC,Reference #REF-20251103 dated 11-03-2025,Meridian Trading Co.
437d4e66b2,ACC-PAY-2025-00666,P2,Payment Entry,Payment Entry,1,2025-11-03,2025-11-03 16:01:12.038533,ar.clerk@meridian.example,1310 - Debtors - MTC,1310,Debtors,Asset,0.0,13467.97,Customer,Summit Rentals,1210 - Primary Checking - MTC,,Amount USD 13467.97 received from Summit Rentals | Transaction reference no ACH-25-00518 dated 2025-11-03 | Amount USD 13467.97 adjusted against Sales Invoice ACC-SINV-2025-00518,Meridian Trading Co.
6afa293dda,ACC-PAY-2025-00666,P2,Payment Entry,Payment Entry,2,2025-11-03,2025-11-03 16:01:12.038533,ar.clerk@meridian.example,1210 - Primary Checking - MTC,1210,Primary Checking,Asset,13467.97,0.0,,,Summit Rentals,,Amount USD 13467.97 received from Summit Rentals | Transaction reference no ACH-25-00518 dated 2025-11-03 | Amount USD 13467.97 adjusted against Sales Invoice ACC-SINV-2025-00518,Meridian Trading Co.
5b9ae1b725,ACC-PAY-2025-00714,P2,Payment Entry,Payment Entry,1,2025-11-03,2025-11-03 17:52:48.106891,ap.clerk@meridian.example,1210 - Primary Checking - MTC,1210,Primary Checking,Asset,0.0,1716.62,,,Quill Marketing Group,,Amount USD 1716.62 paid to Quill Marketing Group | Transaction reference no ACH-25-00284 dated 2025-11-03 | Amount USD 1716.62 adjusted against Purchase Invoice ACC-PINV-2025-00284,Meridian Trading Co.
e464fe1df6,ACC-PAY-2025-00714,P2,Payment Entry,Payment Entry,2,2025-11-03,2025-11-03 17:52:48.106891,ap.clerk@meridian.example,2110 - Creditors - MTC,2110,Creditors,Liability,1716.62,0.0,Supplier,Quill Marketing Group,1210 - Primary Checking - MTC,,Amount USD 1716.62 paid to Quill Marketing Group | Transaction reference no ACH-25-00284 dated 2025-11-03 | Amount USD 1716.62 adjusted against Purchase Invoice ACC-PINV-2025-00284,Meridian Trading Co.
54e490522c,ACC-SINV-2025-00559,P2,Sales Invoice,Sales Invoice,1,2025-11-03,2025-11-03 17:52:42.660977,ar.clerk@meridian.example,4110 - Sales - MTC,4110,Sales,Income,0.0,1976.68,,,Juniper & Co,Sales Ops - MTC,Customer order Juniper & Co Nov 2025,Meridian Trading Co.
754bf4879c,ACC-SINV-2025-00559,P2,Sales Invoice,Sales Invoice,2,2025-11-03,2025-11-03 17:52:42.660977,ar.clerk@meridian.example,1310 - Debtors - MTC,1310,Debtors,Asset,2095.28,0.0,Customer,Juniper & Co,4110 - Sales - MTC,,Customer order Juniper & Co Nov 2025,Meridian Trading Co.
f80ed16bff,ACC-SINV-2025-00559,P2,Sales Invoice,Sales Invoice,3,2025-11-03,2025-11-03 17:52:42.660977,ar.clerk@meridian.example,ST 6% - MTC,,ST 6%,Liability,0.0,118.6,,,Juniper & Co,Admin - MTC,Customer order Juniper & Co Nov 2025,Meridian Trading Co.
1cadb5e233,ACC-SINV-2025-00585,P2,Sales Invoice,Sales Invoice,1,2025-11-03,2025-11-03 16:02:29.757269,ar.clerk@meridian.example,4110 - Sales - MTC,4110,Sales,Income,0.0,1200.0,,,Timberline Schools,Warehouse - MTC,Customer order Timberline Schools Nov 2025,Meridian Trading Co.
1fb0c5d4f8,ACC-SINV-2025-00585,P2,Sales Invoice,Sales Invoice,2,2025-11-03,2025-11-03 16:02:29.757269,ar.clerk@meridian.example,1310 - Debtors - MTC,1310,Debtors,Asset,1200.0,0.0,Customer,Timberline Schools,4110 - Sales - MTC,,Customer order Timberline Schools Nov 2025,Meridian Trading Co.
11a63ea15a,ACC-SINV-2025-00594,P2,Sales Invoice,Sales Invoice,1,2025-11-03,2025-11-03 11:54:58.970793,ar.clerk@meridian.example,4110 - Sales - MTC,4110,Sales,Income,0.0,1089.02,,,Cascade Outfitters,Sales Ops - MTC,Customer order Cascade Outfitters Nov 2025,Meridian Trading Co.
59ba61d82f,ACC-SINV-2025-00594,P2,Sales Invoice,Sales Invoice,2,2025-11-03,2025-11-03 11:54:58.970793,ar.clerk@meridian.example,4120 - Service - MTC,4120,Service,Income,0.0,7431.2,,,Cascade Outfitters,Sales Ops - MTC,Customer order Cascade Outfitters Nov 2025,Meridian Trading Co.
5b5a08eff4,ACC-SINV-2025-00594,P2,Sales Invoice,Sales Invoice,3,2025-11-03,2025-11-03 11:54:58.970793,ar.clerk@meridian.example,ST 6% - MTC,,ST 6%,Liability,0.0,511.21,,,Cascade Outfitters,Admin - MTC,Customer order Cascade Outfitters Nov 2025,Meridian Trading Co.
9df59bd016,ACC-SINV-2025-00594,P2,Sales Invoice,Sales Invoice,4,2025-11-03,2025-11-03 11:54:58.970793,ar.clerk@meridian.example,1310 - Debtors - MTC,1310,Debtors,Asset,9031.43,0.0,Customer,Cascade Outfitters,"4120 - Service - MTC,4110 - Sales - MTC",,Customer order Cascade Outfitters Nov 2025,Meridian Trading Co.
004a84981f,ACC-SINV-2025-00604,P2,Sales Invoice,Sales Invoice,1,2025-11-03,2025-11-03 09:19:35.244429,ar.clerk@meridian.example,ST 6% - MTC,,ST 6%,Liability,0.0,67.25,,,Juniper & Co,Admin - MTC,Customer order Juniper & Co Nov 2025,Meridian Trading Co.
01be23f66b,ACC-SINV-2025-00604,P2,Sales Invoice,Sales Invoice,2,2025-11-03,2025-11-03 09:19:35.244429,ar.clerk@meridian.example,1310 - Debtors - MTC,1310,Debtors,Asset,1188.05,0.0,Customer,Juniper & Co,"4140 - Installation Revenue - MTC,4110 - Sales - MTC",,Customer order Juniper & Co Nov 2025,Meridian Trading Co.
36116baae1,ACC-SINV-2025-00604,P2,Sales Invoice,Sales Invoice,3,2025-11-03,2025-11-03 09:19:35.244429,ar.clerk@meridian.example,4110 - Sales - MTC,4110,Sales,Income,0.0,171.24,,,Juniper & Co,Warehouse - MTC,Customer order Juniper & Co Nov 2025,Meridian Trading Co.
808b705a34,ACC-SINV-2025-00604,P2,Sales Invoice,Sales Invoice,4,2025-11-03,2025-11-03 09:19:35.244429,ar.clerk@meridian.example,4140 - Installation Revenue - MTC,4140,Installation Revenue,Income,0.0,949.56,,,Juniper & Co,Sales Ops - MTC,Customer order Juniper & Co Nov 2025,Meridian Trading Co.
812e489e15,ACC-PAY-2025-00624,P2,Payment Entry,Payment Entry,1,2025-11-04,2025-11-04 10:38:34.335293,ap.clerk@meridian.example,2110 - Creditors - MTC,2110,Creditors,Liability,18267.77,0.0,Supplier,Vulcan Materials Co,1210 - Primary Checking - MTC,,Amount USD 18267.77 paid to Vulcan Materials Co | Transaction reference no ACH-25-00243 dated 2025-11-04 | Amount USD 18267.77 adjusted against Purchase Invoice ACC-PINV-2025-00243,Meridian Trading Co.
b1e10d1966,ACC-PAY-2025-00624,P2,Payment Entry,Payment Entry,2,2025-11-04,2025-11-04 10:38:34.335293,ap.clerk@meridian.example,1210 - Primary Checking - MTC,1210,Primary Checking,Asset,0.0,18267.77,,,Vulcan Materials Co,,Amount USD 18267.77 paid to Vulcan Materials Co | Transaction reference no ACH-25-00243 dated 2025-11-04 | Amount USD 18267.77 adjusted against Purchase Invoice ACC-PINV-2025-00243,Meridian Trading Co.
cfc4cee189,ACC-PAY-2025-00629,P2,Payment Entry,Payment Entry,1,2025-11-04,2025-11-04 17:14:44.560892,ap.clerk@meridian.example,1210 - Primary Checking - MTC,1210,Primary Checking,Asset,0.0,3215.1,,,Beacon Freight,,Amount USD 3215.1 paid to Beacon Freight | Transaction reference no ACH-25-00248 dated 2025-11-04 | Amount USD 3215.1 adjusted against Purchase Invoice ACC-PINV-2025-00248,Meridian Trading Co.
feb0593d73,ACC-PAY-2025-00629,P2,Payment Entry,Payment Entry,2,2025-11-04,2025-11-04 17:14:44.560892,ap.clerk@meridian.example,2110 - Creditors - MTC,2110,Creditors,Liability,3215.1,0.0,Supplier,Beacon Freight,1210 - Primary Checking - MTC,,Amount USD 3215.1 paid to Beacon Freight | Transaction reference no ACH-25-00248 dated 2025-11-04 | Amount USD 3215.1 adjusted against Purchase Invoice ACC-PINV-2025-00248,Meridian Trading Co.
735e80349a,ACC-PAY-2025-00687,P2,Payment Entry,Payment Entry,1,2025-11-04,2025-11-04 14:47:06.139658,ar.clerk@meridian.example,1310 - Debtors - MTC,1310,Debtors,Asset,0.0,797.02,Customer,Ferrous Works,1210 - Primary Checking - MTC,,Amount USD 797.02 received from Ferrous Works | Transaction reference no ACH-25-00545 dated 2025-11-04 | Amount USD 797.02 adjusted against Sales Invoice ACC-SINV-2025-00545,Meridian Trading Co.
767bd5a404,ACC-PAY-2025-00687,P2,Payment Entry,Payment Entry,2,2025-11-04,2025-11-04 14:47:06.139658,ar.clerk@meridian.example,1210 - Primary Checking - MTC,1210,Primary Checking,Asset,797.02,0.0,,,Ferrous Works,,Amount USD 797.02 received from Ferrous Works | Transaction reference no ACH-25-00545 dated 2025-11-04 | Amount USD 797.02 adjusted against Sales Invoice ACC-SINV-2025-00545,Meridian Trading Co.
2392e68c44,ACC-PINV-2025-00300,P2,Purchase Invoice,Purchase Invoice,1,2025-11-04,2025-11-04 12:14:10.784064,ap.clerk@meridian.example,5205 - Freight and Forwarding Charges - MTC,5205,Freight and Forwarding Charges,Expense,16298.32,0.0,,,Beacon Freight,Admin - MTC,Beacon Freight November 2025 billing,Meridian Trading Co.
2bb4788c8e,ACC-PINV-2025-00300,P2,Purchase Invoice,Purchase Invoice,2,2025-11-04,2025-11-04 12:14:10.784064,ap.clerk@meridian.example,2110 - Creditors - MTC,2110,Creditors,Liability,0.0,16298.32,Supplier,Beacon Freight,5205 - Freight and Forwarding Charges - MTC,,Beacon Freight November 2025 billing,Meridian Trading Co.
6158895672,ACC-PINV-2025-00303,P2,Purchase Invoice,Purchase Invoice,1,2025-11-04,2025-11-04 17:35:14.229018,ap.clerk@meridian.example,2110 - Creditors - MTC,2110,Creditors,Liability,0.0,17099.76,Supplier,Cobalt IT Services,5230 - IT and Software Expenses - MTC,,Cobalt IT Services November 2025 billing,Meridian Trading Co.
bdb2edba57,ACC-PINV-2025-00303,P2,Purchase Invoice,Purchase Invoice,2,2025-11-04,2025-11-04 17:35:14.229018,ap.clerk@meridian.example,5230 - IT and Software Expenses - MTC,5230,IT and Software Expenses,Expense,17099.76,0.0,,,Cobalt IT Services,Admin - MTC,Cobalt IT Services November 2025 billing,Meridian Trading Co.
233fc7c1d7,ACC-SINV-2025-00563,P2,Sales Invoice,Sales Invoice,1,2025-11-04,2025-11-04 16:27:55.016394,ar.clerk@meridian.example,4110 - Sales - MTC,4110,Sales,Income,0.0,737.08,,,Cascade Outfitters,Sales Ops - MTC,Customer order Cascade Outfitters Nov 2025,Meridian Trading Co.
2ab5c2985a,ACC-SINV-2025-00563,P2,Sales Invoice,Sales Invoice,2,2025-11-04,2025-11-04 16:27:55.016394,ar.clerk@meridian.example,1310 - Debtors - MTC,1310,Debtors,Asset,781.3,0.0,Customer,Cascade Outfitters,4110 - Sales - MTC,,Customer order Cascade Outfitters Nov 2025,Meridian Trading Co.
fe0797d433,ACC-SINV-2025-00563,P2,Sales Invoice,Sales Invoice,3,2025-11-04,2025-11-04 16:27:55.016394,ar.clerk@meridian.example,ST 6% - MTC,,ST 6%,Liability,0.0,44.22,,,Cascade Outfitters,Admin - MTC,Customer order Cascade Outfitters Nov 2025,Meridian Trading Co.
2a27e8f449,ACC-SINV-2025-00568,P2,Sales Invoice,Sales Invoice,1,2025-11-04,2025-11-04 16:29:55.323461,ar.clerk@meridian.example,4130 - Freight Income - MTC,4130,Freight Income,Income,0.0,1424.1,,,Bluepine Hardware,Admin - MTC,Customer order Bluepine Hardware Nov 2025,Meridian Trading Co.
cafafa0c28,ACC-SINV-2025-00568,P2,Sales Invoice,Sales Invoice,2,2025-11-04,2025-11-04 16:29:55.323461,ar.clerk@meridian.example,4120 - Service - MTC,4120,Service,Income,0.0,4327.14,,,Bluepine Hardware,Warehouse - MTC,Customer order Bluepine Hardware Nov 2025,Meridian Trading Co.
dc285c9bd9,ACC-SINV-2025-00568,P2,Sales Invoice,Sales Invoice,3,2025-11-04,2025-11-04 16:29:55.323461,ar.clerk@meridian.example,1310 - Debtors - MTC,1310,Debtors,Asset,6096.31,0.0,Customer,Bluepine Hardware,"4130 - Freight Income - MTC,4120 - Service - MTC",,Customer order Bluepine Hardware Nov 2025,Meridian Trading Co.
ee638f9f8a,ACC-SINV-2025-00568,P2,Sales Invoice,Sales Invoice,4,2025-11-04,2025-11-04 16:29:55.323461,ar.clerk@meridian.example,ST 6% - MTC,,ST 6%,Liability,0.0,345.07,,,Bluepine Hardware,Admin - MTC,Customer order Bluepine Hardware Nov 2025,Meridian Trading Co.
6f3844ec05,ACC-SINV-2025-00587,P2,Sales Invoice,Sales Invoice,1,2025-11-04,2025-11-04 15:26:09.891395,ar.clerk@meridian.example,4130 - Freight Income - MTC,4130,Freight Income,Income,0.0,1082.52,,,Galehouse Media,Admin - MTC,Customer order Galehouse Media Nov 2025,Meridian Trading Co.
a6039bf7d5,ACC-SINV-2025-00587,P2,Sales Invoice,Sales Invoice,2,2025-11-04,2025-11-04 15:26:09.891395,ar.clerk@meridian.example,ST 6% - MTC,,ST 6%,Liability,0.0,80.51,,,Galehouse Media,Admin - MTC,Customer order Galehouse Media Nov 2025,Meridian Trading Co.
c1a6a18fac,ACC-SINV-2025-00587,P2,Sales Invoice,Sales Invoice,3,2025-11-04,2025-11-04 15:26:09.891395,ar.clerk@meridian.example,4110 - Sales - MTC,4110,Sales,Income,0.0,259.36,,,Galehouse Media,Warehouse - MTC,Customer order Galehouse Media Nov 2025,Meridian Trading Co.
cbb4f1a7cc,ACC-SINV-2025-00587,P2,Sales Invoice,Sales Invoice,4,2025-11-04,2025-11-04 15:26:09.891395,ar.clerk@meridian.example,1310 - Debtors - MTC,1310,Debtors,Asset,1422.39,0.0,Customer,Galehouse Media,"4110 - Sales - MTC,4130 - Freight Income - MTC",,Customer order Galehouse Media Nov 2025,Meridian Trading Co.
488285b4e2,ACC-SINV-2025-00590,P2,Sales Invoice,Sales Invoice,1,2025-11-04,2025-11-04 13:12:36.141141,ar.clerk@meridian.example,ST 6% - MTC,,ST 6%,Liability,0.0,52.38,,,Ferrous Works,Admin - MTC,Customer order Ferrous Works Nov 2025,Meridian Trading Co.
8fb53755a5,ACC-SINV-2025-00590,P2,Sales Invoice,Sales Invoice,2,2025-11-04,2025-11-04 13:12:36.141141,ar.clerk@meridian.example,1310 - Debtors - MTC,1310,Debtors,Asset,925.34,0.0,Customer,Ferrous Works,4110 - Sales - MTC,,Customer order Ferrous Works Nov 2025,Meridian Trading Co.
c935d489c4,ACC-SINV-2025-00590,P2,Sales Invoice,Sales Invoice,3,2025-11-04,2025-11-04 13:12:36.141141,ar.clerk@meridian.example,4110 - Sales - MTC,4110,Sales,Income,0.0,65.8,,,Ferrous Works,Warehouse - MTC,Customer order Ferrous Works Nov 2025,Meridian Trading Co.
f90fb75d85,ACC-SINV-2025-00590,P2,Sales Invoice,Sales Invoice,4,2025-11-04,2025-11-04 13:12:36.141141,ar.clerk@meridian.example,4110 - Sales - MTC,4110,Sales,Income,0.0,807.16,,,Ferrous Works,Sales Ops - MTC,Customer order Ferrous Works Nov 2025,Meridian Trading Co.
386c1db182,ACC-SINV-2025-00591,P2,Sales Invoice,Sales Invoice,1,2025-11-04,2025-11-04 10:20:07.632586,ar.clerk@meridian.example,4110 - Sales - MTC,4110,Sales,Income,0.0,674.88,,,Northwind Retail,Warehouse - MTC,Customer order Northwind Retail Nov 2025,Meridian Trading Co.
6adc1ce1d5,ACC-SINV-2025-00591,P2,Sales Invoice,Sales Invoice,2,2025-11-04,2025-11-04 10:20:07.632586,ar.clerk@meridian.example,ST 6% - MTC,,ST 6%,Liability,0.0,130.85,,,Northwind Retail,Admin - MTC,Customer order Northwind Retail Nov 2025,Meridian Trading Co.
adbb1e2f0a,ACC-SINV-2025-00591,P2,Sales Invoice,Sales Invoice,3,2025-11-04,2025-11-04 10:20:07.632586,ar.clerk@meridian.example,4110 - Sales - MTC,4110,Sales,Income,0.0,1505.88,,,Northwind Retail,Sales Ops - MTC,Customer order Northwind Retail Nov 2025,Meridian Trading Co.
e89d2f3230,ACC-SINV-2025-00591,P2,Sales Invoice,Sales Invoice,4,2025-11-04,2025-11-04 10:20:07.632586,ar.clerk@meridian.example,1310 - Debtors - MTC,1310,Debtors,Asset,2311.61,0.0,Customer,Northwind Retail,4110 - Sales - MTC,,Customer order Northwind Retail Nov 2025,Meridian Trading Co.
00993b0828,ACC-SINV-2025-00598,P2,Sales Invoice,Sales Invoice,1,2025-11-04,2025-11-04 08:15:55.684946,ar.clerk@meridian.example,4110 - Sales - MTC,4110,Sales,Income,0.0,540.0,,,Halstrom Supply,Warehouse - MTC,Customer order Halstrom Supply Nov 2025,Meridian Trading Co.
038afa3ca8,ACC-SINV-2025-00598,P2,Sales Invoice,Sales Invoice,2,2025-11-04,2025-11-04 08:15:55.684946,ar.clerk@meridian.example,1310 - Debtors - MTC,1310,Debtors,Asset,3003.57,0.0,Customer,Halstrom Supply,4110 - Sales - MTC,,Customer order Halstrom Supply Nov 2025,Meridian Trading Co.
3b79930ce0,ACC-SINV-2025-00598,P2,Sales Invoice,Sales Invoice,3,2025-11-04,2025-11-04 08:15:55.684946,ar.clerk@meridian.example,ST 6% - MTC,,ST 6%,Liability,0.0,170.01,,,Halstrom Supply,Admin - MTC,Customer order Halstrom Supply Nov 2025,Meridian Trading Co.
d845aa970b,ACC-SINV-2025-00598,P2,Sales Invoice,Sales Invoice,4,2025-11-04,2025-11-04 08:15:55.684946,ar.clerk@meridian.example,4110 - Sales - MTC,4110,Sales,Income,0.0,2293.56,,,Halstrom Supply,Sales Ops - MTC,Customer order Halstrom Supply Nov 2025,Meridian Trading Co.
1b34e28a42,ACC-SINV-2025-00600,P2,Sales Invoice,Sales Invoice,1,2025-11-04,2025-11-04 13:30:25.917951,ar.clerk@meridian.example,4110 - Sales - MTC,4110,Sales,Income,0.0,2266.6,,,Cascade Outfitters,Sales Ops - MTC,Customer order Cascade Outfitters Nov 2025,Meridian Trading Co.
5f195f25f2,ACC-SINV-2025-00600,P2,Sales Invoice,Sales Invoice,2,2025-11-04,2025-11-04 13:30:25.917951,ar.clerk@meridian.example,4130 - Freight Income - MTC,4130,Freight Income,Income,0.0,404.8,,,Cascade Outfitters,Admin - MTC,Customer order Cascade Outfitters Nov 2025,Meridian Trading Co.
6455c7af26,ACC-SINV-2025-00600,P2,Sales Invoice,Sales Invoice,3,2025-11-04,2025-11-04 13:30:25.917951,ar.clerk@meridian.example,ST 6% - MTC,,ST 6%,Liability,0.0,201.96,,,Cascade Outfitters,Admin - MTC,Customer order Cascade Outfitters Nov 2025,Meridian Trading Co.
d52eb8c643,ACC-SINV-2025-00600,P2,Sales Invoice,Sales Invoice,4,2025-11-04,2025-11-04 13:30:25.917951,ar.clerk@meridian.example,4110 - Sales - MTC,4110,Sales,Income,0.0,694.68,,,Cascade Outfitters,Warehouse - MTC,Customer order Cascade Outfitters Nov 2025,Meridian Trading Co.
f2d0621293,ACC-SINV-2025-00600,P2,Sales Invoice,Sales Invoice,5,2025-11-04,2025-11-04 13:30:25.917951,ar.clerk@meridian.example,1310 - Debtors - MTC,1310,Debtors,Asset,3568.04,0.0,Customer,Cascade Outfitters,"4130 - Freight Income - MTC,4110 - Sales - MTC",,Customer order Cascade Outfitters Nov 2025,Meridian Trading Co.
38dabdf0a4,ACC-PAY-2025-00631,P2,Payment Entry,Payment Entry,1,2025-11-05,2025-11-05 18:01:14.762745,ap.clerk@meridian.example,1210 - Primary Checking - MTC,1210,Primary Checking,Asset,0.0,11936.1,,,Beacon Freight,,Amount USD 11936.1 paid to Beacon Freight | Transaction reference no ACH-25-00250 dated 2025-11-05 | Amount USD 11936.1 adjusted against Purchase Invoice ACC-PINV-2025-00250,Meridian Trading Co.
fe817c7c68,ACC-PAY-2025-00631,P2,Payment Entry,Payment Entry,2,2025-11-05,2025-11-05 18:01:14.762745,ap.clerk@meridian.example,2110 - Creditors - MTC,2110,Creditors,Liability,11936.1,0.0,Supplier,Beacon Freight,1210 - Primary Checking - MTC,,Amount USD 11936.1 paid to Beacon Freight | Transaction reference no ACH-25-00250 dated 2025-11-05 | Amount USD 11936.1 adjusted against Purchase Invoice ACC-PINV-2025-00250,Meridian Trading Co.
7b215793eb,ACC-PAY-2025-00683,P2,Payment Entry,Payment Entry,1,2025-11-05,2025-11-05 10:49:31.639907,ar.clerk@meridian.example,1310 - Debtors - MTC,1310,Debtors,Asset,0.0,4007.51,Customer,Juniper & Co,1210 - Primary Checking - MTC,,Amount USD 4007.51 received from Juniper & Co | Transaction reference no ACH-25-00539 dated 2025-11-05 | Amount USD 4007.51 adjusted against Sales Invoice ACC-SINV-2025-00539,Meridian Trading Co.
9bce9c5397,ACC-PAY-2025-00683,P2,Payment Entry,Payment Entry,2,2025-11-05,2025-11-05 10:49:31.639907,ar.clerk@meridian.example,1210 - Primary Checking - MTC,1210,Primary Checking,Asset,4007.51,0.0,,,Juniper & Co,,Amount USD 4007.51 received from Juniper & Co | Transaction reference no ACH-25-00539 dated 2025-11-05 | Amount USD 4007.51 adjusted against Sales Invoice ACC-SINV-2025-00539,Meridian Trading Co.
e0883f4bd7,ACC-PINV-2025-00291,P2,Purchase Invoice,Purchase Invoice,1,2025-11-05,2025-11-05 14:33:56.236683,ap.clerk@meridian.example,2110 - Creditors - MTC,2110,Creditors,Liability,0.0,5239.13,Supplier,Orchard Wholesale,5111 - Cost of Goods Sold - MTC,,Orchard Wholesale November 2025 billing,Meridian Trading Co.
fca18946c9,ACC-PINV-2025-00291,P2,Purchase Invoice,Purchase Invoice,2,2025-11-05,2025-11-05 14:33:56.236683,ap.clerk@meridian.example,5111 - Cost of Goods Sold - MTC,5111,Cost of Goods Sold,Expense,5239.13,0.0,,,Orchard Wholesale,Warehouse - MTC,Orchard Wholesale November 2025 billing,Meridian Trading Co.
7aca72f166,ACC-PINV-2025-00298,P2,Purchase Invoice,Purchase Invoice,1,2025-11-05,2025-11-05 14:32:29.327409,ap.clerk@meridian.example,5111 - Cost of Goods Sold - MTC,5111,Cost of Goods Sold,Expense,2374.26,0.0,,,Vulcan Materials Co,Warehouse - MTC,Vulcan Materials Co November 2025 billing,Meridian Trading Co.
fe40b95690,ACC-PINV-2025-00298,P2,Purchase Invoice,Purchase Invoice,2,2025-11-05,2025-11-05 14:32:29.327409,ap.clerk@meridian.example,2110 - Creditors - MTC,2110,Creditors,Liability,0.0,2374.26,Supplier,Vulcan Materials Co,5111 - Cost of Goods Sold - MTC,,Vulcan Materials Co November 2025 billing,Meridian Trading Co.
3b81159a80,ACC-PINV-2025-00299,P2,Purchase Invoice,Purchase Invoice,1,2025-11-05,2025-11-05 10:05:02.770615,ap.clerk@meridian.example,2110 - Creditors - MTC,2110,Creditors,Liability,0.0,2915.77,Supplier,Beacon Freight,5205 - Freight and Forwarding Charges - MTC,,Beacon Freight November 2025 billing,Meridian Trading Co.
725496ed31,ACC-PINV-2025-00299,P2,Purchase Invoice,Purchase Invoice,2,2025-11-05,2025-11-05 10:05:02.770615,ap.clerk@meridian.example,5205 - Freight and Forwarding Charges - MTC,5205,Freight and Forwarding Charges,Expense,2915.77,0.0,,,Beacon Freight,Admin - MTC,Beacon Freight November 2025 billing,Meridian Trading Co.
0c7a3a4f31,ACC-SINV-2025-00582,P2,Sales Invoice,Sales Invoice,1,2025-11-05,2025-11-12 13:32:37.676234,ar.clerk@meridian.example,1310 - Debtors - MTC,1310,Debtors,Asset,1121.94,0.0,Customer,Ferrous Works,4110 - Sales - MTC,,Customer order Ferrous Works Nov 2025,Meridian Trading Co.
175264fa2d,ACC-SINV-2025-00582,P2,Sales Invoice,Sales Invoice,2,2025-11-05,2025-11-12 13:32:37.676234,ar.clerk@meridian.example,4110 - Sales - MTC,4110,Sales,Income,0.0,883.68,,,Ferrous Works,Sales Ops - MTC,Customer order Ferrous Works Nov 2025,Meridian Trading Co.
58abe90714,ACC-SINV-2025-00582,P2,Sales Invoice,Sales Invoice,3,2025-11-05,2025-11-12 13:32:37.676234,ar.clerk@meridian.example,ST 6% - MTC,,ST 6%,Liability,0.0,63.51,,,Ferrous Works,Admin - MTC,Customer order Ferrous Works Nov 2025,Meridian Trading Co.
9133ad57dd,ACC-SINV-2025-00582,P2,Sales Invoice,Sales Invoice,4,2025-11-05,2025-11-12 13:32:37.676234,ar.clerk@meridian.example,4110 - Sales - MTC,4110,Sales,Income,0.0,174.75,,,Ferrous Works,Warehouse - MTC,Customer order Ferrous Works Nov 2025,Meridian Trading Co.
7a38ae85fd,ACC-SINV-2025-00589,P2,Sales Invoice,Sales Invoice,1,2025-11-05,2025-11-05 14:57:12.652132,ar.clerk@meridian.example,4110 - Sales - MTC,4110,Sales,Income,0.0,1879.12,,,Timberline Schools,Sales Ops - MTC,Customer order Timberline Schools Nov 2025,Meridian Trading Co.
94e57e9f14,ACC-SINV-2025-00589,P2,Sales Invoice,Sales Invoice,2,2025-11-05,2025-11-05 14:57:12.652132,ar.clerk@meridian.example,1310 - Debtors - MTC,1310,Debtors,Asset,1879.12,0.0,Customer,Timberline Schools,4110 - Sales - MTC,,Customer order Timberline Schools Nov 2025,Meridian Trading Co.
2062ff02c0,ACC-SINV-2025-00592,P2,Sales Invoice,Sales Invoice,1,2025-11-05,2025-11-05 11:16:50.862905,ar.clerk@meridian.example,4110 - Sales - MTC,4110,Sales,Income,0.0,283.44,,,Cascade Outfitters,Warehouse - MTC,Customer order Cascade Outfitters Nov 2025,Meridian Trading Co.
3def6240d6,ACC-SINV-2025-00592,P2,Sales Invoice,Sales Invoice,2,2025-11-05,2025-11-05 11:16:50.862905,ar.clerk@meridian.example,4110 - Sales - MTC,4110,Sales,Income,0.0,390.55,,,Cascade Outfitters,Sales Ops - MTC,Customer order Cascade Outfitters Nov 2025,Meridian Trading Co.
6f7108b046,ACC-SINV-2025-00592,P2,Sales Invoice,Sales Invoice,3,2025-11-05,2025-11-05 11:16:50.862905,ar.clerk@meridian.example,1310 - Debtors - MTC,1310,Debtors,Asset,2022.43,0.0,Customer,Cascade Outfitters,"4110 - Sales - MTC,4130 - Freight Income - MTC",,Customer order Cascade Outfitters Nov 2025,Meridian Trading Co.
ae985e0c35,ACC-SINV-2025-00592,P2,Sales Invoice,Sales Invoice,4,2025-11-05,2025-11-05 11:16:50.862905,ar.clerk@meridian.example,ST 6% - MTC,,ST 6%,Liability,0.0,114.48,,,Cascade Outfitters,Admin - MTC,Customer order Cascade Outfitters Nov 2025,Meridian Trading Co.
b96360f3ea,ACC-SINV-2025-00592,P2,Sales Invoice,Sales Invoice,5,2025-11-05,2025-11-05 11:16:50.862905,ar.clerk@meridian.example,4130 - Freight Income - MTC,4130,Freight Income,Income,0.0,1233.96,,,Cascade Outfitters,Admin - MTC,Customer order Cascade Outfitters Nov 2025,Meridian Trading Co.
3b7b962ead,ACC-PAY-2025-00685,P2,Payment Entry,Payment Entry,1,2025-11-06,2025-11-06 12:50:38.861644,ar.clerk@meridian.example,1310 - Debtors - MTC,1310,Debtors,Asset,0.0,137.99,Customer,Timberline Schools,1210 - Primary Checking - MTC,,Amount USD 137.99 received from Timberline Schools | Transaction reference no ACH-25-00541 dated 2025-11-06 | Amount USD 137.99 adjusted against Sales Invoice ACC-SINV-2025-00541,Meridian Trading Co.
576e925e5b,ACC-PAY-2025-00685,P2,Payment Entry,Payment Entry,2,2025-11-06,2025-11-06 12:50:38.861644,ar.clerk@meridian.example,1210 - Primary Checking - MTC,1210,Primary Checking,Asset,137.99,0.0,,,Timberline Schools,,Amount USD 137.99 received from Timberline Schools | Transaction reference no ACH-25-00541 dated 2025-11-06 | Amount USD 137.99 adjusted against Sales Invoice ACC-SINV-2025-00541,Meridian Trading Co.
09ed869007,ACC-PAY-2025-00703,P2,Payment Entry,Payment Entry,1,2025-11-06,2025-11-06 18:29:24.904907,ap.clerk@meridian.example,1210 - Primary Checking - MTC,1210,Primary Checking,Asset,0.0,2104.29,,,Vulcan Materials Co,,Amount USD 2104.29 paid to Vulcan Materials Co | Transaction reference no ACH-25-00272 dated 2025-11-06 | Amount USD 2104.29 adjusted against Purchase Invoice ACC-PINV-2025-00272,Meridian Trading Co.
107c12cbe0,ACC-PAY-2025-00703,P2,Payment Entry,Payment Entry,2,2025-11-06,2025-11-06 18:29:24.904907,ap.clerk@meridian.example,2110 - Creditors - MTC,2110,Creditors,Liability,2104.29,0.0,Supplier,Vulcan Materials Co,1210 - Primary Checking - MTC,,Amount USD 2104.29 paid to Vulcan Materials Co | Transaction reference no ACH-25-00272 dated 2025-11-06 | Amount USD 2104.29 adjusted against Purchase Invoice ACC-PINV-2025-00272,Meridian Trading Co.
457755d008,ACC-PAY-2025-00706,P2,Payment Entry,Payment Entry,1,2025-11-06,2025-11-06 09:33:36.083652,ap.clerk@meridian.example,1210 - Primary Checking - MTC,1210,Primary Checking,Asset,0.0,7254.5,,,Beacon Freight,,Amount USD 7254.5 paid to Beacon Freight | Transaction reference no ACH-25-00275 dated 2025-11-06 | Amount USD 7254.5 adjusted against Purchase Invoice ACC-PINV-2025-00275,Meridian Trading Co.
bcbf95b641,ACC-PAY-2025-00706,P2,Payment Entry,Payment Entry,2,2025-11-06,2025-11-06 09:33:36.083652,ap.clerk@meridian.example,2110 - Creditors - MTC,2110,Creditors,Liability,7254.5,0.0,Supplier,Beacon Freight,1210 - Primary Checking - MTC,,Amount USD 7254.5 paid to Beacon Freight | Transaction reference no ACH-25-00275 dated 2025-11-06 | Amount USD 7254.5 adjusted against Purchase Invoice ACC-PINV-2025-00275,Meridian Trading Co.
5182c1339b,ACC-PINV-2025-00292,P2,Purchase Invoice,Purchase Invoice,1,2025-11-06,2025-11-06 15:38:09.203819,ap.clerk@meridian.example,5111 - Cost of Goods Sold - MTC,5111,Cost of Goods Sold,Expense,14385.34,0.0,,,Orchard Wholesale,Warehouse - MTC,Orchard Wholesale November 2025 billing,Meridian Trading Co.
6ad403cc87,ACC-PINV-2025-00292,P2,Purchase Invoice,Purchase Invoice,2,2025-11-06,2025-11-06 15:38:09.203819,ap.clerk@meridian.example,2110 - Creditors - MTC,2110,Creditors,Liability,0.0,14385.34,Supplier,Orchard Wholesale,5111 - Cost of Goods Sold - MTC,,Orchard Wholesale November 2025 billing,Meridian Trading Co.
1ad7e35c4b,ACC-PINV-2025-00293,P2,Purchase Invoice,Purchase Invoice,1,2025-11-06,2025-11-06 16:47:00.143601,ap.clerk@meridian.example,2110 - Creditors - MTC,2110,Creditors,Liability,0.0,12850.74,Supplier,Orchard Wholesale,5111 - Cost of Goods Sold - MTC,,Orchard Wholesale November 2025 billing,Meridian Trading Co.
cc1acc3172,ACC-PINV-2025-00293,P2,Purchase Invoice,Purchase Invoice,2,2025-11-06,2025-11-06 16:47:00.143601,ap.clerk@meridian.example,5111 - Cost of Goods Sold - MTC,5111,Cost of Goods Sold,Expense,12850.74,0.0,,,Orchard Wholesale,Warehouse - MTC,Orchard Wholesale November 2025 billing,Meridian Trading Co.
5d096bdeb9,ACC-SINV-2025-00579,P2,Sales Invoice,Sales Invoice,1,2025-11-06,2025-11-06 15:40:10.727551,ar.clerk@meridian.example,ST 6% - MTC,,ST 6%,Liability,0.0,434.78,,,Marlowe Interiors,Admin - MTC,Customer order Marlowe Interiors Nov 2025,Meridian Trading Co.
8e1493543e,ACC-SINV-2025-00579,P2,Sales Invoice,Sales Invoice,2,2025-11-06,2025-11-06 15:40:10.727551,ar.clerk@meridian.example,4120 - Service - MTC,4120,Service,Income,0.0,7246.4,,,Marlowe Interiors,Warehouse - MTC,Customer order Marlowe Interiors Nov 2025,Meridian Trading Co.
ad144a1a69,ACC-SINV-2025-00579,P2,Sales Invoice,Sales Invoice,3,2025-11-06,2025-11-06 15:40:10.727551,ar.clerk@meridian.example,1310 - Debtors - MTC,1310,Debtors,Asset,7681.18,0.0,Customer,Marlowe Interiors,4120 - Service - MTC,,Customer order Marlowe Interiors Nov 2025,Meridian Trading Co.
6ce7264d8d,ACC-SINV-2025-00596,P2,Sales Invoice,Sales Invoice,1,2025-11-06,2025-11-06 08:08:15.531958,ar.clerk@meridian.example,4110 - Sales - MTC,4110,Sales,Income,0.0,1558.4,,,Northwind Retail,Sales Ops - MTC,Customer order Northwind Retail Nov 2025,Meridian Trading Co.
79834ba7b7,ACC-SINV-2025-00596,P2,Sales Invoice,Sales Invoice,2,2025-11-06,2025-11-06 08:08:15.531958,ar.clerk@meridian.example,ST 6% - MTC,,ST 6%,Liability,0.0,93.5,,,Northwind Retail,Admin - MTC,Customer order Northwind Retail Nov 2025,Meridian Trading Co.
7fe6efaae8,ACC-SINV-2025-00596,P2,Sales Invoice,Sales Invoice,3,2025-11-06,2025-11-06 08:08:15.531958,ar.clerk@meridian.example,1310 - Debtors - MTC,1310,Debtors,Asset,1651.9,0.0,Customer,Northwind Retail,4110 - Sales - MTC,,Customer order Northwind Retail Nov 2025,Meridian Trading Co.
59c558ffcd,ACC-PINV-2025-00313,P2,Purchase Invoice,Purchase Invoice,1,2025-11-07,2025-11-07 11:21:12.008538,ap.clerk@meridian.example,2110 - Creditors - MTC,2110,Creditors,Liability,0.0,7486.11,Supplier,Ironclad Security,5229 - Security Expenses - MTC,,Ironclad Security November 2025 billing,Meridian Trading Co.
fce6d263e6,ACC-PINV-2025-00313,P2,Purchase Invoice,Purchase Invoice,2,2025-11-07,2025-11-07 11:21:12.008538,ap.clerk@meridian.example,5229 - Security Expenses - MTC,5229,Security Expenses,Expense,7486.11,0.0,,,Ironclad Security,Admin - MTC,Ironclad Security November 2025 billing,Meridian Trading Co.
5c9c94bae1,ACC-PAY-2025-00642,P2,Payment Entry,Payment Entry,1,2025-11-08,2025-11-10 12:06:48.429982,ap.clerk@meridian.example,2110 - Creditors - MTC,2110,Creditors,Liability,11461.24,0.0,Supplier,Ironclad Security,1210 - Primary Checking - MTC,,Amount USD 11461.24 paid to Ironclad Security | Transaction reference no ACH-25-00261 dated 2025-11-08 | Amount USD 11461.24 adjusted against Purchase Invoice ACC-PINV-2025-00261,Meridian Trading Co.
99fb7e9ae3,ACC-PAY-2025-00642,P2,Payment Entry,Payment Entry,2,2025-11-08,2025-11-10 12:06:48.429982,ap.clerk@meridian.example,1210 - Primary Checking - MTC,1210,Primary Checking,Asset,0.0,11461.24,,,Ironclad Security,,Amount USD 11461.24 paid to Ironclad Security | Transaction reference no ACH-25-00261 dated 2025-11-08 | Amount USD 11461.24 adjusted against Purchase Invoice ACC-PINV-2025-00261,Meridian Trading Co.
6bb877e46a,ACC-PAY-2025-00660,P2,Payment Entry,Payment Entry,1,2025-11-08,2025-11-10 16:03:21.144920,ar.clerk@meridian.example,1310 - Debtors - MTC,1310,Debtors,Asset,0.0,1570.02,Customer,Pactrail Sports,1210 - Primary Checking - MTC,,Amount USD 1570.02 received from Pactrail Sports | Transaction reference no ACH-25-00510 dated 2025-11-08 | Amount USD 1570.02 adjusted against Sales Invoice ACC-SINV-2025-00510,Meridian Trading Co.
9146e331d3,ACC-PAY-2025-00660,P2,Payment Entry,Payment Entry,2,2025-11-08,2025-11-10 16:03:21.144920,ar.clerk@meridian.example,1210 - Primary Checking - MTC,1210,Primary Checking,Asset,1570.02,0.0,,,Pactrail Sports,,Amount USD 1570.02 received from Pactrail Sports | Transaction reference no ACH-25-00510 dated 2025-11-08 | Amount USD 1570.02 adjusted against Sales Invoice ACC-SINV-2025-00510,Meridian Trading Co.
089514f2c7,ACC-PAY-2025-00662,P2,Payment Entry,Payment Entry,1,2025-11-08,2025-11-10 14:05:15.618920,ar.clerk@meridian.example,1310 - Debtors - MTC,1310,Debtors,Asset,0.0,3204.71,Customer,Cascade Outfitters,1210 - Primary Checking - MTC,,Amount USD 3204.71 received from Cascade Outfitters | Transaction reference no ACH-25-00514 dated 2025-11-08 | Amount USD 3204.71 adjusted against Sales Invoice ACC-SINV-2025-00514,Meridian Trading Co.
f53e4036ed,ACC-PAY-2025-00662,P2,Payment Entry,Payment Entry,2,2025-11-08,2025-11-10 14:05:15.618920,ar.clerk@meridian.example,1210 - Primary Checking - MTC,1210,Primary Checking,Asset,3204.71,0.0,,,Cascade Outfitters,,Amount USD 3204.71 received from Cascade Outfitters | Transaction reference no ACH-25-00514 dated 2025-11-08 | Amount USD 3204.71 adjusted against Sales Invoice ACC-SINV-2025-00514,Meridian Trading Co.
6c5cee986c,ACC-PAY-2025-00721,P2,Payment Entry,Payment Entry,1,2025-11-09,2025-11-10 16:09:31.833807,ar.clerk@meridian.example,1310 - Debtors - MTC,1310,Debtors,Asset,0.0,2095.28,Customer,Juniper & Co,1210 - Primary Checking - MTC,,Amount USD 2095.28 received from Juniper & Co | Transaction reference no ACH-25-00559 dated 2025-11-09 | Amount USD 2095.28 adjusted against Sales Invoice ACC-SINV-2025-00559,Meridian Trading Co.
dc1583b78d,ACC-PAY-2025-00721,P2,Payment Entry,Payment Entry,2,2025-11-09,2025-11-10 16:09:31.833807,ar.clerk@meridian.example,1210 - Primary Checking - MTC,1210,Primary Checking,Asset,2095.28,0.0,,,Juniper & Co,,Amount USD 2095.28 received from Juniper & Co | Transaction reference no ACH-25-00559 dated 2025-11-09 | Amount USD 2095.28 adjusted against Sales Invoice ACC-SINV-2025-00559,Meridian Trading Co.
3d56e1fcc6,ACC-PAY-2025-00640,P2,Payment Entry,Payment Entry,1,2025-11-10,2025-11-10 10:44:55.304431,ap.clerk@meridian.example,2110 - Creditors - MTC,2110,Creditors,Liability,10593.85,0.0,Supplier,Quill Marketing Group,1210 - Primary Checking - MTC,,Amount USD 10593.85 paid to Quill Marketing Group | Transaction reference no ACH-25-00259 dated 2025-11-10 | Amount USD 10593.85 adjusted against Purchase Invoice ACC-PINV-2025-00259,Meridian Trading Co.
d3d9f4ec43,ACC-PAY-2025-00640,P2,Payment Entry,Payment Entry,2,2025-11-10,2025-11-10 10:44:55.304431,ap.clerk@meridian.example,1210 - Primary Checking - MTC,1210,Primary Checking,Asset,0.0,10593.85,,,Quill Marketing Group,,Amount USD 10593.85 paid to Quill Marketing Group | Transaction reference no ACH-25-00259 dated 2025-11-10 | Amount USD 10593.85 adjusted against Purchase Invoice ACC-PINV-2025-00259,Meridian Trading Co.
1170955194,ACC-PAY-2025-00695,P2,Payment Entry,Payment Entry,1,2025-11-10,2025-11-10 10:54:51.258902,ar.clerk@meridian.example,1310 - Debtors - MTC,1310,Debtors,Asset,0.0,3881.67,Customer,Galehouse Media,1210 - Primary Checking - MTC,,Amount USD 3881.67 received from Galehouse Media | Transaction reference no ACH-25-00555 dated 2025-11-10 | Amount USD 3881.67 adjusted against Sales Invoice ACC-SINV-2025-00555,Meridian Trading Co.
d182f0f962,ACC-PAY-2025-00695,P2,Payment Entry,Payment Entry,2,2025-11-10,2025-11-10 10:54:51.258902,ar.clerk@meridian.example,1210 - Primary Checking - MTC,1210,Primary Checking,Asset,3881.67,0.0,,,Galehouse Media,,Amount USD 3881.67 received from Galehouse Media | Transaction reference no ACH-25-00555 dated 2025-11-10 | Amount USD 3881.67 adjusted against Sales Invoice ACC-SINV-2025-00555,Meridian Trading Co.
30cb177188,ACC-PAY-2025-00702,P2,Payment Entry,Payment Entry,1,2025-11-10,2025-11-10 17:48:00.650373,ap.clerk@meridian.example,1210 - Primary Checking - MTC,1210,Primary Checking,Asset,0.0,4866.88,,,Vulcan Materials Co,,Amount USD 4866.88 paid to Vulcan Materials Co | Transaction reference no ACH-25-00271 dated 2025-11-10 | Amount USD 4866.88 adjusted against Purchase Invoice ACC-PINV-2025-00271,Meridian Trading Co.
3a91b7dbf2,ACC-PAY-2025-00702,P2,Payment Entry,Payment Entry,2,2025-11-10,2025-11-10 17:48:00.650373,ap.clerk@meridian.example,2110 - Creditors - MTC,2110,Creditors,Liability,4866.88,0.0,Supplier,Vulcan Materials Co,1210 - Primary Checking - MTC,,Amount USD 4866.88 paid to Vulcan Materials Co | Transaction reference no ACH-25-00271 dated 2025-11-10 | Amount USD 4866.88 adjusted against Purchase Invoice ACC-PINV-2025-00271,Meridian Trading Co.
0bf225c9c7,ACC-PAY-2025-00720,P2,Payment Entry,Payment Entry,1,2025-11-10,2025-11-10 14:39:08.684442,ap.clerk@meridian.example,1210 - Primary Checking - MTC,1210,Primary Checking,Asset,0.0,4522.63,,,Granite Janitorial,,Amount USD 4522.63 paid to Granite Janitorial | Transaction reference no ACH-25-00290 dated 2025-11-10 | Amount USD 4522.63 adjusted against Purchase Invoice ACC-PINV-2025-00290,Meridian Trading Co.
6b74dd3541,ACC-PAY-2025-00720,P2,Payment Entry,Payment Entry,2,2025-11-10,2025-11-10 14:39:08.684442,ap.clerk@meridian.example,2110 - Creditors - MTC,2110,Creditors,Liability,4522.63,0.0,Supplier,Granite Janitorial,1210 - Primary Checking - MTC,,Amount USD 4522.63 paid to Granite Janitorial | Transaction reference no ACH-25-00290 dated 2025-11-10 | Amount USD 4522.63 adjusted against Purchase Invoice ACC-PINV-2025-00290,Meridian Trading Co.
18803688f4,ACC-PINV-2025-00312,P2,Purchase Invoice,Purchase Invoice,1,2025-11-10,2025-11-10 17:19:18.442631,ap.clerk@meridian.example,5207 - Marketing Expenses - MTC,5207,Marketing Expenses,Expense,13941.92,0.0,,,Quill Marketing Group,Admin - MTC,Quill Marketing Group November 2025 billing,Meridian Trading Co.
330dd3d4be,ACC-PINV-2025-00312,P2,Purchase Invoice,Purchase Invoice,2,2025-11-10,2025-11-10 17:19:18.442631,ap.clerk@meridian.example,2110 - Creditors - MTC,2110,Creditors,Liability,0.0,13941.92,Supplier,Quill Marketing Group,5207 - Marketing Expenses - MTC,,Quill Marketing Group November 2025 billing,Meridian Trading Co.
6831cd7544,ACC-PAY-2025-00669,P2,Payment Entry,Payment Entry,1,2025-11-11,2025-11-11 15:32:23.858226,ar.clerk@meridian.example,1210 - Primary Checking - MTC,1210,Primary Checking,Asset,2673.16,0.0,,,Halstrom Supply,,Amount USD 2673.16 received from Halstrom Supply | Transaction reference no ACH-25-00521 dated 2025-11-11 | Amount USD 2673.16 adjusted against Sales Invoice ACC-SINV-2025-00521,Meridian Trading Co.
e03c09d622,ACC-PAY-2025-00669,P2,Payment Entry,Payment Entry,2,2025-11-11,2025-11-11 15:32:23.858226,ar.clerk@meridian.example,1310 - Debtors - MTC,1310,Debtors,Asset,0.0,2673.16,Customer,Halstrom Supply,1210 - Primary Checking - MTC,,Amount USD 2673.16 received from Halstrom Supply | Transaction reference no ACH-25-00521 dated 2025-11-11 | Amount USD 2673.16 adjusted against Sales Invoice ACC-SINV-2025-00521,Meridian Trading Co.
b93e420765,ACC-PAY-2025-00673,P2,Payment Entry,Payment Entry,1,2025-11-11,2025-11-11 11:13:00.224251,ar.clerk@meridian.example,1310 - Debtors - MTC,1310,Debtors,Asset,0.0,18395.78,Customer,Timberline Schools,1210 - Primary Checking - MTC,,Amount USD 18395.78 received from Timberline Schools | Transaction reference no ACH-25-00525 dated 2025-11-11 | Amount USD 18395.78 adjusted against Sales Invoice ACC-SINV-2025-00525,Meridian Trading Co.
cf0786696b,ACC-PAY-2025-00673,P2,Payment Entry,Payment Entry,2,2025-11-11,2025-11-11 11:13:00.224251,ar.clerk@meridian.example,1210 - Primary Checking - MTC,1210,Primary Checking,Asset,18395.78,0.0,,,Timberline Schools,,Amount USD 18395.78 received from Timberline Schools | Transaction reference no ACH-25-00525 dated 2025-11-11 | Amount USD 18395.78 adjusted against Sales Invoice ACC-SINV-2025-00525,Meridian Trading Co.
5ee876d075,ACC-PAY-2025-00696,P2,Payment Entry,Payment Entry,1,2025-11-11,2025-11-11 09:11:02.586703,ar.clerk@meridian.example,1210 - Primary Checking - MTC,1210,Primary Checking,Asset,2470.37,0.0,,,Northwind Retail,,Amount USD 2470.37 received from Northwind Retail | Transaction reference no ACH-25-00556 dated 2025-11-11 | Amount USD 2470.37 adjusted against Sales Invoice ACC-SINV-2025-00556,Meridian Trading Co.
7bd0bbe13a,ACC-PAY-2025-00696,P2,Payment Entry,Payment Entry,2,2025-11-11,2025-11-11 09:11:02.586703,ar.clerk@meridian.example,1310 - Debtors - MTC,1310,Debtors,Asset,0.0,2470.37,Customer,Northwind Retail,1210 - Primary Checking - MTC,,Amount USD 2470.37 received from Northwind Retail | Transaction reference no ACH-25-00556 dated 2025-11-11 | Amount USD 2470.37 adjusted against Sales Invoice ACC-SINV-2025-00556,Meridian Trading Co.
57e2b55f09,ACC-PINV-2025-00305,P2,Purchase Invoice,Purchase Invoice,1,2025-11-11,2025-11-11 16:44:17.525061,ap.clerk@meridian.example,5228 - Insurance Expense - MTC,5228,Insurance Expense,Expense,529.43,0.0,,,Stateside Insurance,Admin - MTC,Stateside Insurance November 2025 billing,Meridian Trading Co.
63fa9b875e,ACC-PINV-2025-00305,P2,Purchase Invoice,Purchase Invoice,2,2025-11-11,2025-11-11 16:44:17.525061,ap.clerk@meridian.example,2110 - Creditors - MTC,2110,Creditors,Liability,0.0,529.43,Supplier,Stateside Insurance,5228 - Insurance Expense - MTC,,Stateside Insurance November 2025 billing,Meridian Trading Co.
80d63b1c8a,ACC-SINV-2025-00564,P2,Sales Invoice,Sales Invoice,1,2025-11-11,2025-11-11 18:22:55.963410,ar.clerk@meridian.example,4120 - Service - MTC,4120,Service,Income,0.0,839.36,,,Ovation Events,Warehouse - MTC,Customer order Ovation Events Nov 2025,Meridian Trading Co.
cd88ddc69c,ACC-SINV-2025-00564,P2,Sales Invoice,Sales Invoice,2,2025-11-11,2025-11-11 18:22:55.963410,ar.clerk@meridian.example,1310 - Debtors - MTC,1310,Debtors,Asset,1694.54,0.0,Customer,Ovation Events,"4120 - Service - MTC,4110 - Sales - MTC",,Customer order Ovation Events Nov 2025,Meridian Trading Co.
d7069985a0,ACC-SINV-2025-00564,P2,Sales Invoice,Sales Invoice,3,2025-11-11,2025-11-11 18:22:55.963410,ar.clerk@meridian.example,4110 - Sales - MTC,4110,Sales,Income,0.0,855.18,,,Ovation Events,Sales Ops - MTC,Customer order Ovation Events Nov 2025,Meridian Trading Co.
19e05469ae,ACC-SINV-2025-00581,P2,Sales Invoice,Sales Invoice,1,2025-11-11,2025-11-11 10:53:10.872646,ar.clerk@meridian.example,1310 - Debtors - MTC,1310,Debtors,Asset,14695.33,0.0,Customer,Halstrom Supply,4120 - Service - MTC,,Customer order Halstrom Supply Nov 2025,Meridian Trading Co.
538b9034cb,ACC-SINV-2025-00581,P2,Sales Invoice,Sales Invoice,2,2025-11-11,2025-11-11 10:53:10.872646,ar.clerk@meridian.example,ST 6% - MTC,,ST 6%,Liability,0.0,831.81,,,Halstrom Supply,Admin - MTC,Customer order Halstrom Supply Nov 2025,Meridian Trading Co.
b5cc5aab91,ACC-SINV-2025-00581,P2,Sales Invoice,Sales Invoice,3,2025-11-11,2025-11-11 10:53:10.872646,ar.clerk@meridian.example,4120 - Service - MTC,4120,Service,Income,0.0,13863.52,,,Halstrom Supply,Admin - MTC,Customer order Halstrom Supply Nov 2025,Meridian Trading Co.
1a68bd5c3c,ACC-SINV-2025-00584,P2,Sales Invoice,Sales Invoice,1,2025-11-11,2025-11-11 12:44:10.881170,ar.clerk@meridian.example,4110 - Sales - MTC,4110,Sales,Income,0.0,1467.0,,,Ovation Events,Warehouse - MTC,Customer order Ovation Events Nov 2025,Meridian Trading Co.
6ce37ab489,ACC-SINV-2025-00584,P2,Sales Invoice,Sales Invoice,2,2025-11-11,2025-11-11 12:44:10.881170,ar.clerk@meridian.example,1310 - Debtors - MTC,1310,Debtors,Asset,1467.0,0.0,Customer,Ovation Events,4110 - Sales - MTC,,Customer order Ovation Events Nov 2025,Meridian Trading Co.
477b34685e,ACC-SINV-2025-00593,P2,Sales Invoice,Sales Invoice,1,2025-11-11,2025-11-11 16:21:42.201226,ar.clerk@meridian.example,4110 - Sales - MTC,4110,Sales,Income,0.0,2737.02,,,Bluepine Hardware,Sales Ops - MTC,Customer order Bluepine Hardware Nov 2025,Meridian Trading Co.
5cf233a606,ACC-SINV-2025-00593,P2,Sales Invoice,Sales Invoice,2,2025-11-11,2025-11-11 16:21:42.201226,ar.clerk@meridian.example,1310 - Debtors - MTC,1310,Debtors,Asset,2901.24,0.0,Customer,Bluepine Hardware,4110 - Sales - MTC,,Customer order Bluepine Hardware Nov 2025,Meridian Trading Co.
e52079e2ae,ACC-SINV-2025-00593,P2,Sales Invoice,Sales Invoice,3,2025-11-11,2025-11-11 16:21:42.201226,ar.clerk@meridian.example,ST 6% - MTC,,ST 6%,Liability,0.0,164.22,,,Bluepine Hardware,Admin - MTC,Customer order Bluepine Hardware Nov 2025,Meridian Trading Co.
9445aa0cb9,ACC-PAY-2025-00656,P2,Payment Entry,Payment Entry,1,2025-11-12,2025-11-12 17:18:42.797530,ar.clerk@meridian.example,1210 - Primary Checking - MTC,1210,Primary Checking,Asset,582.79,0.0,,,Redcedar Builders,,Amount USD 582.79 received from Redcedar Builders | Transaction reference no ACH-25-00506 dated 2025-11-12 | Amount USD 582.79 adjusted against Sales Invoice ACC-SINV-2025-00506,Meridian Trading Co.
ec556325dd,ACC-PAY-2025-00656,P2,Payment Entry,Payment Entry,2,2025-11-12,2025-11-12 17:18:42.797530,ar.clerk@meridian.example,1310 - Debtors - MTC,1310,Debtors,Asset,0.0,582.79,Customer,Redcedar Builders,1210 - Primary Checking - MTC,,Amount USD 582.79 received from Redcedar Builders | Transaction reference no ACH-25-00506 dated 2025-11-12 | Amount USD 582.79 adjusted against Sales Invoice ACC-SINV-2025-00506,Meridian Trading Co.
07b235618e,ACC-PINV-2025-00314,P2,Purchase Invoice,Purchase Invoice,1,2025-11-12,2025-11-12 11:59:26.379787,ap.clerk@meridian.example,2110 - Creditors - MTC,2110,Creditors,Liability,0.0,9091.51,Supplier,Sterling Equipment Leasing,"5227 - Equipment Lease Expense - MTC,5209 - Office Rent - MTC",,Sterling Equipment Leasing November 2025 billing,Meridian Trading Co.
b30238ebbf,ACC-PINV-2025-00314,P2,Purchase Invoice,Purchase Invoice,2,2025-11-12,2025-11-12 11:59:26.379787,ap.clerk@meridian.example,5227 - Equipment Lease Expense - MTC,5227,Equipment Lease Expense,Expense,8562.27,0.0,,,Sterling Equipment Leasing,Admin - MTC,Sterling Equipment Leasing November 2025 billing,Meridian Trading Co.
f57d7920f2,ACC-PINV-2025-00314,P2,Purchase Invoice,Purchase Invoice,3,2025-11-12,2025-11-12 11:59:26.379787,ap.clerk@meridian.example,5209 - Office Rent - MTC,5209,Office Rent,Expense,529.24,0.0,,,Sterling Equipment Leasing,Admin - MTC,Sterling Equipment Leasing November 2025 billing,Meridian Trading Co.
524e49d08e,ACC-SINV-2025-00586,P2,Sales Invoice,Sales Invoice,1,2025-11-12,2025-11-14 09:48:27.923768,ar.clerk@meridian.example,4130 - Freight Income - MTC,4130,Freight Income,Income,0.0,1269.6,,,Kestrel Foods,Admin - MTC,Customer order Kestrel Foods Nov 2025,Meridian Trading Co.
60a76cbd0a,ACC-SINV-2025-00586,P2,Sales Invoice,Sales Invoice,2,2025-11-12,2025-11-14 09:48:27.923768,ar.clerk@meridian.example,4120 - Service - MTC,4120,Service,Income,0.0,7525.6,,,Kestrel Foods,Sales Ops - MTC,Customer order Kestrel Foods Nov 2025,Meridian Trading Co.
c08b439805,ACC-SINV-2025-00586,P2,Sales Invoice,Sales Invoice,3,2025-11-12,2025-11-14 09:48:27.923768,ar.clerk@meridian.example,4110 - Sales - MTC,4110,Sales,Income,0.0,738.18,,,Kestrel Foods,Sales Ops - MTC,Customer order Kestrel Foods Nov 2025,Meridian Trading Co.
e415b4299c,ACC-SINV-2025-00586,P2,Sales Invoice,Sales Invoice,4,2025-11-12,2025-11-14 09:48:27.923768,ar.clerk@meridian.example,1310 - Debtors - MTC,1310,Debtors,Asset,10105.38,0.0,Customer,Kestrel Foods,"4120 - Service - MTC,4110 - Sales - MTC,4130 - Freight Income - MTC",,Customer order Kestrel Foods Nov 2025,Meridian Trading Co.
fa64762481,ACC-SINV-2025-00586,P2,Sales Invoice,Sales Invoice,5,2025-11-12,2025-11-14 09:48:27.923768,ar.clerk@meridian.example,ST 6% - MTC,,ST 6%,Liability,0.0,572.0,,,Kestrel Foods,Admin - MTC,Customer order Kestrel Foods Nov 2025,Meridian Trading Co.
430e500240,ACC-SINV-2025-00595,P2,Sales Invoice,Sales Invoice,1,2025-11-12,2025-11-12 18:16:39.202041,controller@meridian.example,1310 - Debtors - MTC,1310,Debtors,Asset,488.51,0.0,Customer,Ferrous Works,4110 - Sales - MTC,,Customer order Ferrous Works Nov 2025,Meridian Trading Co.
4669a8daae,ACC-SINV-2025-00595,P2,Sales Invoice,Sales Invoice,2,2025-11-12,2025-11-12 18:16:39.202041,controller@meridian.example,ST 6% - MTC,,ST 6%,Liability,0.0,27.65,,,Ferrous Works,Admin - MTC,Customer order Ferrous Works Nov 2025,Meridian Trading Co.
e9dd3d7e5f,ACC-SINV-2025-00595,P2,Sales Invoice,Sales Invoice,3,2025-11-12,2025-11-12 18:16:39.202041,controller@meridian.example,4110 - Sales - MTC,4110,Sales,Income,0.0,460.86,,,Ferrous Works,Warehouse - MTC,Customer order Ferrous Works Nov 2025,Meridian Trading Co.
0001dc324c,ACC-SINV-2025-00597,P2,Sales Invoice,Sales Invoice,1,2025-11-12,2025-11-12 15:10:50.397231,ar.clerk@meridian.example,4110 - Sales - MTC,4110,Sales,Income,0.0,202.62,,,Kestrel Foods,Sales Ops - MTC,Customer order Kestrel Foods Nov 2025,Meridian Trading Co.
10288c1e49,ACC-SINV-2025-00597,P2,Sales Invoice,Sales Invoice,2,2025-11-12,2025-11-12 15:10:50.397231,ar.clerk@meridian.example,4110 - Sales - MTC,4110,Sales,Income,0.0,199.52,,,Kestrel Foods,Warehouse - MTC,Customer order Kestrel Foods Nov 2025,Meridian Trading Co.
3fd8ec15b4,ACC-SINV-2025-00597,P2,Sales Invoice,Sales Invoice,3,2025-11-12,2025-11-12 15:10:50.397231,ar.clerk@meridian.example,1310 - Debtors - MTC,1310,Debtors,Asset,18642.07,0.0,Customer,Kestrel Foods,"4120 - Service - MTC,4110 - Sales - MTC",,Customer order Kestrel Foods Nov 2025,Meridian Trading Co.
9fe94d89b4,ACC-SINV-2025-00597,P2,Sales Invoice,Sales Invoice,4,2025-11-12,2025-11-12 15:10:50.397231,ar.clerk@meridian.example,ST 6% - MTC,,ST 6%,Liability,0.0,1055.21,,,Kestrel Foods,Admin - MTC,Customer order Kestrel Foods Nov 2025,Meridian Trading Co.
e908d465ab,ACC-SINV-2025-00597,P2,Sales Invoice,Sales Invoice,5,2025-11-12,2025-11-12 15:10:50.397231,ar.clerk@meridian.example,4120 - Service - MTC,4120,Service,Income,0.0,17184.72,,,Kestrel Foods,Warehouse - MTC,Customer order Kestrel Foods Nov 2025,Meridian Trading Co.
c548d49af0,ACC-SINV-2025-00606,P2,Sales Invoice,Sales Invoice,1,2025-11-12,2025-11-12 08:34:04.713461,ar.clerk@meridian.example,ST 6% - MTC,,ST 6%,Liability,0.0,217.54,,,Cascade Outfitters,Admin - MTC,Customer order Cascade Outfitters Nov 2025,Meridian Trading Co.
d595e3c787,ACC-SINV-2025-00606,P2,Sales Invoice,Sales Invoice,2,2025-11-12,2025-11-12 08:34:04.713461,ar.clerk@meridian.example,4140 - Installation Revenue - MTC,4140,Installation Revenue,Income,0.0,3625.68,,,Cascade Outfitters,Sales Ops - MTC,Customer order Cascade Outfitters Nov 2025,Meridian Trading Co.
f64f43f052,ACC-SINV-2025-00606,P2,Sales Invoice,Sales Invoice,3,2025-11-12,2025-11-12 08:34:04.713461,ar.clerk@meridian.example,1310 - Debtors - MTC,1310,Debtors,Asset,3843.22,0.0,Customer,Cascade Outfitters,4140 - Installation Revenue - MTC,,Customer order Cascade Outfitters Nov 2025,Meridian Trading Co.
6989c7234f,ACC-PAY-2025-00649,P2,Payment Entry,Payment Entry,1,2025-11-13,2025-11-13 15:14:07.804124,ar.clerk@meridian.example,1210 - Primary Checking - MTC,1210,Primary Checking,Asset,34.87,0.0,,,Pactrail Sports,,Amount USD 34.87 received from Pactrail Sports | Transaction reference no ACH-25-00496 dated 2025-11-13 | Amount USD 34.87 adjusted against Sales Invoice ACC-SINV-2025-00496,Meridian Trading Co.
a38d88a115,ACC-PAY-2025-00649,P2,Payment Entry,Payment Entry,2,2025-11-13,2025-11-13 15:14:07.804124,ar.clerk@meridian.example,1310 - Debtors - MTC,1310,Debtors,Asset,0.0,34.87,Customer,Pactrail Sports,1210 - Primary Checking - MTC,,Amount USD 34.87 received from Pactrail Sports | Transaction reference no ACH-25-00496 dated 2025-11-13 | Amount USD 34.87 adjusted against Sales Invoice ACC-SINV-2025-00496,Meridian Trading Co.
5818273a5d,ACC-PAY-2025-00665,P2,Payment Entry,Payment Entry,1,2025-11-13,2025-11-13 16:30:55.482647,ar.clerk@meridian.example,1310 - Debtors - MTC,1310,Debtors,Asset,0.0,2572.37,Customer,Juniper & Co,1210 - Primary Checking - MTC,,Amount USD 2572.37 received from Juniper & Co | Transaction reference no ACH-25-00517 dated 2025-11-13 | Amount USD 2572.37 adjusted against Sales Invoice ACC-SINV-2025-00517,Meridian Trading Co.
64a479420a,ACC-PAY-2025-00665,P2,Payment Entry,Payment Entry,2,2025-11-13,2025-11-13 16:30:55.482647,ar.clerk@meridian.example,1210 - Primary Checking - MTC,1210,Primary Checking,Asset,2572.37,0.0,,,Juniper & Co,,Amount USD 2572.37 received from Juniper & Co | Transaction reference no ACH-25-00517 dated 2025-11-13 | Amount USD 2572.37 adjusted against Sales Invoice ACC-SINV-2025-00517,Meridian Trading Co.
2ad8727a41,ACC-PAY-2025-00667,P2,Payment Entry,Payment Entry,1,2025-11-13,2025-11-13 16:10:15.127442,ar.clerk@meridian.example,1210 - Primary Checking - MTC,1210,Primary Checking,Asset,415.44,0.0,,,Ferrous Works,,Amount USD 415.44 received from Ferrous Works | Transaction reference no ACH-25-00519 dated 2025-11-13 | Amount USD 415.44 adjusted against Sales Invoice ACC-SINV-2025-00519,Meridian Trading Co.
544a5714b6,ACC-PAY-2025-00667,P2,Payment Entry,Payment Entry,2,2025-11-13,2025-11-13 16:10:15.127442,ar.clerk@meridian.example,1310 - Debtors - MTC,1310,Debtors,Asset,0.0,415.44,Customer,Ferrous Works,1210 - Primary Checking - MTC,,Amount USD 415.44 received from Ferrous Works | Transaction reference no ACH-25-00519 dated 2025-11-13 | Amount USD 415.44 adjusted against Sales Invoice ACC-SINV-2025-00519,Meridian Trading Co.
7a846e9ddd,ACC-PAY-2025-00708,P2,Payment Entry,Payment Entry,1,2025-11-13,2025-11-13 14:45:04.014480,ap.clerk@meridian.example,1210 - Primary Checking - MTC,1210,Primary Checking,Asset,0.0,2884.52,,,Cobalt IT Services,,Amount USD 2884.52 paid to Cobalt IT Services | Transaction reference no ACH-25-00277 dated 2025-11-13 | Amount USD 2884.52 adjusted against Purchase Invoice ACC-PINV-2025-00277,Meridian Trading Co.
ab0fecffed,ACC-PAY-2025-00708,P2,Payment Entry,Payment Entry,2,2025-11-13,2025-11-13 14:45:04.014480,ap.clerk@meridian.example,2110 - Creditors - MTC,2110,Creditors,Liability,2884.52,0.0,Supplier,Cobalt IT Services,1210 - Primary Checking - MTC,,Amount USD 2884.52 paid to Cobalt IT Services | Transaction reference no ACH-25-00277 dated 2025-11-13 | Amount USD 2884.52 adjusted against Purchase Invoice ACC-PINV-2025-00277,Meridian Trading Co.
15c7528dd8,ACC-PAY-2025-00709,P2,Payment Entry,Payment Entry,1,2025-11-13,2025-11-13 14:24:03.643449,ap.clerk@meridian.example,2110 - Creditors - MTC,2110,Creditors,Liability,18064.58,0.0,Supplier,Cobalt IT Services,1210 - Primary Checking - MTC,,Amount USD 18064.58 paid to Cobalt IT Services | Transaction reference no ACH-25-00278 dated 2025-11-13 | Amount USD 18064.58 adjusted against Purchase Invoice ACC-PINV-2025-00278,Meridian Trading Co.
8de40e458e,ACC-PAY-2025-00709,P2,Payment Entry,Payment Entry,2,2025-11-13,2025-11-13 14:24:03.643449,ap.clerk@meridian.example,1210 - Primary Checking - MTC,1210,Primary Checking,Asset,0.0,18064.58,,,Cobalt IT Services,,Amount USD 18064.58 paid to Cobalt IT Services | Transaction reference no ACH-25-00278 dated 2025-11-13 | Amount USD 18064.58 adjusted against Purchase Invoice ACC-PINV-2025-00278,Meridian Trading Co.
5f02af8ead,ACC-PAY-2025-00712,P2,Payment Entry,Payment Entry,1,2025-11-13,2025-11-13 18:02:29.370957,ap.clerk@meridian.example,2110 - Creditors - MTC,2110,Creditors,Liability,11740.09,0.0,Supplier,Harlan Office Supply,1210 - Primary Checking - MTC,,Amount USD 11740.09 paid to Harlan Office Supply | Transaction reference no ACH-25-00282 dated 2025-11-13 | Amount USD 11740.09 adjusted against Purchase Invoice ACC-PINV-2025-00282,Meridian Trading Co.
c7fe0b8293,ACC-PAY-2025-00712,P2,Payment Entry,Payment Entry,2,2025-11-13,2025-11-13 18:02:29.370957,ap.clerk@meridian.example,1210 - Primary Checking - MTC,1210,Primary Checking,Asset,0.0,11740.09,,,Harlan Office Supply,,Amount USD 11740.09 paid to Harlan Office Supply | Transaction reference no ACH-25-00282 dated 2025-11-13 | Amount USD 11740.09 adjusted against Purchase Invoice ACC-PINV-2025-00282,Meridian Trading Co.
4239bb3db4,ACC-PINV-2025-00311,P2,Purchase Invoice,Purchase Invoice,1,2025-11-13,2025-11-13 13:25:54.293585,ap.clerk@meridian.example,5207 - Marketing Expenses - MTC,5207,Marketing Expenses,Expense,15224.21,0.0,,,Quill Marketing Group,Admin - MTC,Quill Marketing Group November 2025 billing,Meridian Trading Co.
47b7ea1c50,ACC-PINV-2025-00311,P2,Purchase Invoice,Purchase Invoice,2,2025-11-13,2025-11-13 13:25:54.293585,ap.clerk@meridian.example,5216 - Travel Expenses - MTC,5216,Travel Expenses,Expense,794.38,0.0,,,Quill Marketing Group,Admin - MTC,Quill Marketing Group November 2025 billing,Meridian Trading Co.
af02f6af6f,ACC-PINV-2025-00311,P2,Purchase Invoice,Purchase Invoice,3,2025-11-13,2025-11-13 13:25:54.293585,ap.clerk@meridian.example,2110 - Creditors - MTC,2110,Creditors,Liability,0.0,16018.59,Supplier,Quill Marketing Group,"5207 - Marketing Expenses - MTC,5216 - Travel Expenses - MTC",,Quill Marketing Group November 2025 billing,Meridian Trading Co.
5073791b0b,ACC-SINV-2025-00599,P2,Sales Invoice,Sales Invoice,1,2025-11-13,2025-11-13 09:09:18.621371,ar.clerk@meridian.example,4110 - Sales - MTC,4110,Sales,Income,0.0,1271.89,,,Redcedar Builders,Sales Ops - MTC,Customer order Redcedar Builders Nov 2025,Meridian Trading Co.
b03d3e1432,ACC-SINV-2025-00599,P2,Sales Invoice,Sales Invoice,2,2025-11-13,2025-11-13 09:09:18.621371,ar.clerk@meridian.example,4120 - Service - MTC,4120,Service,Income,0.0,5162.22,,,Redcedar Builders,Warehouse - MTC,Customer order Redcedar Builders Nov 2025,Meridian Trading Co.
cf4fc1858e,ACC-SINV-2025-00599,P2,Sales Invoice,Sales Invoice,3,2025-11-13,2025-11-13 09:09:18.621371,ar.clerk@meridian.example,ST 6% - MTC,,ST 6%,Liability,0.0,386.05,,,Redcedar Builders,Admin - MTC,Customer order Redcedar Builders Nov 2025,Meridian Trading Co.
f85e0f1758,ACC-SINV-2025-00599,P2,Sales Invoice,Sales Invoice,4,2025-11-13,2025-11-13 09:09:18.621371,ar.clerk@meridian.example,1310 - Debtors - MTC,1310,Debtors,Asset,6820.16,0.0,Customer,Redcedar Builders,"4120 - Service - MTC,4110 - Sales - MTC",,Customer order Redcedar Builders Nov 2025,Meridian Trading Co.
e8445d4d66,ACC-PAY-2025-00661,P2,Payment Entry,Payment Entry,1,2025-11-14,2025-11-14 08:07:22.866647,ar.clerk@meridian.example,1210 - Primary Checking - MTC,1210,Primary Checking,Asset,1998.99,0.0,,,Timberline Schools,,Amount USD 1998.99 received from Timberline Schools | Transaction reference no ACH-25-00513 dated 2025-11-14 | Amount USD 1998.99 adjusted against Sales Invoice ACC-SINV-2025-00513,Meridian Trading Co.
f0fd319ce3,ACC-PAY-2025-00661,P2,Payment Entry,Payment Entry,2,2025-11-14,2025-11-14 08:07:22.866647,ar.clerk@meridian.example,1310 - Debtors - MTC,1310,Debtors,Asset,0.0,1998.99,Customer,Timberline Schools,1210 - Primary Checking - MTC,,Amount USD 1998.99 received from Timberline Schools | Transaction reference no ACH-25-00513 dated 2025-11-14 | Amount USD 1998.99 adjusted against Sales Invoice ACC-SINV-2025-00513,Meridian Trading Co.
9ca8903562,ACC-PAY-2025-00711,P2,Payment Entry,Payment Entry,1,2025-11-14,2025-11-14 13:20:59.482227,ap.clerk@meridian.example,1210 - Primary Checking - MTC,1210,Primary Checking,Asset,0.0,6238.22,,,Metro Utilities,,Amount USD 6238.22 paid to Metro Utilities | Transaction reference no ACH-25-00280 dated 2025-11-14 | Amount USD 6238.22 adjusted against Purchase Invoice ACC-PINV-2025-00280,Meridian Trading Co.
c3c774e855,ACC-PAY-2025-00711,P2,Payment Entry,Payment Entry,2,2025-11-14,2025-11-14 13:20:59.482227,ap.clerk@meridian.example,2110 - Creditors - MTC,2110,Creditors,Liability,6238.22,0.0,Supplier,Metro Utilities,1210 - Primary Checking - MTC,,Amount USD 6238.22 paid to Metro Utilities | Transaction reference no ACH-25-00280 dated 2025-11-14 | Amount USD 6238.22 adjusted against Purchase Invoice ACC-PINV-2025-00280,Meridian Trading Co.
3aab36c195,ACC-SINV-2025-00561,P2,Sales Invoice,Sales Invoice,1,2025-11-14,2025-11-14 16:51:04.048569,ar.clerk@meridian.example,4110 - Sales - MTC,4110,Sales,Income,0.0,1111.92,,,Summit Rentals,Sales Ops - MTC,Customer order Summit Rentals Nov 2025,Meridian Trading Co.
9f273bf08f,ACC-SINV-2025-00561,P2,Sales Invoice,Sales Invoice,2,2025-11-14,2025-11-14 16:51:04.048569,ar.clerk@meridian.example,1310 - Debtors - MTC,1310,Debtors,Asset,1256.67,0.0,Customer,Summit Rentals,4110 - Sales - MTC,,Customer order Summit Rentals Nov 2025,Meridian Trading Co.
dbd9505a49,ACC-SINV-2025-00561,P2,Sales Invoice,Sales Invoice,3,2025-11-14,2025-11-14 16:51:04.048569,ar.clerk@meridian.example,ST 6% - MTC,,ST 6%,Liability,0.0,71.13,,,Summit Rentals,Admin - MTC,Customer order Summit Rentals Nov 2025,Meridian Trading Co.
debea50638,ACC-SINV-2025-00561,P2,Sales Invoice,Sales Invoice,4,2025-11-14,2025-11-14 16:51:04.048569,ar.clerk@meridian.example,4110 - Sales - MTC,4110,Sales,Income,0.0,73.62,,,Summit Rentals,Warehouse - MTC,Customer order Summit Rentals Nov 2025,Meridian Trading Co.
370ba8a250,ACC-SINV-2025-00573,P2,Sales Invoice,Sales Invoice,1,2025-11-14,2025-11-14 13:16:27.360437,ar.clerk@meridian.example,ST 6% - MTC,,ST 6%,Liability,0.0,959.45,,,Ferrous Works,Admin - MTC,Customer order Ferrous Works Nov 2025,Meridian Trading Co.
7579c17264,ACC-SINV-2025-00573,P2,Sales Invoice,Sales Invoice,2,2025-11-14,2025-11-14 13:16:27.360437,ar.clerk@meridian.example,4130 - Freight Income - MTC,4130,Freight Income,Income,0.0,182.9,,,Ferrous Works,Admin - MTC,Customer order Ferrous Works Nov 2025,Meridian Trading Co.
87b60b40d7,ACC-SINV-2025-00573,P2,Sales Invoice,Sales Invoice,3,2025-11-14,2025-11-14 13:16:27.360437,ar.clerk@meridian.example,4120 - Service - MTC,4120,Service,Income,0.0,13131.04,,,Ferrous Works,Warehouse - MTC,Customer order Ferrous Works Nov 2025,Meridian Trading Co.
8e656a5532,ACC-SINV-2025-00573,P2,Sales Invoice,Sales Invoice,4,2025-11-14,2025-11-14 13:16:27.360437,ar.clerk@meridian.example,1310 - Debtors - MTC,1310,Debtors,Asset,16950.21,0.0,Customer,Ferrous Works,"4110 - Sales - MTC,4130 - Freight Income - MTC,4120 - Service - MTC",,Customer order Ferrous Works Nov 2025,Meridian Trading Co.
abb47d063c,ACC-SINV-2025-00573,P2,Sales Invoice,Sales Invoice,5,2025-11-14,2025-11-14 13:16:27.360437,ar.clerk@meridian.example,4110 - Sales - MTC,4110,Sales,Income,0.0,293.48,,,Ferrous Works,Warehouse - MTC,Customer order Ferrous Works Nov 2025,Meridian Trading Co.
c098a234b2,ACC-SINV-2025-00573,P2,Sales Invoice,Sales Invoice,6,2025-11-14,2025-11-14 13:16:27.360437,ar.clerk@meridian.example,4110 - Sales - MTC,4110,Sales,Income,0.0,2383.34,,,Ferrous Works,Sales Ops - MTC,Customer order Ferrous Works Nov 2025,Meridian Trading Co.
20d367ddbe,ACC-PAY-2025-00655,P2,Payment Entry,Payment Entry,1,2025-11-15,2025-11-17 09:49:58.717775,ar.clerk@meridian.example,1210 - Primary Checking - MTC,1210,Primary Checking,Asset,1826.86,0.0,,,Ovation Events,,Amount USD 1826.86 received from Ovation Events | Transaction reference no ACH-25-00505 dated 2025-11-15 | Amount USD 1826.86 adjusted against Sales Invoice ACC-SINV-2025-00505,Meridian Trading Co.
c2d379e072,ACC-PAY-2025-00655,P2,Payment Entry,Payment Entry,2,2025-11-15,2025-11-17 09:49:58.717775,ar.clerk@meridian.example,1310 - Debtors - MTC,1310,Debtors,Asset,0.0,1826.86,Customer,Ovation Events,1210 - Primary Checking - MTC,,Amount USD 1826.86 received from Ovation Events | Transaction reference no ACH-25-00505 dated 2025-11-15 | Amount USD 1826.86 adjusted against Sales Invoice ACC-SINV-2025-00505,Meridian Trading Co.
6129d011fa,ACC-PAY-2025-00676,P2,Payment Entry,Payment Entry,1,2025-11-15,2025-11-17 12:40:27.923573,ar.clerk@meridian.example,1310 - Debtors - MTC,1310,Debtors,Asset,0.0,2762.83,Customer,Timberline Schools,1210 - Primary Checking - MTC,,Amount USD 2762.83 received from Timberline Schools | Transaction reference no ACH-25-00528 dated 2025-11-15 | Amount USD 2762.83 adjusted against Sales Invoice ACC-SINV-2025-00528,Meridian Trading Co.
80e109f085,ACC-PAY-2025-00676,P2,Payment Entry,Payment Entry,2,2025-11-15,2025-11-17 12:40:27.923573,ar.clerk@meridian.example,1210 - Primary Checking - MTC,1210,Primary Checking,Asset,2762.83,0.0,,,Timberline Schools,,Amount USD 2762.83 received from Timberline Schools | Transaction reference no ACH-25-00528 dated 2025-11-15 | Amount USD 2762.83 adjusted against Sales Invoice ACC-SINV-2025-00528,Meridian Trading Co.
16769bbffa,ACC-PAY-2025-00679,P2,Payment Entry,Payment Entry,1,2025-11-16,2025-11-17 10:55:19.438480,ar.clerk@meridian.example,1310 - Debtors - MTC,1310,Debtors,Asset,0.0,1104.41,Customer,Galehouse Media,1210 - Primary Checking - MTC,,Amount USD 1104.41 received from Galehouse Media | Transaction reference no ACH-25-00532 dated 2025-11-16 | Amount USD 1104.41 adjusted against Sales Invoice ACC-SINV-2025-00532,Meridian Trading Co.
ecce7a4364,ACC-PAY-2025-00679,P2,Payment Entry,Payment Entry,2,2025-11-16,2025-11-17 10:55:19.438480,ar.clerk@meridian.example,1210 - Primary Checking - MTC,1210,Primary Checking,Asset,1104.41,0.0,,,Galehouse Media,,Amount USD 1104.41 received from Galehouse Media | Transaction reference no ACH-25-00532 dated 2025-11-16 | Amount USD 1104.41 adjusted against Sales Invoice ACC-SINV-2025-00532,Meridian Trading Co.
2cf3b4bd66,ACC-SINV-2025-00557,P2,Sales Invoice,Credit Note,1,2025-11-16,2025-11-17 14:09:47.471984,ar.clerk@meridian.example,1310 - Debtors - MTC,1310,Debtors,Asset,0.0,498.72,Customer,Cascade Outfitters,4110 - Sales - MTC,,Return against ACC-SINV-2025-00514,Meridian Trading Co.
63545dc2aa,ACC-SINV-2025-00557,P2,Sales Invoice,Credit Note,2,2025-11-16,2025-11-17 14:09:47.471984,ar.clerk@meridian.example,4110 - Sales - MTC,4110,Sales,Income,498.72,0.0,,,Cascade Outfitters,Warehouse - MTC,Return against ACC-SINV-2025-00514,Meridian Trading Co.
af6bd8bb8c,ACC-PAY-2025-00646,P2,Payment Entry,Payment Entry,1,2025-11-17,2025-11-17 18:10:39.403622,ar.clerk@meridian.example,1310 - Debtors - MTC,1310,Debtors,Asset,0.0,9084.54,Customer,Galehouse Media,1210 - Primary Checking - MTC,,Amount USD 9084.54 received from Galehouse Media | Transaction reference no ACH-25-00493 dated 2025-11-17 | Amount USD 9084.54 adjusted against Sales Invoice ACC-SINV-2025-00493,Meridian Trading Co.
f66e539fc0,ACC-PAY-2025-00646,P2,Payment Entry,Payment Entry,2,2025-11-17,2025-11-17 18:10:39.403622,ar.clerk@meridian.example,1210 - Primary Checking - MTC,1210,Primary Checking,Asset,9084.54,0.0,,,Galehouse Media,,Amount USD 9084.54 received from Galehouse Media | Transaction reference no ACH-25-00493 dated 2025-11-17 | Amount USD 9084.54 adjusted against Sales Invoice ACC-SINV-2025-00493,Meridian Trading Co.
d80bed52ce,ACC-PAY-2025-00647,P2,Payment Entry,Payment Entry,1,2025-11-17,2025-11-17 18:22:12.950867,ar.clerk@meridian.example,1210 - Primary Checking - MTC,1210,Primary Checking,Asset,505.49,0.0,,,Northwind Retail,,Amount USD 505.49 received from Northwind Retail | Transaction reference no ACH-25-00494 dated 2025-11-17 | Amount USD 505.49 adjusted against Sales Invoice ACC-SINV-2025-00494,Meridian Trading Co.
fccea2043f,ACC-PAY-2025-00647,P2,Payment Entry,Payment Entry,2,2025-11-17,2025-11-17 18:22:12.950867,ar.clerk@meridian.example,1310 - Debtors - MTC,1310,Debtors,Asset,0.0,505.49,Customer,Northwind Retail,1210 - Primary Checking - MTC,,Amount USD 505.49 received from Northwind Retail | Transaction reference no ACH-25-00494 dated 2025-11-17 | Amount USD 505.49 adjusted against Sales Invoice ACC-SINV-2025-00494,Meridian Trading Co.
5ddef3eb7e,ACC-PAY-2025-00657,P2,Payment Entry,Payment Entry,1,2025-11-17,2025-11-17 08:14:23.293320,ar.clerk@meridian.example,1310 - Debtors - MTC,1310,Debtors,Asset,0.0,3477.28,Customer,Ferrous Works,1210 - Primary Checking - MTC,,Amount USD 3477.28 received from Ferrous Works | Transaction reference no ACH-25-00507 dated 2025-11-17 | Amount USD 3477.28 adjusted against Sales Invoice ACC-SINV-2025-00507,Meridian Trading Co.
d661afe7bc,ACC-PAY-2025-00657,P2,Payment Entry,Payment Entry,2,2025-11-17,2025-11-17 08:14:23.293320,ar.clerk@meridian.example,1210 - Primary Checking - MTC,1210,Primary Checking,Asset,3477.28,0.0,,,Ferrous Works,,Amount USD 3477.28 received from Ferrous Works | Transaction reference no ACH-25-00507 dated 2025-11-17 | Amount USD 3477.28 adjusted against Sales Invoice ACC-SINV-2025-00507,Meridian Trading Co.
539a993e8a,ACC-PAY-2025-00658,P2,Payment Entry,Payment Entry,1,2025-11-17,2025-11-17 17:24:37.546364,ar.clerk@meridian.example,1310 - Debtors - MTC,1310,Debtors,Asset,0.0,6548.92,Customer,Ferrous Works,1210 - Primary Checking - MTC,,Amount USD 6548.92 received from Ferrous Works | Transaction reference no ACH-25-00508 dated 2025-11-17 | Amount USD 6548.92 adjusted against Sales Invoice ACC-SINV-2025-00508,Meridian Trading Co.
89a3463643,ACC-PAY-2025-00658,P2,Payment Entry,Payment Entry,2,2025-11-17,2025-11-17 17:24:37.546364,ar.clerk@meridian.example,1210 - Primary Checking - MTC,1210,Primary Checking,Asset,6548.92,0.0,,,Ferrous Works,,Amount USD 6548.92 received from Ferrous Works | Transaction reference no ACH-25-00508 dated 2025-11-17 | Amount USD 6548.92 adjusted against Sales Invoice ACC-SINV-2025-00508,Meridian Trading Co.
46516bcda9,ACC-PAY-2025-00745,P2,Payment Entry,Payment Entry,1,2025-11-17,2025-11-17 09:02:44.846851,ar.clerk@meridian.example,1210 - Primary Checking - MTC,1210,Primary Checking,Asset,10105.38,0.0,,,Kestrel Foods,,Amount USD 10105.38 received from Kestrel Foods | Transaction reference no ACH-25-00586 dated 2025-11-17 | Amount USD 10105.38 adjusted against Sales Invoice ACC-SINV-2025-00586,Meridian Trading Co.
56871f82bf,ACC-PAY-2025-00745,P2,Payment Entry,Payment Entry,2,2025-11-17,2025-11-17 09:02:44.846851,ar.clerk@meridian.example,1310 - Debtors - MTC,1310,Debtors,Asset,0.0,10105.38,Customer,Kestrel Foods,1210 - Primary Checking - MTC,,Amount USD 10105.38 received from Kestrel Foods | Transaction reference no ACH-25-00586 dated 2025-11-17 | Amount USD 10105.38 adjusted against Sales Invoice ACC-SINV-2025-00586,Meridian Trading Co.
c36f5abcf7,ACC-PINV-2025-00295,P2,Purchase Invoice,Purchase Invoice,1,2025-11-17,2025-11-17 08:01:46.065854,ap.clerk@meridian.example,5111 - Cost of Goods Sold - MTC,5111,Cost of Goods Sold,Expense,14900.6,0.0,,,Vulcan Materials Co,Warehouse - MTC,Vulcan Materials Co November 2025 billing,Meridian Trading Co.
d5a7ec8e90,ACC-PINV-2025-00295,P2,Purchase Invoice,Purchase Invoice,2,2025-11-17,2025-11-17 08:01:46.065854,ap.clerk@meridian.example,2110 - Creditors - MTC,2110,Creditors,Liability,0.0,14900.6,Supplier,Vulcan Materials Co,5111 - Cost of Goods Sold - MTC,,Vulcan Materials Co November 2025 billing,Meridian Trading Co.
610d5e2055,ACC-SINV-2025-00566,P2,Sales Invoice,Sales Invoice,1,2025-11-17,2025-11-17 16:42:48.527168,ar.clerk@meridian.example,1310 - Debtors - MTC,1310,Debtors,Asset,538.37,0.0,Customer,Summit Rentals,4110 - Sales - MTC,,Customer order Summit Rentals Nov 2025,Meridian Trading Co.
67abaa73be,ACC-SINV-2025-00566,P2,Sales Invoice,Sales Invoice,2,2025-11-17,2025-11-17 16:42:48.527168,ar.clerk@meridian.example,4110 - Sales - MTC,4110,Sales,Income,0.0,507.9,,,Summit Rentals,Warehouse - MTC,Customer order Summit Rentals Nov 2025,Meridian Trading Co.
d09d19466b,ACC-SINV-2025-00566,P2,Sales Invoice,Sales Invoice,3,2025-11-17,2025-11-17 16:42:48.527168,ar.clerk@meridian.example,ST 6% - MTC,,ST 6%,Liability,0.0,30.47,,,Summit Rentals,Admin - MTC,Customer order Summit Rentals Nov 2025,Meridian Trading Co.
6f7cca69c5,ACC-SINV-2025-00602,P2,Sales Invoice,Sales Invoice,1,2025-11-17,2025-11-17 15:28:16.769863,ar.clerk@meridian.example,4130 - Freight Income - MTC,4130,Freight Income,Income,0.0,1243.06,,,Halstrom Supply,Admin - MTC,Customer order Halstrom Supply Nov 2025,Meridian Trading Co.
93524dcb9b,ACC-SINV-2025-00602,P2,Sales Invoice,Sales Invoice,2,2025-11-17,2025-11-17 15:28:16.769863,ar.clerk@meridian.example,4110 - Sales - MTC,4110,Sales,Income,0.0,1128.0,,,Halstrom Supply,Sales Ops - MTC,Customer order Halstrom Supply Nov 2025,Meridian Trading Co.
a151a67237,ACC-SINV-2025-00602,P2,Sales Invoice,Sales Invoice,3,2025-11-17,2025-11-17 15:28:16.769863,ar.clerk@meridian.example,1310 - Debtors - MTC,1310,Debtors,Asset,2513.32,0.0,Customer,Halstrom Supply,"4110 - Sales - MTC,4130 - Freight Income - MTC",,Customer order Halstrom Supply Nov 2025,Meridian Trading Co.
af096eed10,ACC-SINV-2025-00602,P2,Sales Invoice,Sales Invoice,4,2025-11-17,2025-11-17 15:28:16.769863,ar.clerk@meridian.example,ST 6% - MTC,,ST 6%,Liability,0.0,142.26,,,Halstrom Supply,Admin - MTC,Customer order Halstrom Supply Nov 2025,Meridian Trading Co.
300c546e6b,ACC-SINV-2025-00605,P2,Sales Invoice,Sales Invoice,1,2025-11-17,2025-11-17 14:16:26.384129,ar.clerk@meridian.example,ST 6% - MTC,,ST 6%,Liability,0.0,125.62,,,Galehouse Media,Admin - MTC,Customer order Galehouse Media Nov 2025,Meridian Trading Co.
3922de1062,ACC-SINV-2025-00605,P2,Sales Invoice,Sales Invoice,2,2025-11-17,2025-11-17 14:16:26.384129,ar.clerk@meridian.example,1310 - Debtors - MTC,1310,Debtors,Asset,2219.26,0.0,Customer,Galehouse Media,"4140 - Installation Revenue - MTC,4110 - Sales - MTC",,Customer order Galehouse Media Nov 2025,Meridian Trading Co.
63b14651e6,ACC-SINV-2025-00605,P2,Sales Invoice,Sales Invoice,3,2025-11-17,2025-11-17 14:16:26.384129,ar.clerk@meridian.example,4110 - Sales - MTC,4110,Sales,Income,0.0,1204.6,,,Galehouse Media,Sales Ops - MTC,Customer order Galehouse Media Nov 2025,Meridian Trading Co.
c6367c56ac,ACC-SINV-2025-00605,P2,Sales Invoice,Sales Invoice,4,2025-11-17,2025-11-17 14:16:26.384129,ar.clerk@meridian.example,4140 - Installation Revenue - MTC,4140,Installation Revenue,Income,0.0,889.04,,,Galehouse Media,Sales Ops - MTC,Customer order Galehouse Media Nov 2025,Meridian Trading Co.
b83758bab6,ACC-PAY-2025-00718,P2,Payment Entry,Payment Entry,1,2025-11-18,2025-11-18 13:58:57.894440,ap.clerk@meridian.example,1210 - Primary Checking - MTC,1210,Primary Checking,Asset,0.0,5345.24,,,Sterling Equipment Leasing,,Amount USD 5345.24 paid to Sterling Equipment Leasing | Transaction reference no ACH-25-00288 dated 2025-11-18 | Amount USD 5345.24 adjusted against Purchase Invoice ACC-PINV-2025-00288,Meridian Trading Co.
da743548ee,ACC-PAY-2025-00718,P2,Payment Entry,Payment Entry,2,2025-11-18,2025-11-18 13:58:57.894440,ap.clerk@meridian.example,2110 - Creditors - MTC,2110,Creditors,Liability,5345.24,0.0,Supplier,Sterling Equipment Leasing,1210 - Primary Checking - MTC,,Amount USD 5345.24 paid to Sterling Equipment Leasing | Transaction reference no ACH-25-00288 dated 2025-11-18 | Amount USD 5345.24 adjusted against Purchase Invoice ACC-PINV-2025-00288,Meridian Trading Co.
2b81f52122,ACC-PINV-2025-00296,P2,Purchase Invoice,Purchase Invoice,1,2025-11-18,2025-11-18 16:56:35.815503,ap.clerk@meridian.example,2110 - Creditors - MTC,2110,Creditors,Liability,0.0,12516.74,Supplier,Vulcan Materials Co,5111 - Cost of Goods Sold - MTC,,Vulcan Materials Co November 2025 billing,Meridian Trading Co.
e4cacaab95,ACC-PINV-2025-00296,P2,Purchase Invoice,Purchase Invoice,2,2025-11-18,2025-11-18 16:56:35.815503,ap.clerk@meridian.example,5111 - Cost of Goods Sold - MTC,5111,Cost of Goods Sold,Expense,12516.74,0.0,,,Vulcan Materials Co,Warehouse - MTC,Vulcan Materials Co November 2025 billing,Meridian Trading Co.
932bdfc993,ACC-SINV-2025-00562,P2,Sales Invoice,Sales Invoice,1,2025-11-18,2025-11-18 09:41:43.588104,ar.clerk@meridian.example,1310 - Debtors - MTC,1310,Debtors,Asset,2120.11,0.0,Customer,Redcedar Builders,4110 - Sales - MTC,,Customer order Redcedar Builders Nov 2025,Meridian Trading Co.
b98da535cf,ACC-SINV-2025-00562,P2,Sales Invoice,Sales Invoice,2,2025-11-18,2025-11-18 09:41:43.588104,ar.clerk@meridian.example,4110 - Sales - MTC,4110,Sales,Income,0.0,503.36,,,Redcedar Builders,Warehouse - MTC,Customer order Redcedar Builders Nov 2025,Meridian Trading Co.
c96ecc152f,ACC-SINV-2025-00562,P2,Sales Invoice,Sales Invoice,3,2025-11-18,2025-11-18 09:41:43.588104,ar.clerk@meridian.example,4110 - Sales - MTC,4110,Sales,Income,0.0,1496.74,,,Redcedar Builders,Sales Ops - MTC,Customer order Redcedar Builders Nov 2025,Meridian Trading Co.
f26ec080b3,ACC-SINV-2025-00562,P2,Sales Invoice,Sales Invoice,4,2025-11-18,2025-11-18 09:41:43.588104,ar.clerk@meridian.example,ST 6% - MTC,,ST 6%,Liability,0.0,120.01,,,Redcedar Builders,Admin - MTC,Customer order Redcedar Builders Nov 2025,Meridian Trading Co.
b76c6b53f1,ACC-PAY-2025-00663,P2,Payment Entry,Payment Entry,1,2025-11-19,2025-11-19 08:50:07.715917,ar.clerk@meridian.example,1210 - Primary Checking - MTC,1210,Primary Checking,Asset,777.87,0.0,,,Galehouse Media,,Amount USD 777.87 received from Galehouse Media | Transaction reference no ACH-25-00515 dated 2025-11-19 | Amount USD 777.87 adjusted against Sales Invoice ACC-SINV-2025-00515,Meridian Trading Co.
e2dc4df90e,ACC-PAY-2025-00663,P2,Payment Entry,Payment Entry,2,2025-11-19,2025-11-19 08:50:07.715917,ar.clerk@meridian.example,1310 - Debtors - MTC,1310,Debtors,Asset,0.0,777.87,Customer,Galehouse Media,1210 - Primary Checking - MTC,,Amount USD 777.87 received from Galehouse Media | Transaction reference no ACH-25-00515 dated 2025-11-19 | Amount USD 777.87 adjusted against Sales Invoice ACC-SINV-2025-00515,Meridian Trading Co.
25d68c39b1,ACC-PAY-2025-00725,P2,Payment Entry,Payment Entry,1,2025-11-19,2025-11-19 08:58:35.990102,ar.clerk@meridian.example,1210 - Primary Checking - MTC,1210,Primary Checking,Asset,781.3,0.0,,,Cascade Outfitters,,Amount USD 781.3 received from Cascade Outfitters | Transaction reference no ACH-25-00563 dated 2025-11-19 | Amount USD 781.3 adjusted against Sales Invoice ACC-SINV-2025-00563,Meridian Trading Co.
6d4129ad14,ACC-PAY-2025-00725,P2,Payment Entry,Payment Entry,2,2025-11-19,2025-11-19 08:58:35.990102,ar.clerk@meridian.example,1310 - Debtors - MTC,1310,Debtors,Asset,0.0,781.3,Customer,Cascade Outfitters,1210 - Primary Checking - MTC,,Amount USD 781.3 received from Cascade Outfitters | Transaction reference no ACH-25-00563 dated 2025-11-19 | Amount USD 781.3 adjusted against Sales Invoice ACC-SINV-2025-00563,Meridian Trading Co.
a4f908699f,ACC-PAY-2025-00729,P2,Payment Entry,Payment Entry,1,2025-11-19,2025-11-19 13:17:09.110788,ar.clerk@meridian.example,1210 - Primary Checking - MTC,1210,Primary Checking,Asset,5375.12,0.0,,,Bluepine Hardware,,Amount USD 5375.12 received from Bluepine Hardware | Transaction reference no ACH-25-00568 dated 2025-11-19 | Amount USD 5375.12 adjusted against Sales Invoice ACC-SINV-2025-00568,Meridian Trading Co.
ca436d2508,ACC-PAY-2025-00729,P2,Payment Entry,Payment Entry,2,2025-11-19,2025-11-19 13:17:09.110788,ar.clerk@meridian.example,1310 - Debtors - MTC,1310,Debtors,Asset,0.0,5375.12,Customer,Bluepine Hardware,1210 - Primary Checking - MTC,,Amount USD 5375.12 received from Bluepine Hardware | Transaction reference no ACH-25-00568 dated 2025-11-19 | Amount USD 5375.12 adjusted against Sales Invoice ACC-SINV-2025-00568,Meridian Trading Co.
1fb0c51eca,ACC-PINV-2025-00306,P2,Purchase Invoice,Purchase Invoice,1,2025-11-19,2025-11-25 10:30:26.670540,ap.clerk@meridian.example,5217 - Utility Expenses - MTC,5217,Utility Expenses,Expense,5521.21,0.0,,,Metro Utilities,Admin - MTC,Metro Utilities November 2025 billing,Meridian Trading Co.
296c52a413,ACC-PINV-2025-00306,P2,Purchase Invoice,Purchase Invoice,2,2025-11-19,2025-11-25 10:30:26.670540,ap.clerk@meridian.example,2110 - Creditors - MTC,2110,Creditors,Liability,0.0,5521.21,Supplier,Metro Utilities,5217 - Utility Expenses - MTC,,Metro Utilities November 2025 billing,Meridian Trading Co.
47c5178099,ACC-PINV-2025-00307,P2,Purchase Invoice,Purchase Invoice,1,2025-11-19,2025-11-19 18:14:17.647607,ap.clerk@meridian.example,2110 - Creditors - MTC,2110,Creditors,Liability,0.0,8942.62,Supplier,Metro Utilities,"5217 - Utility Expenses - MTC,5209 - Office Rent - MTC",,Metro Utilities November 2025 billing,Meridian Trading Co.
c346ac92ce,ACC-PINV-2025-00307,P2,Purchase Invoice,Purchase Invoice,2,2025-11-19,2025-11-19 18:14:17.647607,ap.clerk@meridian.example,5209 - Office Rent - MTC,5209,Office Rent,Expense,1266.26,0.0,,,Metro Utilities,Admin - MTC,Metro Utilities November 2025 billing,Meridian Trading Co.
c4a7c09127,ACC-PINV-2025-00307,P2,Purchase Invoice,Purchase Invoice,3,2025-11-19,2025-11-19 18:14:17.647607,ap.clerk@meridian.example,5217 - Utility Expenses - MTC,5217,Utility Expenses,Expense,7676.36,0.0,,,Metro Utilities,Admin - MTC,Metro Utilities November 2025 billing,Meridian Trading Co.
7e33582468,ACC-SINV-2025-00565,P2,Sales Invoice,Sales Invoice,1,2025-11-19,2025-11-19 15:45:17.390526,ar.clerk@meridian.example,4120 - Service - MTC,4120,Service,Income,0.0,1529.8,,,Redcedar Builders,Sales Ops - MTC,Customer order Redcedar Builders Nov 2025,Meridian Trading Co.
84e69c5440,ACC-SINV-2025-00565,P2,Sales Invoice,Sales Invoice,2,2025-11-19,2025-11-19 15:45:17.390526,ar.clerk@meridian.example,ST 6% - MTC,,ST 6%,Liability,0.0,130.13,,,Redcedar Builders,Admin - MTC,Customer order Redcedar Builders Nov 2025,Meridian Trading Co.
86f9beb4bf,ACC-SINV-2025-00565,P2,Sales Invoice,Sales Invoice,3,2025-11-19,2025-11-19 15:45:17.390526,ar.clerk@meridian.example,4130 - Freight Income - MTC,4130,Freight Income,Income,0.0,92.86,,,Redcedar Builders,Admin - MTC,Customer order Redcedar Builders Nov 2025,Meridian Trading Co.
96fd60f049,ACC-SINV-2025-00565,P2,Sales Invoice,Sales Invoice,4,2025-11-19,2025-11-19 15:45:17.390526,ar.clerk@meridian.example,1310 - Debtors - MTC,1310,Debtors,Asset,2298.98,0.0,Customer,Redcedar Builders,"4120 - Service - MTC,4110 - Sales - MTC,4130 - Freight Income - MTC",,Customer order Redcedar Builders Nov 2025,Meridian Trading Co.
9e04ac38a4,ACC-SINV-2025-00565,P2,Sales Invoice,Sales Invoice,5,2025-11-19,2025-11-19 15:45:17.390526,ar.clerk@meridian.example,4110 - Sales - MTC,4110,Sales,Income,0.0,477.84,,,Redcedar Builders,Sales Ops - MTC,Customer order Redcedar Builders Nov 2025,Meridian Trading Co.
a761002629,ACC-SINV-2025-00565,P2,Sales Invoice,Sales Invoice,6,2025-11-19,2025-11-19 15:45:17.390526,ar.clerk@meridian.example,4110 - Sales - MTC,4110,Sales,Income,0.0,68.35,,,Redcedar Builders,Warehouse - MTC,Customer order Redcedar Builders Nov 2025,Meridian Trading Co.
105b355317,ACC-SINV-2025-00576,P2,Sales Invoice,Sales Invoice,1,2025-11-19,2025-11-19 08:24:56.696940,ar.clerk@meridian.example,4110 - Sales - MTC,4110,Sales,Income,0.0,652.62,,,Northwind Retail,Sales Ops - MTC,Customer order Northwind Retail Nov 2025,Meridian Trading Co.
8b1ad4f872,ACC-SINV-2025-00576,P2,Sales Invoice,Sales Invoice,2,2025-11-19,2025-11-19 08:24:56.696940,ar.clerk@meridian.example,ST 6% - MTC,,ST 6%,Liability,0.0,128.05,,,Northwind Retail,Admin - MTC,Customer order Northwind Retail Nov 2025,Meridian Trading Co.
d3a912402f,ACC-SINV-2025-00576,P2,Sales Invoice,Sales Invoice,3,2025-11-19,2025-11-19 08:24:56.696940,ar.clerk@meridian.example,1310 - Debtors - MTC,1310,Debtors,Asset,2262.27,0.0,Customer,Northwind Retail,"4110 - Sales - MTC,4120 - Service - MTC",,Customer order Northwind Retail Nov 2025,Meridian Trading Co.
f39a6a6f14,ACC-SINV-2025-00576,P2,Sales Invoice,Sales Invoice,4,2025-11-19,2025-11-19 08:24:56.696940,ar.clerk@meridian.example,4120 - Service - MTC,4120,Service,Income,0.0,1481.6,,,Northwind Retail,Sales Ops - MTC,Customer order Northwind Retail Nov 2025,Meridian Trading Co.
52a3b6d893,ACC-PAY-2025-00705,P2,Payment Entry,Payment Entry,1,2025-11-20,2025-11-20 09:09:58.230321,ap.clerk@meridian.example,2110 - Creditors - MTC,2110,Creditors,Liability,11132.41,0.0,Supplier,Beacon Freight,1210 - Primary Checking - MTC,,Amount USD 11132.41 paid to Beacon Freight | Transaction reference no ACH-25-00274 dated 2025-11-20 | Amount USD 11132.41 adjusted against Purchase Invoice ACC-PINV-2025-00274,Meridian Trading Co.
666c575230,ACC-PAY-2025-00705,P2,Payment Entry,Payment Entry,2,2025-11-20,2025-11-20 09:09:58.230321,ap.clerk@meridian.example,1210 - Primary Checking - MTC,1210,Primary Checking,Asset,0.0,11132.41,,,Beacon Freight,,Amount USD 11132.41 paid to Beacon Freight | Transaction reference no ACH-25-00274 dated 2025-11-20 | Amount USD 11132.41 adjusted against Purchase Invoice ACC-PINV-2025-00274,Meridian Trading Co.
8c9540b081,ACC-PINV-2025-00297,P2,Purchase Invoice,Purchase Invoice,1,2025-11-20,2025-11-20 08:36:01.442616,ap.clerk@meridian.example,2110 - Creditors - MTC,2110,Creditors,Liability,0.0,14422.34,Supplier,Vulcan Materials Co,5111 - Cost of Goods Sold - MTC,,Vulcan Materials Co November 2025 billing,Meridian Trading Co.
cc19bc0abc,ACC-PINV-2025-00297,P2,Purchase Invoice,Purchase Invoice,2,2025-11-20,2025-11-20 08:36:01.442616,ap.clerk@meridian.example,5111 - Cost of Goods Sold - MTC,5111,Cost of Goods Sold,Expense,14422.34,0.0,,,Vulcan Materials Co,Warehouse - MTC,Vulcan Materials Co November 2025 billing,Meridian Trading Co.
032ba15d48,ACC-SINV-2025-00575,P2,Sales Invoice,Sales Invoice,1,2025-11-20,2025-11-20 18:14:16.539143,ar.clerk@meridian.example,4110 - Sales - MTC,4110,Sales,Income,0.0,321.84,,,Ovation Events,Warehouse - MTC,Customer order Ovation Events Nov 2025,Meridian Trading Co.
3e73c36301,ACC-SINV-2025-00575,P2,Sales Invoice,Sales Invoice,2,2025-11-20,2025-11-20 18:14:16.539143,ar.clerk@meridian.example,1310 - Debtors - MTC,1310,Debtors,Asset,724.62,0.0,Customer,Ovation Events,4110 - Sales - MTC,,Customer order Ovation Events Nov 2025,Meridian Trading Co.
a35e3f97ff,ACC-SINV-2025-00575,P2,Sales Invoice,Sales Invoice,3,2025-11-20,2025-11-20 18:14:16.539143,ar.clerk@meridian.example,4110 - Sales - MTC,4110,Sales,Income,0.0,402.78,,,Ovation Events,Sales Ops - MTC,Customer order Ovation Events Nov 2025,Meridian Trading Co.
38a3b3b46c,ACC-JV-2025-00109,P2,Journal Entry,Journal Entry,1,2025-11-21,2025-11-21 09:36:11.155993,controller@meridian.example,5216 - Travel Expenses - MTC,5216,Travel Expenses,Expense,739.54,0.0,,,5208 - Office Maintenance Expenses - MTC,Admin - MTC,,Meridian Trading Co.
73756cc8f1,ACC-JV-2025-00109,P2,Journal Entry,Journal Entry,2,2025-11-21,2025-11-21 09:36:11.155993,controller@meridian.example,5208 - Office Maintenance Expenses - MTC,5208,Office Maintenance Expenses,Expense,0.0,739.54,,,5216 - Travel Expenses - MTC,Admin - MTC,,Meridian Trading Co.
175db4c7cd,ACC-JV-2025-00110,P2,Journal Entry,Cash Entry,1,2025-11-21,2025-11-21 11:43:35.339473,controller@meridian.example,5223 - Miscellaneous Expenses - MTC,5223,Miscellaneous Expenses,Expense,872.34,0.0,,,1110 - Cash - MTC,Admin - MTC,Reference #REF-20251121 dated 11-21-2025,Meridian Trading Co.
900ac79aa0,ACC-JV-2025-00110,P2,Journal Entry,Cash Entry,2,2025-11-21,2025-11-21 11:43:35.339473,controller@meridian.example,1110 - Cash - MTC,1110,Cash,Asset,0.0,872.34,,,5223 - Miscellaneous Expenses - MTC,Admin - MTC,Reference #REF-20251121 dated 11-21-2025,Meridian Trading Co.
d8f0517bc4,ACC-JV-2025-00111,P2,Journal Entry,Journal Entry,1,2025-11-21,2025-11-21 19:06:13.226066,controller@meridian.example,4120 - Service - MTC,4120,Service,Income,0.0,10240.4,,,1320 - Intercompany Receivable - MTC,Admin - MTC,,Meridian Trading Co.
ef1d623121,ACC-JV-2025-00111,P2,Journal Entry,Journal Entry,2,2025-11-21,2025-11-21 19:06:13.226066,controller@meridian.example,1320 - Intercompany Receivable - MTC,1320,Intercompany Receivable,Asset,10240.4,0.0,,,4120 - Service - MTC,Admin - MTC,,Meridian Trading Co.
3d370a90c1,ACC-PAY-2025-00690,P2,Payment Entry,Payment Entry,1,2025-11-21,2025-11-21 09:47:41.755059,ar.clerk@meridian.example,1310 - Debtors - MTC,1310,Debtors,Asset,0.0,513.52,Customer,Pactrail Sports,1210 - Primary Checking - MTC,,Amount USD 513.52 received from Pactrail Sports | Transaction reference no ACH-25-00549 dated 2025-11-21 | Amount USD 513.52 adjusted against Sales Invoice ACC-SINV-2025-00549,Meridian Trading Co.
e154070e70,ACC-PAY-2025-00690,P2,Payment Entry,Payment Entry,2,2025-11-21,2025-11-21 09:47:41.755059,ar.clerk@meridian.example,1210 - Primary Checking - MTC,1210,Primary Checking,Asset,513.52,0.0,,,Pactrail Sports,,Amount USD 513.52 received from Pactrail Sports | Transaction reference no ACH-25-00549 dated 2025-11-21 | Amount USD 513.52 adjusted against Sales Invoice ACC-SINV-2025-00549,Meridian Trading Co.
34cf91fbe7,ACC-PAY-2025-00699,P2,Payment Entry,Payment Entry,1,2025-11-21,2025-11-21 12:34:39.103162,ap.clerk@meridian.example,2110 - Creditors - MTC,2110,Creditors,Liability,13650.34,0.0,Supplier,Orchard Wholesale,1210 - Primary Checking - MTC,,Amount USD 13650.34 paid to Orchard Wholesale | Transaction reference no ACH-25-00267 dated 2025-11-21 | Amount USD 13650.34 adjusted against Purchase Invoice ACC-PINV-2025-00267,Meridian Trading Co.
4449bae48f,ACC-PAY-2025-00699,P2,Payment Entry,Payment Entry,2,2025-11-21,2025-11-21 12:34:39.103162,ap.clerk@meridian.example,1210 - Primary Checking - MTC,1210,Primary Checking,Asset,0.0,13650.34,,,Orchard Wholesale,,Amount USD 13650.34 paid to Orchard Wholesale | Transaction reference no ACH-25-00267 dated 2025-11-21 | Amount USD 13650.34 adjusted against Purchase Invoice ACC-PINV-2025-00267,Meridian Trading Co.
85dd569978,ACC-PAY-2025-00744,P2,Payment Entry,Payment Entry,1,2025-11-21,2025-11-21 16:43:16.738560,ar.clerk@meridian.example,1210 - Primary Checking - MTC,1210,Primary Checking,Asset,1200.0,0.0,,,Timberline Schools,,Amount USD 1200.0 received from Timberline Schools | Transaction reference no ACH-25-00585 dated 2025-11-21 | Amount USD 1200.0 adjusted against Sales Invoice ACC-SINV-2025-00585,Meridian Trading Co.
cd442e2659,ACC-PAY-2025-00744,P2,Payment Entry,Payment Entry,2,2025-11-21,2025-11-21 16:43:16.738560,ar.clerk@meridian.example,1310 - Debtors - MTC,1310,Debtors,Asset,0.0,1200.0,Customer,Timberline Schools,1210 - Primary Checking - MTC,,Amount USD 1200.0 received from Timberline Schools | Transaction reference no ACH-25-00585 dated 2025-11-21 | Amount USD 1200.0 adjusted against Sales Invoice ACC-SINV-2025-00585,Meridian Trading Co.
02b600e2d7,ACC-PINV-2025-00302,P2,Purchase Invoice,Purchase Invoice,1,2025-11-21,2025-12-01 10:32:32.692263,ap.clerk@meridian.example,2110 - Creditors - MTC,2110,Creditors,Liability,0.0,13323.61,Supplier,Beacon Freight,5205 - Freight and Forwarding Charges - MTC,,Beacon Freight November 2025 billing,Meridian Trading Co.
368d1dece9,ACC-PINV-2025-00302,P2,Purchase Invoice,Purchase Invoice,2,2025-11-21,2025-12-01 10:32:32.692263,ap.clerk@meridian.example,5205 - Freight and Forwarding Charges - MTC,5205,Freight and Forwarding Charges,Expense,13323.61,0.0,,,Beacon Freight,Admin - MTC,Beacon Freight November 2025 billing,Meridian Trading Co.
4f86677891,ACC-SINV-2025-00567,P2,Sales Invoice,Sales Invoice,1,2025-11-21,2025-11-21 15:48:45.831500,ar.clerk@meridian.example,4110 - Sales - MTC,4110,Sales,Income,0.0,305.47,,,Northwind Retail,Warehouse - MTC,Customer order Northwind Retail Nov 2025,Meridian Trading Co.
50d9dc3160,ACC-SINV-2025-00567,P2,Sales Invoice,Sales Invoice,2,2025-11-21,2025-11-21 15:48:45.831500,ar.clerk@meridian.example,ST 6% - MTC,,ST 6%,Liability,0.0,107.59,,,Northwind Retail,Admin - MTC,Customer order Northwind Retail Nov 2025,Meridian Trading Co.
9cc2aa6651,ACC-SINV-2025-00567,P2,Sales Invoice,Sales Invoice,3,2025-11-21,2025-11-21 15:48:45.831500,ar.clerk@meridian.example,4130 - Freight Income - MTC,4130,Freight Income,Income,0.0,94.22,,,Northwind Retail,Admin - MTC,Customer order Northwind Retail Nov 2025,Meridian Trading Co.
9d2f666b6e,ACC-SINV-2025-00567,P2,Sales Invoice,Sales Invoice,4,2025-11-21,2025-11-21 15:48:45.831500,ar.clerk@meridian.example,1310 - Debtors - MTC,1310,Debtors,Asset,1900.68,0.0,Customer,Northwind Retail,"4110 - Sales - MTC,4130 - Freight Income - MTC",,Customer order Northwind Retail Nov 2025,Meridian Trading Co.
a1df39212f,ACC-SINV-2025-00567,P2,Sales Invoice,Sales Invoice,5,2025-11-21,2025-11-21 15:48:45.831500,ar.clerk@meridian.example,4110 - Sales - MTC,4110,Sales,Income,0.0,1393.4,,,Northwind Retail,Sales Ops - MTC,Customer order Northwind Retail Nov 2025,Meridian Trading Co.
05dbdfd382,ACC-SINV-2025-00578,P2,Sales Invoice,Sales Invoice,1,2025-11-21,2025-11-21 10:15:52.492950,ar.clerk@meridian.example,1310 - Debtors - MTC,1310,Debtors,Asset,1103.94,0.0,Customer,Timberline Schools,4110 - Sales - MTC,,Customer order Timberline Schools Nov 2025,Meridian Trading Co.
60c6801567,ACC-SINV-2025-00578,P2,Sales Invoice,Sales Invoice,2,2025-11-21,2025-11-21 10:15:52.492950,ar.clerk@meridian.example,4110 - Sales - MTC,4110,Sales,Income,0.0,1103.94,,,Timberline Schools,Warehouse - MTC,Customer order Timberline Schools Nov 2025,Meridian Trading Co.
2edc66bdcf,ACC-PAY-2025-00761,P2,Payment Entry,Payment Entry,1,2025-11-22,2025-11-24 08:26:42.762219,ar.clerk@meridian.example,1310 - Debtors - MTC,1310,Debtors,Asset,0.0,2219.26,Customer,Galehouse Media,1210 - Primary Checking - MTC,,Amount USD 2219.26 received from Galehouse Media | Transaction reference no ACH-25-00605 dated 2025-11-22 | Amount USD 2219.26 adjusted against Sales Invoice ACC-SINV-2025-00605,Meridian Trading Co.
e80212e13e,ACC-PAY-2025-00761,P2,Payment Entry,Payment Entry,2,2025-11-22,2025-11-24 08:26:42.762219,ar.clerk@meridian.example,1210 - Primary Checking - MTC,1210,Primary Checking,Asset,2219.26,0.0,,,Galehouse Media,,Amount USD 2219.26 received from Galehouse Media | Transaction reference no ACH-25-00605 dated 2025-11-22 | Amount USD 2219.26 adjusted against Sales Invoice ACC-SINV-2025-00605,Meridian Trading Co.
d037773d56,ACC-PAY-2025-00774,P2,Payment Entry,Payment Entry,1,2025-11-22,2025-11-24 14:13:34.064424,ap.clerk@meridian.example,1210 - Primary Checking - MTC,1210,Primary Checking,Asset,0.0,529.43,,,Stateside Insurance,,Amount USD 529.43 paid to Stateside Insurance | Transaction reference no ACH-25-00305 dated 2025-11-22 | Amount USD 529.43 adjusted against Purchase Invoice ACC-PINV-2025-00305,Meridian Trading Co.
ef41ad654d,ACC-PAY-2025-00774,P2,Payment Entry,Payment Entry,2,2025-11-22,2025-11-24 14:13:34.064424,ap.clerk@meridian.example,2110 - Creditors - MTC,2110,Creditors,Liability,529.43,0.0,Supplier,Stateside Insurance,1210 - Primary Checking - MTC,,Amount USD 529.43 paid to Stateside Insurance | Transaction reference no ACH-25-00305 dated 2025-11-22 | Amount USD 529.43 adjusted against Purchase Invoice ACC-PINV-2025-00305,Meridian Trading Co.
3566c59a1d,ACC-PAY-2025-00650,P2,Payment Entry,Payment Entry,1,2025-11-23,2025-11-24 16:28:21.936075,ar.clerk@meridian.example,1310 - Debtors - MTC,1310,Debtors,Asset,0.0,26746.9,Customer,Kestrel Foods,1210 - Primary Checking - MTC,,Amount USD 26746.9 received from Kestrel Foods | Transaction reference no ACH-25-00497 dated 2025-11-23 | Amount USD 26746.9 adjusted against Sales Invoice ACC-SINV-2025-00497,Meridian Trading Co.
8c5d2a9b80,ACC-PAY-2025-00650,P2,Payment Entry,Payment Entry,2,2025-11-23,2025-11-24 16:28:21.936075,ar.clerk@meridian.example,1210 - Primary Checking - MTC,1210,Primary Checking,Asset,26746.9,0.0,,,Kestrel Foods,,Amount USD 26746.9 received from Kestrel Foods | Transaction reference no ACH-25-00497 dated 2025-11-23 | Amount USD 26746.9 adjusted against Sales Invoice ACC-SINV-2025-00497,Meridian Trading Co.
59995501a9,ACC-PAY-2025-00659,P2,Payment Entry,Payment Entry,1,2025-11-23,2025-11-24 10:35:50.148721,ar.clerk@meridian.example,1310 - Debtors - MTC,1310,Debtors,Asset,0.0,7409.0,Customer,Redcedar Builders,1210 - Primary Checking - MTC,,Amount USD 7409.0 received from Redcedar Builders | Transaction reference no ACH-25-00509 dated 2025-11-23 | Amount USD 7409.0 adjusted against Sales Invoice ACC-SINV-2025-00509,Meridian Trading Co.
d128e2aea3,ACC-PAY-2025-00659,P2,Payment Entry,Payment Entry,2,2025-11-23,2025-11-24 10:35:50.148721,ar.clerk@meridian.example,1210 - Primary Checking - MTC,1210,Primary Checking,Asset,7409.0,0.0,,,Redcedar Builders,,Amount USD 7409.0 received from Redcedar Builders | Transaction reference no ACH-25-00509 dated 2025-11-23 | Amount USD 7409.0 adjusted against Sales Invoice ACC-SINV-2025-00509,Meridian Trading Co.
20344445f9,ACC-PAY-2025-00724,P2,Payment Entry,Payment Entry,1,2025-11-23,2025-11-24 10:08:26.882079,ar.clerk@meridian.example,1210 - Primary Checking - MTC,1210,Primary Checking,Asset,911.65,0.0,,,Redcedar Builders,,Amount USD 911.65 received from Redcedar Builders | Transaction reference no ACH-25-00562 dated 2025-11-23 | Amount USD 911.65 adjusted against Sales Invoice ACC-SINV-2025-00562,Meridian Trading Co.
5c79976f6d,ACC-PAY-2025-00724,P2,Payment Entry,Payment Entry,2,2025-11-23,2025-11-24 10:08:26.882079,ar.clerk@meridian.example,1310 - Debtors - MTC,1310,Debtors,Asset,0.0,911.65,Customer,Redcedar Builders,1210 - Primary Checking - MTC,,Amount USD 911.65 received from Redcedar Builders | Transaction reference no ACH-25-00562 dated 2025-11-23 | Amount USD 911.65 adjusted against Sales Invoice ACC-SINV-2025-00562,Meridian Trading Co.
66bb6da297,ACC-SINV-2025-00608,P2,Sales Invoice,Credit Note,1,2025-11-23,2025-11-24 14:52:11.790322,ar.clerk@meridian.example,4120 - Service - MTC,4120,Service,Income,721.19,0.0,,,Bluepine Hardware,Warehouse - MTC,Return against ACC-SINV-2025-00568,Meridian Trading Co.
8f1225189f,ACC-SINV-2025-00608,P2,Sales Invoice,Credit Note,2,2025-11-23,2025-11-24 14:52:11.790322,ar.clerk@meridian.example,1310 - Debtors - MTC,1310,Debtors,Asset,0.0,721.19,Customer,Bluepine Hardware,4120 - Service - MTC,,Return against ACC-SINV-2025-00568,Meridian Trading Co.
43c920206f,ACC-PAY-2025-00653,P2,Payment Entry,Payment Entry,1,2025-11-24,2025-11-24 11:04:47.617420,ar.clerk@meridian.example,1310 - Debtors - MTC,1310,Debtors,Asset,0.0,2109.57,Customer,Summit Rentals,1210 - Primary Checking - MTC,,Amount USD 2109.57 received from Summit Rentals | Transaction reference no ACH-25-00501 dated 2025-11-24 | Amount USD 2109.57 adjusted against Sales Invoice ACC-SINV-2025-00501,Meridian Trading Co.
55575278c8,ACC-PAY-2025-00653,P2,Payment Entry,Payment Entry,2,2025-11-24,2025-11-24 11:04:47.617420,ar.clerk@meridian.example,1210 - Primary Checking - MTC,1210,Primary Checking,Asset,2109.57,0.0,,,Summit Rentals,,Amount USD 2109.57 received from Summit Rentals | Transaction reference no ACH-25-00501 dated 2025-11-24 | Amount USD 2109.57 adjusted against Sales Invoice ACC-SINV-2025-00501,Meridian Trading Co.
093add8da9,ACC-PAY-2025-00668,P2,Payment Entry,Payment Entry,1,2025-11-24,2025-11-24 08:37:07.048619,ar.clerk@meridian.example,1310 - Debtors - MTC,1310,Debtors,Asset,0.0,4672.12,Customer,Juniper & Co,1210 - Primary Checking - MTC,,Amount USD 4672.12 received from Juniper & Co | Transaction reference no ACH-25-00520 dated 2025-11-24 | Amount USD 4672.12 adjusted against Sales Invoice ACC-SINV-2025-00520,Meridian Trading Co.
0f8b97554f,ACC-PAY-2025-00668,P2,Payment Entry,Payment Entry,2,2025-11-24,2025-11-24 08:37:07.048619,ar.clerk@meridian.example,1210 - Primary Checking - MTC,1210,Primary Checking,Asset,4672.12,0.0,,,Juniper & Co,,Amount USD 4672.12 received from Juniper & Co | Transaction reference no ACH-25-00520 dated 2025-11-24 | Amount USD 4672.12 adjusted against Sales Invoice ACC-SINV-2025-00520,Meridian Trading Co.
eb24ec7ffe,ACC-PAY-2025-00782,P2,Payment Entry,Payment Entry,1,2025-11-24,2025-11-24 16:41:35.545806,ap.clerk@meridian.example,2110 - Creditors - MTC,2110,Creditors,Liability,7486.11,0.0,Supplier,Ironclad Security,1210 - Primary Checking - MTC,,Amount USD 7486.11 paid to Ironclad Security | Transaction reference no ACH-25-00313 dated 2025-11-24 | Amount USD 7486.11 adjusted against Purchase Invoice ACC-PINV-2025-00313,Meridian Trading Co.
f97f391e60,ACC-PAY-2025-00782,P2,Payment Entry,Payment Entry,2,2025-11-24,2025-11-24 16:41:35.545806,ap.clerk@meridian.example,1210 - Primary Checking - MTC,1210,Primary Checking,Asset,0.0,7486.11,,,Ironclad Security,,Amount USD 7486.11 paid to Ironclad Security | Transaction reference no ACH-25-00313 dated 2025-11-24 | Amount USD 7486.11 adjusted against Purchase Invoice ACC-PINV-2025-00313,Meridian Trading Co.
42728cff88,ACC-PINV-2025-00308,P2,Purchase Invoice,Purchase Invoice,1,2025-11-24,2025-11-24 13:08:57.488730,ap.clerk@meridian.example,5208 - Office Maintenance Expenses - MTC,5208,Office Maintenance Expenses,Expense,15533.73,0.0,,,Harlan Office Supply,Admin - MTC,Harlan Office Supply November 2025 billing,Meridian Trading Co.
655c22d7b6,ACC-PINV-2025-00308,P2,Purchase Invoice,Purchase Invoice,2,2025-11-24,2025-11-24 13:08:57.488730,ap.clerk@meridian.example,5216 - Travel Expenses - MTC,5216,Travel Expenses,Expense,1846.23,0.0,,,Harlan Office Supply,Admin - MTC,Harlan Office Supply November 2025 billing,Meridian Trading Co.
78bbe0288c,ACC-PINV-2025-00308,P2,Purchase Invoice,Purchase Invoice,3,2025-11-24,2025-11-24 13:08:57.488730,ap.clerk@meridian.example,2110 - Creditors - MTC,2110,Creditors,Liability,0.0,17379.96,Supplier,Harlan Office Supply,"5208 - Office Maintenance Expenses - MTC,5216 - Travel Expenses - MTC",,Harlan Office Supply November 2025 billing,Meridian Trading Co.
9488458314,ACC-PINV-2025-00316,P2,Purchase Invoice,Purchase Invoice,1,2025-11-24,2025-11-24 11:54:21.936726,ap.clerk@meridian.example,2110 - Creditors - MTC,2110,Creditors,Liability,0.0,15857.02,Supplier,Granite Janitorial,5208 - Office Maintenance Expenses - MTC,,Granite Janitorial November 2025 billing,Meridian Trading Co.
9a722cb6e8,ACC-PINV-2025-00316,P2,Purchase Invoice,Purchase Invoice,2,2025-11-24,2025-11-24 11:54:21.936726,ap.clerk@meridian.example,5208 - Office Maintenance Expenses - MTC,5208,Office Maintenance Expenses,Expense,15857.02,0.0,,,Granite Janitorial,Admin - MTC,Granite Janitorial November 2025 billing,Meridian Trading Co.
3a204209b7,ACC-SINV-2025-00570,P2,Sales Invoice,Sales Invoice,1,2025-11-24,2025-11-24 10:14:40.901896,ar.clerk@meridian.example,ST 6% - MTC,,ST 6%,Liability,0.0,49.98,,,Marlowe Interiors,Admin - MTC,Customer order Marlowe Interiors Nov 2025,Meridian Trading Co.
6b910d0cd5,ACC-SINV-2025-00570,P2,Sales Invoice,Sales Invoice,2,2025-11-24,2025-11-24 10:14:40.901896,ar.clerk@meridian.example,1310 - Debtors - MTC,1310,Debtors,Asset,882.94,0.0,Customer,Marlowe Interiors,4110 - Sales - MTC,,Customer order Marlowe Interiors Nov 2025,Meridian Trading Co.
ff5907bdce,ACC-SINV-2025-00570,P2,Sales Invoice,Sales Invoice,3,2025-11-24,2025-11-24 10:14:40.901896,ar.clerk@meridian.example,4110 - Sales - MTC,4110,Sales,Income,0.0,832.96,,,Marlowe Interiors,Warehouse - MTC,Customer order Marlowe Interiors Nov 2025,Meridian Trading Co.
8ee05fbf39,ACC-SINV-2025-00571,P2,Sales Invoice,Sales Invoice,1,2025-11-24,2025-11-24 11:49:40.307773,ar.clerk@meridian.example,ST 6% - MTC,,ST 6%,Liability,0.0,23.79,,,Marlowe Interiors,Admin - MTC,Customer order Marlowe Interiors Nov 2025,Meridian Trading Co.
d1247160b1,ACC-SINV-2025-00571,P2,Sales Invoice,Sales Invoice,2,2025-11-24,2025-11-24 11:49:40.307773,ar.clerk@meridian.example,1310 - Debtors - MTC,1310,Debtors,Asset,420.27,0.0,Customer,Marlowe Interiors,4110 - Sales - MTC,,Customer order Marlowe Interiors Nov 2025,Meridian Trading Co.
db687b5753,ACC-SINV-2025-00571,P2,Sales Invoice,Sales Invoice,3,2025-11-24,2025-11-24 11:49:40.307773,ar.clerk@meridian.example,4110 - Sales - MTC,4110,Sales,Income,0.0,396.48,,,Marlowe Interiors,Sales Ops - MTC,Customer order Marlowe Interiors Nov 2025,Meridian Trading Co.
59b6e2e1d7,ACC-SINV-2025-00583,P2,Sales Invoice,Sales Invoice,1,2025-11-24,2025-11-24 11:13:49.817433,ar.clerk@meridian.example,4110 - Sales - MTC,4110,Sales,Income,0.0,334.11,,,Cascade Outfitters,Sales Ops - MTC,Customer order Cascade Outfitters Nov 2025,Meridian Trading Co.
cc8e1618f4,ACC-SINV-2025-00583,P2,Sales Invoice,Sales Invoice,2,2025-11-24,2025-11-24 11:13:49.817433,ar.clerk@meridian.example,1310 - Debtors - MTC,1310,Debtors,Asset,354.16,0.0,Customer,Cascade Outfitters,4110 - Sales - MTC,,Customer order Cascade Outfitters Nov 2025,Meridian Trading Co.
edc0720bec,ACC-SINV-2025-00583,P2,Sales Invoice,Sales Invoice,3,2025-11-24,2025-11-24 11:13:49.817433,ar.clerk@meridian.example,ST 6% - MTC,,ST 6%,Liability,0.0,20.05,,,Cascade Outfitters,Admin - MTC,Customer order Cascade Outfitters Nov 2025,Meridian Trading Co.
566ebd9e58,ACC-PAY-2025-00739,P2,Payment Entry,Payment Entry,1,2025-11-25,2025-11-25 12:47:52.271461,ar.clerk@meridian.example,1210 - Primary Checking - MTC,1210,Primary Checking,Asset,7681.18,0.0,,,Marlowe Interiors,,Amount USD 7681.18 received from Marlowe Interiors | Transaction reference no ACH-25-00579 dated 2025-11-25 | Amount USD 7681.18 adjusted against Sales Invoice ACC-SINV-2025-00579,Meridian Trading Co.
7ff4561bf0,ACC-PAY-2025-00739,P2,Payment Entry,Payment Entry,2,2025-11-25,2025-11-25 12:47:52.271461,ar.clerk@meridian.example,1310 - Debtors - MTC,1310,Debtors,Asset,0.0,7681.18,Customer,Marlowe Interiors,1210 - Primary Checking - MTC,,Amount USD 7681.18 received from Marlowe Interiors | Transaction reference no ACH-25-00579 dated 2025-11-25 | Amount USD 7681.18 adjusted against Sales Invoice ACC-SINV-2025-00579,Meridian Trading Co.
76aabbcc63,ACC-PAY-2025-00751,P2,Payment Entry,Payment Entry,1,2025-11-25,2025-11-25 18:01:27.448529,ar.clerk@meridian.example,1310 - Debtors - MTC,1310,Debtors,Asset,0.0,2901.24,Customer,Bluepine Hardware,1210 - Primary Checking - MTC,,Amount USD 2901.24 received from Bluepine Hardware | Transaction reference no ACH-25-00593 dated 2025-11-25 | Amount USD 2901.24 adjusted against Sales Invoice ACC-SINV-2025-00593,Meridian Trading Co.
a8fe646ba6,ACC-PAY-2025-00751,P2,Payment Entry,Payment Entry,2,2025-11-25,2025-11-25 18:01:27.448529,ar.clerk@meridian.example,1210 - Primary Checking - MTC,1210,Primary Checking,Asset,2901.24,0.0,,,Bluepine Hardware,,Amount USD 2901.24 received from Bluepine Hardware | Transaction reference no ACH-25-00593 dated 2025-11-25 | Amount USD 2901.24 adjusted against Sales Invoice ACC-SINV-2025-00593,Meridian Trading Co.
58be4b0a56,ACC-PAY-2025-00756,P2,Payment Entry,Payment Entry,1,2025-11-25,2025-11-25 13:39:35.513392,ar.clerk@meridian.example,1310 - Debtors - MTC,1310,Debtors,Asset,0.0,6820.16,Customer,Redcedar Builders,1210 - Primary Checking - MTC,,Amount USD 6820.16 received from Redcedar Builders | Transaction reference no ACH-25-00599 dated 2025-11-25 | Amount USD 6820.16 adjusted against Sales Invoice ACC-SINV-2025-00599,Meridian Trading Co.
78135d8854,ACC-PAY-2025-00756,P2,Payment Entry,Payment Entry,2,2025-11-25,2025-11-25 13:39:35.513392,ar.clerk@meridian.example,1210 - Primary Checking - MTC,1210,Primary Checking,Asset,6820.16,0.0,,,Redcedar Builders,,Amount USD 6820.16 received from Redcedar Builders | Transaction reference no ACH-25-00599 dated 2025-11-25 | Amount USD 6820.16 adjusted against Sales Invoice ACC-SINV-2025-00599,Meridian Trading Co.
2fa84529b9,ACC-PINV-2025-00294,P2,Purchase Invoice,Purchase Invoice,1,2025-11-25,2025-11-25 17:31:31.588938,ap.clerk@meridian.example,2110 - Creditors - MTC,2110,Creditors,Liability,0.0,6369.94,Supplier,Vulcan Materials Co,"5111 - Cost of Goods Sold - MTC,5204 - Entertainment Expenses - MTC,5215 - Telephone Expenses - MTC",,Vulcan Materials Co November 2025 billing,Meridian Trading Co.
980bca8da7,ACC-PINV-2025-00294,P2,Purchase Invoice,Purchase Invoice,2,2025-11-25,2025-11-25 17:31:31.588938,ap.clerk@meridian.example,5111 - Cost of Goods Sold - MTC,5111,Cost of Goods Sold,Expense,3204.2,0.0,,,Vulcan Materials Co,Warehouse - MTC,Vulcan Materials Co November 2025 billing,Meridian Trading Co.
e645fd3123,ACC-PINV-2025-00294,P2,Purchase Invoice,Purchase Invoice,3,2025-11-25,2025-11-25 17:31:31.588938,ap.clerk@meridian.example,5215 - Telephone Expenses - MTC,5215,Telephone Expenses,Expense,1160.24,0.0,,,Vulcan Materials Co,Admin - MTC,Vulcan Materials Co November 2025 billing,Meridian Trading Co.
fc1d26c5ce,ACC-PINV-2025-00294,P2,Purchase Invoice,Purchase Invoice,4,2025-11-25,2025-11-25 17:31:31.588938,ap.clerk@meridian.example,5204 - Entertainment Expenses - MTC,5204,Entertainment Expenses,Expense,2005.5,0.0,,,Vulcan Materials Co,Admin - MTC,Vulcan Materials Co November 2025 billing,Meridian Trading Co.
4f158f3f04,ACC-PINV-2025-00309,P2,Purchase Invoice,Purchase Invoice,1,2025-11-25,2025-11-25 16:31:55.898692,ap.clerk@meridian.example,2110 - Creditors - MTC,2110,Creditors,Liability,0.0,15589.25,Supplier,Harlan Office Supply,5208 - Office Maintenance Expenses - MTC,,Harlan Office Supply November 2025 billing,Meridian Trading Co.
779bc7a175,ACC-PINV-2025-00309,P2,Purchase Invoice,Purchase Invoice,2,2025-11-25,2025-11-25 16:31:55.898692,ap.clerk@meridian.example,5208 - Office Maintenance Expenses - MTC,5208,Office Maintenance Expenses,Expense,15589.25,0.0,,,Harlan Office Supply,Admin - MTC,Harlan Office Supply November 2025 billing,Meridian Trading Co.
5cf25551fb,ACC-SINV-2025-00560,P2,Sales Invoice,Sales Invoice,1,2025-11-25,2025-11-25 09:45:24.610330,ar.clerk@meridian.example,ST 6% - MTC,,ST 6%,Liability,0.0,69.67,,,Brightline Offices,Admin - MTC,Customer order Brightline Offices Nov 2025,Meridian Trading Co.
8e15943e97,ACC-SINV-2025-00560,P2,Sales Invoice,Sales Invoice,2,2025-11-25,2025-11-25 09:45:24.610330,ar.clerk@meridian.example,4110 - Sales - MTC,4110,Sales,Income,0.0,1161.13,,,Brightline Offices,Warehouse - MTC,Customer order Brightline Offices Nov 2025,Meridian Trading Co.
b098994dee,ACC-SINV-2025-00560,P2,Sales Invoice,Sales Invoice,3,2025-11-25,2025-11-25 09:45:24.610330,ar.clerk@meridian.example,1310 - Debtors - MTC,1310,Debtors,Asset,1230.8,0.0,Customer,Brightline Offices,4110 - Sales - MTC,,Customer order Brightline Offices Nov 2025,Meridian Trading Co.
234127e29b,ACC-SINV-2025-00588,P2,Sales Invoice,Sales Invoice,1,2025-11-25,2025-11-25 12:52:36.005635,ar.clerk@meridian.example,1310 - Debtors - MTC,1310,Debtors,Asset,1114.28,0.0,Customer,Marlowe Interiors,4110 - Sales - MTC,,Customer order Marlowe Interiors Nov 2025,Meridian Trading Co.
65eb8ceac1,ACC-SINV-2025-00588,P2,Sales Invoice,Sales Invoice,2,2025-11-25,2025-11-25 12:52:36.005635,ar.clerk@meridian.example,4110 - Sales - MTC,4110,Sales,Income,0.0,858.41,,,Marlowe Interiors,Sales Ops - MTC,Customer order Marlowe Interiors Nov 2025,Meridian Trading Co.
cb777f4096,ACC-SINV-2025-00588,P2,Sales Invoice,Sales Invoice,3,2025-11-25,2025-11-25 12:52:36.005635,ar.clerk@meridian.example,ST 6% - MTC,,ST 6%,Liability,0.0,63.07,,,Marlowe Interiors,Admin - MTC,Customer order Marlowe Interiors Nov 2025,Meridian Trading Co.
d72031304d,ACC-SINV-2025-00588,P2,Sales Invoice,Sales Invoice,4,2025-11-25,2025-11-25 12:52:36.005635,ar.clerk@meridian.example,4110 - Sales - MTC,4110,Sales,Income,0.0,192.8,,,Marlowe Interiors,Warehouse - MTC,Customer order Marlowe Interiors Nov 2025,Meridian Trading Co.
4892e76d96,ACC-SINV-2025-00601,P2,Sales Invoice,Sales Invoice,1,2025-11-25,2025-11-25 10:55:45.793170,ar.clerk@meridian.example,4110 - Sales - MTC,4110,Sales,Income,0.0,878.39,,,Pactrail Sports,Sales Ops - MTC,Customer order Pactrail Sports Nov 2025,Meridian Trading Co.
85e4a5de1d,ACC-SINV-2025-00601,P2,Sales Invoice,Sales Invoice,2,2025-11-25,2025-11-25 10:55:45.793170,ar.clerk@meridian.example,4110 - Sales - MTC,4110,Sales,Income,0.0,673.68,,,Pactrail Sports,Warehouse - MTC,Customer order Pactrail Sports Nov 2025,Meridian Trading Co.
864d687c10,ACC-SINV-2025-00601,P2,Sales Invoice,Sales Invoice,3,2025-11-25,2025-11-25 10:55:45.793170,ar.clerk@meridian.example,ST 6% - MTC,,ST 6%,Liability,0.0,93.12,,,Pactrail Sports,Admin - MTC,Customer order Pactrail Sports Nov 2025,Meridian Trading Co.
fd9c1e2b53,ACC-SINV-2025-00601,P2,Sales Invoice,Sales Invoice,4,2025-11-25,2025-11-25 10:55:45.793170,ar.clerk@meridian.example,1310 - Debtors - MTC,1310,Debtors,Asset,1645.19,0.0,Customer,Pactrail Sports,4110 - Sales - MTC,,Customer order Pactrail Sports Nov 2025,Meridian Trading Co.
dabc4eb4fa,ACC-PAY-2025-00671,P2,Payment Entry,Payment Entry,1,2025-11-26,2025-11-26 16:00:55.624622,ar.clerk@meridian.example,1210 - Primary Checking - MTC,1210,Primary Checking,Asset,1487.64,0.0,,,Marlowe Interiors,,Amount USD 1487.64 received from Marlowe Interiors | Transaction reference no ACH-25-00523 dated 2025-11-26 | Amount USD 1487.64 adjusted against Sales Invoice ACC-SINV-2025-00523,Meridian Trading Co.
f8d9a906c9,ACC-PAY-2025-00671,P2,Payment Entry,Payment Entry,2,2025-11-26,2025-11-26 16:00:55.624622,ar.clerk@meridian.example,1310 - Debtors - MTC,1310,Debtors,Asset,0.0,1487.64,Customer,Marlowe Interiors,1210 - Primary Checking - MTC,,Amount USD 1487.64 received from Marlowe Interiors | Transaction reference no ACH-25-00523 dated 2025-11-26 | Amount USD 1487.64 adjusted against Sales Invoice ACC-SINV-2025-00523,Meridian Trading Co.
625892f277,ACC-PAY-2025-00759,P2,Payment Entry,Payment Entry,1,2025-11-26,2025-11-26 14:43:39.888313,ar.clerk@meridian.example,1210 - Primary Checking - MTC,1210,Primary Checking,Asset,2513.32,0.0,,,Halstrom Supply,,Amount USD 2513.32 received from Halstrom Supply | Transaction reference no ACH-25-00602 dated 2025-11-26 | Amount USD 2513.32 adjusted against Sales Invoice ACC-SINV-2025-00602,Meridian Trading Co.
9bde10569a,ACC-PAY-2025-00759,P2,Payment Entry,Payment Entry,2,2025-11-26,2025-11-26 14:43:39.888313,ar.clerk@meridian.example,1310 - Debtors - MTC,1310,Debtors,Asset,0.0,2513.32,Customer,Halstrom Supply,1210 - Primary Checking - MTC,,Amount USD 2513.32 received from Halstrom Supply | Transaction reference no ACH-25-00602 dated 2025-11-26 | Amount USD 2513.32 adjusted against Sales Invoice ACC-SINV-2025-00602,Meridian Trading Co.
1171f01b26,ACC-PINV-2025-00304,P2,Purchase Invoice,Purchase Invoice,1,2025-11-26,2025-11-26 17:53:56.239102,ap.clerk@meridian.example,5230 - IT and Software Expenses - MTC,5230,IT and Software Expenses,Expense,15809.77,0.0,,,Cobalt IT Services,Admin - MTC,Cobalt IT Services November 2025 billing,Meridian Trading Co.
5c66e89034,ACC-PINV-2025-00304,P2,Purchase Invoice,Purchase Invoice,2,2025-11-26,2025-11-26 17:53:56.239102,ap.clerk@meridian.example,5211 - Print and Stationery - MTC,5211,Print and Stationery,Expense,66.61,0.0,,,Cobalt IT Services,Admin - MTC,Cobalt IT Services November 2025 billing,Meridian Trading Co.
89b4854f6a,ACC-PINV-2025-00304,P2,Purchase Invoice,Purchase Invoice,3,2025-11-26,2025-11-26 17:53:56.239102,ap.clerk@meridian.example,5209 - Office Rent - MTC,5209,Office Rent,Expense,1025.73,0.0,,,Cobalt IT Services,Admin - MTC,Cobalt IT Services November 2025 billing,Meridian Trading Co.
cfcbf85f80,ACC-PINV-2025-00304,P2,Purchase Invoice,Purchase Invoice,4,2025-11-26,2025-11-26 17:53:56.239102,ap.clerk@meridian.example,2110 - Creditors - MTC,2110,Creditors,Liability,0.0,16902.11,Supplier,Cobalt IT Services,"5230 - IT and Software Expenses - MTC,5209 - Office Rent - MTC,5211 - Print and Stationery - MTC",,Cobalt IT Services November 2025 billing,Meridian Trading Co.
20ddea76a8,ACC-SINV-2025-00580,P2,Sales Invoice,Sales Invoice,1,2025-11-26,2025-11-26 08:54:09.644423,ar.clerk@meridian.example,1310 - Debtors - MTC,1310,Debtors,Asset,636.22,0.0,Customer,Bluepine Hardware,4110 - Sales - MTC,,Customer order Bluepine Hardware Nov 2025,Meridian Trading Co.
3b7248c71d,ACC-SINV-2025-00580,P2,Sales Invoice,Sales Invoice,2,2025-11-26,2025-11-26 08:54:09.644423,ar.clerk@meridian.example,ST 6% - MTC,,ST 6%,Liability,0.0,36.01,,,Bluepine Hardware,Admin - MTC,Customer order Bluepine Hardware Nov 2025,Meridian Trading Co.
5e0a923b51,ACC-SINV-2025-00580,P2,Sales Invoice,Sales Invoice,3,2025-11-26,2025-11-26 08:54:09.644423,ar.clerk@meridian.example,4110 - Sales - MTC,4110,Sales,Income,0.0,600.21,,,Bluepine Hardware,Warehouse - MTC,Customer order Bluepine Hardware Nov 2025,Meridian Trading Co.
28a217d5b3,ACC-PAY-2025-00713,P2,Payment Entry,Payment Entry,1,2025-11-27,2025-11-27 16:46:29.390324,ap.clerk@meridian.example,2110 - Creditors - MTC,2110,Creditors,Liability,9585.05,0.0,Supplier,Harlan Office Supply,1210 - Primary Checking - MTC,,Amount USD 9585.05 paid to Harlan Office Supply | Transaction reference no ACH-25-00283 dated 2025-11-27 | Amount USD 9585.05 adjusted against Purchase Invoice ACC-PINV-2025-00283,Meridian Trading Co.
2cf1be97b1,ACC-PAY-2025-00713,P2,Payment Entry,Payment Entry,2,2025-11-27,2025-11-27 16:46:29.390324,ap.clerk@meridian.example,1210 - Primary Checking - MTC,1210,Primary Checking,Asset,0.0,9585.05,,,Harlan Office Supply,,Amount USD 9585.05 paid to Harlan Office Supply | Transaction reference no ACH-25-00283 dated 2025-11-27 | Amount USD 9585.05 adjusted against Purchase Invoice ACC-PINV-2025-00283,Meridian Trading Co.
1c12bd92b5,ACC-PAY-2025-00755,P2,Payment Entry,Payment Entry,1,2025-11-27,2025-11-27 16:13:55.253015,ar.clerk@meridian.example,1310 - Debtors - MTC,1310,Debtors,Asset,0.0,3003.57,Customer,Halstrom Supply,1210 - Primary Checking - MTC,,Amount USD 3003.57 received from Halstrom Supply | Transaction reference no ACH-25-00598 dated 2025-11-27 | Amount USD 3003.57 adjusted against Sales Invoice ACC-SINV-2025-00598,Meridian Trading Co.
1d6d433a3d,ACC-PAY-2025-00755,P2,Payment Entry,Payment Entry,2,2025-11-27,2025-11-27 16:13:55.253015,ar.clerk@meridian.example,1210 - Primary Checking - MTC,1210,Primary Checking,Asset,3003.57,0.0,,,Halstrom Supply,,Amount USD 3003.57 received from Halstrom Supply | Transaction reference no ACH-25-00598 dated 2025-11-27 | Amount USD 3003.57 adjusted against Sales Invoice ACC-SINV-2025-00598,Meridian Trading Co.
65ff189151,ACC-PAY-2025-00769,P2,Payment Entry,Payment Entry,1,2025-11-27,2025-11-27 17:38:36.832307,ap.clerk@meridian.example,1210 - Primary Checking - MTC,1210,Primary Checking,Asset,0.0,2915.77,,,Beacon Freight,,Amount USD 2915.77 paid to Beacon Freight | Transaction reference no ACH-25-00299 dated 2025-11-27 | Amount USD 2915.77 adjusted against Purchase Invoice ACC-PINV-2025-00299,Meridian Trading Co.
8705539b28,ACC-PAY-2025-00769,P2,Payment Entry,Payment Entry,2,2025-11-27,2025-11-27 17:38:36.832307,ap.clerk@meridian.example,2110 - Creditors - MTC,2110,Creditors,Liability,2915.77,0.0,Supplier,Beacon Freight,1210 - Primary Checking - MTC,,Amount USD 2915.77 paid to Beacon Freight | Transaction reference no ACH-25-00299 dated 2025-11-27 | Amount USD 2915.77 adjusted against Purchase Invoice ACC-PINV-2025-00299,Meridian Trading Co.
9e8c04559b,ACC-SINV-2025-00569,P2,Sales Invoice,Sales Invoice,1,2025-11-27,2025-11-27 14:45:01.593792,ar.clerk@meridian.example,ST 6% - MTC,,ST 6%,Liability,0.0,34.38,,,Redcedar Builders,Admin - MTC,Customer order Redcedar Builders Nov 2025,Meridian Trading Co.
a92e1a90f5,ACC-SINV-2025-00569,P2,Sales Invoice,Sales Invoice,2,2025-11-27,2025-11-27 14:45:01.593792,ar.clerk@meridian.example,1310 - Debtors - MTC,1310,Debtors,Asset,607.46,0.0,Customer,Redcedar Builders,4110 - Sales - MTC,,Customer order Redcedar Builders Nov 2025,Meridian Trading Co.
ac4f77d22f,ACC-SINV-2025-00569,P2,Sales Invoice,Sales Invoice,3,2025-11-27,2025-11-27 14:45:01.593792,ar.clerk@meridian.example,4110 - Sales - MTC,4110,Sales,Income,0.0,90.98,,,Redcedar Builders,Sales Ops - MTC,Customer order Redcedar Builders Nov 2025,Meridian Trading Co.
f55aaa93ad,ACC-SINV-2025-00569,P2,Sales Invoice,Sales Invoice,4,2025-11-27,2025-11-27 14:45:01.593792,ar.clerk@meridian.example,4110 - Sales - MTC,4110,Sales,Income,0.0,482.1,,,Redcedar Builders,Warehouse - MTC,Customer order Redcedar Builders Nov 2025,Meridian Trading Co.
8eff3af1ed,ACC-SINV-2025-00611,P2,Sales Invoice,Credit Note,1,2025-11-27,2025-11-27 13:07:56.374265,ar.clerk@meridian.example,1310 - Debtors - MTC,1310,Debtors,Asset,0.0,67.05,Customer,Ovation Events,4110 - Sales - MTC,,Return against ACC-SINV-2025-00575,Meridian Trading Co.
ca45a4dd14,ACC-SINV-2025-00611,P2,Sales Invoice,Credit Note,2,2025-11-27,2025-11-27 13:07:56.374265,ar.clerk@meridian.example,4110 - Sales - MTC,4110,Sales,Income,67.05,0.0,,,Ovation Events,Warehouse - MTC,Return against ACC-SINV-2025-00575,Meridian Trading Co.
17855870c8,ACC-JV-2025-00104,P2,Journal Entry,Journal Entry,1,2025-11-28,2025-11-29 01:27:48.246143,batch.bot@meridian.example,5213 - Salary - MTC,5213,Salary,Expense,14024.01,0.0,,,"2120 - Payroll Payable - MTC, 2320 - Tax Withholding Payable - MTC",Warehouse - MTC,,Meridian Trading Co.
6348b6d580,ACC-JV-2025-00104,P2,Journal Entry,Journal Entry,2,2025-11-28,2025-11-29 01:27:48.246143,batch.bot@meridian.example,2120 - Payroll Payable - MTC,2120,Payroll Payable,Liability,0.0,42885.21,,,5213 - Salary - MTC,Admin - MTC,,Meridian Trading Co.
9bc4330c4b,ACC-JV-2025-00104,P2,Journal Entry,Journal Entry,3,2025-11-28,2025-11-29 01:27:48.246143,batch.bot@meridian.example,5213 - Salary - MTC,5213,Salary,Expense,23573.19,0.0,,,"2120 - Payroll Payable - MTC, 2320 - Tax Withholding Payable - MTC",Sales Ops - MTC,,Meridian Trading Co.
b4e5c5b29d,ACC-JV-2025-00104,P2,Journal Entry,Journal Entry,4,2025-11-28,2025-11-29 01:27:48.246143,batch.bot@meridian.example,5213 - Salary - MTC,5213,Salary,Expense,17667.24,0.0,,,"2120 - Payroll Payable - MTC, 2320 - Tax Withholding Payable - MTC",Admin - MTC,,Meridian Trading Co.
e04bfb09f3,ACC-JV-2025-00104,P2,Journal Entry,Journal Entry,5,2025-11-28,2025-11-29 01:27:48.246143,batch.bot@meridian.example,2320 - Tax Withholding Payable - MTC,2320,Tax Withholding Payable,Liability,0.0,12379.23,,,5213 - Salary - MTC,Admin - MTC,,Meridian Trading Co.
73ef3b61c7,ACC-JV-2025-00106,P2,Journal Entry,Depreciation Entry,1,2025-11-28,2025-11-29 02:49:17.233480,batch.bot@meridian.example,1780 - Accumulated Depreciation - MTC,1780,Accumulated Depreciation,Asset,0.0,3416.67,,,5203 - Depreciation - MTC,Admin - MTC,,Meridian Trading Co.
9dcadb8971,ACC-JV-2025-00106,P2,Journal Entry,Depreciation Entry,2,2025-11-28,2025-11-29 02:49:17.233480,batch.bot@meridian.example,5203 - Depreciation - MTC,5203,Depreciation,Expense,2158.33,0.0,,,1780 - Accumulated Depreciation - MTC,Warehouse - MTC,,Meridian Trading Co.
af7334d546,ACC-JV-2025-00106,P2,Journal Entry,Depreciation Entry,3,2025-11-28,2025-11-29 02:49:17.233480,batch.bot@meridian.example,5203 - Depreciation - MTC,5203,Depreciation,Expense,1258.34,0.0,,,1780 - Accumulated Depreciation - MTC,Admin - MTC,,Meridian Trading Co.
00e8ea5dc4,ACC-JV-2025-00107,P2,Journal Entry,Journal Entry,1,2025-11-28,2025-11-29 01:21:32.675045,batch.bot@meridian.example,5228 - Insurance Expense - MTC,5228,Insurance Expense,Expense,1450.0,0.0,,,1660 - Prepaid Expenses - MTC,Admin - MTC,,Meridian Trading Co.
89beb209a8,ACC-JV-2025-00107,P2,Journal Entry,Journal Entry,2,2025-11-28,2025-11-29 01:21:32.675045,batch.bot@meridian.example,1660 - Prepaid Expenses - MTC,1660,Prepaid Expenses,Asset,0.0,1450.0,,,5228 - Insurance Expense - MTC,Admin - MTC,,Meridian Trading Co.
357fe6cfdb,ACC-JV-2025-00108,P2,Journal Entry,Journal Entry,1,2025-11-28,2025-11-28 09:38:53.347184,controller@meridian.example,5217 - Utility Expenses - MTC,5217,Utility Expenses,Expense,0.0,2071.41,,,"5215 - Telephone Expenses - MTC, 5209 - Office Rent - MTC, 5217 - Utility Expenses - MTC",Admin - MTC,,Meridian Trading Co.
516ec771ef,ACC-JV-2025-00108,P2,Journal Entry,Journal Entry,2,2025-11-28,2025-11-28 09:38:53.347184,controller@meridian.example,5209 - Office Rent - MTC,5209,Office Rent,Expense,0.0,7761.97,,,"5215 - Telephone Expenses - MTC, 5209 - Office Rent - MTC, 5217 - Utility Expenses - MTC",Admin - MTC,,Meridian Trading Co.
5437917fe0,ACC-JV-2025-00108,P2,Journal Entry,Journal Entry,3,2025-11-28,2025-11-28 09:38:53.347184,controller@meridian.example,5215 - Telephone Expenses - MTC,5215,Telephone Expenses,Expense,439.5,0.0,,,"5215 - Telephone Expenses - MTC, 5209 - Office Rent - MTC, 5217 - Utility Expenses - MTC",Sales Ops - MTC,,Meridian Trading Co.
610c4fd31d,ACC-JV-2025-00108,P2,Journal Entry,Journal Entry,4,2025-11-28,2025-11-28 09:38:53.347184,controller@meridian.example,5217 - Utility Expenses - MTC,5217,Utility Expenses,Expense,1165.17,0.0,,,"5215 - Telephone Expenses - MTC, 5209 - Office Rent - MTC, 5217 - Utility Expenses - MTC",Sales Ops - MTC,,Meridian Trading Co.
62113d3f22,ACC-JV-2025-00108,P2,Journal Entry,Journal Entry,5,2025-11-28,2025-11-28 09:38:53.347184,controller@meridian.example,5215 - Telephone Expenses - MTC,5215,Telephone Expenses,Expense,341.83,0.0,,,"5215 - Telephone Expenses - MTC, 5209 - Office Rent - MTC, 5217 - Utility Expenses - MTC",Warehouse - MTC,,Meridian Trading Co.
680387b5de,ACC-JV-2025-00108,P2,Journal Entry,Journal Entry,6,2025-11-28,2025-11-28 09:38:53.347184,controller@meridian.example,5209 - Office Rent - MTC,5209,Office Rent,Expense,4366.11,0.0,,,"5215 - Telephone Expenses - MTC, 5209 - Office Rent - MTC, 5217 - Utility Expenses - MTC",Sales Ops - MTC,,Meridian Trading Co.
79236f76a9,ACC-JV-2025-00108,P2,Journal Entry,Journal Entry,7,2025-11-28,2025-11-28 09:38:53.347184,controller@meridian.example,5209 - Office Rent - MTC,5209,Office Rent,Expense,3395.86,0.0,,,"5215 - Telephone Expenses - MTC, 5209 - Office Rent - MTC, 5217 - Utility Expenses - MTC",Warehouse - MTC,,Meridian Trading Co.
ccdc3770e2,ACC-JV-2025-00108,P2,Journal Entry,Journal Entry,8,2025-11-28,2025-11-28 09:38:53.347184,controller@meridian.example,5215 - Telephone Expenses - MTC,5215,Telephone Expenses,Expense,0.0,781.33,,,"5215 - Telephone Expenses - MTC, 5209 - Office Rent - MTC, 5217 - Utility Expenses - MTC",Admin - MTC,,Meridian Trading Co.
dff59759d7,ACC-JV-2025-00108,P2,Journal Entry,Journal Entry,9,2025-11-28,2025-11-28 09:38:53.347184,controller@meridian.example,5217 - Utility Expenses - MTC,5217,Utility Expenses,Expense,906.24,0.0,,,"5215 - Telephone Expenses - MTC, 5209 - Office Rent - MTC, 5217 - Utility Expenses - MTC",Warehouse - MTC,,Meridian Trading Co.
5f1a5c8d0a,ACC-PAY-2025-00704,P2,Payment Entry,Payment Entry,1,2025-11-28,2025-11-28 16:53:27.152145,ap.clerk@meridian.example,2110 - Creditors - MTC,2110,Creditors,Liability,15817.09,0.0,Supplier,Beacon Freight,1210 - Primary Checking - MTC,,Amount USD 15817.09 paid to Beacon Freight | Transaction reference no ACH-25-00273 dated 2025-11-28 | Amount USD 15817.09 adjusted against Purchase Invoice ACC-PINV-2025-00273,Meridian Trading Co.
cadc1348c3,ACC-PAY-2025-00704,P2,Payment Entry,Payment Entry,2,2025-11-28,2025-11-28 16:53:27.152145,ap.clerk@meridian.example,1210 - Primary Checking - MTC,1210,Primary Checking,Asset,0.0,15817.09,,,Beacon Freight,,Amount USD 15817.09 paid to Beacon Freight | Transaction reference no ACH-25-00273 dated 2025-11-28 | Amount USD 15817.09 adjusted against Purchase Invoice ACC-PINV-2025-00273,Meridian Trading Co.
9dfe4c9250,ACC-PAY-2025-00736,P2,Payment Entry,Payment Entry,1,2025-11-28,2025-11-28 08:24:57.780702,ar.clerk@meridian.example,1210 - Primary Checking - MTC,1210,Primary Checking,Asset,2262.27,0.0,,,Northwind Retail,,Amount USD 2262.27 received from Northwind Retail | Transaction reference no ACH-25-00576 dated 2025-11-28 | Amount USD 2262.27 adjusted against Sales Invoice ACC-SINV-2025-00576,Meridian Trading Co.
da20ff9b8f,ACC-PAY-2025-00736,P2,Payment Entry,Payment Entry,2,2025-11-28,2025-11-28 08:24:57.780702,ar.clerk@meridian.example,1310 - Debtors - MTC,1310,Debtors,Asset,0.0,2262.27,Customer,Northwind Retail,1210 - Primary Checking - MTC,,Amount USD 2262.27 received from Northwind Retail | Transaction reference no ACH-25-00576 dated 2025-11-28 | Amount USD 2262.27 adjusted against Sales Invoice ACC-SINV-2025-00576,Meridian Trading Co.
53d653d072,ACC-PAY-2025-00746,P2,Payment Entry,Payment Entry,1,2025-11-28,2025-11-28 15:29:49.903376,ar.clerk@meridian.example,1210 - Primary Checking - MTC,1210,Primary Checking,Asset,1422.39,0.0,,,Galehouse Media,,Amount USD 1422.39 received from Galehouse Media | Transaction reference no ACH-25-00587 dated 2025-11-28 | Amount USD 1422.39 adjusted against Sales Invoice ACC-SINV-2025-00587,Meridian Trading Co.
701af70d61,ACC-PAY-2025-00746,P2,Payment Entry,Payment Entry,2,2025-11-28,2025-11-28 15:29:49.903376,ar.clerk@meridian.example,1310 - Debtors - MTC,1310,Debtors,Asset,0.0,1422.39,Customer,Galehouse Media,1210 - Primary Checking - MTC,,Amount USD 1422.39 received from Galehouse Media | Transaction reference no ACH-25-00587 dated 2025-11-28 | Amount USD 1422.39 adjusted against Sales Invoice ACC-SINV-2025-00587,Meridian Trading Co.
061b6ddb09,ACC-PAY-2025-00748,P2,Payment Entry,Payment Entry,1,2025-11-28,2025-11-28 13:49:42.498283,ar.clerk@meridian.example,1310 - Debtors - MTC,1310,Debtors,Asset,0.0,925.34,Customer,Ferrous Works,1210 - Primary Checking - MTC,,Amount USD 925.34 received from Ferrous Works | Transaction reference no ACH-25-00590 dated 2025-11-28 | Amount USD 925.34 adjusted against Sales Invoice ACC-SINV-2025-00590,Meridian Trading Co.
50391c79fd,ACC-PAY-2025-00748,P2,Payment Entry,Payment Entry,2,2025-11-28,2025-11-28 13:49:42.498283,ar.clerk@meridian.example,1210 - Primary Checking - MTC,1210,Primary Checking,Asset,925.34,0.0,,,Ferrous Works,,Amount USD 925.34 received from Ferrous Works | Transaction reference no ACH-25-00590 dated 2025-11-28 | Amount USD 925.34 adjusted against Sales Invoice ACC-SINV-2025-00590,Meridian Trading Co.
2b17d15a15,ACC-PAY-2025-00750,P2,Payment Entry,Payment Entry,1,2025-11-28,2025-11-28 09:39:06.082607,ar.clerk@meridian.example,1310 - Debtors - MTC,1310,Debtors,Asset,0.0,2022.43,Customer,Cascade Outfitters,1210 - Primary Checking - MTC,,Amount USD 2022.43 received from Cascade Outfitters | Transaction reference no ACH-25-00592 dated 2025-11-28 | Amount USD 2022.43 adjusted against Sales Invoice ACC-SINV-2025-00592,Meridian Trading Co.
ead1f4383f,ACC-PAY-2025-00750,P2,Payment Entry,Payment Entry,2,2025-11-28,2025-11-28 09:39:06.082607,ar.clerk@meridian.example,1210 - Primary Checking - MTC,1210,Primary Checking,Asset,2022.43,0.0,,,Cascade Outfitters,,Amount USD 2022.43 received from Cascade Outfitters | Transaction reference no ACH-25-00592 dated 2025-11-28 | Amount USD 2022.43 adjusted against Sales Invoice ACC-SINV-2025-00592,Meridian Trading Co.
12764d6abe,ACC-PINV-2025-00301,P2,Purchase Invoice,Purchase Invoice,1,2025-11-28,2025-11-28 14:21:22.870666,ap.clerk@meridian.example,5205 - Freight and Forwarding Charges - MTC,5205,Freight and Forwarding Charges,Expense,15097.03,0.0,,,Beacon Freight,Admin - MTC,Beacon Freight November 2025 billing,Meridian Trading Co.
4a2ddcd479,ACC-PINV-2025-00301,P2,Purchase Invoice,Purchase Invoice,2,2025-11-28,2025-11-28 14:21:22.870666,ap.clerk@meridian.example,2110 - Creditors - MTC,2110,Creditors,Liability,0.0,15296.22,Supplier,Beacon Freight,"5205 - Freight and Forwarding Charges - MTC,5210 - Postal Expenses - MTC",,Beacon Freight November 2025 billing,Meridian Trading Co.
cae09fa1ed,ACC-PINV-2025-00301,P2,Purchase Invoice,Purchase Invoice,3,2025-11-28,2025-11-28 14:21:22.870666,ap.clerk@meridian.example,5210 - Postal Expenses - MTC,5210,Postal Expenses,Expense,199.19,0.0,,,Beacon Freight,Admin - MTC,Beacon Freight November 2025 billing,Meridian Trading Co.
0097e64866,ACC-PINV-2025-00310,P2,Purchase Invoice,Purchase Invoice,1,2025-11-28,2025-11-28 08:18:23.695582,ap.clerk@meridian.example,2110 - Creditors - MTC,2110,Creditors,Liability,0.0,5761.67,Supplier,Quill Marketing Group,5207 - Marketing Expenses - MTC,,Quill Marketing Group November 2025 billing,Meridian Trading Co.
2aeca47c0e,ACC-PINV-2025-00310,P2,Purchase Invoice,Purchase Invoice,2,2025-11-28,2025-11-28 08:18:23.695582,ap.clerk@meridian.example,5207 - Marketing Expenses - MTC,5207,Marketing Expenses,Expense,5761.67,0.0,,,Quill Marketing Group,Admin - MTC,Quill Marketing Group November 2025 billing,Meridian Trading Co.
284a893825,ACC-PINV-2025-00315,P2,Purchase Invoice,Purchase Invoice,1,2025-11-28,2025-11-28 09:37:54.963091,ap.clerk@meridian.example,5227 - Equipment Lease Expense - MTC,5227,Equipment Lease Expense,Expense,3407.41,0.0,,,Sterling Equipment Leasing,Admin - MTC,Sterling Equipment Leasing November 2025 billing,Meridian Trading Co.
6e20c5dae1,ACC-PINV-2025-00315,P2,Purchase Invoice,Purchase Invoice,2,2025-11-28,2025-11-28 09:37:54.963091,ap.clerk@meridian.example,2110 - Creditors - MTC,2110,Creditors,Liability,0.0,3407.41,Supplier,Sterling Equipment Leasing,5227 - Equipment Lease Expense - MTC,,Sterling Equipment Leasing November 2025 billing,Meridian Trading Co.
678943b468,ACC-SINV-2025-00572,P2,Sales Invoice,Sales Invoice,1,2025-11-28,2025-11-28 13:01:22.458849,ar.clerk@meridian.example,4110 - Sales - MTC,4110,Sales,Income,0.0,1128.85,,,Northwind Retail,Sales Ops - MTC,Customer order Northwind Retail Nov 2025,Meridian Trading Co.
73283042dd,ACC-SINV-2025-00572,P2,Sales Invoice,Sales Invoice,2,2025-11-28,2025-11-28 13:01:22.458849,ar.clerk@meridian.example,1310 - Debtors - MTC,1310,Debtors,Asset,1196.58,0.0,Customer,Northwind Retail,4110 - Sales - MTC,,Customer order Northwind Retail Nov 2025,Meridian Trading Co.
ed6bfea2a8,ACC-SINV-2025-00572,P2,Sales Invoice,Sales Invoice,3,2025-11-28,2025-11-28 13:01:22.458849,ar.clerk@meridian.example,ST 6% - MTC,,ST 6%,Liability,0.0,67.73,,,Northwind Retail,Admin - MTC,Customer order Northwind Retail Nov 2025,Meridian Trading Co.
1097179fb4,ACC-SINV-2025-00574,P2,Sales Invoice,Sales Invoice,1,2025-11-28,2025-11-28 11:45:54.989704,ar.clerk@meridian.example,4130 - Freight Income - MTC,4130,Freight Income,Income,0.0,561.0,,,Galehouse Media,Admin - MTC,Customer order Galehouse Media Nov 2025,Meridian Trading Co.
441a49ff41,ACC-SINV-2025-00574,P2,Sales Invoice,Sales Invoice,2,2025-11-28,2025-11-28 11:45:54.989704,ar.clerk@meridian.example,4110 - Sales - MTC,4110,Sales,Income,0.0,2333.58,,,Galehouse Media,Sales Ops - MTC,Customer order Galehouse Media Nov 2025,Meridian Trading Co.
9fb7b9e652,ACC-SINV-2025-00574,P2,Sales Invoice,Sales Invoice,3,2025-11-28,2025-11-28 11:45:54.989704,ar.clerk@meridian.example,4110 - Sales - MTC,4110,Sales,Income,0.0,626.1,,,Galehouse Media,Warehouse - MTC,Customer order Galehouse Media Nov 2025,Meridian Trading Co.
dea4b1ccfe,ACC-SINV-2025-00574,P2,Sales Invoice,Sales Invoice,4,2025-11-28,2025-11-28 11:45:54.989704,ar.clerk@meridian.example,1310 - Debtors - MTC,1310,Debtors,Asset,3731.92,0.0,Customer,Galehouse Media,"4110 - Sales - MTC,4130 - Freight Income - MTC",,Customer order Galehouse Media Nov 2025,Meridian Trading Co.
fadf79bfd7,ACC-SINV-2025-00574,P2,Sales Invoice,Sales Invoice,5,2025-11-28,2025-11-28 11:45:54.989704,ar.clerk@meridian.example,ST 6% - MTC,,ST 6%,Liability,0.0,211.24,,,Galehouse Media,Admin - MTC,Customer order Galehouse Media Nov 2025,Meridian Trading Co.
2784060874,ACC-SINV-2025-00577,P2,Sales Invoice,Sales Invoice,1,2025-11-28,2025-11-28 09:00:33.481103,ar.clerk@meridian.example,4110 - Sales - MTC,4110,Sales,Income,0.0,2876.48,,,Summit Rentals,Sales Ops - MTC,Customer order Summit Rentals Nov 2025,Meridian Trading Co.
29efbb5480,ACC-SINV-2025-00577,P2,Sales Invoice,Sales Invoice,2,2025-11-28,2025-11-28 09:00:33.481103,ar.clerk@meridian.example,ST 6% - MTC,,ST 6%,Liability,0.0,172.59,,,Summit Rentals,Admin - MTC,Customer order Summit Rentals Nov 2025,Meridian Trading Co.
6e382e6b68,ACC-SINV-2025-00577,P2,Sales Invoice,Sales Invoice,3,2025-11-28,2025-11-28 09:00:33.481103,ar.clerk@meridian.example,1310 - Debtors - MTC,1310,Debtors,Asset,3049.07,0.0,Customer,Summit Rentals,4110 - Sales - MTC,,Customer order Summit Rentals Nov 2025,Meridian Trading Co.
079a0bc9ea,ACC-SINV-2025-00603,P2,Sales Invoice,Sales Invoice,1,2025-11-28,2025-11-28 15:01:19.493213,ar.clerk@meridian.example,1310 - Debtors - MTC,1310,Debtors,Asset,533.81,0.0,Customer,Timberline Schools,"4140 - Installation Revenue - MTC,4110 - Sales - MTC",,Customer order Timberline Schools Nov 2025,Meridian Trading Co.
355c1c8cd0,ACC-SINV-2025-00603,P2,Sales Invoice,Sales Invoice,2,2025-11-28,2025-11-28 15:01:19.493213,ar.clerk@meridian.example,4140 - Installation Revenue - MTC,4140,Installation Revenue,Income,0.0,476.51,,,Timberline Schools,Sales Ops - MTC,Customer order Timberline Schools Nov 2025,Meridian Trading Co.
72ac5a40a0,ACC-SINV-2025-00603,P2,Sales Invoice,Sales Invoice,3,2025-11-28,2025-11-28 15:01:19.493213,ar.clerk@meridian.example,4110 - Sales - MTC,4110,Sales,Income,0.0,57.3,,,Timberline Schools,Warehouse - MTC,Customer order Timberline Schools Nov 2025,Meridian Trading Co.
631e105fdf,ACC-PAY-2025-00701,P2,Payment Entry,Payment Entry,1,2025-11-29,2025-12-01 18:13:33.557443,ap.clerk@meridian.example,1210 - Primary Checking - MTC,1210,Primary Checking,Asset,0.0,1272.13,,,Vulcan Materials Co,,Amount USD 1272.13 paid to Vulcan Materials Co | Transaction reference no ACH-25-00270 dated 2025-11-29 | Amount USD 1272.13 adjusted against Purchase Invoice ACC-PINV-2025-00270,Meridian Trading Co.
8b5317d461,ACC-PAY-2025-00701,P2,Payment Entry,Payment Entry,2,2025-11-29,2025-12-01 18:13:33.557443,ap.clerk@meridian.example,2110 - Creditors - MTC,2110,Creditors,Liability,1272.13,0.0,Supplier,Vulcan Materials Co,1210 - Primary Checking - MTC,,Amount USD 1272.13 paid to Vulcan Materials Co | Transaction reference no ACH-25-00270 dated 2025-11-29 | Amount USD 1272.13 adjusted against Purchase Invoice ACC-PINV-2025-00270,Meridian Trading Co.
34b524d870,ACC-PAY-2025-00654,P2,Payment Entry,Payment Entry,1,2025-11-30,2025-12-01 08:52:51.444809,ar.clerk@meridian.example,1310 - Debtors - MTC,1310,Debtors,Asset,0.0,1178.95,Customer,Ferrous Works,1210 - Primary Checking - MTC,,Amount USD 1178.95 received from Ferrous Works | Transaction reference no ACH-25-00504 dated 2025-11-30 | Amount USD 1178.95 adjusted against Sales Invoice ACC-SINV-2025-00504,Meridian Trading Co.
3d185d135f,ACC-PAY-2025-00654,P2,Payment Entry,Payment Entry,2,2025-11-30,2025-12-01 08:52:51.444809,ar.clerk@meridian.example,1210 - Primary Checking - MTC,1210,Primary Checking,Asset,1178.95,0.0,,,Ferrous Works,,Amount USD 1178.95 received from Ferrous Works | Transaction reference no ACH-25-00504 dated 2025-11-30 | Amount USD 1178.95 adjusted against Sales Invoice ACC-SINV-2025-00504,Meridian Trading Co.
411d32b2f7,ACC-PAY-2025-00758,P2,Payment Entry,Payment Entry,1,2025-11-30,2025-12-01 11:29:20.377555,ar.clerk@meridian.example,1210 - Primary Checking - MTC,1210,Primary Checking,Asset,690.98,0.0,,,Pactrail Sports,,Amount USD 690.98 received from Pactrail Sports | Transaction reference no ACH-25-00601 dated 2025-11-30 | Amount USD 690.98 adjusted against Sales Invoice ACC-SINV-2025-00601,Meridian Trading Co.
63fb330ea8,ACC-PAY-2025-00758,P2,Payment Entry,Payment Entry,2,2025-11-30,2025-12-01 11:29:20.377555,ar.clerk@meridian.example,1310 - Debtors - MTC,1310,Debtors,Asset,0.0,690.98,Customer,Pactrail Sports,1210 - Primary Checking - MTC,,Amount USD 690.98 received from Pactrail Sports | Transaction reference no ACH-25-00601 dated 2025-11-30 | Amount USD 690.98 adjusted against Sales Invoice ACC-SINV-2025-00601,Meridian Trading Co.
137a2336bc,ACC-PAY-2025-00763,P2,Payment Entry,Payment Entry,1,2025-11-30,2025-12-01 12:23:47.608254,ap.clerk@meridian.example,2110 - Creditors - MTC,2110,Creditors,Liability,9782.03,0.0,Supplier,Orchard Wholesale,1210 - Primary Checking - MTC,,Amount USD 9782.03 paid to Orchard Wholesale | Transaction reference no ACH-25-00292 dated 2025-11-30 | Amount USD 9782.03 adjusted against Purchase Invoice ACC-PINV-2025-00292,Meridian Trading Co.
f2c5c824b6,ACC-PAY-2025-00763,P2,Payment Entry,Payment Entry,2,2025-11-30,2025-12-01 12:23:47.608254,ap.clerk@meridian.example,1210 - Primary Checking - MTC,1210,Primary Checking,Asset,0.0,9782.03,,,Orchard Wholesale,,Amount USD 9782.03 paid to Orchard Wholesale | Transaction reference no ACH-25-00292 dated 2025-11-30 | Amount USD 9782.03 adjusted against Purchase Invoice ACC-PINV-2025-00292,Meridian Trading Co.
0841b38dfd,ACC-JV-2025-00105,P2,Journal Entry,Bank Entry,1,2025-12-01,2025-12-02 03:14:23.002986,batch.bot@meridian.example,1210 - Primary Checking - MTC,1210,Primary Checking,Asset,0.0,42885.21,,,2120 - Payroll Payable - MTC,Admin - MTC,Reference #REF-20251201 dated 12-01-2025,Meridian Trading Co.
f9a8da17c5,ACC-JV-2025-00105,P2,Journal Entry,Bank Entry,2,2025-12-01,2025-12-02 03:14:23.002986,batch.bot@meridian.example,2120 - Payroll Payable - MTC,2120,Payroll Payable,Liability,42885.21,0.0,,,1210 - Primary Checking - MTC,Admin - MTC,Reference #REF-20251201 dated 12-01-2025,Meridian Trading Co.
541055a539,ACC-PAY-2025-00664,P2,Payment Entry,Payment Entry,1,2025-12-01,2025-12-01 08:33:34.863647,ar.clerk@meridian.example,1210 - Primary Checking - MTC,1210,Primary Checking,Asset,1609.58,0.0,,,Summit Rentals,,Amount USD 1609.58 received from Summit Rentals | Transaction reference no ACH-25-00516 dated 2025-12-01 | Amount USD 1609.58 adjusted against Sales Invoice ACC-SINV-2025-00516,Meridian Trading Co.
6d58e53e0d,ACC-PAY-2025-00664,P2,Payment Entry,Payment Entry,2,2025-12-01,2025-12-01 08:33:34.863647,ar.clerk@meridian.example,1310 - Debtors - MTC,1310,Debtors,Asset,0.0,1609.58,Customer,Summit Rentals,1210 - Primary Checking - MTC,,Amount USD 1609.58 received from Summit Rentals | Transaction reference no ACH-25-00516 dated 2025-12-01 | Amount USD 1609.58 adjusted against Sales Invoice ACC-SINV-2025-00516,Meridian Trading Co.
2c69c1df51,ACC-PAY-2025-00698,P2,Payment Entry,Payment Entry,1,2025-12-01,2025-12-01 09:48:33.772963,ap.clerk@meridian.example,2110 - Creditors - MTC,2110,Creditors,Liability,8311.42,0.0,Supplier,Orchard Wholesale,1210 - Primary Checking - MTC,,Amount USD 8311.42 paid to Orchard Wholesale | Transaction reference no ACH-25-00266 dated 2025-12-01 | Amount USD 8311.42 adjusted against Purchase Invoice ACC-PINV-2025-00266,Meridian Trading Co.
9af52e872b,ACC-PAY-2025-00698,P2,Payment Entry,Payment Entry,2,2025-12-01,2025-12-01 09:48:33.772963,ap.clerk@meridian.example,1210 - Primary Checking - MTC,1210,Primary Checking,Asset,0.0,8311.42,,,Orchard Wholesale,,Amount USD 8311.42 paid to Orchard Wholesale | Transaction reference no ACH-25-00266 dated 2025-12-01 | Amount USD 8311.42 adjusted against Purchase Invoice ACC-PINV-2025-00266,Meridian Trading Co.
15f69eec0d,ACC-SINV-2025-00641,P2,Sales Invoice,Sales Invoice,1,2025-12-01,2025-12-01 08:20:45.253556,ar.clerk@meridian.example,4110 - Sales - MTC,4110,Sales,Income,0.0,669.28,,,Ferrous Works,Sales Ops - MTC,Customer order Ferrous Works Dec 2025,Meridian Trading Co.
5baea5b5a8,ACC-SINV-2025-00641,P2,Sales Invoice,Sales Invoice,2,2025-12-01,2025-12-01 08:20:45.253556,ar.clerk@meridian.example,ST 6% - MTC,,ST 6%,Liability,0.0,40.16,,,Ferrous Works,Admin - MTC,Customer order Ferrous Works Dec 2025,Meridian Trading Co.
aaca854d0b,ACC-SINV-2025-00641,P2,Sales Invoice,Sales Invoice,3,2025-12-01,2025-12-01 08:20:45.253556,ar.clerk@meridian.example,1310 - Debtors - MTC,1310,Debtors,Asset,709.44,0.0,Customer,Ferrous Works,4110 - Sales - MTC,,Customer order Ferrous Works Dec 2025,Meridian Trading Co.
341821d3df,ACC-PAY-2025-00740,P2,Payment Entry,Payment Entry,1,2025-12-02,2025-12-02 17:38:19.878453,ar.clerk@meridian.example,1310 - Debtors - MTC,1310,Debtors,Asset,0.0,636.22,Customer,Bluepine Hardware,1210 - Primary Checking - MTC,,Amount USD 636.22 received from Bluepine Hardware | Transaction reference no ACH-25-00580 dated 2025-12-02 | Amount USD 636.22 adjusted against Sales Invoice ACC-SINV-2025-00580,Meridian Trading Co.
4b9f7d2086,ACC-PAY-2025-00740,P2,Payment Entry,Payment Entry,2,2025-12-02,2025-12-02 17:38:19.878453,ar.clerk@meridian.example,1210 - Primary Checking - MTC,1210,Primary Checking,Asset,636.22,0.0,,,Bluepine Hardware,,Amount USD 636.22 received from Bluepine Hardware | Transaction reference no ACH-25-00580 dated 2025-12-02 | Amount USD 636.22 adjusted against Sales Invoice ACC-SINV-2025-00580,Meridian Trading Co.
8ac3adf0f5,ACC-PINV-2025-00335,P2,Purchase Invoice,Purchase Invoice,1,2025-12-02,2025-12-02 15:56:17.802057,ap.clerk@meridian.example,5208 - Office Maintenance Expenses - MTC,5208,Office Maintenance Expenses,Expense,3857.77,0.0,,,Harlan Office Supply,Admin - MTC,Harlan Office Supply December 2025 billing,Meridian Trading Co.
bd1b522d7e,ACC-PINV-2025-00335,P2,Purchase Invoice,Purchase Invoice,2,2025-12-02,2025-12-02 15:56:17.802057,ap.clerk@meridian.example,2110 - Creditors - MTC,2110,Creditors,Liability,0.0,3857.77,Supplier,Harlan Office Supply,5208 - Office Maintenance Expenses - MTC,,Harlan Office Supply December 2025 billing,Meridian Trading Co.
2a8a7df582,ACC-SINV-2025-00639,P2,Sales Invoice,Sales Invoice,1,2025-12-02,2025-12-02 10:20:15.232035,ar.clerk@meridian.example,4110 - Sales - MTC,4110,Sales,Income,0.0,1071.97,,,Marlowe Interiors,Warehouse - MTC,Customer order Marlowe Interiors Dec 2025,Meridian Trading Co.
542d15a333,ACC-SINV-2025-00639,P2,Sales Invoice,Sales Invoice,2,2025-12-02,2025-12-02 10:20:15.232035,ar.clerk@meridian.example,4130 - Freight Income - MTC,4130,Freight Income,Income,0.0,1009.2,,,Marlowe Interiors,Admin - MTC,Customer order Marlowe Interiors Dec 2025,Meridian Trading Co.
6b990d672d,ACC-SINV-2025-00639,P2,Sales Invoice,Sales Invoice,3,2025-12-02,2025-12-02 10:20:15.232035,ar.clerk@meridian.example,4110 - Sales - MTC,4110,Sales,Income,0.0,1178.77,,,Marlowe Interiors,Sales Ops - MTC,Customer order Marlowe Interiors Dec 2025,Meridian Trading Co.
7ac6dd479b,ACC-SINV-2025-00639,P2,Sales Invoice,Sales Invoice,4,2025-12-02,2025-12-02 10:20:15.232035,ar.clerk@meridian.example,1310 - Debtors - MTC,1310,Debtors,Asset,3455.54,0.0,Customer,Marlowe Interiors,"4110 - Sales - MTC,4130 - Freight Income - MTC",,Customer order Marlowe Interiors Dec 2025,Meridian Trading Co.
fcd25c41f2,ACC-SINV-2025-00639,P2,Sales Invoice,Sales Invoice,5,2025-12-02,2025-12-02 10:20:15.232035,ar.clerk@meridian.example,ST 6% - MTC,,ST 6%,Liability,0.0,195.6,,,Marlowe Interiors,Admin - MTC,Customer order Marlowe Interiors Dec 2025,Meridian Trading Co.
190c8e4831,ACC-SINV-2025-00656,P2,Sales Invoice,Sales Invoice,1,2025-12-02,2025-12-02 17:38:14.882343,ar.clerk@meridian.example,4110 - Sales - MTC,4110,Sales,Income,0.0,346.99,,,Cascade Outfitters,Warehouse - MTC,Customer order Cascade Outfitters Dec 2025,Meridian Trading Co.
3f7b81ad95,ACC-SINV-2025-00656,P2,Sales Invoice,Sales Invoice,2,2025-12-02,2025-12-02 17:38:14.882343,ar.clerk@meridian.example,4120 - Service - MTC,4120,Service,Income,0.0,19492.5,,,Cascade Outfitters,Warehouse - MTC,Customer order Cascade Outfitters Dec 2025,Meridian Trading Co.
9c40a82127,ACC-SINV-2025-00656,P2,Sales Invoice,Sales Invoice,3,2025-12-02,2025-12-02 17:38:14.882343,ar.clerk@meridian.example,1310 - Debtors - MTC,1310,Debtors,Asset,21267.56,0.0,Customer,Cascade Outfitters,"4110 - Sales - MTC,4120 - Service - MTC",,Customer order Cascade Outfitters Dec 2025,Meridian Trading Co.
a305729b0e,ACC-SINV-2025-00656,P2,Sales Invoice,Sales Invoice,4,2025-12-02,2025-12-02 17:38:14.882343,ar.clerk@meridian.example,ST 6% - MTC,,ST 6%,Liability,0.0,1203.82,,,Cascade Outfitters,Admin - MTC,Customer order Cascade Outfitters Dec 2025,Meridian Trading Co.
b8664a275a,ACC-SINV-2025-00656,P2,Sales Invoice,Sales Invoice,5,2025-12-02,2025-12-02 17:38:14.882343,ar.clerk@meridian.example,4110 - Sales - MTC,4110,Sales,Income,0.0,224.25,,,Cascade Outfitters,Sales Ops - MTC,Customer order Cascade Outfitters Dec 2025,Meridian Trading Co.
199d7ca595,ACC-SINV-2025-00663,P2,Sales Invoice,Sales Invoice,1,2025-12-02,2025-12-02 12:42:36.867359,ar.clerk@meridian.example,4140 - Installation Revenue - MTC,4140,Installation Revenue,Income,0.0,948.42,,,Marlowe Interiors,Sales Ops - MTC,Customer order Marlowe Interiors Dec 2025,Meridian Trading Co.
209f3148df,ACC-SINV-2025-00663,P2,Sales Invoice,Sales Invoice,2,2025-12-02,2025-12-02 12:42:36.867359,ar.clerk@meridian.example,ST 6% - MTC,,ST 6%,Liability,0.0,56.91,,,Marlowe Interiors,Admin - MTC,Customer order Marlowe Interiors Dec 2025,Meridian Trading Co.
3715cc39d8,ACC-SINV-2025-00663,P2,Sales Invoice,Sales Invoice,3,2025-12-02,2025-12-02 12:42:36.867359,ar.clerk@meridian.example,1310 - Debtors - MTC,1310,Debtors,Asset,1005.33,0.0,Customer,Marlowe Interiors,4140 - Installation Revenue - MTC,,Customer order Marlowe Interiors Dec 2025,Meridian Trading Co.
6d12461dcf,ACC-PAY-2025-00741,P2,Payment Entry,Payment Entry,1,2025-12-03,2025-12-03 11:51:59.338351,ar.clerk@meridian.example,1210 - Primary Checking - MTC,1210,Primary Checking,Asset,1121.94,0.0,,,Ferrous Works,,Amount USD 1121.94 received from Ferrous Works | Transaction reference no ACH-25-00582 dated 2025-12-03 | Amount USD 1121.94 adjusted against Sales Invoice ACC-SINV-2025-00582,Meridian Trading Co.
f90783d5fa,ACC-PAY-2025-00741,P2,Payment Entry,Payment Entry,2,2025-12-03,2025-12-03 11:51:59.338351,ar.clerk@meridian.example,1310 - Debtors - MTC,1310,Debtors,Asset,0.0,1121.94,Customer,Ferrous Works,1210 - Primary Checking - MTC,,Amount USD 1121.94 received from Ferrous Works | Transaction reference no ACH-25-00582 dated 2025-12-03 | Amount USD 1121.94 adjusted against Sales Invoice ACC-SINV-2025-00582,Meridian Trading Co.
cdc9aac528,ACC-SINV-2025-00610,P2,Sales Invoice,Credit Note,1,2025-12-03,2025-12-03 16:37:56.669179,ar.clerk@meridian.example,4110 - Sales - MTC,4110,Sales,Income,439.7,0.0,,,Northwind Retail,Sales Ops - MTC,Return against ACC-SINV-2025-00572,Meridian Trading Co.
dc9623c85b,ACC-SINV-2025-00610,P2,Sales Invoice,Credit Note,2,2025-12-03,2025-12-03 16:37:56.669179,ar.clerk@meridian.example,1310 - Debtors - MTC,1310,Debtors,Asset,0.0,439.7,Customer,Northwind Retail,4110 - Sales - MTC,,Return against ACC-SINV-2025-00572,Meridian Trading Co.
11851b7740,ACC-SINV-2025-00622,P2,Sales Invoice,Sales Invoice,1,2025-12-03,2025-12-03 16:03:45.315584,ar.clerk@meridian.example,ST 6% - MTC,,ST 6%,Liability,0.0,50.08,,,Northwind Retail,Admin - MTC,Customer order Northwind Retail Dec 2025,Meridian Trading Co.
aa6bb1504c,ACC-SINV-2025-00622,P2,Sales Invoice,Sales Invoice,2,2025-12-03,2025-12-03 16:03:45.315584,ar.clerk@meridian.example,4110 - Sales - MTC,4110,Sales,Income,0.0,787.68,,,Northwind Retail,Warehouse - MTC,Customer order Northwind Retail Dec 2025,Meridian Trading Co.
e251a0dc01,ACC-SINV-2025-00622,P2,Sales Invoice,Sales Invoice,3,2025-12-03,2025-12-03 16:03:45.315584,ar.clerk@meridian.example,4110 - Sales - MTC,4110,Sales,Income,0.0,46.94,,,Northwind Retail,Sales Ops - MTC,Customer order Northwind Retail Dec 2025,Meridian Trading Co.
fdfb1b907b,ACC-SINV-2025-00622,P2,Sales Invoice,Sales Invoice,4,2025-12-03,2025-12-03 16:03:45.315584,ar.clerk@meridian.example,1310 - Debtors - MTC,1310,Debtors,Asset,884.7,0.0,Customer,Northwind Retail,4110 - Sales - MTC,,Customer order Northwind Retail Dec 2025,Meridian Trading Co.
3cc5412942,ACC-SINV-2025-00627,P2,Sales Invoice,Sales Invoice,1,2025-12-03,2025-12-03 11:54:47.144118,ar.clerk@meridian.example,4110 - Sales - MTC,4110,Sales,Income,0.0,428.22,,,Pactrail Sports,Warehouse - MTC,Customer order Pactrail Sports Dec 2025,Meridian Trading Co.
7acb71cf6e,ACC-SINV-2025-00627,P2,Sales Invoice,Sales Invoice,2,2025-12-03,2025-12-03 11:54:47.144118,ar.clerk@meridian.example,1310 - Debtors - MTC,1310,Debtors,Asset,3110.53,0.0,Customer,Pactrail Sports,4110 - Sales - MTC,,Customer order Pactrail Sports Dec 2025,Meridian Trading Co.
b8e453dbcc,ACC-SINV-2025-00627,P2,Sales Invoice,Sales Invoice,3,2025-12-03,2025-12-03 11:54:47.144118,ar.clerk@meridian.example,ST 6% - MTC,,ST 6%,Liability,0.0,176.07,,,Pactrail Sports,Admin - MTC,Customer order Pactrail Sports Dec 2025,Meridian Trading Co.
ccf3ff1703,ACC-SINV-2025-00627,P2,Sales Invoice,Sales Invoice,4,2025-12-03,2025-12-03 11:54:47.144118,ar.clerk@meridian.example,4110 - Sales - MTC,4110,Sales,Income,0.0,2506.24,,,Pactrail Sports,Sales Ops - MTC,Customer order Pactrail Sports Dec 2025,Meridian Trading Co.
41a8c4a37e,ACC-SINV-2025-00637,P2,Sales Invoice,Sales Invoice,1,2025-12-03,2025-12-03 12:21:41.501442,ar.clerk@meridian.example,4110 - Sales - MTC,4110,Sales,Income,0.0,381.11,,,Galehouse Media,Sales Ops - MTC,Customer order Galehouse Media Dec 2025,Meridian Trading Co.
73544d3879,ACC-SINV-2025-00637,P2,Sales Invoice,Sales Invoice,2,2025-12-03,2025-12-03 12:21:41.501442,ar.clerk@meridian.example,ST 6% - MTC,,ST 6%,Liability,0.0,116.93,,,Galehouse Media,Admin - MTC,Customer order Galehouse Media Dec 2025,Meridian Trading Co.
981452cdcf,ACC-SINV-2025-00637,P2,Sales Invoice,Sales Invoice,3,2025-12-03,2025-12-03 12:21:41.501442,ar.clerk@meridian.example,4110 - Sales - MTC,4110,Sales,Income,0.0,1567.68,,,Galehouse Media,Warehouse - MTC,Customer order Galehouse Media Dec 2025,Meridian Trading Co.
bb09617e28,ACC-SINV-2025-00637,P2,Sales Invoice,Sales Invoice,4,2025-12-03,2025-12-03 12:21:41.501442,ar.clerk@meridian.example,1310 - Debtors - MTC,1310,Debtors,Asset,2065.72,0.0,Customer,Galehouse Media,4110 - Sales - MTC,,Customer order Galehouse Media Dec 2025,Meridian Trading Co.
49255862ae,ACC-SINV-2025-00655,P2,Sales Invoice,Sales Invoice,1,2025-12-03,2025-12-03 10:41:56.092336,ar.clerk@meridian.example,4110 - Sales - MTC,4110,Sales,Income,0.0,687.75,,,Galehouse Media,Warehouse - MTC,Customer order Galehouse Media Dec 2025,Meridian Trading Co.
5efbea4bbd,ACC-SINV-2025-00655,P2,Sales Invoice,Sales Invoice,2,2025-12-03,2025-12-03 10:41:56.092336,ar.clerk@meridian.example,ST 6% - MTC,,ST 6%,Liability,0.0,142.67,,,Galehouse Media,Admin - MTC,Customer order Galehouse Media Dec 2025,Meridian Trading Co.
c649ded56f,ACC-SINV-2025-00655,P2,Sales Invoice,Sales Invoice,3,2025-12-03,2025-12-03 10:41:56.092336,ar.clerk@meridian.example,1310 - Debtors - MTC,1310,Debtors,Asset,2520.43,0.0,Customer,Galehouse Media,4110 - Sales - MTC,,Customer order Galehouse Media Dec 2025,Meridian Trading Co.
f34025faa6,ACC-SINV-2025-00655,P2,Sales Invoice,Sales Invoice,4,2025-12-03,2025-12-03 10:41:56.092336,ar.clerk@meridian.example,4110 - Sales - MTC,4110,Sales,Income,0.0,1690.01,,,Galehouse Media,Sales Ops - MTC,Customer order Galehouse Media Dec 2025,Meridian Trading Co.
252b13468b,ACC-PAY-2025-00677,P2,Payment Entry,Payment Entry,1,2025-12-04,2025-12-04 12:15:53.641807,ar.clerk@meridian.example,1210 - Primary Checking - MTC,1210,Primary Checking,Asset,2066.79,0.0,,,Summit Rentals,,Amount USD 2066.79 received from Summit Rentals | Transaction reference no ACH-25-00530 dated 2025-12-04 | Amount USD 2066.79 adjusted against Sales Invoice ACC-SINV-2025-00530,Meridian Trading Co.
3362b8921d,ACC-PAY-2025-00677,P2,Payment Entry,Payment Entry,2,2025-12-04,2025-12-04 12:15:53.641807,ar.clerk@meridian.example,1310 - Debtors - MTC,1310,Debtors,Asset,0.0,2066.79,Customer,Summit Rentals,1210 - Primary Checking - MTC,,Amount USD 2066.79 received from Summit Rentals | Transaction reference no ACH-25-00530 dated 2025-12-04 | Amount USD 2066.79 adjusted against Sales Invoice ACC-SINV-2025-00530,Meridian Trading Co.
01f225ffc5,ACC-PAY-2025-00719,P2,Payment Entry,Payment Entry,1,2025-12-04,2025-12-04 17:47:53.277209,ap.clerk@meridian.example,2110 - Creditors - MTC,2110,Creditors,Liability,2162.28,0.0,Supplier,Sterling Equipment Leasing,1210 - Primary Checking - MTC,,Amount USD 2162.28 paid to Sterling Equipment Leasing | Transaction reference no ACH-25-00289 dated 2025-12-04 | Amount USD 2162.28 adjusted against Purchase Invoice ACC-PINV-2025-00289,Meridian Trading Co.
8e74698e7c,ACC-PAY-2025-00719,P2,Payment Entry,Payment Entry,2,2025-12-04,2025-12-04 17:47:53.277209,ap.clerk@meridian.example,1210 - Primary Checking - MTC,1210,Primary Checking,Asset,0.0,2162.28,,,Sterling Equipment Leasing,,Amount USD 2162.28 paid to Sterling Equipment Leasing | Transaction reference no ACH-25-00289 dated 2025-12-04 | Amount USD 2162.28 adjusted against Purchase Invoice ACC-PINV-2025-00289,Meridian Trading Co.
4503ea0baf,ACC-PAY-2025-00742,P2,Payment Entry,Payment Entry,1,2025-12-04,2025-12-04 14:37:16.308478,ar.clerk@meridian.example,1210 - Primary Checking - MTC,1210,Primary Checking,Asset,354.16,0.0,,,Cascade Outfitters,,Amount USD 354.16 received from Cascade Outfitters | Transaction reference no ACH-25-00583 dated 2025-12-04 | Amount USD 354.16 adjusted against Sales Invoice ACC-SINV-2025-00583,Meridian Trading Co.
abd5ec0b50,ACC-PAY-2025-00742,P2,Payment Entry,Payment Entry,2,2025-12-04,2025-12-04 14:37:16.308478,ar.clerk@meridian.example,1310 - Debtors - MTC,1310,Debtors,Asset,0.0,354.16,Customer,Cascade Outfitters,1210 - Primary Checking - MTC,,Amount USD 354.16 received from Cascade Outfitters | Transaction reference no ACH-25-00583 dated 2025-12-04 | Amount USD 354.16 adjusted against Sales Invoice ACC-SINV-2025-00583,Meridian Trading Co.
3080be8a42,ACC-PAY-2025-00752,P2,Payment Entry,Payment Entry,1,2025-12-04,2025-12-04 13:18:18.146495,ar.clerk@meridian.example,1210 - Primary Checking - MTC,1210,Primary Checking,Asset,9031.43,0.0,,,Cascade Outfitters,,Amount USD 9031.43 received from Cascade Outfitters | Transaction reference no ACH-25-00594 dated 2025-12-04 | Amount USD 9031.43 adjusted against Sales Invoice ACC-SINV-2025-00594,Meridian Trading Co.
a864171083,ACC-PAY-2025-00752,P2,Payment Entry,Payment Entry,2,2025-12-04,2025-12-04 13:18:18.146495,ar.clerk@meridian.example,1310 - Debtors - MTC,1310,Debtors,Asset,0.0,9031.43,Customer,Cascade Outfitters,1210 - Primary Checking - MTC,,Amount USD 9031.43 received from Cascade Outfitters | Transaction reference no ACH-25-00594 dated 2025-12-04 | Amount USD 9031.43 adjusted against Sales Invoice ACC-SINV-2025-00594,Meridian Trading Co.
162fe9bbae,ACC-PINV-2025-00332,P2,Purchase Invoice,Purchase Invoice,1,2025-12-04,2025-12-04 11:49:19.517166,ap.clerk@meridian.example,2110 - Creditors - MTC,2110,Creditors,Liability,0.0,13042.12,Supplier,Metro Utilities,"5217 - Utility Expenses - MTC,5209 - Office Rent - MTC",,Metro Utilities December 2025 billing,Meridian Trading Co.
2547be3a0f,ACC-PINV-2025-00332,P2,Purchase Invoice,Purchase Invoice,2,2025-12-04,2025-12-04 11:49:19.517166,ap.clerk@meridian.example,5209 - Office Rent - MTC,5209,Office Rent,Expense,860.72,0.0,,,Metro Utilities,Admin - MTC,Metro Utilities December 2025 billing,Meridian Trading Co.
b8a321b9ec,ACC-PINV-2025-00332,P2,Purchase Invoice,Purchase Invoice,3,2025-12-04,2025-12-04 11:49:19.517166,ap.clerk@meridian.example,5217 - Utility Expenses - MTC,5217,Utility Expenses,Expense,12181.4,0.0,,,Metro Utilities,Admin - MTC,Metro Utilities December 2025 billing,Meridian Trading Co.
1ff7662991,ACC-PAY-2025-00648,P2,Payment Entry,Payment Entry,1,2025-12-05,2025-12-05 10:28:04.541583,ar.clerk@meridian.example,1210 - Primary Checking - MTC,1210,Primary Checking,Asset,994.7,0.0,,,Marlowe Interiors,,Amount USD 994.7 received from Marlowe Interiors | Transaction reference no ACH-25-00495 dated 2025-12-05 | Amount USD 994.7 adjusted against Sales Invoice ACC-SINV-2025-00495,Meridian Trading Co.
ad9a696564,ACC-PAY-2025-00648,P2,Payment Entry,Payment Entry,2,2025-12-05,2025-12-05 10:28:04.541583,ar.clerk@meridian.example,1310 - Debtors - MTC,1310,Debtors,Asset,0.0,994.7,Customer,Marlowe Interiors,1210 - Primary Checking - MTC,,Amount USD 994.7 received from Marlowe Interiors | Transaction reference no ACH-25-00495 dated 2025-12-05 | Amount USD 994.7 adjusted against Sales Invoice ACC-SINV-2025-00495,Meridian Trading Co.
2abaf5d1e8,ACC-PAY-2025-00723,P2,Payment Entry,Payment Entry,1,2025-12-05,2025-12-05 18:10:06.505487,ar.clerk@meridian.example,1210 - Primary Checking - MTC,1210,Primary Checking,Asset,1256.67,0.0,,,Summit Rentals,,Amount USD 1256.67 received from Summit Rentals | Transaction reference no ACH-25-00561 dated 2025-12-05 | Amount USD 1256.67 adjusted against Sales Invoice ACC-SINV-2025-00561,Meridian Trading Co.
a82f3e12cf,ACC-PAY-2025-00723,P2,Payment Entry,Payment Entry,2,2025-12-05,2025-12-05 18:10:06.505487,ar.clerk@meridian.example,1310 - Debtors - MTC,1310,Debtors,Asset,0.0,1256.67,Customer,Summit Rentals,1210 - Primary Checking - MTC,,Amount USD 1256.67 received from Summit Rentals | Transaction reference no ACH-25-00561 dated 2025-12-05 | Amount USD 1256.67 adjusted against Sales Invoice ACC-SINV-2025-00561,Meridian Trading Co.
7e12218e21,ACC-PAY-2025-00737,P2,Payment Entry,Payment Entry,1,2025-12-05,2025-12-05 13:26:31.300149,ar.clerk@meridian.example,1210 - Primary Checking - MTC,1210,Primary Checking,Asset,3049.07,0.0,,,Summit Rentals,,Amount USD 3049.07 received from Summit Rentals | Transaction reference no ACH-25-00577 dated 2025-12-05 | Amount USD 3049.07 adjusted against Sales Invoice ACC-SINV-2025-00577,Meridian Trading Co.
ead21bf60c,ACC-PAY-2025-00737,P2,Payment Entry,Payment Entry,2,2025-12-05,2025-12-05 13:26:31.300149,ar.clerk@meridian.example,1310 - Debtors - MTC,1310,Debtors,Asset,0.0,3049.07,Customer,Summit Rentals,1210 - Primary Checking - MTC,,Amount USD 3049.07 received from Summit Rentals | Transaction reference no ACH-25-00577 dated 2025-12-05 | Amount USD 3049.07 adjusted against Sales Invoice ACC-SINV-2025-00577,Meridian Trading Co.
600c445d77,ACC-PAY-2025-00753,P2,Payment Entry,Payment Entry,1,2025-12-05,2025-12-05 18:11:09.559452,ar.clerk@meridian.example,1310 - Debtors - MTC,1310,Debtors,Asset,0.0,488.51,Customer,Ferrous Works,1210 - Primary Checking - MTC,,Amount USD 488.51 received from Ferrous Works | Transaction reference no ACH-25-00595 dated 2025-12-05 | Amount USD 488.51 adjusted against Sales Invoice ACC-SINV-2025-00595,Meridian Trading Co.
bf94207749,ACC-PAY-2025-00753,P2,Payment Entry,Payment Entry,2,2025-12-05,2025-12-05 18:11:09.559452,ar.clerk@meridian.example,1210 - Primary Checking - MTC,1210,Primary Checking,Asset,488.51,0.0,,,Ferrous Works,,Amount USD 488.51 received from Ferrous Works | Transaction reference no ACH-25-00595 dated 2025-12-05 | Amount USD 488.51 adjusted against Sales Invoice ACC-SINV-2025-00595,Meridian Trading Co.
138331df8d,ACC-PINV-2025-00340,P2,Purchase Invoice,Purchase Invoice,1,2025-12-05,2025-12-05 17:32:29.936691,ap.clerk@meridian.example,5227 - Equipment Lease Expense - MTC,5227,Equipment Lease Expense,Expense,12238.35,0.0,,,Sterling Equipment Leasing,Admin - MTC,Sterling Equipment Leasing December 2025 billing,Meridian Trading Co.
917fc5119a,ACC-PINV-2025-00340,P2,Purchase Invoice,Purchase Invoice,2,2025-12-05,2025-12-05 17:32:29.936691,ap.clerk@meridian.example,2110 - Creditors - MTC,2110,Creditors,Liability,0.0,12238.35,Supplier,Sterling Equipment Leasing,5227 - Equipment Lease Expense - MTC,,Sterling Equipment Leasing December 2025 billing,Meridian Trading Co.
66364e35b1,ACC-SINV-2025-00615,P2,Sales Invoice,Sales Invoice,1,2025-12-05,2025-12-05 10:57:26.989635,ar.clerk@meridian.example,4110 - Sales - MTC,4110,Sales,Income,0.0,800.2,,,Kestrel Foods,Sales Ops - MTC,Customer order Kestrel Foods Dec 2025,Meridian Trading Co.
894f45beb1,ACC-SINV-2025-00615,P2,Sales Invoice,Sales Invoice,2,2025-12-05,2025-12-05 10:57:26.989635,ar.clerk@meridian.example,ST 6% - MTC,,ST 6%,Liability,0.0,48.01,,,Kestrel Foods,Admin - MTC,Customer order Kestrel Foods Dec 2025,Meridian Trading Co.
9017c0387c,ACC-SINV-2025-00615,P2,Sales Invoice,Sales Invoice,3,2025-12-05,2025-12-05 10:57:26.989635,ar.clerk@meridian.example,1310 - Debtors - MTC,1310,Debtors,Asset,848.21,0.0,Customer,Kestrel Foods,4110 - Sales - MTC,,Customer order Kestrel Foods Dec 2025,Meridian Trading Co.
53beb34d8c,ACC-PAY-2025-00764,P2,Payment Entry,Payment Entry,1,2025-12-06,2025-12-08 11:55:24.170345,ap.clerk@meridian.example,2110 - Creditors - MTC,2110,Creditors,Liability,12850.74,0.0,Supplier,Orchard Wholesale,1210 - Primary Checking - MTC,,Amount USD 12850.74 paid to Orchard Wholesale | Transaction reference no ACH-25-00293 dated 2025-12-06 | Amount USD 12850.74 adjusted against Purchase Invoice ACC-PINV-2025-00293,Meridian Trading Co.
f4a96fa586,ACC-PAY-2025-00764,P2,Payment Entry,Payment Entry,2,2025-12-06,2025-12-08 11:55:24.170345,ap.clerk@meridian.example,1210 - Primary Checking - MTC,1210,Primary Checking,Asset,0.0,12850.74,,,Orchard Wholesale,,Amount USD 12850.74 paid to Orchard Wholesale | Transaction reference no ACH-25-00293 dated 2025-12-06 | Amount USD 12850.74 adjusted against Purchase Invoice ACC-PINV-2025-00293,Meridian Trading Co.
78d1d2dc66,ACC-SINV-2025-00609,P2,Sales Invoice,Credit Note,1,2025-12-06,2025-12-08 15:48:26.495274,ar.clerk@meridian.example,1310 - Debtors - MTC,1310,Debtors,Asset,0.0,126.39,Customer,Marlowe Interiors,4110 - Sales - MTC,,Return against ACC-SINV-2025-00570,Meridian Trading Co.
a7c447c2d9,ACC-SINV-2025-00609,P2,Sales Invoice,Credit Note,2,2025-12-06,2025-12-08 15:48:26.495274,ar.clerk@meridian.example,4110 - Sales - MTC,4110,Sales,Income,126.39,0.0,,,Marlowe Interiors,Warehouse - MTC,Return against ACC-SINV-2025-00570,Meridian Trading Co.
76bf0983e1,ACC-PAY-2025-00735,P2,Payment Entry,Payment Entry,1,2025-12-08,2025-12-08 13:16:56.915732,ar.clerk@meridian.example,1310 - Debtors - MTC,1310,Debtors,Asset,0.0,657.57,Customer,Ovation Events,1210 - Primary Checking - MTC,,Amount USD 657.57 received from Ovation Events | Transaction reference no ACH-25-00575 dated 2025-12-08 | Amount USD 657.57 adjusted against Sales Invoice ACC-SINV-2025-00575,Meridian Trading Co.
7a99683b73,ACC-PAY-2025-00735,P2,Payment Entry,Payment Entry,2,2025-12-08,2025-12-08 13:16:56.915732,ar.clerk@meridian.example,1210 - Primary Checking - MTC,1210,Primary Checking,Asset,657.57,0.0,,,Ovation Events,,Amount USD 657.57 received from Ovation Events | Transaction reference no ACH-25-00575 dated 2025-12-08 | Amount USD 657.57 adjusted against Sales Invoice ACC-SINV-2025-00575,Meridian Trading Co.
060e5c91be,ACC-PAY-2025-00772,P2,Payment Entry,Payment Entry,1,2025-12-08,2025-12-08 16:28:30.217269,ap.clerk@meridian.example,2110 - Creditors - MTC,2110,Creditors,Liability,13323.61,0.0,Supplier,Beacon Freight,1210 - Primary Checking - MTC,,Amount USD 13323.61 paid to Beacon Freight | Transaction reference no ACH-25-00302 dated 2025-12-08 | Amount USD 13323.61 adjusted against Purchase Invoice ACC-PINV-2025-00302,Meridian Trading Co.
a331f30077,ACC-PAY-2025-00772,P2,Payment Entry,Payment Entry,2,2025-12-08,2025-12-08 16:28:30.217269,ap.clerk@meridian.example,1210 - Primary Checking - MTC,1210,Primary Checking,Asset,0.0,13323.61,,,Beacon Freight,,Amount USD 13323.61 paid to Beacon Freight | Transaction reference no ACH-25-00302 dated 2025-12-08 | Amount USD 13323.61 adjusted against Purchase Invoice ACC-PINV-2025-00302,Meridian Trading Co.
04e44a1746,ACC-PAY-2025-00820,P2,Payment Entry,Payment Entry,1,2025-12-08,2025-12-08 11:46:06.329074,ar.clerk@meridian.example,1310 - Debtors - MTC,1310,Debtors,Asset,0.0,2520.43,Customer,Galehouse Media,1210 - Primary Checking - MTC,,Amount USD 2520.43 received from Galehouse Media | Transaction reference no ACH-25-00655 dated 2025-12-08 | Amount USD 2520.43 adjusted against Sales Invoice ACC-SINV-2025-00655,Meridian Trading Co.
e87a6d08a2,ACC-PAY-2025-00820,P2,Payment Entry,Payment Entry,2,2025-12-08,2025-12-08 11:46:06.329074,ar.clerk@meridian.example,1210 - Primary Checking - MTC,1210,Primary Checking,Asset,2520.43,0.0,,,Galehouse Media,,Amount USD 2520.43 received from Galehouse Media | Transaction reference no ACH-25-00655 dated 2025-12-08 | Amount USD 2520.43 adjusted against Sales Invoice ACC-SINV-2025-00655,Meridian Trading Co.
5e6cdfff4b,ACC-PINV-2025-00326,P2,Purchase Invoice,Purchase Invoice,1,2025-12-08,2025-12-17 11:43:58.483347,ap.clerk@meridian.example,2110 - Creditors - MTC,2110,Creditors,Liability,0.0,16957.89,Supplier,Beacon Freight,5205 - Freight and Forwarding Charges - MTC,,Beacon Freight December 2025 billing,Meridian Trading Co.
ef0af9b9ae,ACC-PINV-2025-00326,P2,Purchase Invoice,Purchase Invoice,2,2025-12-08,2025-12-17 11:43:58.483347,ap.clerk@meridian.example,5205 - Freight and Forwarding Charges - MTC,5205,Freight and Forwarding Charges,Expense,16957.89,0.0,,,Beacon Freight,Admin - MTC,Beacon Freight December 2025 billing,Meridian Trading Co.
64c2676028,ACC-SINV-2025-00620,P2,Sales Invoice,Sales Invoice,1,2025-12-08,2025-12-08 12:18:59.336118,ar.clerk@meridian.example,4110 - Sales - MTC,4110,Sales,Income,0.0,445.84,,,Pactrail Sports,Sales Ops - MTC,Customer order Pactrail Sports Dec 2025,Meridian Trading Co.
8f0db60116,ACC-SINV-2025-00620,P2,Sales Invoice,Sales Invoice,2,2025-12-08,2025-12-08 12:18:59.336118,ar.clerk@meridian.example,1310 - Debtors - MTC,1310,Debtors,Asset,472.59,0.0,Customer,Pactrail Sports,4110 - Sales - MTC,,Customer order Pactrail Sports Dec 2025,Meridian Trading Co.
fca5a63a4b,ACC-SINV-2025-00620,P2,Sales Invoice,Sales Invoice,3,2025-12-08,2025-12-08 12:18:59.336118,ar.clerk@meridian.example,ST 6% - MTC,,ST 6%,Liability,0.0,26.75,,,Pactrail Sports,Admin - MTC,Customer order Pactrail Sports Dec 2025,Meridian Trading Co.
1a5c07ab62,ACC-SINV-2025-00640,P2,Sales Invoice,Sales Invoice,1,2025-12-08,2025-12-10 16:11:57.367231,ar.clerk@meridian.example,ST 6% - MTC,,ST 6%,Liability,0.0,4.7,,,Summit Rentals,Admin - MTC,Customer order Summit Rentals Dec 2025,Meridian Trading Co.
61c10ab7ec,ACC-SINV-2025-00640,P2,Sales Invoice,Sales Invoice,2,2025-12-08,2025-12-10 16:11:57.367231,ar.clerk@meridian.example,1310 - Debtors - MTC,1310,Debtors,Asset,83.02,0.0,Customer,Summit Rentals,4110 - Sales - MTC,,Customer order Summit Rentals Dec 2025,Meridian Trading Co.
69e8221ac0,ACC-SINV-2025-00640,P2,Sales Invoice,Sales Invoice,3,2025-12-08,2025-12-10 16:11:57.367231,ar.clerk@meridian.example,4110 - Sales - MTC,4110,Sales,Income,0.0,78.32,,,Summit Rentals,Sales Ops - MTC,Customer order Summit Rentals Dec 2025,Meridian Trading Co.
180b87853a,ACC-SINV-2025-00653,P2,Sales Invoice,Sales Invoice,1,2025-12-08,2025-12-08 16:59:44.882209,ar.clerk@meridian.example,4130 - Freight Income - MTC,4130,Freight Income,Income,0.0,1204.19,,,Ferrous Works,Admin - MTC,Customer order Ferrous Works Dec 2025,Meridian Trading Co.
5949bca876,ACC-SINV-2025-00653,P2,Sales Invoice,Sales Invoice,2,2025-12-08,2025-12-08 16:59:44.882209,ar.clerk@meridian.example,ST 6% - MTC,,ST 6%,Liability,0.0,170.54,,,Ferrous Works,Admin - MTC,Customer order Ferrous Works Dec 2025,Meridian Trading Co.
94e722029b,ACC-SINV-2025-00653,P2,Sales Invoice,Sales Invoice,3,2025-12-08,2025-12-08 16:59:44.882209,ar.clerk@meridian.example,4110 - Sales - MTC,4110,Sales,Income,0.0,217.74,,,Ferrous Works,Warehouse - MTC,Customer order Ferrous Works Dec 2025,Meridian Trading Co.
9b1566d5b1,ACC-SINV-2025-00653,P2,Sales Invoice,Sales Invoice,4,2025-12-08,2025-12-08 16:59:44.882209,ar.clerk@meridian.example,4110 - Sales - MTC,4110,Sales,Income,0.0,1420.32,,,Ferrous Works,Sales Ops - MTC,Customer order Ferrous Works Dec 2025,Meridian Trading Co.
d765b510be,ACC-SINV-2025-00653,P2,Sales Invoice,Sales Invoice,5,2025-12-08,2025-12-08 16:59:44.882209,ar.clerk@meridian.example,1310 - Debtors - MTC,1310,Debtors,Asset,3012.79,0.0,Customer,Ferrous Works,"4110 - Sales - MTC,4130 - Freight Income - MTC",,Customer order Ferrous Works Dec 2025,Meridian Trading Co.
86b2442f7d,ACC-PAY-2025-00747,P2,Payment Entry,Payment Entry,1,2025-12-09,2025-12-09 08:07:07.093036,ar.clerk@meridian.example,1310 - Debtors - MTC,1310,Debtors,Asset,0.0,1879.12,Customer,Timberline Schools,1210 - Primary Checking - MTC,,Amount USD 1879.12 received from Timberline Schools | Transaction reference no ACH-25-00589 dated 2025-12-09 | Amount USD 1879.12 adjusted against Sales Invoice ACC-SINV-2025-00589,Meridian Trading Co.
d89bcaf368,ACC-PAY-2025-00747,P2,Payment Entry,Payment Entry,2,2025-12-09,2025-12-09 08:07:07.093036,ar.clerk@meridian.example,1210 - Primary Checking - MTC,1210,Primary Checking,Asset,1879.12,0.0,,,Timberline Schools,,Amount USD 1879.12 received from Timberline Schools | Transaction reference no ACH-25-00589 dated 2025-12-09 | Amount USD 1879.12 adjusted against Sales Invoice ACC-SINV-2025-00589,Meridian Trading Co.
437fa9eb1c,ACC-PAY-2025-00767,P2,Payment Entry,Payment Entry,1,2025-12-09,2025-12-09 09:30:12.198803,ap.clerk@meridian.example,1210 - Primary Checking - MTC,1210,Primary Checking,Asset,0.0,14422.34,,,Vulcan Materials Co,,Amount USD 14422.34 paid to Vulcan Materials Co | Transaction reference no ACH-25-00297 dated 2025-12-09 | Amount USD 14422.34 adjusted against Purchase Invoice ACC-PINV-2025-00297,Meridian Trading Co.
ceabbe5687,ACC-PAY-2025-00767,P2,Payment Entry,Payment Entry,2,2025-12-09,2025-12-09 09:30:12.198803,ap.clerk@meridian.example,2110 - Creditors - MTC,2110,Creditors,Liability,14422.34,0.0,Supplier,Vulcan Materials Co,1210 - Primary Checking - MTC,,Amount USD 14422.34 paid to Vulcan Materials Co | Transaction reference no ACH-25-00297 dated 2025-12-09 | Amount USD 14422.34 adjusted against Purchase Invoice ACC-PINV-2025-00297,Meridian Trading Co.
66b87be545,ACC-PINV-2025-00330,P2,Purchase Invoice,Purchase Invoice,1,2025-12-09,2025-12-09 11:43:37.263586,ap.clerk@meridian.example,2110 - Creditors - MTC,2110,Creditors,Liability,0.0,13876.75,Supplier,Cobalt IT Services,"5230 - IT and Software Expenses - MTC,5204 - Entertainment Expenses - MTC,5211 - Print and Stationery - MTC",,Cobalt IT Services December 2025 billing,Meridian Trading Co.
7aa0668669,ACC-PINV-2025-00330,P2,Purchase Invoice,Purchase Invoice,2,2025-12-09,2025-12-09 11:43:37.263586,ap.clerk@meridian.example,5204 - Entertainment Expenses - MTC,5204,Entertainment Expenses,Expense,1213.5,0.0,,,Cobalt IT Services,Admin - MTC,Cobalt IT Services December 2025 billing,Meridian Trading Co.
8c19ded950,ACC-PINV-2025-00330,P2,Purchase Invoice,Purchase Invoice,3,2025-12-09,2025-12-09 11:43:37.263586,ap.clerk@meridian.example,5230 - IT and Software Expenses - MTC,5230,IT and Software Expenses,Expense,12311.98,0.0,,,Cobalt IT Services,Admin - MTC,Cobalt IT Services December 2025 billing,Meridian Trading Co.
fb880397bd,ACC-PINV-2025-00330,P2,Purchase Invoice,Purchase Invoice,4,2025-12-09,2025-12-09 11:43:37.263586,ap.clerk@meridian.example,5211 - Print and Stationery - MTC,5211,Print and Stationery,Expense,351.27,0.0,,,Cobalt IT Services,Admin - MTC,Cobalt IT Services December 2025 billing,Meridian Trading Co.
157a415f7d,ACC-PINV-2025-00341,P2,Purchase Invoice,Purchase Invoice,1,2025-12-09,2025-12-09 13:56:20.745393,ap.clerk@meridian.example,2110 - Creditors - MTC,2110,Creditors,Liability,0.0,5247.83,Supplier,Sterling Equipment Leasing,"5227 - Equipment Lease Expense - MTC,5215 - Telephone Expenses - MTC",,Sterling Equipment Leasing December 2025 billing,Meridian Trading Co.
79f641763a,ACC-PINV-2025-00341,P2,Purchase Invoice,Purchase Invoice,2,2025-12-09,2025-12-09 13:56:20.745393,ap.clerk@meridian.example,5215 - Telephone Expenses - MTC,5215,Telephone Expenses,Expense,299.11,0.0,,,Sterling Equipment Leasing,Admin - MTC,Sterling Equipment Leasing December 2025 billing,Meridian Trading Co.
80d7fac8bc,ACC-PINV-2025-00341,P2,Purchase Invoice,Purchase Invoice,3,2025-12-09,2025-12-09 13:56:20.745393,ap.clerk@meridian.example,5227 - Equipment Lease Expense - MTC,5227,Equipment Lease Expense,Expense,4948.72,0.0,,,Sterling Equipment Leasing,Admin - MTC,Sterling Equipment Leasing December 2025 billing,Meridian Trading Co.
1aa7e4f6bb,ACC-PAY-2025-00700,P2,Payment Entry,Payment Entry,1,2025-12-10,2025-12-10 10:04:07.356339,ap.clerk@meridian.example,2110 - Creditors - MTC,2110,Creditors,Liability,3852.01,0.0,Supplier,Vulcan Materials Co,1210 - Primary Checking - MTC,,Amount USD 3852.01 paid to Vulcan Materials Co | Transaction reference no ACH-25-00269 dated 2025-12-10 | Amount USD 3852.01 adjusted against Purchase Invoice ACC-PINV-2025-00269,Meridian Trading Co.
db970b4b02,ACC-PAY-2025-00700,P2,Payment Entry,Payment Entry,2,2025-12-10,2025-12-10 10:04:07.356339,ap.clerk@meridian.example,1210 - Primary Checking - MTC,1210,Primary Checking,Asset,0.0,3852.01,,,Vulcan Materials Co,,Amount USD 3852.01 paid to Vulcan Materials Co | Transaction reference no ACH-25-00269 dated 2025-12-10 | Amount USD 3852.01 adjusted against Purchase Invoice ACC-PINV-2025-00269,Meridian Trading Co.
4c48e4c26a,ACC-PAY-2025-00762,P2,Payment Entry,Payment Entry,1,2025-12-10,2025-12-10 16:55:38.007580,ar.clerk@meridian.example,1210 - Primary Checking - MTC,1210,Primary Checking,Asset,3843.22,0.0,,,Cascade Outfitters,,Amount USD 3843.22 received from Cascade Outfitters | Transaction reference no ACH-25-00606 dated 2025-12-10 | Amount USD 3843.22 adjusted against Sales Invoice ACC-SINV-2025-00606,Meridian Trading Co.
a6709ed1ee,ACC-PAY-2025-00762,P2,Payment Entry,Payment Entry,2,2025-12-10,2025-12-10 16:55:38.007580,ar.clerk@meridian.example,1310 - Debtors - MTC,1310,Debtors,Asset,0.0,3843.22,Customer,Cascade Outfitters,1210 - Primary Checking - MTC,,Amount USD 3843.22 received from Cascade Outfitters | Transaction reference no ACH-25-00606 dated 2025-12-10 | Amount USD 3843.22 adjusted against Sales Invoice ACC-SINV-2025-00606,Meridian Trading Co.
9919f17780,ACC-PINV-2025-00327,P2,Purchase Invoice,Purchase Invoice,1,2025-12-10,2025-12-10 11:09:52.407648,ap.clerk@meridian.example,2110 - Creditors - MTC,2110,Creditors,Liability,0.0,13161.41,Supplier,Beacon Freight,"5205 - Freight and Forwarding Charges - MTC,5204 - Entertainment Expenses - MTC",,Beacon Freight December 2025 billing,Meridian Trading Co.
c01ce50cf5,ACC-PINV-2025-00327,P2,Purchase Invoice,Purchase Invoice,2,2025-12-10,2025-12-10 11:09:52.407648,ap.clerk@meridian.example,5204 - Entertainment Expenses - MTC,5204,Entertainment Expenses,Expense,1859.95,0.0,,,Beacon Freight,Admin - MTC,Beacon Freight December 2025 billing,Meridian Trading Co.
d0d65ce1de,ACC-PINV-2025-00327,P2,Purchase Invoice,Purchase Invoice,3,2025-12-10,2025-12-10 11:09:52.407648,ap.clerk@meridian.example,5205 - Freight and Forwarding Charges - MTC,5205,Freight and Forwarding Charges,Expense,11301.46,0.0,,,Beacon Freight,Admin - MTC,Beacon Freight December 2025 billing,Meridian Trading Co.
0ece8453a8,ACC-SINV-2025-00607,P2,Sales Invoice,Credit Note,1,2025-12-10,2025-12-10 14:57:29.995219,ar.clerk@meridian.example,1310 - Debtors - MTC,1310,Debtors,Asset,0.0,224.28,Customer,Northwind Retail,4110 - Sales - MTC,,Return against ACC-SINV-2025-00567,Meridian Trading Co.
106d0ac078,ACC-SINV-2025-00607,P2,Sales Invoice,Credit Note,2,2025-12-10,2025-12-10 14:57:29.995219,ar.clerk@meridian.example,4110 - Sales - MTC,4110,Sales,Income,224.28,0.0,,,Northwind Retail,Sales Ops - MTC,Return against ACC-SINV-2025-00567,Meridian Trading Co.
06f3374910,ACC-SINV-2025-00617,P2,Sales Invoice,Sales Invoice,1,2025-12-10,2025-12-10 09:24:54.142412,ar.clerk@meridian.example,4110 - Sales - MTC,4110,Sales,Income,0.0,1504.27,,,Northwind Retail,Warehouse - MTC,Customer order Northwind Retail Dec 2025,Meridian Trading Co.
152b89378a,ACC-SINV-2025-00617,P2,Sales Invoice,Sales Invoice,2,2025-12-10,2025-12-10 09:24:54.142412,ar.clerk@meridian.example,4110 - Sales - MTC,4110,Sales,Income,0.0,1174.66,,,Northwind Retail,Sales Ops - MTC,Customer order Northwind Retail Dec 2025,Meridian Trading Co.
3e603d79e9,ACC-SINV-2025-00617,P2,Sales Invoice,Sales Invoice,3,2025-12-10,2025-12-10 09:24:54.142412,ar.clerk@meridian.example,ST 6% - MTC,,ST 6%,Liability,0.0,263.47,,,Northwind Retail,Admin - MTC,Customer order Northwind Retail Dec 2025,Meridian Trading Co.
a5ef94e6cf,ACC-SINV-2025-00617,P2,Sales Invoice,Sales Invoice,4,2025-12-10,2025-12-10 09:24:54.142412,ar.clerk@meridian.example,4130 - Freight Income - MTC,4130,Freight Income,Income,0.0,1712.16,,,Northwind Retail,Admin - MTC,Customer order Northwind Retail Dec 2025,Meridian Trading Co.
d9fd978ec0,ACC-SINV-2025-00617,P2,Sales Invoice,Sales Invoice,5,2025-12-10,2025-12-10 09:24:54.142412,ar.clerk@meridian.example,1310 - Debtors - MTC,1310,Debtors,Asset,4654.56,0.0,Customer,Northwind Retail,"4110 - Sales - MTC,4130 - Freight Income - MTC",,Customer order Northwind Retail Dec 2025,Meridian Trading Co.
0780acba3b,ACC-SINV-2025-00626,P2,Sales Invoice,Sales Invoice,1,2025-12-10,2025-12-10 17:42:44.807706,ar.clerk@meridian.example,4110 - Sales - MTC,4110,Sales,Income,0.0,1056.93,,,Marlowe Interiors,Sales Ops - MTC,Customer order Marlowe Interiors Dec 2025,Meridian Trading Co.
1341b392f2,ACC-SINV-2025-00626,P2,Sales Invoice,Sales Invoice,2,2025-12-10,2025-12-10 17:42:44.807706,ar.clerk@meridian.example,ST 6% - MTC,,ST 6%,Liability,0.0,63.42,,,Marlowe Interiors,Admin - MTC,Customer order Marlowe Interiors Dec 2025,Meridian Trading Co.
51b2c24eae,ACC-SINV-2025-00626,P2,Sales Invoice,Sales Invoice,3,2025-12-10,2025-12-10 17:42:44.807706,ar.clerk@meridian.example,1310 - Debtors - MTC,1310,Debtors,Asset,1120.35,0.0,Customer,Marlowe Interiors,4110 - Sales - MTC,,Customer order Marlowe Interiors Dec 2025,Meridian Trading Co.
50dcba6ee8,ACC-PAY-2025-00733,P2,Payment Entry,Payment Entry,1,2025-12-11,2025-12-11 14:44:32.137242,ar.clerk@meridian.example,1310 - Debtors - MTC,1310,Debtors,Asset,0.0,16950.21,Customer,Ferrous Works,1210 - Primary Checking - MTC,,Amount USD 16950.21 received from Ferrous Works | Transaction reference no ACH-25-00573 dated 2025-12-11 | Amount USD 16950.21 adjusted against Sales Invoice ACC-SINV-2025-00573,Meridian Trading Co.
7fae06b2ab,ACC-PAY-2025-00733,P2,Payment Entry,Payment Entry,2,2025-12-11,2025-12-11 14:44:32.137242,ar.clerk@meridian.example,1210 - Primary Checking - MTC,1210,Primary Checking,Asset,16950.21,0.0,,,Ferrous Works,,Amount USD 16950.21 received from Ferrous Works | Transaction reference no ACH-25-00573 dated 2025-12-11 | Amount USD 16950.21 adjusted against Sales Invoice ACC-SINV-2025-00573,Meridian Trading Co.
faeaf765bc,ACC-PAY-2025-00757,P2,Payment Entry,Payment Entry,1,2025-12-11,2025-12-11 11:09:10.641850,ar.clerk@meridian.example,1210 - Primary Checking - MTC,1210,Primary Checking,Asset,3568.04,0.0,,,Cascade Outfitters,,Amount USD 3568.04 received from Cascade Outfitters | Transaction reference no ACH-25-00600 dated 2025-12-11 | Amount USD 3568.04 adjusted against Sales Invoice ACC-SINV-2025-00600,Meridian Trading Co.
fc2e9ff61b,ACC-PAY-2025-00757,P2,Payment Entry,Payment Entry,2,2025-12-11,2025-12-11 11:09:10.641850,ar.clerk@meridian.example,1310 - Debtors - MTC,1310,Debtors,Asset,0.0,3568.04,Customer,Cascade Outfitters,1210 - Primary Checking - MTC,,Amount USD 3568.04 received from Cascade Outfitters | Transaction reference no ACH-25-00600 dated 2025-12-11 | Amount USD 3568.04 adjusted against Sales Invoice ACC-SINV-2025-00600,Meridian Trading Co.
a54556a5ca,ACC-PAY-2025-00768,P2,Payment Entry,Payment Entry,1,2025-12-11,2025-12-11 17:36:35.180194,ap.clerk@meridian.example,2110 - Creditors - MTC,2110,Creditors,Liability,2374.26,0.0,Supplier,Vulcan Materials Co,1210 - Primary Checking - MTC,,Amount USD 2374.26 paid to Vulcan Materials Co | Transaction reference no ACH-25-00298 dated 2025-12-11 | Amount USD 2374.26 adjusted against Purchase Invoice ACC-PINV-2025-00298,Meridian Trading Co.
e232cf871b,ACC-PAY-2025-00768,P2,Payment Entry,Payment Entry,2,2025-12-11,2025-12-11 17:36:35.180194,ap.clerk@meridian.example,1210 - Primary Checking - MTC,1210,Primary Checking,Asset,0.0,2374.26,,,Vulcan Materials Co,,Amount USD 2374.26 paid to Vulcan Materials Co | Transaction reference no ACH-25-00298 dated 2025-12-11 | Amount USD 2374.26 adjusted against Purchase Invoice ACC-PINV-2025-00298,Meridian Trading Co.
382e5aff58,ACC-SINV-2025-00613,P2,Sales Invoice,Sales Invoice,1,2025-12-11,2025-12-11 11:34:48.746386,ar.clerk@meridian.example,4110 - Sales - MTC,4110,Sales,Income,0.0,462.84,,,Summit Rentals,Sales Ops - MTC,Customer order Summit Rentals Dec 2025,Meridian Trading Co.
58fe1fdda4,ACC-SINV-2025-00613,P2,Sales Invoice,Sales Invoice,2,2025-12-11,2025-12-11 11:34:48.746386,ar.clerk@meridian.example,ST 6% - MTC,,ST 6%,Liability,0.0,56.81,,,Summit Rentals,Admin - MTC,Customer order Summit Rentals Dec 2025,Meridian Trading Co.
711bd8c7cc,ACC-SINV-2025-00613,P2,Sales Invoice,Sales Invoice,3,2025-12-11,2025-12-11 11:34:48.746386,ar.clerk@meridian.example,4130 - Freight Income - MTC,4130,Freight Income,Income,0.0,484.02,,,Summit Rentals,Admin - MTC,Customer order Summit Rentals Dec 2025,Meridian Trading Co.
a035bbc40f,ACC-SINV-2025-00613,P2,Sales Invoice,Sales Invoice,4,2025-12-11,2025-12-11 11:34:48.746386,ar.clerk@meridian.example,1310 - Debtors - MTC,1310,Debtors,Asset,1003.67,0.0,Customer,Summit Rentals,"4110 - Sales - MTC,4130 - Freight Income - MTC",,Customer order Summit Rentals Dec 2025,Meridian Trading Co.
3919602971,ACC-SINV-2025-00633,P2,Sales Invoice,Sales Invoice,1,2025-12-11,2025-12-11 14:08:54.759881,ar.clerk@meridian.example,ST 6% - MTC,,ST 6%,Liability,0.0,164.46,,,Ferrous Works,Admin - MTC,Customer order Ferrous Works Dec 2025,Meridian Trading Co.
8de8b5cb5c,ACC-SINV-2025-00633,P2,Sales Invoice,Sales Invoice,2,2025-12-11,2025-12-11 14:08:54.759881,ar.clerk@meridian.example,1310 - Debtors - MTC,1310,Debtors,Asset,2905.52,0.0,Customer,Ferrous Works,4110 - Sales - MTC,,Customer order Ferrous Works Dec 2025,Meridian Trading Co.
96108d653e,ACC-SINV-2025-00633,P2,Sales Invoice,Sales Invoice,3,2025-12-11,2025-12-11 14:08:54.759881,ar.clerk@meridian.example,4110 - Sales - MTC,4110,Sales,Income,0.0,2616.68,,,Ferrous Works,Sales Ops - MTC,Customer order Ferrous Works Dec 2025,Meridian Trading Co.
e8e53d4d03,ACC-SINV-2025-00633,P2,Sales Invoice,Sales Invoice,4,2025-12-11,2025-12-11 14:08:54.759881,ar.clerk@meridian.example,4110 - Sales - MTC,4110,Sales,Income,0.0,124.38,,,Ferrous Works,Warehouse - MTC,Customer order Ferrous Works Dec 2025,Meridian Trading Co.
629a3e9e4d,ACC-PAY-2025-00743,P2,Payment Entry,Payment Entry,1,2025-12-12,2025-12-12 10:04:01.763949,ar.clerk@meridian.example,1310 - Debtors - MTC,1310,Debtors,Asset,0.0,1467.0,Customer,Ovation Events,1210 - Primary Checking - MTC,,Amount USD 1467.0 received from Ovation Events | Transaction reference no ACH-25-00584 dated 2025-12-12 | Amount USD 1467.0 adjusted against Sales Invoice ACC-SINV-2025-00584,Meridian Trading Co.
bd3d3ad59d,ACC-PAY-2025-00743,P2,Payment Entry,Payment Entry,2,2025-12-12,2025-12-12 10:04:01.763949,ar.clerk@meridian.example,1210 - Primary Checking - MTC,1210,Primary Checking,Asset,1467.0,0.0,,,Ovation Events,,Amount USD 1467.0 received from Ovation Events | Transaction reference no ACH-25-00584 dated 2025-12-12 | Amount USD 1467.0 adjusted against Sales Invoice ACC-SINV-2025-00584,Meridian Trading Co.
8539afbfd2,ACC-SINV-2025-00660,P2,Sales Invoice,Sales Invoice,1,2025-12-12,2025-12-12 08:43:26.663605,controller@meridian.example,4110 - Sales - MTC,4110,Sales,Income,0.0,772.14,,,Pactrail Sports,Sales Ops - MTC,Customer order Pactrail Sports Dec 2025,Meridian Trading Co.
97c249552e,ACC-SINV-2025-00660,P2,Sales Invoice,Sales Invoice,2,2025-12-12,2025-12-12 08:43:26.663605,controller@meridian.example,1310 - Debtors - MTC,1310,Debtors,Asset,2796.05,0.0,Customer,Pactrail Sports,"4130 - Freight Income - MTC,4110 - Sales - MTC",,Customer order Pactrail Sports Dec 2025,Meridian Trading Co.
c1cc8f70cc,ACC-SINV-2025-00660,P2,Sales Invoice,Sales Invoice,3,2025-12-12,2025-12-12 08:43:26.663605,controller@meridian.example,4130 - Freight Income - MTC,4130,Freight Income,Income,0.0,1865.64,,,Pactrail Sports,Admin - MTC,Customer order Pactrail Sports Dec 2025,Meridian Trading Co.
ec9ebfd362,ACC-SINV-2025-00660,P2,Sales Invoice,Sales Invoice,4,2025-12-12,2025-12-12 08:43:26.663605,controller@meridian.example,ST 6% - MTC,,ST 6%,Liability,0.0,158.27,,,Pactrail Sports,Admin - MTC,Customer order Pactrail Sports Dec 2025,Meridian Trading Co.
265918e9ca,ACC-PAY-2025-00716,P2,Payment Entry,Payment Entry,1,2025-12-13,2025-12-15 10:51:48.882656,ap.clerk@meridian.example,1210 - Primary Checking - MTC,1210,Primary Checking,Asset,0.0,17454.1,,,Quill Marketing Group,,Amount USD 17454.1 paid to Quill Marketing Group | Transaction reference no ACH-25-00286 dated 2025-12-13 | Amount USD 17454.1 adjusted against Purchase Invoice ACC-PINV-2025-00286,Meridian Trading Co.
2e7cf3ad6c,ACC-PAY-2025-00716,P2,Payment Entry,Payment Entry,2,2025-12-13,2025-12-15 10:51:48.882656,ap.clerk@meridian.example,2110 - Creditors - MTC,2110,Creditors,Liability,17454.1,0.0,Supplier,Quill Marketing Group,1210 - Primary Checking - MTC,,Amount USD 17454.1 paid to Quill Marketing Group | Transaction reference no ACH-25-00286 dated 2025-12-13 | Amount USD 17454.1 adjusted against Purchase Invoice ACC-PINV-2025-00286,Meridian Trading Co.
1931f7e299,ACC-PAY-2025-00732,P2,Payment Entry,Payment Entry,1,2025-12-14,2025-12-15 12:36:16.865723,ar.clerk@meridian.example,1210 - Primary Checking - MTC,1210,Primary Checking,Asset,756.88,0.0,,,Northwind Retail,,Amount USD 756.88 received from Northwind Retail | Transaction reference no ACH-25-00572 dated 2025-12-14 | Amount USD 756.88 adjusted against Sales Invoice ACC-SINV-2025-00572,Meridian Trading Co.
d9f6149e98,ACC-PAY-2025-00732,P2,Payment Entry,Payment Entry,2,2025-12-14,2025-12-15 12:36:16.865723,ar.clerk@meridian.example,1310 - Debtors - MTC,1310,Debtors,Asset,0.0,756.88,Customer,Northwind Retail,1210 - Primary Checking - MTC,,Amount USD 756.88 received from Northwind Retail | Transaction reference no ACH-25-00572 dated 2025-12-14 | Amount USD 756.88 adjusted against Sales Invoice ACC-SINV-2025-00572,Meridian Trading Co.
5c8d82c142,ACC-PAY-2025-00749,P2,Payment Entry,Payment Entry,1,2025-12-14,2025-12-15 10:19:01.428019,ar.clerk@meridian.example,1210 - Primary Checking - MTC,1210,Primary Checking,Asset,2311.61,0.0,,,Northwind Retail,,Amount USD 2311.61 received from Northwind Retail | Transaction reference no ACH-25-00591 dated 2025-12-14 | Amount USD 2311.61 adjusted against Sales Invoice ACC-SINV-2025-00591,Meridian Trading Co.
a71214e328,ACC-PAY-2025-00749,P2,Payment Entry,Payment Entry,2,2025-12-14,2025-12-15 10:19:01.428019,ar.clerk@meridian.example,1310 - Debtors - MTC,1310,Debtors,Asset,0.0,2311.61,Customer,Northwind Retail,1210 - Primary Checking - MTC,,Amount USD 2311.61 received from Northwind Retail | Transaction reference no ACH-25-00591 dated 2025-12-14 | Amount USD 2311.61 adjusted against Sales Invoice ACC-SINV-2025-00591,Meridian Trading Co.
3bdbd72b4a,ACC-PAY-2025-00793,P2,Payment Entry,Payment Entry,1,2025-12-14,2025-12-15 10:37:38.452065,ar.clerk@meridian.example,1310 - Debtors - MTC,1310,Debtors,Asset,0.0,241.02,Customer,Pactrail Sports,1210 - Primary Checking - MTC,,Amount USD 241.02 received from Pactrail Sports | Transaction reference no ACH-25-00620 dated 2025-12-14 | Amount USD 241.02 adjusted against Sales Invoice ACC-SINV-2025-00620,Meridian Trading Co.
f89232674a,ACC-PAY-2025-00793,P2,Payment Entry,Payment Entry,2,2025-12-14,2025-12-15 10:37:38.452065,ar.clerk@meridian.example,1210 - Primary Checking - MTC,1210,Primary Checking,Asset,241.02,0.0,,,Pactrail Sports,,Amount USD 241.02 received from Pactrail Sports | Transaction reference no ACH-25-00620 dated 2025-12-14 | Amount USD 241.02 adjusted against Sales Invoice ACC-SINV-2025-00620,Meridian Trading Co.
3aadb5ccb9,ACC-PAY-2025-00717,P2,Payment Entry,Payment Entry,1,2025-12-15,2025-12-15 15:02:54.877794,ap.clerk@meridian.example,2110 - Creditors - MTC,2110,Creditors,Liability,6460.64,0.0,Supplier,Ironclad Security,1210 - Primary Checking - MTC,,Amount USD 6460.64 paid to Ironclad Security | Transaction reference no ACH-25-00287 dated 2025-12-15 | Amount USD 6460.64 adjusted against Purchase Invoice ACC-PINV-2025-00287,Meridian Trading Co.
758337a274,ACC-PAY-2025-00717,P2,Payment Entry,Payment Entry,2,2025-12-15,2025-12-15 15:02:54.877794,ap.clerk@meridian.example,1210 - Primary Checking - MTC,1210,Primary Checking,Asset,0.0,6460.64,,,Ironclad Security,,Amount USD 6460.64 paid to Ironclad Security | Transaction reference no ACH-25-00287 dated 2025-12-15 | Amount USD 6460.64 adjusted against Purchase Invoice ACC-PINV-2025-00287,Meridian Trading Co.
59e3690b5c,ACC-PAY-2025-00779,P2,Payment Entry,Payment Entry,1,2025-12-15,2025-12-15 08:11:18.502867,ap.clerk@meridian.example,2110 - Creditors - MTC,2110,Creditors,Liability,5761.67,0.0,Supplier,Quill Marketing Group,1210 - Primary Checking - MTC,,Amount USD 5761.67 paid to Quill Marketing Group | Transaction reference no ACH-25-00310 dated 2025-12-15 | Amount USD 5761.67 adjusted against Purchase Invoice ACC-PINV-2025-00310,Meridian Trading Co.
cf61b30fd7,ACC-PAY-2025-00779,P2,Payment Entry,Payment Entry,2,2025-12-15,2025-12-15 08:11:18.502867,ap.clerk@meridian.example,1210 - Primary Checking - MTC,1210,Primary Checking,Asset,0.0,5761.67,,,Quill Marketing Group,,Amount USD 5761.67 paid to Quill Marketing Group | Transaction reference no ACH-25-00310 dated 2025-12-15 | Amount USD 5761.67 adjusted against Purchase Invoice ACC-PINV-2025-00310,Meridian Trading Co.
51ee52b1b2,ACC-PAY-2025-00841,P2,Payment Entry,Payment Entry,1,2025-12-15,2025-12-15 13:21:31.251735,ap.clerk@meridian.example,1210 - Primary Checking - MTC,1210,Primary Checking,Asset,0.0,13042.12,,,Metro Utilities,,Amount USD 13042.12 paid to Metro Utilities | Transaction reference no ACH-25-00332 dated 2025-12-15 | Amount USD 13042.12 adjusted against Purchase Invoice ACC-PINV-2025-00332,Meridian Trading Co.
f3e2817d85,ACC-PAY-2025-00841,P2,Payment Entry,Payment Entry,2,2025-12-15,2025-12-15 13:21:31.251735,ap.clerk@meridian.example,2110 - Creditors - MTC,2110,Creditors,Liability,13042.12,0.0,Supplier,Metro Utilities,1210 - Primary Checking - MTC,,Amount USD 13042.12 paid to Metro Utilities | Transaction reference no ACH-25-00332 dated 2025-12-15 | Amount USD 13042.12 adjusted against Purchase Invoice ACC-PINV-2025-00332,Meridian Trading Co.
65d99f8e7c,ACC-PAY-2025-00848,P2,Payment Entry,Payment Entry,1,2025-12-15,2025-12-15 15:07:24.861458,ap.clerk@meridian.example,1210 - Primary Checking - MTC,1210,Primary Checking,Asset,0.0,12238.35,,,Sterling Equipment Leasing,,Amount USD 12238.35 paid to Sterling Equipment Leasing | Transaction reference no ACH-25-00340 dated 2025-12-15 | Amount USD 12238.35 adjusted against Purchase Invoice ACC-PINV-2025-00340,Meridian Trading Co.
dedba8976c,ACC-PAY-2025-00848,P2,Payment Entry,Payment Entry,2,2025-12-15,2025-12-15 15:07:24.861458,ap.clerk@meridian.example,2110 - Creditors - MTC,2110,Creditors,Liability,12238.35,0.0,Supplier,Sterling Equipment Leasing,1210 - Primary Checking - MTC,,Amount USD 12238.35 paid to Sterling Equipment Leasing | Transaction reference no ACH-25-00340 dated 2025-12-15 | Amount USD 12238.35 adjusted against Purchase Invoice ACC-PINV-2025-00340,Meridian Trading Co.
07a9dcbe03,ACC-PINV-2025-00329,P2,Purchase Invoice,Purchase Invoice,1,2025-12-15,2025-12-15 10:02:07.600525,ap.clerk@meridian.example,5230 - IT and Software Expenses - MTC,5230,IT and Software Expenses,Expense,17021.01,0.0,,,Cobalt IT Services,Admin - MTC,Cobalt IT Services December 2025 billing,Meridian Trading Co.
e328cdc4a7,ACC-PINV-2025-00329,P2,Purchase Invoice,Purchase Invoice,2,2025-12-15,2025-12-15 10:02:07.600525,ap.clerk@meridian.example,2110 - Creditors - MTC,2110,Creditors,Liability,0.0,17021.01,Supplier,Cobalt IT Services,5230 - IT and Software Expenses - MTC,,Cobalt IT Services December 2025 billing,Meridian Trading Co.
422848bc40,ACC-PINV-2025-00342,P2,Purchase Invoice,Purchase Invoice,1,2025-12-15,2025-12-15 09:14:13.144715,ap.clerk@meridian.example,2110 - Creditors - MTC,2110,Creditors,Liability,0.0,6092.23,Supplier,Granite Janitorial,5208 - Office Maintenance Expenses - MTC,,Granite Janitorial December 2025 billing,Meridian Trading Co.
65cda19769,ACC-PINV-2025-00342,P2,Purchase Invoice,Purchase Invoice,2,2025-12-15,2025-12-15 09:14:13.144715,ap.clerk@meridian.example,5208 - Office Maintenance Expenses - MTC,5208,Office Maintenance Expenses,Expense,6092.23,0.0,,,Granite Janitorial,Admin - MTC,Granite Janitorial December 2025 billing,Meridian Trading Co.
20ec274b6f,ACC-SINV-2025-00612,P2,Sales Invoice,Sales Invoice,1,2025-12-15,2025-12-15 10:15:34.363813,ar.clerk@meridian.example,4110 - Sales - MTC,4110,Sales,Income,0.0,1168.49,,,Bluepine Hardware,Sales Ops - MTC,Customer order Bluepine Hardware Dec 2025,Meridian Trading Co.
79195258e9,ACC-SINV-2025-00612,P2,Sales Invoice,Sales Invoice,2,2025-12-15,2025-12-15 10:15:34.363813,ar.clerk@meridian.example,1310 - Debtors - MTC,1310,Debtors,Asset,2818.77,0.0,Customer,Bluepine Hardware,"4110 - Sales - MTC,4130 - Freight Income - MTC",,Customer order Bluepine Hardware Dec 2025,Meridian Trading Co.
a6053549cb,ACC-SINV-2025-00612,P2,Sales Invoice,Sales Invoice,3,2025-12-15,2025-12-15 10:15:34.363813,ar.clerk@meridian.example,ST 6% - MTC,,ST 6%,Liability,0.0,159.55,,,Bluepine Hardware,Admin - MTC,Customer order Bluepine Hardware Dec 2025,Meridian Trading Co.
f4a714a3aa,ACC-SINV-2025-00612,P2,Sales Invoice,Sales Invoice,4,2025-12-15,2025-12-15 10:15:34.363813,ar.clerk@meridian.example,4130 - Freight Income - MTC,4130,Freight Income,Income,0.0,1490.73,,,Bluepine Hardware,Admin - MTC,Customer order Bluepine Hardware Dec 2025,Meridian Trading Co.
385aeae3ea,ACC-SINV-2025-00614,P2,Sales Invoice,Sales Invoice,1,2025-12-15,2025-12-15 11:40:37.912863,ar.clerk@meridian.example,ST 6% - MTC,,ST 6%,Liability,0.0,1180.23,,,Northwind Retail,Admin - MTC,Customer order Northwind Retail Dec 2025,Meridian Trading Co.
765e1a9c5e,ACC-SINV-2025-00614,P2,Sales Invoice,Sales Invoice,2,2025-12-15,2025-12-15 11:40:37.912863,ar.clerk@meridian.example,4120 - Service - MTC,4120,Service,Income,0.0,18692.74,,,Northwind Retail,Warehouse - MTC,Customer order Northwind Retail Dec 2025,Meridian Trading Co.
7826472ff3,ACC-SINV-2025-00614,P2,Sales Invoice,Sales Invoice,3,2025-12-15,2025-12-15 11:40:37.912863,ar.clerk@meridian.example,4110 - Sales - MTC,4110,Sales,Income,0.0,977.7,,,Northwind Retail,Sales Ops - MTC,Customer order Northwind Retail Dec 2025,Meridian Trading Co.
9ab209b748,ACC-SINV-2025-00614,P2,Sales Invoice,Sales Invoice,4,2025-12-15,2025-12-15 11:40:37.912863,ar.clerk@meridian.example,1310 - Debtors - MTC,1310,Debtors,Asset,20850.67,0.0,Customer,Northwind Retail,"4120 - Service - MTC,4110 - Sales - MTC",,Customer order Northwind Retail Dec 2025,Meridian Trading Co.
14caa99d1a,ACC-SINV-2025-00619,P2,Sales Invoice,Sales Invoice,1,2025-12-15,2025-12-15 17:54:08.005017,ar.clerk@meridian.example,4120 - Service - MTC,4120,Service,Income,0.0,9482.33,,,Juniper & Co,Warehouse - MTC,Customer order Juniper & Co Dec 2025,Meridian Trading Co.
18d9c41862,ACC-SINV-2025-00619,P2,Sales Invoice,Sales Invoice,2,2025-12-15,2025-12-15 17:54:08.005017,ar.clerk@meridian.example,1310 - Debtors - MTC,1310,Debtors,Asset,10051.27,0.0,Customer,Juniper & Co,4120 - Service - MTC,,Customer order Juniper & Co Dec 2025,Meridian Trading Co.
8072a0b4e7,ACC-SINV-2025-00619,P2,Sales Invoice,Sales Invoice,3,2025-12-15,2025-12-15 17:54:08.005017,ar.clerk@meridian.example,ST 6% - MTC,,ST 6%,Liability,0.0,568.94,,,Juniper & Co,Admin - MTC,Customer order Juniper & Co Dec 2025,Meridian Trading Co.
0e60c8a1cd,ACC-SINV-2025-00628,P2,Sales Invoice,Sales Invoice,1,2025-12-15,2025-12-15 17:51:15.751338,ar.clerk@meridian.example,1310 - Debtors - MTC,1310,Debtors,Asset,82.74,0.0,Customer,Galehouse Media,4110 - Sales - MTC,,Customer order Galehouse Media Dec 2025,Meridian Trading Co.
95a18ee8ce,ACC-SINV-2025-00628,P2,Sales Invoice,Sales Invoice,2,2025-12-15,2025-12-15 17:51:15.751338,ar.clerk@meridian.example,4110 - Sales - MTC,4110,Sales,Income,0.0,78.06,,,Galehouse Media,Warehouse - MTC,Customer order Galehouse Media Dec 2025,Meridian Trading Co.
aaa662422e,ACC-SINV-2025-00628,P2,Sales Invoice,Sales Invoice,3,2025-12-15,2025-12-15 17:51:15.751338,ar.clerk@meridian.example,ST 6% - MTC,,ST 6%,Liability,0.0,4.68,,,Galehouse Media,Admin - MTC,Customer order Galehouse Media Dec 2025,Meridian Trading Co.
10cc942714,ACC-SINV-2025-00636,P2,Sales Invoice,Sales Invoice,1,2025-12-15,2025-12-15 12:08:18.587149,ar.clerk@meridian.example,ST 6% - MTC,,ST 6%,Liability,0.0,165.39,,,Galehouse Media,Admin - MTC,Customer order Galehouse Media Dec 2025,Meridian Trading Co.
3e04f5848d,ACC-SINV-2025-00636,P2,Sales Invoice,Sales Invoice,2,2025-12-15,2025-12-15 12:08:18.587149,ar.clerk@meridian.example,1310 - Debtors - MTC,1310,Debtors,Asset,2921.94,0.0,Customer,Galehouse Media,4110 - Sales - MTC,,Customer order Galehouse Media Dec 2025,Meridian Trading Co.
43dd097153,ACC-SINV-2025-00636,P2,Sales Invoice,Sales Invoice,3,2025-12-15,2025-12-15 12:08:18.587149,ar.clerk@meridian.example,4110 - Sales - MTC,4110,Sales,Income,0.0,2756.55,,,Galehouse Media,Sales Ops - MTC,Customer order Galehouse Media Dec 2025,Meridian Trading Co.
2bb5219cf2,ACC-SINV-2025-00645,P2,Sales Invoice,Sales Invoice,1,2025-12-15,2025-12-15 10:33:52.468922,ar.clerk@meridian.example,1310 - Debtors - MTC,1310,Debtors,Asset,3371.05,0.0,Customer,Halstrom Supply,4110 - Sales - MTC,,Customer order Halstrom Supply Dec 2025,Meridian Trading Co.
a41f55a651,ACC-SINV-2025-00645,P2,Sales Invoice,Sales Invoice,2,2025-12-15,2025-12-15 10:33:52.468922,ar.clerk@meridian.example,4110 - Sales - MTC,4110,Sales,Income,0.0,1064.34,,,Halstrom Supply,Warehouse - MTC,Customer order Halstrom Supply Dec 2025,Meridian Trading Co.
f096d12096,ACC-SINV-2025-00645,P2,Sales Invoice,Sales Invoice,3,2025-12-15,2025-12-15 10:33:52.468922,ar.clerk@meridian.example,ST 6% - MTC,,ST 6%,Liability,0.0,190.81,,,Halstrom Supply,Admin - MTC,Customer order Halstrom Supply Dec 2025,Meridian Trading Co.
f3333ba837,ACC-SINV-2025-00645,P2,Sales Invoice,Sales Invoice,4,2025-12-15,2025-12-15 10:33:52.468922,ar.clerk@meridian.example,4110 - Sales - MTC,4110,Sales,Income,0.0,2115.9,,,Halstrom Supply,Sales Ops - MTC,Customer order Halstrom Supply Dec 2025,Meridian Trading Co.
315ac8e290,ACC-PAY-2025-00727,P2,Payment Entry,Payment Entry,1,2025-12-16,2025-12-16 16:40:00.455243,ar.clerk@meridian.example,1210 - Primary Checking - MTC,1210,Primary Checking,Asset,538.37,0.0,,,Summit Rentals,,Amount USD 538.37 received from Summit Rentals | Transaction reference no ACH-25-00566 dated 2025-12-16 | Amount USD 538.37 adjusted against Sales Invoice ACC-SINV-2025-00566,Meridian Trading Co.
77f5ad58a3,ACC-PAY-2025-00727,P2,Payment Entry,Payment Entry,2,2025-12-16,2025-12-16 16:40:00.455243,ar.clerk@meridian.example,1310 - Debtors - MTC,1310,Debtors,Asset,0.0,538.37,Customer,Summit Rentals,1210 - Primary Checking - MTC,,Amount USD 538.37 received from Summit Rentals | Transaction reference no ACH-25-00566 dated 2025-12-16 | Amount USD 538.37 adjusted against Sales Invoice ACC-SINV-2025-00566,Meridian Trading Co.
23c64e9472,ACC-PAY-2025-00773,P2,Payment Entry,Payment Entry,1,2025-12-16,2025-12-16 17:18:00.989487,ap.clerk@meridian.example,1210 - Primary Checking - MTC,1210,Primary Checking,Asset,0.0,17099.76,,,Cobalt IT Services,,Amount USD 17099.76 paid to Cobalt IT Services | Transaction reference no ACH-25-00303 dated 2025-12-16 | Amount USD 17099.76 adjusted against Purchase Invoice ACC-PINV-2025-00303,Meridian Trading Co.
9bf7adda65,ACC-PAY-2025-00773,P2,Payment Entry,Payment Entry,2,2025-12-16,2025-12-16 17:18:00.989487,ap.clerk@meridian.example,2110 - Creditors - MTC,2110,Creditors,Liability,17099.76,0.0,Supplier,Cobalt IT Services,1210 - Primary Checking - MTC,,Amount USD 17099.76 paid to Cobalt IT Services | Transaction reference no ACH-25-00303 dated 2025-12-16 | Amount USD 17099.76 adjusted against Purchase Invoice ACC-PINV-2025-00303,Meridian Trading Co.
598b22a1c9,ACC-PAY-2025-00826,P2,Payment Entry,Payment Entry,1,2025-12-16,2025-12-16 11:07:13.671363,ar.clerk@meridian.example,1210 - Primary Checking - MTC,1210,Primary Checking,Asset,1005.33,0.0,,,Marlowe Interiors,,Amount USD 1005.33 received from Marlowe Interiors | Transaction reference no ACH-25-00663 dated 2025-12-16 | Amount USD 1005.33 adjusted against Sales Invoice ACC-SINV-2025-00663,Meridian Trading Co.
cbb3603626,ACC-PAY-2025-00826,P2,Payment Entry,Payment Entry,2,2025-12-16,2025-12-16 11:07:13.671363,ar.clerk@meridian.example,1310 - Debtors - MTC,1310,Debtors,Asset,0.0,1005.33,Customer,Marlowe Interiors,1210 - Primary Checking - MTC,,Amount USD 1005.33 received from Marlowe Interiors | Transaction reference no ACH-25-00663 dated 2025-12-16 | Amount USD 1005.33 adjusted against Sales Invoice ACC-SINV-2025-00663,Meridian Trading Co.
0202fb4033,ACC-PINV-2025-00323,P2,Purchase Invoice,Purchase Invoice,1,2025-12-16,2025-12-16 15:15:55.568240,ap.clerk@meridian.example,5210 - Postal Expenses - MTC,5210,Postal Expenses,Expense,1564.19,0.0,,,Vulcan Materials Co,Admin - MTC,Vulcan Materials Co December 2025 billing,Meridian Trading Co.
11e6c6bbda,ACC-PINV-2025-00323,P2,Purchase Invoice,Purchase Invoice,2,2025-12-16,2025-12-16 15:15:55.568240,ap.clerk@meridian.example,5111 - Cost of Goods Sold - MTC,5111,Cost of Goods Sold,Expense,7175.39,0.0,,,Vulcan Materials Co,Warehouse - MTC,Vulcan Materials Co December 2025 billing,Meridian Trading Co.
e35fa2ee8f,ACC-PINV-2025-00323,P2,Purchase Invoice,Purchase Invoice,3,2025-12-16,2025-12-16 15:15:55.568240,ap.clerk@meridian.example,5204 - Entertainment Expenses - MTC,5204,Entertainment Expenses,Expense,1892.3,0.0,,,Vulcan Materials Co,Admin - MTC,Vulcan Materials Co December 2025 billing,Meridian Trading Co.
fdd76ccbe0,ACC-PINV-2025-00323,P2,Purchase Invoice,Purchase Invoice,4,2025-12-16,2025-12-16 15:15:55.568240,ap.clerk@meridian.example,2110 - Creditors - MTC,2110,Creditors,Liability,0.0,10631.88,Supplier,Vulcan Materials Co,"5111 - Cost of Goods Sold - MTC,5210 - Postal Expenses - MTC,5204 - Entertainment Expenses - MTC",,Vulcan Materials Co December 2025 billing,Meridian Trading Co.
1be4771c38,ACC-PINV-2025-00325,P2,Purchase Invoice,Purchase Invoice,1,2025-12-16,2025-12-16 09:53:47.670660,ap.clerk@meridian.example,5205 - Freight and Forwarding Charges - MTC,5205,Freight and Forwarding Charges,Expense,14280.78,0.0,,,Beacon Freight,Admin - MTC,Beacon Freight December 2025 billing,Meridian Trading Co.
f4bb043dc6,ACC-PINV-2025-00325,P2,Purchase Invoice,Purchase Invoice,2,2025-12-16,2025-12-16 09:53:47.670660,ap.clerk@meridian.example,2110 - Creditors - MTC,2110,Creditors,Liability,0.0,14280.78,Supplier,Beacon Freight,5205 - Freight and Forwarding Charges - MTC,,Beacon Freight December 2025 billing,Meridian Trading Co.
2b024fd58e,ACC-PINV-2025-00338,P2,Purchase Invoice,Purchase Invoice,1,2025-12-16,2025-12-16 17:38:42.906954,ap.clerk@meridian.example,5207 - Marketing Expenses - MTC,5207,Marketing Expenses,Expense,3986.6,0.0,,,Quill Marketing Group,Admin - MTC,Quill Marketing Group December 2025 billing,Meridian Trading Co.
80054f7e27,ACC-PINV-2025-00338,P2,Purchase Invoice,Purchase Invoice,2,2025-12-16,2025-12-16 17:38:42.906954,ap.clerk@meridian.example,2110 - Creditors - MTC,2110,Creditors,Liability,0.0,5235.43,Supplier,Quill Marketing Group,"5207 - Marketing Expenses - MTC,5216 - Travel Expenses - MTC",,Quill Marketing Group December 2025 billing,Meridian Trading Co.
e206831871,ACC-PINV-2025-00338,P2,Purchase Invoice,Purchase Invoice,3,2025-12-16,2025-12-16 17:38:42.906954,ap.clerk@meridian.example,5216 - Travel Expenses - MTC,5216,Travel Expenses,Expense,1248.83,0.0,,,Quill Marketing Group,Admin - MTC,Quill Marketing Group December 2025 billing,Meridian Trading Co.
7983a76192,ACC-SINV-2025-00623,P2,Sales Invoice,Sales Invoice,1,2025-12-16,2025-12-16 15:38:07.311092,ar.clerk@meridian.example,4110 - Sales - MTC,4110,Sales,Income,0.0,210.0,,,Galehouse Media,Warehouse - MTC,Customer order Galehouse Media Dec 2025,Meridian Trading Co.
8b4b571f0f,ACC-SINV-2025-00623,P2,Sales Invoice,Sales Invoice,2,2025-12-16,2025-12-16 15:38:07.311092,ar.clerk@meridian.example,ST 6% - MTC,,ST 6%,Liability,0.0,12.6,,,Galehouse Media,Admin - MTC,Customer order Galehouse Media Dec 2025,Meridian Trading Co.
ce613024e1,ACC-SINV-2025-00623,P2,Sales Invoice,Sales Invoice,3,2025-12-16,2025-12-16 15:38:07.311092,ar.clerk@meridian.example,1310 - Debtors - MTC,1310,Debtors,Asset,222.6,0.0,Customer,Galehouse Media,4110 - Sales - MTC,,Customer order Galehouse Media Dec 2025,Meridian Trading Co.
636bb49a1b,ACC-SINV-2025-00644,P2,Sales Invoice,Sales Invoice,1,2025-12-16,2025-12-16 10:40:02.095231,ar.clerk@meridian.example,4110 - Sales - MTC,4110,Sales,Income,0.0,733.7,,,Northwind Retail,Warehouse - MTC,Customer order Northwind Retail Dec 2025,Meridian Trading Co.
9b53fd4ead,ACC-SINV-2025-00644,P2,Sales Invoice,Sales Invoice,2,2025-12-16,2025-12-16 10:40:02.095231,ar.clerk@meridian.example,4110 - Sales - MTC,4110,Sales,Income,0.0,1390.2,,,Northwind Retail,Sales Ops - MTC,Customer order Northwind Retail Dec 2025,Meridian Trading Co.
a0f30f889a,ACC-SINV-2025-00644,P2,Sales Invoice,Sales Invoice,3,2025-12-16,2025-12-16 10:40:02.095231,ar.clerk@meridian.example,4130 - Freight Income - MTC,4130,Freight Income,Income,0.0,1913.1,,,Northwind Retail,Admin - MTC,Customer order Northwind Retail Dec 2025,Meridian Trading Co.
c048ffa340,ACC-SINV-2025-00644,P2,Sales Invoice,Sales Invoice,4,2025-12-16,2025-12-16 10:40:02.095231,ar.clerk@meridian.example,ST 6% - MTC,,ST 6%,Liability,0.0,242.22,,,Northwind Retail,Admin - MTC,Customer order Northwind Retail Dec 2025,Meridian Trading Co.
c6d8e9e079,ACC-SINV-2025-00644,P2,Sales Invoice,Sales Invoice,5,2025-12-16,2025-12-16 10:40:02.095231,ar.clerk@meridian.example,1310 - Debtors - MTC,1310,Debtors,Asset,4279.22,0.0,Customer,Northwind Retail,"4110 - Sales - MTC,4130 - Freight Income - MTC",,Customer order Northwind Retail Dec 2025,Meridian Trading Co.
16b0327f22,ACC-SINV-2025-00654,P2,Sales Invoice,Sales Invoice,1,2025-12-16,2025-12-16 15:35:18.227350,ar.clerk@meridian.example,1310 - Debtors - MTC,1310,Debtors,Asset,112.38,0.0,Customer,Brightline Offices,4110 - Sales - MTC,,Customer order Brightline Offices Dec 2025,Meridian Trading Co.
7f9389ff0f,ACC-SINV-2025-00654,P2,Sales Invoice,Sales Invoice,2,2025-12-16,2025-12-16 15:35:18.227350,ar.clerk@meridian.example,ST 6% - MTC,,ST 6%,Liability,0.0,6.36,,,Brightline Offices,Admin - MTC,Customer order Brightline Offices Dec 2025,Meridian Trading Co.
a126b99bfb,ACC-SINV-2025-00654,P2,Sales Invoice,Sales Invoice,3,2025-12-16,2025-12-16 15:35:18.227350,ar.clerk@meridian.example,4110 - Sales - MTC,4110,Sales,Income,0.0,106.02,,,Brightline Offices,Warehouse - MTC,Customer order Brightline Offices Dec 2025,Meridian Trading Co.
65393ff6b5,ACC-SINV-2025-00658,P2,Sales Invoice,Sales Invoice,1,2025-12-16,2025-12-16 16:09:09.403166,ar.clerk@meridian.example,4110 - Sales - MTC,4110,Sales,Income,0.0,1313.0,,,Juniper & Co,Warehouse - MTC,Customer order Juniper & Co Dec 2025,Meridian Trading Co.
d1383874b5,ACC-SINV-2025-00658,P2,Sales Invoice,Sales Invoice,2,2025-12-16,2025-12-16 16:09:09.403166,ar.clerk@meridian.example,ST 6% - MTC,,ST 6%,Liability,0.0,138.16,,,Juniper & Co,Admin - MTC,Customer order Juniper & Co Dec 2025,Meridian Trading Co.
f3c1aff09a,ACC-SINV-2025-00658,P2,Sales Invoice,Sales Invoice,3,2025-12-16,2025-12-16 16:09:09.403166,ar.clerk@meridian.example,1310 - Debtors - MTC,1310,Debtors,Asset,2440.86,0.0,Customer,Juniper & Co,4110 - Sales - MTC,,Customer order Juniper & Co Dec 2025,Meridian Trading Co.
ff9ccedd9f,ACC-SINV-2025-00658,P2,Sales Invoice,Sales Invoice,4,2025-12-16,2025-12-16 16:09:09.403166,ar.clerk@meridian.example,4110 - Sales - MTC,4110,Sales,Income,0.0,989.7,,,Juniper & Co,Sales Ops - MTC,Customer order Juniper & Co Dec 2025,Meridian Trading Co.
6531549cd4,ACC-PAY-2025-00726,P2,Payment Entry,Payment Entry,1,2025-12-17,2025-12-17 17:10:25.429328,ar.clerk@meridian.example,1310 - Debtors - MTC,1310,Debtors,Asset,0.0,2298.98,Customer,Redcedar Builders,1210 - Primary Checking - MTC,,Amount USD 2298.98 received from Redcedar Builders | Transaction reference no ACH-25-00565 dated 2025-12-17 | Amount USD 2298.98 adjusted against Sales Invoice ACC-SINV-2025-00565,Meridian Trading Co.
f3132ba5d2,ACC-PAY-2025-00726,P2,Payment Entry,Payment Entry,2,2025-12-17,2025-12-17 17:10:25.429328,ar.clerk@meridian.example,1210 - Primary Checking - MTC,1210,Primary Checking,Asset,2298.98,0.0,,,Redcedar Builders,,Amount USD 2298.98 received from Redcedar Builders | Transaction reference no ACH-25-00565 dated 2025-12-17 | Amount USD 2298.98 adjusted against Sales Invoice ACC-SINV-2025-00565,Meridian Trading Co.
769301a3b0,ACC-PAY-2025-00754,P2,Payment Entry,Payment Entry,1,2025-12-17,2025-12-17 14:15:00.959356,ar.clerk@meridian.example,1210 - Primary Checking - MTC,1210,Primary Checking,Asset,18642.07,0.0,,,Kestrel Foods,,Amount USD 18642.07 received from Kestrel Foods | Transaction reference no ACH-25-00597 dated 2025-12-17 | Amount USD 18642.07 adjusted against Sales Invoice ACC-SINV-2025-00597,Meridian Trading Co.
a71bdb9fc3,ACC-PAY-2025-00754,P2,Payment Entry,Payment Entry,2,2025-12-17,2025-12-17 14:15:00.959356,ar.clerk@meridian.example,1310 - Debtors - MTC,1310,Debtors,Asset,0.0,18642.07,Customer,Kestrel Foods,1210 - Primary Checking - MTC,,Amount USD 18642.07 received from Kestrel Foods | Transaction reference no ACH-25-00597 dated 2025-12-17 | Amount USD 18642.07 adjusted against Sales Invoice ACC-SINV-2025-00597,Meridian Trading Co.
9e5fbf1452,ACC-PAY-2025-00770,P2,Payment Entry,Payment Entry,1,2025-12-17,2025-12-17 14:55:49.451383,ap.clerk@meridian.example,1210 - Primary Checking - MTC,1210,Primary Checking,Asset,0.0,16298.32,,,Beacon Freight,,Amount USD 16298.32 paid to Beacon Freight | Transaction reference no ACH-25-00300 dated 2025-12-17 | Amount USD 16298.32 adjusted against Purchase Invoice ACC-PINV-2025-00300,Meridian Trading Co.
b13557eebb,ACC-PAY-2025-00770,P2,Payment Entry,Payment Entry,2,2025-12-17,2025-12-17 14:55:49.451383,ap.clerk@meridian.example,2110 - Creditors - MTC,2110,Creditors,Liability,16298.32,0.0,Supplier,Beacon Freight,1210 - Primary Checking - MTC,,Amount USD 16298.32 paid to Beacon Freight | Transaction reference no ACH-25-00300 dated 2025-12-17 | Amount USD 16298.32 adjusted against Purchase Invoice ACC-PINV-2025-00300,Meridian Trading Co.
aa00640632,ACC-PINV-2025-00334,P2,Purchase Invoice,Purchase Invoice,1,2025-12-17,2025-12-17 18:15:40.515055,ap.clerk@meridian.example,2110 - Creditors - MTC,2110,Creditors,Liability,0.0,12871.96,Supplier,Harlan Office Supply,"5208 - Office Maintenance Expenses - MTC,5204 - Entertainment Expenses - MTC",,Harlan Office Supply December 2025 billing,Meridian Trading Co.
c6aee26d72,ACC-PINV-2025-00334,P2,Purchase Invoice,Purchase Invoice,2,2025-12-17,2025-12-17 18:15:40.515055,ap.clerk@meridian.example,5204 - Entertainment Expenses - MTC,5204,Entertainment Expenses,Expense,874.99,0.0,,,Harlan Office Supply,Admin - MTC,Harlan Office Supply December 2025 billing,Meridian Trading Co.
f08d565573,ACC-PINV-2025-00334,P2,Purchase Invoice,Purchase Invoice,3,2025-12-17,2025-12-17 18:15:40.515055,ap.clerk@meridian.example,5208 - Office Maintenance Expenses - MTC,5208,Office Maintenance Expenses,Expense,11996.97,0.0,,,Harlan Office Supply,Admin - MTC,Harlan Office Supply December 2025 billing,Meridian Trading Co.
8448190c08,ACC-SINV-2025-00642,P2,Sales Invoice,Sales Invoice,1,2025-12-17,2025-12-17 11:05:36.821548,ar.clerk@meridian.example,4120 - Service - MTC,4120,Service,Income,0.0,6501.69,,,Ferrous Works,Warehouse - MTC,Customer order Ferrous Works Dec 2025,Meridian Trading Co.
8a2381eef5,ACC-SINV-2025-00642,P2,Sales Invoice,Sales Invoice,2,2025-12-17,2025-12-17 11:05:36.821548,ar.clerk@meridian.example,1310 - Debtors - MTC,1310,Debtors,Asset,9142.43,0.0,Customer,Ferrous Works,"4110 - Sales - MTC,4120 - Service - MTC",,Customer order Ferrous Works Dec 2025,Meridian Trading Co.
8db77e5cec,ACC-SINV-2025-00642,P2,Sales Invoice,Sales Invoice,3,2025-12-17,2025-12-17 11:05:36.821548,ar.clerk@meridian.example,4110 - Sales - MTC,4110,Sales,Income,0.0,2123.24,,,Ferrous Works,Sales Ops - MTC,Customer order Ferrous Works Dec 2025,Meridian Trading Co.
e63293a1c5,ACC-SINV-2025-00642,P2,Sales Invoice,Sales Invoice,4,2025-12-17,2025-12-17 11:05:36.821548,ar.clerk@meridian.example,ST 6% - MTC,,ST 6%,Liability,0.0,517.5,,,Ferrous Works,Admin - MTC,Customer order Ferrous Works Dec 2025,Meridian Trading Co.
09359675e1,ACC-SINV-2025-00661,P2,Sales Invoice,Sales Invoice,1,2025-12-17,2025-12-17 17:33:58.787827,ar.clerk@meridian.example,ST 6% - MTC,,ST 6%,Liability,0.0,57.32,,,Bluepine Hardware,Admin - MTC,Customer order Bluepine Hardware Dec 2025,Meridian Trading Co.
1643c336cb,ACC-SINV-2025-00661,P2,Sales Invoice,Sales Invoice,2,2025-12-17,2025-12-17 17:33:58.787827,ar.clerk@meridian.example,4140 - Installation Revenue - MTC,4140,Installation Revenue,Income,0.0,955.32,,,Bluepine Hardware,Sales Ops - MTC,Customer order Bluepine Hardware Dec 2025,Meridian Trading Co.
a50a983cda,ACC-SINV-2025-00661,P2,Sales Invoice,Sales Invoice,3,2025-12-17,2025-12-17 17:33:58.787827,ar.clerk@meridian.example,1310 - Debtors - MTC,1310,Debtors,Asset,1012.64,0.0,Customer,Bluepine Hardware,4140 - Installation Revenue - MTC,,Customer order Bluepine Hardware Dec 2025,Meridian Trading Co.
98973644f2,ACC-PAY-2025-00771,P2,Payment Entry,Payment Entry,1,2025-12-18,2025-12-18 13:15:12.828657,ap.clerk@meridian.example,2110 - Creditors - MTC,2110,Creditors,Liability,15296.22,0.0,Supplier,Beacon Freight,1210 - Primary Checking - MTC,,Amount USD 15296.22 paid to Beacon Freight | Transaction reference no ACH-25-00301 dated 2025-12-18 | Amount USD 15296.22 adjusted against Purchase Invoice ACC-PINV-2025-00301,Meridian Trading Co.
abd7629742,ACC-PAY-2025-00771,P2,Payment Entry,Payment Entry,2,2025-12-18,2025-12-18 13:15:12.828657,ap.clerk@meridian.example,1210 - Primary Checking - MTC,1210,Primary Checking,Asset,0.0,15296.22,,,Beacon Freight,,Amount USD 15296.22 paid to Beacon Freight | Transaction reference no ACH-25-00301 dated 2025-12-18 | Amount USD 15296.22 adjusted against Purchase Invoice ACC-PINV-2025-00301,Meridian Trading Co.
106bb383f4,ACC-SINV-2025-00631,P2,Sales Invoice,Sales Invoice,1,2025-12-18,2025-12-18 09:40:01.310872,ar.clerk@meridian.example,4110 - Sales - MTC,4110,Sales,Income,0.0,431.76,,,Ovation Events,Sales Ops - MTC,Customer order Ovation Events Dec 2025,Meridian Trading Co.
11cc696883,ACC-SINV-2025-00631,P2,Sales Invoice,Sales Invoice,2,2025-12-18,2025-12-18 09:40:01.310872,ar.clerk@meridian.example,1310 - Debtors - MTC,1310,Debtors,Asset,680.56,0.0,Customer,Ovation Events,4110 - Sales - MTC,,Customer order Ovation Events Dec 2025,Meridian Trading Co.
8cacce6ab4,ACC-SINV-2025-00631,P2,Sales Invoice,Sales Invoice,3,2025-12-18,2025-12-18 09:40:01.310872,ar.clerk@meridian.example,4110 - Sales - MTC,4110,Sales,Income,0.0,248.8,,,Ovation Events,Warehouse - MTC,Customer order Ovation Events Dec 2025,Meridian Trading Co.
43c9a2ef32,ACC-SINV-2025-00634,P2,Sales Invoice,Sales Invoice,1,2025-12-18,2025-12-18 13:19:58.591007,ar.clerk@meridian.example,1310 - Debtors - MTC,1310,Debtors,Asset,2914.45,0.0,Customer,Halstrom Supply,4110 - Sales - MTC,,Customer order Halstrom Supply Dec 2025,Meridian Trading Co.
6a1afba487,ACC-SINV-2025-00634,P2,Sales Invoice,Sales Invoice,2,2025-12-18,2025-12-18 13:19:58.591007,ar.clerk@meridian.example,4110 - Sales - MTC,4110,Sales,Income,0.0,2551.4,,,Halstrom Supply,Sales Ops - MTC,Customer order Halstrom Supply Dec 2025,Meridian Trading Co.
9c92fc0bfc,ACC-SINV-2025-00634,P2,Sales Invoice,Sales Invoice,3,2025-12-18,2025-12-18 13:19:58.591007,ar.clerk@meridian.example,ST 6% - MTC,,ST 6%,Liability,0.0,164.97,,,Halstrom Supply,Admin - MTC,Customer order Halstrom Supply Dec 2025,Meridian Trading Co.
e3761b9bce,ACC-SINV-2025-00634,P2,Sales Invoice,Sales Invoice,4,2025-12-18,2025-12-18 13:19:58.591007,ar.clerk@meridian.example,4110 - Sales - MTC,4110,Sales,Income,0.0,198.08,,,Halstrom Supply,Warehouse - MTC,Customer order Halstrom Supply Dec 2025,Meridian Trading Co.
96f35b96d7,ACC-SINV-2025-00646,P2,Sales Invoice,Sales Invoice,1,2025-12-18,2025-12-18 10:38:10.839549,ar.clerk@meridian.example,1310 - Debtors - MTC,1310,Debtors,Asset,18151.3,0.0,Customer,Ferrous Works,"4110 - Sales - MTC,4120 - Service - MTC",,Customer order Ferrous Works Dec 2025,Meridian Trading Co.
b635ca1b0e,ACC-SINV-2025-00646,P2,Sales Invoice,Sales Invoice,2,2025-12-18,2025-12-18 10:38:10.839549,ar.clerk@meridian.example,4120 - Service - MTC,4120,Service,Income,0.0,15701.79,,,Ferrous Works,Admin - MTC,Customer order Ferrous Works Dec 2025,Meridian Trading Co.
bef541befe,ACC-SINV-2025-00646,P2,Sales Invoice,Sales Invoice,3,2025-12-18,2025-12-18 10:38:10.839549,ar.clerk@meridian.example,4110 - Sales - MTC,4110,Sales,Income,0.0,1422.08,,,Ferrous Works,Sales Ops - MTC,Customer order Ferrous Works Dec 2025,Meridian Trading Co.
cae065fa98,ACC-SINV-2025-00646,P2,Sales Invoice,Sales Invoice,4,2025-12-18,2025-12-18 10:38:10.839549,ar.clerk@meridian.example,ST 6% - MTC,,ST 6%,Liability,0.0,1027.43,,,Ferrous Works,Admin - MTC,Customer order Ferrous Works Dec 2025,Meridian Trading Co.
08c488c56e,ACC-SINV-2025-00659,P2,Sales Invoice,Sales Invoice,1,2025-12-18,2025-12-18 13:51:43.480370,ar.clerk@meridian.example,1310 - Debtors - MTC,1310,Debtors,Asset,222.89,0.0,Customer,Pactrail Sports,4110 - Sales - MTC,,Customer order Pactrail Sports Dec 2025,Meridian Trading Co.
1d2fd930e1,ACC-SINV-2025-00659,P2,Sales Invoice,Sales Invoice,2,2025-12-18,2025-12-18 13:51:43.480370,ar.clerk@meridian.example,ST 6% - MTC,,ST 6%,Liability,0.0,12.62,,,Pactrail Sports,Admin - MTC,Customer order Pactrail Sports Dec 2025,Meridian Trading Co.
38fcc2fe8c,ACC-SINV-2025-00659,P2,Sales Invoice,Sales Invoice,3,2025-12-18,2025-12-18 13:51:43.480370,ar.clerk@meridian.example,4110 - Sales - MTC,4110,Sales,Income,0.0,210.27,,,Pactrail Sports,Warehouse - MTC,Customer order Pactrail Sports Dec 2025,Meridian Trading Co.
65416d4986,ACC-JV-2025-00122,P2,Journal Entry,Journal Entry,1,2025-12-19,2025-12-19 08:58:22.907193,controller@meridian.example,4120 - Service - MTC,4120,Service,Income,0.0,11408.06,,,1320 - Intercompany Receivable - MTC,Admin - MTC,,Meridian Trading Co.
a076ea7a2f,ACC-JV-2025-00122,P2,Journal Entry,Journal Entry,2,2025-12-19,2025-12-19 08:58:22.907193,controller@meridian.example,1320 - Intercompany Receivable - MTC,1320,Intercompany Receivable,Asset,11408.06,0.0,,,4120 - Service - MTC,Admin - MTC,,Meridian Trading Co.
828eecbeb2,ACC-PAY-2025-00731,P2,Payment Entry,Payment Entry,1,2025-12-19,2025-12-19 08:04:36.311201,ar.clerk@meridian.example,1310 - Debtors - MTC,1310,Debtors,Asset,0.0,420.27,Customer,Marlowe Interiors,1210 - Primary Checking - MTC,,Amount USD 420.27 received from Marlowe Interiors | Transaction reference no ACH-25-00571 dated 2025-12-19 | Amount USD 420.27 adjusted against Sales Invoice ACC-SINV-2025-00571,Meridian Trading Co.
8921e68d49,ACC-PAY-2025-00731,P2,Payment Entry,Payment Entry,2,2025-12-19,2025-12-19 08:04:36.311201,ar.clerk@meridian.example,1210 - Primary Checking - MTC,1210,Primary Checking,Asset,420.27,0.0,,,Marlowe Interiors,,Amount USD 420.27 received from Marlowe Interiors | Transaction reference no ACH-25-00571 dated 2025-12-19 | Amount USD 420.27 adjusted against Sales Invoice ACC-SINV-2025-00571,Meridian Trading Co.
184e6d061b,ACC-PAY-2025-00781,P2,Payment Entry,Payment Entry,1,2025-12-19,2025-12-19 11:53:50.818684,ap.clerk@meridian.example,1210 - Primary Checking - MTC,1210,Primary Checking,Asset,0.0,13941.92,,,Quill Marketing Group,,Amount USD 13941.92 paid to Quill Marketing Group | Transaction reference no ACH-25-00312 dated 2025-12-19 | Amount USD 13941.92 adjusted against Purchase Invoice ACC-PINV-2025-00312,Meridian Trading Co.
a526ed8f0f,ACC-PAY-2025-00781,P2,Payment Entry,Payment Entry,2,2025-12-19,2025-12-19 11:53:50.818684,ap.clerk@meridian.example,2110 - Creditors - MTC,2110,Creditors,Liability,13941.92,0.0,Supplier,Quill Marketing Group,1210 - Primary Checking - MTC,,Amount USD 13941.92 paid to Quill Marketing Group | Transaction reference no ACH-25-00312 dated 2025-12-19 | Amount USD 13941.92 adjusted against Purchase Invoice ACC-PINV-2025-00312,Meridian Trading Co.
56d30094c9,ACC-PINV-2025-00319,P2,Purchase Invoice,Purchase Invoice,1,2025-12-19,2025-12-26 08:43:03.509345,ap.clerk@meridian.example,2110 - Creditors - MTC,2110,Creditors,Liability,0.0,1247.35,Supplier,Orchard Wholesale,"5111 - Cost of Goods Sold - MTC,5209 - Office Rent - MTC,5204 - Entertainment Expenses - MTC",,Orchard Wholesale December 2025 billing,Meridian Trading Co.
62ccfa00a0,ACC-PINV-2025-00319,P2,Purchase Invoice,Purchase Invoice,2,2025-12-19,2025-12-26 08:43:03.509345,ap.clerk@meridian.example,5204 - Entertainment Expenses - MTC,5204,Entertainment Expenses,Expense,417.0,0.0,,,Orchard Wholesale,Admin - MTC,Orchard Wholesale December 2025 billing,Meridian Trading Co.
6e310d561b,ACC-PINV-2025-00319,P2,Purchase Invoice,Purchase Invoice,3,2025-12-19,2025-12-26 08:43:03.509345,ap.clerk@meridian.example,5209 - Office Rent - MTC,5209,Office Rent,Expense,154.17,0.0,,,Orchard Wholesale,Admin - MTC,Orchard Wholesale December 2025 billing,Meridian Trading Co.
eaabb4e553,ACC-PINV-2025-00319,P2,Purchase Invoice,Purchase Invoice,4,2025-12-19,2025-12-26 08:43:03.509345,ap.clerk@meridian.example,5111 - Cost of Goods Sold - MTC,5111,Cost of Goods Sold,Expense,676.18,0.0,,,Orchard Wholesale,Warehouse - MTC,Orchard Wholesale December 2025 billing,Meridian Trading Co.
237097139f,ACC-SINV-2025-00625,P2,Sales Invoice,Sales Invoice,1,2025-12-19,2025-12-19 15:12:01.305201,ar.clerk@meridian.example,4110 - Sales - MTC,4110,Sales,Income,0.0,622.85,,,Bluepine Hardware,Sales Ops - MTC,Customer order Bluepine Hardware Dec 2025,Meridian Trading Co.
aea331d063,ACC-SINV-2025-00625,P2,Sales Invoice,Sales Invoice,2,2025-12-19,2025-12-19 15:12:01.305201,ar.clerk@meridian.example,1310 - Debtors - MTC,1310,Debtors,Asset,660.22,0.0,Customer,Bluepine Hardware,4110 - Sales - MTC,,Customer order Bluepine Hardware Dec 2025,Meridian Trading Co.
f58b60c0b6,ACC-SINV-2025-00625,P2,Sales Invoice,Sales Invoice,3,2025-12-19,2025-12-19 15:12:01.305201,ar.clerk@meridian.example,ST 6% - MTC,,ST 6%,Liability,0.0,37.37,,,Bluepine Hardware,Admin - MTC,Customer order Bluepine Hardware Dec 2025,Meridian Trading Co.
1f54debca1,ACC-SINV-2025-00643,P2,Sales Invoice,Sales Invoice,1,2025-12-19,2025-12-19 12:08:27.875663,ar.clerk@meridian.example,ST 6% - MTC,,ST 6%,Liability,0.0,484.86,,,Pactrail Sports,Admin - MTC,Customer order Pactrail Sports Dec 2025,Meridian Trading Co.
45d8415ce6,ACC-SINV-2025-00643,P2,Sales Invoice,Sales Invoice,2,2025-12-19,2025-12-19 12:08:27.875663,ar.clerk@meridian.example,4120 - Service - MTC,4120,Service,Income,0.0,7894.32,,,Pactrail Sports,Sales Ops - MTC,Customer order Pactrail Sports Dec 2025,Meridian Trading Co.
84923be38e,ACC-SINV-2025-00643,P2,Sales Invoice,Sales Invoice,3,2025-12-19,2025-12-19 12:08:27.875663,ar.clerk@meridian.example,1310 - Debtors - MTC,1310,Debtors,Asset,8565.94,0.0,Customer,Pactrail Sports,"4110 - Sales - MTC,4120 - Service - MTC",,Customer order Pactrail Sports Dec 2025,Meridian Trading Co.
d1e5de6d7a,ACC-SINV-2025-00643,P2,Sales Invoice,Sales Invoice,4,2025-12-19,2025-12-19 12:08:27.875663,ar.clerk@meridian.example,4110 - Sales - MTC,4110,Sales,Income,0.0,186.76,,,Pactrail Sports,Warehouse - MTC,Customer order Pactrail Sports Dec 2025,Meridian Trading Co.
0f7e6579c9,ACC-PAY-2025-00738,P2,Payment Entry,Payment Entry,1,2025-12-20,2025-12-22 14:13:22.125445,ar.clerk@meridian.example,1210 - Primary Checking - MTC,1210,Primary Checking,Asset,1103.94,0.0,,,Timberline Schools,,Amount USD 1103.94 received from Timberline Schools | Transaction reference no ACH-25-00578 dated 2025-12-20 | Amount USD 1103.94 adjusted against Sales Invoice ACC-SINV-2025-00578,Meridian Trading Co.
b2ce0455d1,ACC-PAY-2025-00738,P2,Payment Entry,Payment Entry,2,2025-12-20,2025-12-22 14:13:22.125445,ar.clerk@meridian.example,1310 - Debtors - MTC,1310,Debtors,Asset,0.0,1103.94,Customer,Timberline Schools,1210 - Primary Checking - MTC,,Amount USD 1103.94 received from Timberline Schools | Transaction reference no ACH-25-00578 dated 2025-12-20 | Amount USD 1103.94 adjusted against Sales Invoice ACC-SINV-2025-00578,Meridian Trading Co.
033fd8c8c6,ACC-PAY-2025-00780,P2,Payment Entry,Payment Entry,1,2025-12-20,2025-12-22 16:33:14.333496,ap.clerk@meridian.example,2110 - Creditors - MTC,2110,Creditors,Liability,16018.59,0.0,Supplier,Quill Marketing Group,1210 - Primary Checking - MTC,,Amount USD 16018.59 paid to Quill Marketing Group | Transaction reference no ACH-25-00311 dated 2025-12-20 | Amount USD 16018.59 adjusted against Purchase Invoice ACC-PINV-2025-00311,Meridian Trading Co.
c19536a889,ACC-PAY-2025-00780,P2,Payment Entry,Payment Entry,2,2025-12-20,2025-12-22 16:33:14.333496,ap.clerk@meridian.example,1210 - Primary Checking - MTC,1210,Primary Checking,Asset,0.0,16018.59,,,Quill Marketing Group,,Amount USD 16018.59 paid to Quill Marketing Group | Transaction reference no ACH-25-00311 dated 2025-12-20 | Amount USD 16018.59 adjusted against Purchase Invoice ACC-PINV-2025-00311,Meridian Trading Co.
acb94f2e1f,ACC-PAY-2025-00730,P2,Payment Entry,Payment Entry,1,2025-12-21,2025-12-22 09:53:36.335201,ar.clerk@meridian.example,1210 - Primary Checking - MTC,1210,Primary Checking,Asset,756.55,0.0,,,Marlowe Interiors,,Amount USD 756.55 received from Marlowe Interiors | Transaction reference no ACH-25-00570 dated 2025-12-21 | Amount USD 756.55 adjusted against Sales Invoice ACC-SINV-2025-00570,Meridian Trading Co.
b2f43aea1c,ACC-PAY-2025-00730,P2,Payment Entry,Payment Entry,2,2025-12-21,2025-12-22 09:53:36.335201,ar.clerk@meridian.example,1310 - Debtors - MTC,1310,Debtors,Asset,0.0,756.55,Customer,Marlowe Interiors,1210 - Primary Checking - MTC,,Amount USD 756.55 received from Marlowe Interiors | Transaction reference no ACH-25-00570 dated 2025-12-21 | Amount USD 756.55 adjusted against Sales Invoice ACC-SINV-2025-00570,Meridian Trading Co.
464443ad28,ACC-PAY-2025-00788,P2,Payment Entry,Payment Entry,1,2025-12-21,2025-12-22 12:37:33.330516,ar.clerk@meridian.example,1310 - Debtors - MTC,1310,Debtors,Asset,0.0,848.21,Customer,Kestrel Foods,1210 - Primary Checking - MTC,,Amount USD 848.21 received from Kestrel Foods | Transaction reference no ACH-25-00615 dated 2025-12-21 | Amount USD 848.21 adjusted against Sales Invoice ACC-SINV-2025-00615,Meridian Trading Co.
a8585d854c,ACC-PAY-2025-00788,P2,Payment Entry,Payment Entry,2,2025-12-21,2025-12-22 12:37:33.330516,ar.clerk@meridian.example,1210 - Primary Checking - MTC,1210,Primary Checking,Asset,848.21,0.0,,,Kestrel Foods,,Amount USD 848.21 received from Kestrel Foods | Transaction reference no ACH-25-00615 dated 2025-12-21 | Amount USD 848.21 adjusted against Sales Invoice ACC-SINV-2025-00615,Meridian Trading Co.
18d12240a8,ACC-PAY-2025-00799,P2,Payment Entry,Payment Entry,1,2025-12-21,2025-12-22 15:33:37.389796,ar.clerk@meridian.example,1210 - Primary Checking - MTC,1210,Primary Checking,Asset,1120.35,0.0,,,Marlowe Interiors,,Amount USD 1120.35 received from Marlowe Interiors | Transaction reference no ACH-25-00626 dated 2025-12-21 | Amount USD 1120.35 adjusted against Sales Invoice ACC-SINV-2025-00626,Meridian Trading Co.
e8a8ffa2b1,ACC-PAY-2025-00799,P2,Payment Entry,Payment Entry,2,2025-12-21,2025-12-22 15:33:37.389796,ar.clerk@meridian.example,1310 - Debtors - MTC,1310,Debtors,Asset,0.0,1120.35,Customer,Marlowe Interiors,1210 - Primary Checking - MTC,,Amount USD 1120.35 received from Marlowe Interiors | Transaction reference no ACH-25-00626 dated 2025-12-21 | Amount USD 1120.35 adjusted against Sales Invoice ACC-SINV-2025-00626,Meridian Trading Co.
3cb2bba77a,ACC-PAY-2025-00787,P2,Payment Entry,Payment Entry,1,2025-12-22,2025-12-22 14:01:28.432027,ar.clerk@meridian.example,1210 - Primary Checking - MTC,1210,Primary Checking,Asset,10425.33,0.0,,,Northwind Retail,,Amount USD 10425.33 received from Northwind Retail | Transaction reference no ACH-25-00614 dated 2025-12-22 | Amount USD 10425.33 adjusted against Sales Invoice ACC-SINV-2025-00614,Meridian Trading Co.
5ed8cf5e66,ACC-PAY-2025-00787,P2,Payment Entry,Payment Entry,2,2025-12-22,2025-12-22 14:01:28.432027,ar.clerk@meridian.example,1310 - Debtors - MTC,1310,Debtors,Asset,0.0,10425.33,Customer,Northwind Retail,1210 - Primary Checking - MTC,,Amount USD 10425.33 received from Northwind Retail | Transaction reference no ACH-25-00614 dated 2025-12-22 | Amount USD 10425.33 adjusted against Sales Invoice ACC-SINV-2025-00614,Meridian Trading Co.
45560ad554,ACC-PINV-2025-00322,P2,Purchase Invoice,Purchase Invoice,1,2025-12-22,2025-12-22 13:55:12.665926,ap.clerk@meridian.example,5111 - Cost of Goods Sold - MTC,5111,Cost of Goods Sold,Expense,10454.8,0.0,,,Vulcan Materials Co,Warehouse - MTC,Vulcan Materials Co December 2025 billing,Meridian Trading Co.
da8bf6aa22,ACC-PINV-2025-00322,P2,Purchase Invoice,Purchase Invoice,2,2025-12-22,2025-12-22 13:55:12.665926,ap.clerk@meridian.example,2110 - Creditors - MTC,2110,Creditors,Liability,0.0,10454.8,Supplier,Vulcan Materials Co,5111 - Cost of Goods Sold - MTC,,Vulcan Materials Co December 2025 billing,Meridian Trading Co.
22fceea7e5,ACC-SINV-2025-00618,P2,Sales Invoice,Sales Invoice,1,2025-12-22,2025-12-22 10:05:26.176434,ar.clerk@meridian.example,4110 - Sales - MTC,4110,Sales,Income,0.0,210.06,,,Summit Rentals,Sales Ops - MTC,Customer order Summit Rentals Dec 2025,Meridian Trading Co.
9261eddd09,ACC-SINV-2025-00618,P2,Sales Invoice,Sales Invoice,2,2025-12-22,2025-12-22 10:05:26.176434,ar.clerk@meridian.example,1310 - Debtors - MTC,1310,Debtors,Asset,222.66,0.0,Customer,Summit Rentals,4110 - Sales - MTC,,Customer order Summit Rentals Dec 2025,Meridian Trading Co.
9f5da038fe,ACC-SINV-2025-00618,P2,Sales Invoice,Sales Invoice,3,2025-12-22,2025-12-22 10:05:26.176434,ar.clerk@meridian.example,ST 6% - MTC,,ST 6%,Liability,0.0,12.6,,,Summit Rentals,Admin - MTC,Customer order Summit Rentals Dec 2025,Meridian Trading Co.
1ea4b7a63e,ACC-SINV-2025-00657,P2,Sales Invoice,Sales Invoice,1,2025-12-22,2025-12-22 11:52:26.526882,ar.clerk@meridian.example,ST 6% - MTC,,ST 6%,Liability,0.0,216.45,,,Marlowe Interiors,Admin - MTC,Customer order Marlowe Interiors Dec 2025,Meridian Trading Co.
3c9cbd9cb5,ACC-SINV-2025-00657,P2,Sales Invoice,Sales Invoice,2,2025-12-22,2025-12-22 11:52:26.526882,ar.clerk@meridian.example,1310 - Debtors - MTC,1310,Debtors,Asset,3824.0,0.0,Customer,Marlowe Interiors,4110 - Sales - MTC,,Customer order Marlowe Interiors Dec 2025,Meridian Trading Co.
c7aa26e0e9,ACC-SINV-2025-00657,P2,Sales Invoice,Sales Invoice,3,2025-12-22,2025-12-22 11:52:26.526882,ar.clerk@meridian.example,4110 - Sales - MTC,4110,Sales,Income,0.0,3024.04,,,Marlowe Interiors,Sales Ops - MTC,Customer order Marlowe Interiors Dec 2025,Meridian Trading Co.
f5151ca04e,ACC-SINV-2025-00657,P2,Sales Invoice,Sales Invoice,4,2025-12-22,2025-12-22 11:52:26.526882,ar.clerk@meridian.example,4110 - Sales - MTC,4110,Sales,Income,0.0,583.51,,,Marlowe Interiors,Warehouse - MTC,Customer order Marlowe Interiors Dec 2025,Meridian Trading Co.
903c966603,ACC-PAY-2025-00776,P2,Payment Entry,Payment Entry,1,2025-12-23,2025-12-23 14:03:22.846042,ap.clerk@meridian.example,1210 - Primary Checking - MTC,1210,Primary Checking,Asset,0.0,8942.62,,,Metro Utilities,,Amount USD 8942.62 paid to Metro Utilities | Transaction reference no ACH-25-00307 dated 2025-12-23 | Amount USD 8942.62 adjusted against Purchase Invoice ACC-PINV-2025-00307,Meridian Trading Co.
edfde4fe4d,ACC-PAY-2025-00776,P2,Payment Entry,Payment Entry,2,2025-12-23,2025-12-23 14:03:22.846042,ap.clerk@meridian.example,2110 - Creditors - MTC,2110,Creditors,Liability,8942.62,0.0,Supplier,Metro Utilities,1210 - Primary Checking - MTC,,Amount USD 8942.62 paid to Metro Utilities | Transaction reference no ACH-25-00307 dated 2025-12-23 | Amount USD 8942.62 adjusted against Purchase Invoice ACC-PINV-2025-00307,Meridian Trading Co.
afaf4adad6,ACC-PAY-2025-00783,P2,Payment Entry,Payment Entry,1,2025-12-23,2025-12-23 10:27:53.806294,ap.clerk@meridian.example,2110 - Creditors - MTC,2110,Creditors,Liability,9091.51,0.0,Supplier,Sterling Equipment Leasing,1210 - Primary Checking - MTC,,Amount USD 9091.51 paid to Sterling Equipment Leasing | Transaction reference no ACH-25-00314 dated 2025-12-23 | Amount USD 9091.51 adjusted against Purchase Invoice ACC-PINV-2025-00314,Meridian Trading Co.
ebd7663ead,ACC-PAY-2025-00783,P2,Payment Entry,Payment Entry,2,2025-12-23,2025-12-23 10:27:53.806294,ap.clerk@meridian.example,1210 - Primary Checking - MTC,1210,Primary Checking,Asset,0.0,9091.51,,,Sterling Equipment Leasing,,Amount USD 9091.51 paid to Sterling Equipment Leasing | Transaction reference no ACH-25-00314 dated 2025-12-23 | Amount USD 9091.51 adjusted against Purchase Invoice ACC-PINV-2025-00314,Meridian Trading Co.
48207d12bb,ACC-PAY-2025-00800,P2,Payment Entry,Payment Entry,1,2025-12-23,2025-12-23 09:29:39.790430,ar.clerk@meridian.example,1210 - Primary Checking - MTC,1210,Primary Checking,Asset,82.74,0.0,,,Galehouse Media,,Amount USD 82.74 received from Galehouse Media | Transaction reference no ACH-25-00628 dated 2025-12-23 | Amount USD 82.74 adjusted against Sales Invoice ACC-SINV-2025-00628,Meridian Trading Co.
651e4f47f8,ACC-PAY-2025-00800,P2,Payment Entry,Payment Entry,2,2025-12-23,2025-12-23 09:29:39.790430,ar.clerk@meridian.example,1310 - Debtors - MTC,1310,Debtors,Asset,0.0,82.74,Customer,Galehouse Media,1210 - Primary Checking - MTC,,Amount USD 82.74 received from Galehouse Media | Transaction reference no ACH-25-00628 dated 2025-12-23 | Amount USD 82.74 adjusted against Sales Invoice ACC-SINV-2025-00628,Meridian Trading Co.
a1bb5c2535,ACC-PAY-2025-00807,P2,Payment Entry,Payment Entry,1,2025-12-23,2025-12-23 09:41:53.395531,ar.clerk@meridian.example,1210 - Primary Checking - MTC,1210,Primary Checking,Asset,3455.54,0.0,,,Marlowe Interiors,,Amount USD 3455.54 received from Marlowe Interiors | Transaction reference no ACH-25-00639 dated 2025-12-23 | Amount USD 3455.54 adjusted against Sales Invoice ACC-SINV-2025-00639,Meridian Trading Co.
db09a8c04c,ACC-PAY-2025-00807,P2,Payment Entry,Payment Entry,2,2025-12-23,2025-12-23 09:41:53.395531,ar.clerk@meridian.example,1310 - Debtors - MTC,1310,Debtors,Asset,0.0,3455.54,Customer,Marlowe Interiors,1210 - Primary Checking - MTC,,Amount USD 3455.54 received from Marlowe Interiors | Transaction reference no ACH-25-00639 dated 2025-12-23 | Amount USD 3455.54 adjusted against Sales Invoice ACC-SINV-2025-00639,Meridian Trading Co.
55224a40fb,ACC-PINV-2025-00336,P2,Purchase Invoice,Purchase Invoice,1,2025-12-23,2025-12-23 12:58:06.159537,ap.clerk@meridian.example,2110 - Creditors - MTC,2110,Creditors,Liability,0.0,6224.24,Supplier,Quill Marketing Group,5207 - Marketing Expenses - MTC,,Quill Marketing Group December 2025 billing,Meridian Trading Co.
8a237dfc0a,ACC-PINV-2025-00336,P2,Purchase Invoice,Purchase Invoice,2,2025-12-23,2025-12-23 12:58:06.159537,ap.clerk@meridian.example,5207 - Marketing Expenses - MTC,5207,Marketing Expenses,Expense,6224.24,0.0,,,Quill Marketing Group,Admin - MTC,Quill Marketing Group December 2025 billing,Meridian Trading Co.
1423f768ad,ACC-PINV-2025-00339,P2,Purchase Invoice,Purchase Invoice,1,2025-12-23,2025-12-23 16:52:19.448395,ap.clerk@meridian.example,5229 - Security Expenses - MTC,5229,Security Expenses,Expense,14522.51,0.0,,,Ironclad Security,Admin - MTC,Ironclad Security December 2025 billing,Meridian Trading Co.
1ac604ba00,ACC-PINV-2025-00339,P2,Purchase Invoice,Purchase Invoice,2,2025-12-23,2025-12-23 16:52:19.448395,ap.clerk@meridian.example,2110 - Creditors - MTC,2110,Creditors,Liability,0.0,14522.51,Supplier,Ironclad Security,5229 - Security Expenses - MTC,,Ironclad Security December 2025 billing,Meridian Trading Co.
283c6420da,ACC-SINV-2025-00638,P2,Sales Invoice,Sales Invoice,1,2025-12-23,2025-12-23 08:19:50.156380,ar.clerk@meridian.example,4110 - Sales - MTC,4110,Sales,Income,0.0,299.46,,,Summit Rentals,Warehouse - MTC,Customer order Summit Rentals Dec 2025,Meridian Trading Co.
5a214b2064,ACC-SINV-2025-00638,P2,Sales Invoice,Sales Invoice,2,2025-12-23,2025-12-23 08:19:50.156380,ar.clerk@meridian.example,4110 - Sales - MTC,4110,Sales,Income,0.0,217.44,,,Summit Rentals,Sales Ops - MTC,Customer order Summit Rentals Dec 2025,Meridian Trading Co.
ad9340bfa4,ACC-SINV-2025-00638,P2,Sales Invoice,Sales Invoice,3,2025-12-23,2025-12-23 08:19:50.156380,ar.clerk@meridian.example,ST 6% - MTC,,ST 6%,Liability,0.0,31.01,,,Summit Rentals,Admin - MTC,Customer order Summit Rentals Dec 2025,Meridian Trading Co.
d5d1d159ac,ACC-SINV-2025-00638,P2,Sales Invoice,Sales Invoice,4,2025-12-23,2025-12-23 08:19:50.156380,ar.clerk@meridian.example,1310 - Debtors - MTC,1310,Debtors,Asset,547.91,0.0,Customer,Summit Rentals,4110 - Sales - MTC,,Customer order Summit Rentals Dec 2025,Meridian Trading Co.
6cc6555ae8,ACC-PAY-2025-00760,P2,Payment Entry,Payment Entry,1,2025-12-24,2025-12-24 17:11:59.499329,ar.clerk@meridian.example,1310 - Debtors - MTC,1310,Debtors,Asset,0.0,533.81,Customer,Timberline Schools,1210 - Primary Checking - MTC,,Amount USD 533.81 received from Timberline Schools | Transaction reference no ACH-25-00603 dated 2025-12-24 | Amount USD 533.81 adjusted against Sales Invoice ACC-SINV-2025-00603,Meridian Trading Co.
f0a0366fc7,ACC-PAY-2025-00760,P2,Payment Entry,Payment Entry,2,2025-12-24,2025-12-24 17:11:59.499329,ar.clerk@meridian.example,1210 - Primary Checking - MTC,1210,Primary Checking,Asset,533.81,0.0,,,Timberline Schools,,Amount USD 533.81 received from Timberline Schools | Transaction reference no ACH-25-00603 dated 2025-12-24 | Amount USD 533.81 adjusted against Sales Invoice ACC-SINV-2025-00603,Meridian Trading Co.
8cc38f8a8c,ACC-PAY-2025-00784,P2,Payment Entry,Payment Entry,1,2025-12-24,2025-12-24 08:11:16.134392,ap.clerk@meridian.example,2110 - Creditors - MTC,2110,Creditors,Liability,15857.02,0.0,Supplier,Granite Janitorial,1210 - Primary Checking - MTC,,Amount USD 15857.02 paid to Granite Janitorial | Transaction reference no ACH-25-00316 dated 2025-12-24 | Amount USD 15857.02 adjusted against Purchase Invoice ACC-PINV-2025-00316,Meridian Trading Co.
d4e66f3a85,ACC-PAY-2025-00784,P2,Payment Entry,Payment Entry,2,2025-12-24,2025-12-24 08:11:16.134392,ap.clerk@meridian.example,1210 - Primary Checking - MTC,1210,Primary Checking,Asset,0.0,15857.02,,,Granite Janitorial,,Amount USD 15857.02 paid to Granite Janitorial | Transaction reference no ACH-25-00316 dated 2025-12-24 | Amount USD 15857.02 adjusted against Purchase Invoice ACC-PINV-2025-00316,Meridian Trading Co.
18103a33a5,ACC-PINV-2025-00318,P2,Purchase Invoice,Purchase Invoice,1,2025-12-24,2025-12-24 16:55:01.866343,ap.clerk@meridian.example,5111 - Cost of Goods Sold - MTC,5111,Cost of Goods Sold,Expense,2523.97,0.0,,,Orchard Wholesale,Warehouse - MTC,Orchard Wholesale December 2025 billing,Meridian Trading Co.
d3e8903cc6,ACC-PINV-2025-00318,P2,Purchase Invoice,Purchase Invoice,2,2025-12-24,2025-12-24 16:55:01.866343,ap.clerk@meridian.example,2110 - Creditors - MTC,2110,Creditors,Liability,0.0,2523.97,Supplier,Orchard Wholesale,5111 - Cost of Goods Sold - MTC,,Orchard Wholesale December 2025 billing,Meridian Trading Co.
dee46cd292,ACC-PINV-2025-00321,P2,Purchase Invoice,Purchase Invoice,1,2025-12-24,2025-12-24 14:11:32.920494,ap.clerk@meridian.example,2110 - Creditors - MTC,2110,Creditors,Liability,0.0,11744.19,Supplier,Vulcan Materials Co,5111 - Cost of Goods Sold - MTC,,Vulcan Materials Co December 2025 billing,Meridian Trading Co.
e3573853c6,ACC-PINV-2025-00321,P2,Purchase Invoice,Purchase Invoice,2,2025-12-24,2025-12-24 14:11:32.920494,ap.clerk@meridian.example,5111 - Cost of Goods Sold - MTC,5111,Cost of Goods Sold,Expense,11744.19,0.0,,,Vulcan Materials Co,Warehouse - MTC,Vulcan Materials Co December 2025 billing,Meridian Trading Co.
119901a7ee,ACC-SINV-2025-00629,P2,Sales Invoice,Sales Invoice,1,2025-12-24,2025-12-24 08:00:34.649109,ar.clerk@meridian.example,ST 6% - MTC,,ST 6%,Liability,0.0,273.54,,,Cascade Outfitters,Admin - MTC,Customer order Cascade Outfitters Dec 2025,Meridian Trading Co.
4f28051bb6,ACC-SINV-2025-00629,P2,Sales Invoice,Sales Invoice,2,2025-12-24,2025-12-24 08:00:34.649109,ar.clerk@meridian.example,4110 - Sales - MTC,4110,Sales,Income,0.0,2948.04,,,Cascade Outfitters,Sales Ops - MTC,Customer order Cascade Outfitters Dec 2025,Meridian Trading Co.
96135151f1,ACC-SINV-2025-00629,P2,Sales Invoice,Sales Invoice,3,2025-12-24,2025-12-24 08:00:34.649109,ar.clerk@meridian.example,1310 - Debtors - MTC,1310,Debtors,Asset,4832.5,0.0,Customer,Cascade Outfitters,4110 - Sales - MTC,,Customer order Cascade Outfitters Dec 2025,Meridian Trading Co.
e4c9827d41,ACC-SINV-2025-00629,P2,Sales Invoice,Sales Invoice,4,2025-12-24,2025-12-24 08:00:34.649109,ar.clerk@meridian.example,4110 - Sales - MTC,4110,Sales,Income,0.0,1610.92,,,Cascade Outfitters,Warehouse - MTC,Customer order Cascade Outfitters Dec 2025,Meridian Trading Co.
455e133b91,ACC-SINV-2025-00635,P2,Sales Invoice,Sales Invoice,1,2025-12-24,2025-12-24 08:08:16.863148,ar.clerk@meridian.example,4110 - Sales - MTC,4110,Sales,Income,0.0,45.23,,,Summit Rentals,Sales Ops - MTC,Customer order Summit Rentals Dec 2025,Meridian Trading Co.
80b631a25d,ACC-SINV-2025-00635,P2,Sales Invoice,Sales Invoice,2,2025-12-24,2025-12-24 08:08:16.863148,ar.clerk@meridian.example,1310 - Debtors - MTC,1310,Debtors,Asset,47.94,0.0,Customer,Summit Rentals,4110 - Sales - MTC,,Customer order Summit Rentals Dec 2025,Meridian Trading Co.
99e4d554cf,ACC-SINV-2025-00635,P2,Sales Invoice,Sales Invoice,3,2025-12-24,2025-12-24 08:08:16.863148,ar.clerk@meridian.example,ST 6% - MTC,,ST 6%,Liability,0.0,2.71,,,Summit Rentals,Admin - MTC,Customer order Summit Rentals Dec 2025,Meridian Trading Co.
48fe3df3eb,ACC-SINV-2025-00648,P2,Sales Invoice,Sales Invoice,1,2025-12-24,2025-12-24 12:49:32.290700,ar.clerk@meridian.example,4120 - Service - MTC,4120,Service,Income,0.0,3851.58,,,Cascade Outfitters,Admin - MTC,Customer order Cascade Outfitters Dec 2025,Meridian Trading Co.
79b84b71e8,ACC-SINV-2025-00648,P2,Sales Invoice,Sales Invoice,2,2025-12-24,2025-12-24 12:49:32.290700,ar.clerk@meridian.example,1310 - Debtors - MTC,1310,Debtors,Asset,4839.51,0.0,Customer,Cascade Outfitters,"4120 - Service - MTC,4110 - Sales - MTC",,Customer order Cascade Outfitters Dec 2025,Meridian Trading Co.
8ae9d440d3,ACC-SINV-2025-00648,P2,Sales Invoice,Sales Invoice,3,2025-12-24,2025-12-24 12:49:32.290700,ar.clerk@meridian.example,4110 - Sales - MTC,4110,Sales,Income,0.0,147.12,,,Cascade Outfitters,Warehouse - MTC,Customer order Cascade Outfitters Dec 2025,Meridian Trading Co.
bfdbb6964c,ACC-SINV-2025-00648,P2,Sales Invoice,Sales Invoice,4,2025-12-24,2025-12-24 12:49:32.290700,ar.clerk@meridian.example,ST 6% - MTC,,ST 6%,Liability,0.0,273.93,,,Cascade Outfitters,Admin - MTC,Customer order Cascade Outfitters Dec 2025,Meridian Trading Co.
ddebdeaea4,ACC-SINV-2025-00648,P2,Sales Invoice,Sales Invoice,5,2025-12-24,2025-12-24 12:49:32.290700,ar.clerk@meridian.example,4110 - Sales - MTC,4110,Sales,Income,0.0,566.88,,,Cascade Outfitters,Sales Ops - MTC,Customer order Cascade Outfitters Dec 2025,Meridian Trading Co.
8373626fb1,ACC-SINV-2025-00652,P2,Sales Invoice,Sales Invoice,1,2025-12-24,2025-12-24 13:34:32.867044,ar.clerk@meridian.example,4110 - Sales - MTC,4110,Sales,Income,0.0,327.36,,,Ovation Events,Warehouse - MTC,Customer order Ovation Events Dec 2025,Meridian Trading Co.
a04b410073,ACC-SINV-2025-00652,P2,Sales Invoice,Sales Invoice,2,2025-12-24,2025-12-24 13:34:32.867044,ar.clerk@meridian.example,4110 - Sales - MTC,4110,Sales,Income,0.0,355.47,,,Ovation Events,Sales Ops - MTC,Customer order Ovation Events Dec 2025,Meridian Trading Co.
b97c624d01,ACC-SINV-2025-00652,P2,Sales Invoice,Sales Invoice,3,2025-12-24,2025-12-24 13:34:32.867044,ar.clerk@meridian.example,1310 - Debtors - MTC,1310,Debtors,Asset,682.83,0.0,Customer,Ovation Events,4110 - Sales - MTC,,Customer order Ovation Events Dec 2025,Meridian Trading Co.
1550d1f642,ACC-SINV-2025-00664,P2,Sales Invoice,Sales Invoice,1,2025-12-24,2025-12-24 12:06:04.317341,ar.clerk@meridian.example,ST 6% - MTC,,ST 6%,Liability,0.0,135.68,,,Ferrous Works,Admin - MTC,Customer order Ferrous Works Dec 2025,Meridian Trading Co.
74a7ad7cf9,ACC-SINV-2025-00664,P2,Sales Invoice,Sales Invoice,2,2025-12-24,2025-12-24 12:06:04.317341,ar.clerk@meridian.example,1310 - Debtors - MTC,1310,Debtors,Asset,2397.04,0.0,Customer,Ferrous Works,4140 - Installation Revenue - MTC,,Customer order Ferrous Works Dec 2025,Meridian Trading Co.
d984dd7778,ACC-SINV-2025-00664,P2,Sales Invoice,Sales Invoice,3,2025-12-24,2025-12-24 12:06:04.317341,ar.clerk@meridian.example,4140 - Installation Revenue - MTC,4140,Installation Revenue,Income,0.0,2261.36,,,Ferrous Works,Sales Ops - MTC,Customer order Ferrous Works Dec 2025,Meridian Trading Co.
8af62f1c69,ACC-PAY-2025-00728,P2,Payment Entry,Payment Entry,1,2025-12-25,2025-12-25 08:31:58.590259,ar.clerk@meridian.example,1210 - Primary Checking - MTC,1210,Primary Checking,Asset,1676.4,0.0,,,Northwind Retail,,Amount USD 1676.4 received from Northwind Retail | Transaction reference no ACH-25-00567 dated 2025-12-25 | Amount USD 1676.4 adjusted against Sales Invoice ACC-SINV-2025-00567,Meridian Trading Co.
cee2dd9e67,ACC-PAY-2025-00728,P2,Payment Entry,Payment Entry,2,2025-12-25,2025-12-25 08:31:58.590259,ar.clerk@meridian.example,1310 - Debtors - MTC,1310,Debtors,Asset,0.0,1676.4,Customer,Northwind Retail,1210 - Primary Checking - MTC,,Amount USD 1676.4 received from Northwind Retail | Transaction reference no ACH-25-00567 dated 2025-12-25 | Amount USD 1676.4 adjusted against Sales Invoice ACC-SINV-2025-00567,Meridian Trading Co.
94b87a7b1d,ACC-PAY-2025-00808,P2,Payment Entry,Payment Entry,1,2025-12-25,2025-12-25 08:37:36.442994,ar.clerk@meridian.example,1210 - Primary Checking - MTC,1210,Primary Checking,Asset,83.02,0.0,,,Summit Rentals,,Amount USD 83.02 received from Summit Rentals | Transaction reference no ACH-25-00640 dated 2025-12-25 | Amount USD 83.02 adjusted against Sales Invoice ACC-SINV-2025-00640,Meridian Trading Co.
ef1db91b41,ACC-PAY-2025-00808,P2,Payment Entry,Payment Entry,2,2025-12-25,2025-12-25 08:37:36.442994,ar.clerk@meridian.example,1310 - Debtors - MTC,1310,Debtors,Asset,0.0,83.02,Customer,Summit Rentals,1210 - Primary Checking - MTC,,Amount USD 83.02 received from Summit Rentals | Transaction reference no ACH-25-00640 dated 2025-12-25 | Amount USD 83.02 adjusted against Sales Invoice ACC-SINV-2025-00640,Meridian Trading Co.
4a8605f961,ACC-PINV-2025-00324,P2,Purchase Invoice,Purchase Invoice,1,2025-12-25,2025-12-25 17:03:28.060721,ap.clerk@meridian.example,5111 - Cost of Goods Sold - MTC,5111,Cost of Goods Sold,Expense,10659.82,0.0,,,Vulcan Materials Co,Warehouse - MTC,Vulcan Materials Co December 2025 billing,Meridian Trading Co.
81a26e4932,ACC-PINV-2025-00324,P2,Purchase Invoice,Purchase Invoice,2,2025-12-25,2025-12-25 17:03:28.060721,ap.clerk@meridian.example,2110 - Creditors - MTC,2110,Creditors,Liability,0.0,10659.82,Supplier,Vulcan Materials Co,5111 - Cost of Goods Sold - MTC,,Vulcan Materials Co December 2025 billing,Meridian Trading Co.
5929c11925,ACC-SINV-2025-00630,P2,Sales Invoice,Sales Invoice,1,2025-12-25,2025-12-25 17:27:41.109383,ar.clerk@meridian.example,ST 6% - MTC,,ST 6%,Liability,0.0,171.79,,,Ferrous Works,Admin - MTC,Customer order Ferrous Works Dec 2025,Meridian Trading Co.
861011da06,ACC-SINV-2025-00630,P2,Sales Invoice,Sales Invoice,2,2025-12-25,2025-12-25 17:27:41.109383,ar.clerk@meridian.example,4110 - Sales - MTC,4110,Sales,Income,0.0,2863.24,,,Ferrous Works,Sales Ops - MTC,Customer order Ferrous Works Dec 2025,Meridian Trading Co.
a5e4079843,ACC-SINV-2025-00630,P2,Sales Invoice,Sales Invoice,3,2025-12-25,2025-12-25 17:27:41.109383,ar.clerk@meridian.example,1310 - Debtors - MTC,1310,Debtors,Asset,3035.03,0.0,Customer,Ferrous Works,4110 - Sales - MTC,,Customer order Ferrous Works Dec 2025,Meridian Trading Co.
404d67c556,ACC-JV-2025-00120,P2,Journal Entry,Journal Entry,1,2025-12-26,2025-12-26 11:16:30.367225,controller@meridian.example,2150 - Accrued Expenses - MTC,2150,Accrued Expenses,Liability,0.0,12500.0,,,5217 - Utility Expenses - MTC,Admin - MTC,,Meridian Trading Co.
9d0b812372,ACC-JV-2025-00120,P2,Journal Entry,Journal Entry,2,2025-12-26,2025-12-26 11:16:30.367225,controller@meridian.example,5217 - Utility Expenses - MTC,5217,Utility Expenses,Expense,12500.0,0.0,,,2150 - Accrued Expenses - MTC,Admin - MTC,,Meridian Trading Co.
bb9547940c,ACC-PAY-2025-00777,P2,Payment Entry,Payment Entry,1,2025-12-26,2025-12-26 13:49:58.760627,ap.clerk@meridian.example,2110 - Creditors - MTC,2110,Creditors,Liability,17379.96,0.0,Supplier,Harlan Office Supply,1210 - Primary Checking - MTC,,Amount USD 17379.96 paid to Harlan Office Supply | Transaction reference no ACH-25-00308 dated 2025-12-26 | Amount USD 17379.96 adjusted against Purchase Invoice ACC-PINV-2025-00308,Meridian Trading Co.
bc258311b0,ACC-PAY-2025-00777,P2,Payment Entry,Payment Entry,2,2025-12-26,2025-12-26 13:49:58.760627,ap.clerk@meridian.example,1210 - Primary Checking - MTC,1210,Primary Checking,Asset,0.0,17379.96,,,Harlan Office Supply,,Amount USD 17379.96 paid to Harlan Office Supply | Transaction reference no ACH-25-00308 dated 2025-12-26 | Amount USD 17379.96 adjusted against Purchase Invoice ACC-PINV-2025-00308,Meridian Trading Co.
5ccf712560,ACC-PAY-2025-00810,P2,Payment Entry,Payment Entry,1,2025-12-26,2025-12-26 11:58:54.366484,ar.clerk@meridian.example,1310 - Debtors - MTC,1310,Debtors,Asset,0.0,8565.94,Customer,Pactrail Sports,1210 - Primary Checking - MTC,,Amount USD 8565.94 received from Pactrail Sports | Transaction reference no ACH-25-00643 dated 2025-12-26 | Amount USD 8565.94 adjusted against Sales Invoice ACC-SINV-2025-00643,Meridian Trading Co.
929a1fb08a,ACC-PAY-2025-00810,P2,Payment Entry,Payment Entry,2,2025-12-26,2025-12-26 11:58:54.366484,ar.clerk@meridian.example,1210 - Primary Checking - MTC,1210,Primary Checking,Asset,8565.94,0.0,,,Pactrail Sports,,Amount USD 8565.94 received from Pactrail Sports | Transaction reference no ACH-25-00643 dated 2025-12-26 | Amount USD 8565.94 adjusted against Sales Invoice ACC-SINV-2025-00643,Meridian Trading Co.
856d033c50,ACC-PAY-2025-00821,P2,Payment Entry,Payment Entry,1,2025-12-26,2025-12-26 13:01:52.241385,ar.clerk@meridian.example,1210 - Primary Checking - MTC,1210,Primary Checking,Asset,2440.86,0.0,,,Juniper & Co,,Amount USD 2440.86 received from Juniper & Co | Transaction reference no ACH-25-00658 dated 2025-12-26 | Amount USD 2440.86 adjusted against Sales Invoice ACC-SINV-2025-00658,Meridian Trading Co.
e9f1738c0c,ACC-PAY-2025-00821,P2,Payment Entry,Payment Entry,2,2025-12-26,2025-12-26 13:01:52.241385,ar.clerk@meridian.example,1310 - Debtors - MTC,1310,Debtors,Asset,0.0,2440.86,Customer,Juniper & Co,1210 - Primary Checking - MTC,,Amount USD 2440.86 received from Juniper & Co | Transaction reference no ACH-25-00658 dated 2025-12-26 | Amount USD 2440.86 adjusted against Sales Invoice ACC-SINV-2025-00658,Meridian Trading Co.
1a05adf33a,ACC-SINV-2025-00632,P2,Sales Invoice,Sales Invoice,1,2025-12-26,2025-12-26 08:42:27.496940,ar.clerk@meridian.example,1310 - Debtors - MTC,1310,Debtors,Asset,1895.66,0.0,Customer,Ferrous Works,4110 - Sales - MTC,,Customer order Ferrous Works Dec 2025,Meridian Trading Co.
88264a77f7,ACC-SINV-2025-00632,P2,Sales Invoice,Sales Invoice,2,2025-12-26,2025-12-26 08:42:27.496940,ar.clerk@meridian.example,4110 - Sales - MTC,4110,Sales,Income,0.0,1788.36,,,Ferrous Works,Sales Ops - MTC,Customer order Ferrous Works Dec 2025,Meridian Trading Co.
97ffc7544b,ACC-SINV-2025-00632,P2,Sales Invoice,Sales Invoice,3,2025-12-26,2025-12-26 08:42:27.496940,ar.clerk@meridian.example,ST 6% - MTC,,ST 6%,Liability,0.0,107.3,,,Ferrous Works,Admin - MTC,Customer order Ferrous Works Dec 2025,Meridian Trading Co.
39eff28680,ACC-SINV-2025-00649,P2,Sales Invoice,Sales Invoice,1,2025-12-26,2025-12-26 17:16:45.850741,ar.clerk@meridian.example,1310 - Debtors - MTC,1310,Debtors,Asset,1843.8,0.0,Customer,Bluepine Hardware,4110 - Sales - MTC,,Customer order Bluepine Hardware Dec 2025,Meridian Trading Co.
5c75ae8aee,ACC-SINV-2025-00649,P2,Sales Invoice,Sales Invoice,2,2025-12-26,2025-12-26 17:16:45.850741,ar.clerk@meridian.example,4110 - Sales - MTC,4110,Sales,Income,0.0,1374.56,,,Bluepine Hardware,Sales Ops - MTC,Customer order Bluepine Hardware Dec 2025,Meridian Trading Co.
af5cdf5a96,ACC-SINV-2025-00649,P2,Sales Invoice,Sales Invoice,3,2025-12-26,2025-12-26 17:16:45.850741,ar.clerk@meridian.example,ST 6% - MTC,,ST 6%,Liability,0.0,104.37,,,Bluepine Hardware,Admin - MTC,Customer order Bluepine Hardware Dec 2025,Meridian Trading Co.
c63d775afc,ACC-SINV-2025-00649,P2,Sales Invoice,Sales Invoice,4,2025-12-26,2025-12-26 17:16:45.850741,ar.clerk@meridian.example,4110 - Sales - MTC,4110,Sales,Income,0.0,364.87,,,Bluepine Hardware,Warehouse - MTC,Customer order Bluepine Hardware Dec 2025,Meridian Trading Co.
2178499431,ACC-PAY-2025-00722,P2,Payment Entry,Payment Entry,1,2025-12-28,2025-12-29 16:31:09.192890,ar.clerk@meridian.example,1210 - Primary Checking - MTC,1210,Primary Checking,Asset,1230.8,0.0,,,Brightline Offices,,Amount USD 1230.8 received from Brightline Offices | Transaction reference no ACH-25-00560 dated 2025-12-28 | Amount USD 1230.8 adjusted against Sales Invoice ACC-SINV-2025-00560,Meridian Trading Co.
cf2fd4d5cb,ACC-PAY-2025-00722,P2,Payment Entry,Payment Entry,2,2025-12-28,2025-12-29 16:31:09.192890,ar.clerk@meridian.example,1310 - Debtors - MTC,1310,Debtors,Asset,0.0,1230.8,Customer,Brightline Offices,1210 - Primary Checking - MTC,,Amount USD 1230.8 received from Brightline Offices | Transaction reference no ACH-25-00560 dated 2025-12-28 | Amount USD 1230.8 adjusted against Sales Invoice ACC-SINV-2025-00560,Meridian Trading Co.
209e28a9b7,ACC-PAY-2025-00734,P2,Payment Entry,Payment Entry,1,2025-12-28,2025-12-29 17:46:56.681305,ar.clerk@meridian.example,1310 - Debtors - MTC,1310,Debtors,Asset,0.0,3731.92,Customer,Galehouse Media,1210 - Primary Checking - MTC,,Amount USD 3731.92 received from Galehouse Media | Transaction reference no ACH-25-00574 dated 2025-12-28 | Amount USD 3731.92 adjusted against Sales Invoice ACC-SINV-2025-00574,Meridian Trading Co.
eeaabe3c9a,ACC-PAY-2025-00734,P2,Payment Entry,Payment Entry,2,2025-12-28,2025-12-29 17:46:56.681305,ar.clerk@meridian.example,1210 - Primary Checking - MTC,1210,Primary Checking,Asset,3731.92,0.0,,,Galehouse Media,,Amount USD 3731.92 received from Galehouse Media | Transaction reference no ACH-25-00574 dated 2025-12-28 | Amount USD 3731.92 adjusted against Sales Invoice ACC-SINV-2025-00574,Meridian Trading Co.
0b2d7657a9,ACC-PAY-2025-00765,P2,Payment Entry,Payment Entry,1,2025-12-28,2025-12-29 17:18:24.518451,ap.clerk@meridian.example,1210 - Primary Checking - MTC,1210,Primary Checking,Asset,0.0,6369.94,,,Vulcan Materials Co,,Amount USD 6369.94 paid to Vulcan Materials Co | Transaction reference no ACH-25-00294 dated 2025-12-28 | Amount USD 6369.94 adjusted against Purchase Invoice ACC-PINV-2025-00294,Meridian Trading Co.
6c5becc7ea,ACC-PAY-2025-00765,P2,Payment Entry,Payment Entry,2,2025-12-28,2025-12-29 17:18:24.518451,ap.clerk@meridian.example,2110 - Creditors - MTC,2110,Creditors,Liability,6369.94,0.0,Supplier,Vulcan Materials Co,1210 - Primary Checking - MTC,,Amount USD 6369.94 paid to Vulcan Materials Co | Transaction reference no ACH-25-00294 dated 2025-12-28 | Amount USD 6369.94 adjusted against Purchase Invoice ACC-PINV-2025-00294,Meridian Trading Co.
2731ce6659,ACC-PAY-2025-00766,P2,Payment Entry,Payment Entry,1,2025-12-28,2025-12-29 15:56:37.653608,ap.clerk@meridian.example,1210 - Primary Checking - MTC,1210,Primary Checking,Asset,0.0,14900.6,,,Vulcan Materials Co,,Amount USD 14900.6 paid to Vulcan Materials Co | Transaction reference no ACH-25-00295 dated 2025-12-28 | Amount USD 14900.6 adjusted against Purchase Invoice ACC-PINV-2025-00295,Meridian Trading Co.
ce448ee735,ACC-PAY-2025-00766,P2,Payment Entry,Payment Entry,2,2025-12-28,2025-12-29 15:56:37.653608,ap.clerk@meridian.example,2110 - Creditors - MTC,2110,Creditors,Liability,14900.6,0.0,Supplier,Vulcan Materials Co,1210 - Primary Checking - MTC,,Amount USD 14900.6 paid to Vulcan Materials Co | Transaction reference no ACH-25-00295 dated 2025-12-28 | Amount USD 14900.6 adjusted against Purchase Invoice ACC-PINV-2025-00295,Meridian Trading Co.
70794781a7,ACC-PAY-2025-00775,P2,Payment Entry,Payment Entry,1,2025-12-28,2025-12-29 14:37:34.917134,ap.clerk@meridian.example,2110 - Creditors - MTC,2110,Creditors,Liability,5521.21,0.0,Supplier,Metro Utilities,1210 - Primary Checking - MTC,,Amount USD 5521.21 paid to Metro Utilities | Transaction reference no ACH-25-00306 dated 2025-12-28 | Amount USD 5521.21 adjusted against Purchase Invoice ACC-PINV-2025-00306,Meridian Trading Co.
ad5fe42301,ACC-PAY-2025-00775,P2,Payment Entry,Payment Entry,2,2025-12-28,2025-12-29 14:37:34.917134,ap.clerk@meridian.example,1210 - Primary Checking - MTC,1210,Primary Checking,Asset,0.0,5521.21,,,Metro Utilities,,Amount USD 5521.21 paid to Metro Utilities | Transaction reference no ACH-25-00306 dated 2025-12-28 | Amount USD 5521.21 adjusted against Purchase Invoice ACC-PINV-2025-00306,Meridian Trading Co.
2a93ae881c,ACC-PAY-2025-00778,P2,Payment Entry,Payment Entry,1,2025-12-28,2025-12-29 09:50:38.702761,ap.clerk@meridian.example,2110 - Creditors - MTC,2110,Creditors,Liability,15589.25,0.0,Supplier,Harlan Office Supply,1210 - Primary Checking - MTC,,Amount USD 15589.25 paid to Harlan Office Supply | Transaction reference no ACH-25-00309 dated 2025-12-28 | Amount USD 15589.25 adjusted against Purchase Invoice ACC-PINV-2025-00309,Meridian Trading Co.
774e32b93f,ACC-PAY-2025-00778,P2,Payment Entry,Payment Entry,2,2025-12-28,2025-12-29 09:50:38.702761,ap.clerk@meridian.example,1210 - Primary Checking - MTC,1210,Primary Checking,Asset,0.0,15589.25,,,Harlan Office Supply,,Amount USD 15589.25 paid to Harlan Office Supply | Transaction reference no ACH-25-00309 dated 2025-12-28 | Amount USD 15589.25 adjusted against Purchase Invoice ACC-PINV-2025-00309,Meridian Trading Co.
beca76552c,ACC-PAY-2025-00785,P2,Payment Entry,Payment Entry,1,2025-12-28,2025-12-29 18:07:15.989980,ar.clerk@meridian.example,1310 - Debtors - MTC,1310,Debtors,Asset,0.0,2818.77,Customer,Bluepine Hardware,1210 - Primary Checking - MTC,,Amount USD 2818.77 received from Bluepine Hardware | Transaction reference no ACH-25-00612 dated 2025-12-28 | Amount USD 2818.77 adjusted against Sales Invoice ACC-SINV-2025-00612,Meridian Trading Co.
f5d20fad15,ACC-PAY-2025-00785,P2,Payment Entry,Payment Entry,2,2025-12-28,2025-12-29 18:07:15.989980,ar.clerk@meridian.example,1210 - Primary Checking - MTC,1210,Primary Checking,Asset,2818.77,0.0,,,Bluepine Hardware,,Amount USD 2818.77 received from Bluepine Hardware | Transaction reference no ACH-25-00612 dated 2025-12-28 | Amount USD 2818.77 adjusted against Sales Invoice ACC-SINV-2025-00612,Meridian Trading Co.
17020cfc43,ACC-PAY-2025-00786,P2,Payment Entry,Payment Entry,1,2025-12-28,2025-12-29 12:36:27.785177,ar.clerk@meridian.example,1310 - Debtors - MTC,1310,Debtors,Asset,0.0,1003.67,Customer,Summit Rentals,1210 - Primary Checking - MTC,,Amount USD 1003.67 received from Summit Rentals | Transaction reference no ACH-25-00613 dated 2025-12-28 | Amount USD 1003.67 adjusted against Sales Invoice ACC-SINV-2025-00613,Meridian Trading Co.
18313f9f0d,ACC-PAY-2025-00786,P2,Payment Entry,Payment Entry,2,2025-12-28,2025-12-29 12:36:27.785177,ar.clerk@meridian.example,1210 - Primary Checking - MTC,1210,Primary Checking,Asset,1003.67,0.0,,,Summit Rentals,,Amount USD 1003.67 received from Summit Rentals | Transaction reference no ACH-25-00613 dated 2025-12-28 | Amount USD 1003.67 adjusted against Sales Invoice ACC-SINV-2025-00613,Meridian Trading Co.
869d102b21,ACC-PAY-2025-00789,P2,Payment Entry,Payment Entry,1,2025-12-28,2025-12-29 14:10:23.156880,ar.clerk@meridian.example,1310 - Debtors - MTC,1310,Debtors,Asset,0.0,135.75,Customer,Juniper & Co,1210 - Primary Checking - MTC,,Amount USD 135.75 received from Juniper & Co | Transaction reference no ACH-25-00616 dated 2025-12-28 | Amount USD 135.75 adjusted against Sales Invoice ACC-SINV-2025-00616,Meridian Trading Co.
f97166308c,ACC-PAY-2025-00789,P2,Payment Entry,Payment Entry,2,2025-12-28,2025-12-29 14:10:23.156880,ar.clerk@meridian.example,1210 - Primary Checking - MTC,1210,Primary Checking,Asset,135.75,0.0,,,Juniper & Co,,Amount USD 135.75 received from Juniper & Co | Transaction reference no ACH-25-00616 dated 2025-12-28 | Amount USD 135.75 adjusted against Sales Invoice ACC-SINV-2025-00616,Meridian Trading Co.
1ca04b6d0f,ACC-PAY-2025-00790,P2,Payment Entry,Payment Entry,1,2025-12-28,2025-12-29 14:23:47.966610,ar.clerk@meridian.example,1210 - Primary Checking - MTC,1210,Primary Checking,Asset,4654.56,0.0,,,Northwind Retail,,Amount USD 4654.56 received from Northwind Retail | Transaction reference no ACH-25-00617 dated 2025-12-28 | Amount USD 4654.56 adjusted against Sales Invoice ACC-SINV-2025-00617,Meridian Trading Co.
8a00cb153d,ACC-PAY-2025-00790,P2,Payment Entry,Payment Entry,2,2025-12-28,2025-12-29 14:23:47.966610,ar.clerk@meridian.example,1310 - Debtors - MTC,1310,Debtors,Asset,0.0,4654.56,Customer,Northwind Retail,1210 - Primary Checking - MTC,,Amount USD 4654.56 received from Northwind Retail | Transaction reference no ACH-25-00617 dated 2025-12-28 | Amount USD 4654.56 adjusted against Sales Invoice ACC-SINV-2025-00617,Meridian Trading Co.
143ea91d03,ACC-PAY-2025-00791,P2,Payment Entry,Payment Entry,1,2025-12-28,2025-12-29 11:12:34.627102,ar.clerk@meridian.example,1210 - Primary Checking - MTC,1210,Primary Checking,Asset,222.66,0.0,,,Summit Rentals,,Amount USD 222.66 received from Summit Rentals | Transaction reference no ACH-25-00618 dated 2025-12-28 | Amount USD 222.66 adjusted against Sales Invoice ACC-SINV-2025-00618,Meridian Trading Co.
2c4795f9c9,ACC-PAY-2025-00791,P2,Payment Entry,Payment Entry,2,2025-12-28,2025-12-29 11:12:34.627102,ar.clerk@meridian.example,1310 - Debtors - MTC,1310,Debtors,Asset,0.0,222.66,Customer,Summit Rentals,1210 - Primary Checking - MTC,,Amount USD 222.66 received from Summit Rentals | Transaction reference no ACH-25-00618 dated 2025-12-28 | Amount USD 222.66 adjusted against Sales Invoice ACC-SINV-2025-00618,Meridian Trading Co.
34f6ab139c,ACC-PAY-2025-00792,P2,Payment Entry,Payment Entry,1,2025-12-28,2025-12-29 16:53:57.068342,ar.clerk@meridian.example,1210 - Primary Checking - MTC,1210,Primary Checking,Asset,10051.27,0.0,,,Juniper & Co,,Amount USD 10051.27 received from Juniper & Co | Transaction reference no ACH-25-00619 dated 2025-12-28 | Amount USD 10051.27 adjusted against Sales Invoice ACC-SINV-2025-00619,Meridian Trading Co.
8dadcf9dc3,ACC-PAY-2025-00792,P2,Payment Entry,Payment Entry,2,2025-12-28,2025-12-29 16:53:57.068342,ar.clerk@meridian.example,1310 - Debtors - MTC,1310,Debtors,Asset,0.0,10051.27,Customer,Juniper & Co,1210 - Primary Checking - MTC,,Amount USD 10051.27 received from Juniper & Co | Transaction reference no ACH-25-00619 dated 2025-12-28 | Amount USD 10051.27 adjusted against Sales Invoice ACC-SINV-2025-00619,Meridian Trading Co.
692546a0ab,ACC-PAY-2025-00794,P2,Payment Entry,Payment Entry,1,2025-12-28,2025-12-29 14:34:14.702255,ar.clerk@meridian.example,1210 - Primary Checking - MTC,1210,Primary Checking,Asset,27312.65,0.0,,,Redcedar Builders,,Amount USD 27312.65 received from Redcedar Builders | Transaction reference no ACH-25-00621 dated 2025-12-28 | Amount USD 27312.65 adjusted against Sales Invoice ACC-SINV-2025-00621,Meridian Trading Co.
d81eb83737,ACC-PAY-2025-00794,P2,Payment Entry,Payment Entry,2,2025-12-28,2025-12-29 14:34:14.702255,ar.clerk@meridian.example,1310 - Debtors - MTC,1310,Debtors,Asset,0.0,27312.65,Customer,Redcedar Builders,1210 - Primary Checking - MTC,,Amount USD 27312.65 received from Redcedar Builders | Transaction reference no ACH-25-00621 dated 2025-12-28 | Amount USD 27312.65 adjusted against Sales Invoice ACC-SINV-2025-00621,Meridian Trading Co.
23dd60f1ba,ACC-PAY-2025-00795,P2,Payment Entry,Payment Entry,1,2025-12-28,2025-12-29 17:01:00.724171,ar.clerk@meridian.example,1310 - Debtors - MTC,1310,Debtors,Asset,0.0,884.7,Customer,Northwind Retail,1210 - Primary Checking - MTC,,Amount USD 884.7 received from Northwind Retail | Transaction reference no ACH-25-00622 dated 2025-12-28 | Amount USD 884.7 adjusted against Sales Invoice ACC-SINV-2025-00622,Meridian Trading Co.
df8925224a,ACC-PAY-2025-00795,P2,Payment Entry,Payment Entry,2,2025-12-28,2025-12-29 17:01:00.724171,ar.clerk@meridian.example,1210 - Primary Checking - MTC,1210,Primary Checking,Asset,884.7,0.0,,,Northwind Retail,,Amount USD 884.7 received from Northwind Retail | Transaction reference no ACH-25-00622 dated 2025-12-28 | Amount USD 884.7 adjusted against Sales Invoice ACC-SINV-2025-00622,Meridian Trading Co.
50c322e614,ACC-PAY-2025-00796,P2,Payment Entry,Payment Entry,1,2025-12-28,2025-12-29 10:37:00.108482,ar.clerk@meridian.example,1210 - Primary Checking - MTC,1210,Primary Checking,Asset,222.6,0.0,,,Galehouse Media,,Amount USD 222.6 received from Galehouse Media | Transaction reference no ACH-25-00623 dated 2025-12-28 | Amount USD 222.6 adjusted against Sales Invoice ACC-SINV-2025-00623,Meridian Trading Co.
d8e4688f9e,ACC-PAY-2025-00796,P2,Payment Entry,Payment Entry,2,2025-12-28,2025-12-29 10:37:00.108482,ar.clerk@meridian.example,1310 - Debtors - MTC,1310,Debtors,Asset,0.0,222.6,Customer,Galehouse Media,1210 - Primary Checking - MTC,,Amount USD 222.6 received from Galehouse Media | Transaction reference no ACH-25-00623 dated 2025-12-28 | Amount USD 222.6 adjusted against Sales Invoice ACC-SINV-2025-00623,Meridian Trading Co.
788f2b5e7b,ACC-PAY-2025-00797,P2,Payment Entry,Payment Entry,1,2025-12-28,2025-12-29 08:43:56.577561,ar.clerk@meridian.example,1210 - Primary Checking - MTC,1210,Primary Checking,Asset,1922.94,0.0,,,Timberline Schools,,Amount USD 1922.94 received from Timberline Schools | Transaction reference no ACH-25-00624 dated 2025-12-28 | Amount USD 1922.94 adjusted against Sales Invoice ACC-SINV-2025-00624,Meridian Trading Co.
a080d76c41,ACC-PAY-2025-00797,P2,Payment Entry,Payment Entry,2,2025-12-28,2025-12-29 08:43:56.577561,ar.clerk@meridian.example,1310 - Debtors - MTC,1310,Debtors,Asset,0.0,1922.94,Customer,Timberline Schools,1210 - Primary Checking - MTC,,Amount USD 1922.94 received from Timberline Schools | Transaction reference no ACH-25-00624 dated 2025-12-28 | Amount USD 1922.94 adjusted against Sales Invoice ACC-SINV-2025-00624,Meridian Trading Co.
6797ee8d6d,ACC-PAY-2025-00798,P2,Payment Entry,Payment Entry,1,2025-12-28,2025-12-29 09:01:27.109347,ar.clerk@meridian.example,1310 - Debtors - MTC,1310,Debtors,Asset,0.0,660.22,Customer,Bluepine Hardware,1210 - Primary Checking - MTC,,Amount USD 660.22 received from Bluepine Hardware | Transaction reference no ACH-25-00625 dated 2025-12-28 | Amount USD 660.22 adjusted against Sales Invoice ACC-SINV-2025-00625,Meridian Trading Co.
7047bbc2d1,ACC-PAY-2025-00798,P2,Payment Entry,Payment Entry,2,2025-12-28,2025-12-29 09:01:27.109347,ar.clerk@meridian.example,1210 - Primary Checking - MTC,1210,Primary Checking,Asset,660.22,0.0,,,Bluepine Hardware,,Amount USD 660.22 received from Bluepine Hardware | Transaction reference no ACH-25-00625 dated 2025-12-28 | Amount USD 660.22 adjusted against Sales Invoice ACC-SINV-2025-00625,Meridian Trading Co.
a755f8ef85,ACC-PAY-2025-00801,P2,Payment Entry,Payment Entry,1,2025-12-28,2025-12-29 08:51:17.200737,ar.clerk@meridian.example,1310 - Debtors - MTC,1310,Debtors,Asset,0.0,4832.5,Customer,Cascade Outfitters,1210 - Primary Checking - MTC,,Amount USD 4832.5 received from Cascade Outfitters | Transaction reference no ACH-25-00629 dated 2025-12-28 | Amount USD 4832.5 adjusted against Sales Invoice ACC-SINV-2025-00629,Meridian Trading Co.
d9e7119b72,ACC-PAY-2025-00801,P2,Payment Entry,Payment Entry,2,2025-12-28,2025-12-29 08:51:17.200737,ar.clerk@meridian.example,1210 - Primary Checking - MTC,1210,Primary Checking,Asset,4832.5,0.0,,,Cascade Outfitters,,Amount USD 4832.5 received from Cascade Outfitters | Transaction reference no ACH-25-00629 dated 2025-12-28 | Amount USD 4832.5 adjusted against Sales Invoice ACC-SINV-2025-00629,Meridian Trading Co.
0196fe5cb1,ACC-PAY-2025-00802,P2,Payment Entry,Payment Entry,1,2025-12-28,2025-12-29 08:29:59.645708,ar.clerk@meridian.example,1310 - Debtors - MTC,1310,Debtors,Asset,0.0,2124.52,Customer,Ferrous Works,1210 - Primary Checking - MTC,,Amount USD 2124.52 received from Ferrous Works | Transaction reference no ACH-25-00630 dated 2025-12-28 | Amount USD 2124.52 adjusted against Sales Invoice ACC-SINV-2025-00630,Meridian Trading Co.
9ba638a7bf,ACC-PAY-2025-00802,P2,Payment Entry,Payment Entry,2,2025-12-28,2025-12-29 08:29:59.645708,ar.clerk@meridian.example,1210 - Primary Checking - MTC,1210,Primary Checking,Asset,2124.52,0.0,,,Ferrous Works,,Amount USD 2124.52 received from Ferrous Works | Transaction reference no ACH-25-00630 dated 2025-12-28 | Amount USD 2124.52 adjusted against Sales Invoice ACC-SINV-2025-00630,Meridian Trading Co.
37abe03d24,ACC-PAY-2025-00803,P2,Payment Entry,Payment Entry,1,2025-12-28,2025-12-29 11:38:19.563224,ar.clerk@meridian.example,1210 - Primary Checking - MTC,1210,Primary Checking,Asset,680.56,0.0,,,Ovation Events,,Amount USD 680.56 received from Ovation Events | Transaction reference no ACH-25-00631 dated 2025-12-28 | Amount USD 680.56 adjusted against Sales Invoice ACC-SINV-2025-00631,Meridian Trading Co.
ae00506efc,ACC-PAY-2025-00803,P2,Payment Entry,Payment Entry,2,2025-12-28,2025-12-29 11:38:19.563224,ar.clerk@meridian.example,1310 - Debtors - MTC,1310,Debtors,Asset,0.0,680.56,Customer,Ovation Events,1210 - Primary Checking - MTC,,Amount USD 680.56 received from Ovation Events | Transaction reference no ACH-25-00631 dated 2025-12-28 | Amount USD 680.56 adjusted against Sales Invoice ACC-SINV-2025-00631,Meridian Trading Co.
ae28d08a48,ACC-PAY-2025-00804,P2,Payment Entry,Payment Entry,1,2025-12-28,2025-12-29 16:15:01.256764,ar.clerk@meridian.example,1310 - Debtors - MTC,1310,Debtors,Asset,0.0,1895.66,Customer,Ferrous Works,1210 - Primary Checking - MTC,,Amount USD 1895.66 received from Ferrous Works | Transaction reference no ACH-25-00632 dated 2025-12-28 | Amount USD 1895.66 adjusted against Sales Invoice ACC-SINV-2025-00632,Meridian Trading Co.
f0e473a8cc,ACC-PAY-2025-00804,P2,Payment Entry,Payment Entry,2,2025-12-28,2025-12-29 16:15:01.256764,ar.clerk@meridian.example,1210 - Primary Checking - MTC,1210,Primary Checking,Asset,1895.66,0.0,,,Ferrous Works,,Amount USD 1895.66 received from Ferrous Works | Transaction reference no ACH-25-00632 dated 2025-12-28 | Amount USD 1895.66 adjusted against Sales Invoice ACC-SINV-2025-00632,Meridian Trading Co.
587cddb27c,ACC-PAY-2025-00805,P2,Payment Entry,Payment Entry,1,2025-12-28,2025-12-29 08:46:51.472983,ar.clerk@meridian.example,1210 - Primary Checking - MTC,1210,Primary Checking,Asset,2905.52,0.0,,,Ferrous Works,,Amount USD 2905.52 received from Ferrous Works | Transaction reference no ACH-25-00633 dated 2025-12-28 | Amount USD 2905.52 adjusted against Sales Invoice ACC-SINV-2025-00633,Meridian Trading Co.
e66e4d573b,ACC-PAY-2025-00805,P2,Payment Entry,Payment Entry,2,2025-12-28,2025-12-29 08:46:51.472983,ar.clerk@meridian.example,1310 - Debtors - MTC,1310,Debtors,Asset,0.0,2905.52,Customer,Ferrous Works,1210 - Primary Checking - MTC,,Amount USD 2905.52 received from Ferrous Works | Transaction reference no ACH-25-00633 dated 2025-12-28 | Amount USD 2905.52 adjusted against Sales Invoice ACC-SINV-2025-00633,Meridian Trading Co.
0655efba49,ACC-PAY-2025-00806,P2,Payment Entry,Payment Entry,1,2025-12-28,2025-12-29 14:42:57.835529,ar.clerk@meridian.example,1310 - Debtors - MTC,1310,Debtors,Asset,0.0,2921.94,Customer,Galehouse Media,1210 - Primary Checking - MTC,,Amount USD 2921.94 received from Galehouse Media | Transaction reference no ACH-25-00636 dated 2025-12-28 | Amount USD 2921.94 adjusted against Sales Invoice ACC-SINV-2025-00636,Meridian Trading Co.
080f5c4156,ACC-PAY-2025-00806,P2,Payment Entry,Payment Entry,2,2025-12-28,2025-12-29 14:42:57.835529,ar.clerk@meridian.example,1210 - Primary Checking - MTC,1210,Primary Checking,Asset,2921.94,0.0,,,Galehouse Media,,Amount USD 2921.94 received from Galehouse Media | Transaction reference no ACH-25-00636 dated 2025-12-28 | Amount USD 2921.94 adjusted against Sales Invoice ACC-SINV-2025-00636,Meridian Trading Co.
520fe7610f,ACC-PAY-2025-00809,P2,Payment Entry,Payment Entry,1,2025-12-28,2025-12-29 14:19:13.528208,ar.clerk@meridian.example,1210 - Primary Checking - MTC,1210,Primary Checking,Asset,709.44,0.0,,,Ferrous Works,,Amount USD 709.44 received from Ferrous Works | Transaction reference no ACH-25-00641 dated 2025-12-28 | Amount USD 709.44 adjusted against Sales Invoice ACC-SINV-2025-00641,Meridian Trading Co.
da4583bdfa,ACC-PAY-2025-00809,P2,Payment Entry,Payment Entry,2,2025-12-28,2025-12-29 14:19:13.528208,ar.clerk@meridian.example,1310 - Debtors - MTC,1310,Debtors,Asset,0.0,709.44,Customer,Ferrous Works,1210 - Primary Checking - MTC,,Amount USD 709.44 received from Ferrous Works | Transaction reference no ACH-25-00641 dated 2025-12-28 | Amount USD 709.44 adjusted against Sales Invoice ACC-SINV-2025-00641,Meridian Trading Co.
d299ea86cd,ACC-PAY-2025-00811,P2,Payment Entry,Payment Entry,1,2025-12-28,2025-12-29 13:08:04.070744,ar.clerk@meridian.example,1210 - Primary Checking - MTC,1210,Primary Checking,Asset,3371.05,0.0,,,Halstrom Supply,,Amount USD 3371.05 received from Halstrom Supply | Transaction reference no ACH-25-00645 dated 2025-12-28 | Amount USD 3371.05 adjusted against Sales Invoice ACC-SINV-2025-00645,Meridian Trading Co.
d7798538b1,ACC-PAY-2025-00811,P2,Payment Entry,Payment Entry,2,2025-12-28,2025-12-29 13:08:04.070744,ar.clerk@meridian.example,1310 - Debtors - MTC,1310,Debtors,Asset,0.0,3371.05,Customer,Halstrom Supply,1210 - Primary Checking - MTC,,Amount USD 3371.05 received from Halstrom Supply | Transaction reference no ACH-25-00645 dated 2025-12-28 | Amount USD 3371.05 adjusted against Sales Invoice ACC-SINV-2025-00645,Meridian Trading Co.
