line_id,entry_id,period,voucher_type,voucher_subtype,line_no,posting_date,created_at,user,account,account_number,account_name,root_type,debit,credit,party_type,party,against,cost_center,remarks,company
00d35395f0,ACC-SINV-2025-00014,P1,Sales Invoice,Sales Invoice,1,2025-01-01,2025-01-01 17:46:23.074139,ar.clerk@meridian.example,4110 - Sales - MTC,4110,Sales,Income,0.0,1492.8,,,Summit Rentals,Warehouse - MTC,Customer order Summit Rentals Jan 2025,Meridian Trading Co.
3a1b73e6d4,ACC-SINV-2025-00014,P1,Sales Invoice,Sales Invoice,2,2025-01-01,2025-01-01 17:46:23.074139,ar.clerk@meridian.example,1310 - Debtors - MTC,1310,Debtors,Asset,3203.59,0.0,Customer,Summit Rentals,"4120 - Service - MTC,4110 - Sales - MTC,4130 - Freight Income - MTC",,Customer order Summit Rentals Jan 2025,Meridian Trading Co.
a8d3b115e4,ACC-SINV-2025-00014,P1,Sales Invoice,Sales Invoice,3,2025-01-01,2025-01-01 17:46:23.074139,ar.clerk@meridian.example,4120 - Service - MTC,4120,Service,Income,0.0,759.26,,,Summit Rentals,Sales Ops - MTC,Customer order Summit Rentals Jan 2025,Meridian Trading Co.
c596c61b10,ACC-SINV-2025-00014,P1,Sales Invoice,Sales Invoice,4,2025-01-01,2025-01-01 17:46:23.074139,ar.clerk@meridian.example,4110 - Sales - MTC,4110,Sales,Income,0.0,317.39,,,Summit Rentals,Sales Ops - MTC,Customer order Summit Rentals Jan 2025,Meridian Trading Co.
eab3650040,ACC-SINV-2025-00014,P1,Sales Invoice,Sales Invoice,5,2025-01-01,2025-01-01 17:46:23.074139,ar.clerk@meridian.example,ST 6% - MTC,,ST 6%,Liability,0.0,181.34,,,Summit Rentals,Admin - MTC,Customer order Summit Rentals Jan 2025,Meridian Trading Co.
fb276f5dc1,ACC-SINV-2025-00014,P1,Sales Invoice,Sales Invoice,6,2025-01-01,2025-01-01 17:46:23.074139,ar.clerk@meridian.example,4130 - Freight Income - MTC,4130,Freight Income,Income,0.0,452.8,,,Summit Rentals,Admin - MTC,Customer order Summit Rentals Jan 2025,Meridian Trading Co.
0c38a2db03,ACC-SINV-2025-00009,P1,Sales Invoice,Sales Invoice,1,2025-01-02,2025-01-02 16:26:42.884476,ar.clerk@meridian.example,4110 - Sales - MTC,4110,Sales,Income,0.0,1146.54,,,Kestrel Foods,Sales Ops - MTC,Customer order Kestrel Foods Jan 2025,Meridian Trading Co.
0f34ebf128,ACC-SINV-2025-00009,P1,Sales Invoice,Sales Invoice,2,2025-01-02,2025-01-02 16:26:42.884476,ar.clerk@meridian.example,4110 - Sales - MTC,4110,Sales,Income,0.0,309.12,,,Kestrel Foods,Warehouse - MTC,Customer order Kestrel Foods Jan 2025,Meridian Trading Co.
1094a803e7,ACC-SINV-2025-00009,P1,Sales Invoice,Sales Invoice,3,2025-01-02,2025-01-02 16:26:42.884476,ar.clerk@meridian.example,1310 - Debtors - MTC,1310,Debtors,Asset,1543.0,0.0,Customer,Kestrel Foods,4110 - Sales - MTC,,Customer order Kestrel Foods Jan 2025,Meridian Trading Co.
aede7b48b3,ACC-SINV-2025-00009,P1,Sales Invoice,Sales Invoice,4,2025-01-02,2025-01-02 16:26:42.884476,ar.clerk@meridian.example,ST 6% - MTC,,ST 6%,Liability,0.0,87.34,,,Kestrel Foods,Admin - MTC,Customer order Kestrel Foods Jan 2025,Meridian Trading Co.
351c45351c,ACC-SINV-2025-00017,P1,Sales Invoice,Sales Invoice,1,2025-01-02,2025-01-02 10:09:24.737840,ar.clerk@meridian.example,4130 - Freight Income - MTC,4130,Freight Income,Income,0.0,873.2,,,Redcedar Builders,Admin - MTC,Customer order Redcedar Builders Jan 2025,Meridian Trading Co.
3772fd5324,ACC-SINV-2025-00017,P1,Sales Invoice,Sales Invoice,2,2025-01-02,2025-01-02 10:09:24.737840,ar.clerk@meridian.example,ST 6% - MTC,,ST 6%,Liability,0.0,554.1,,,Redcedar Builders,Admin - MTC,Customer order Redcedar Builders Jan 2025,Meridian Trading Co.
3edee35875,ACC-SINV-2025-00017,P1,Sales Invoice,Sales Invoice,3,2025-01-02,2025-01-02 10:09:24.737840,ar.clerk@meridian.example,1310 - Debtors - MTC,1310,Debtors,Asset,9789.1,0.0,Customer,Redcedar Builders,"4130 - Freight Income - MTC,4110 - Sales - MTC,4120 - Service - MTC",,Customer order Redcedar Builders Jan 2025,Meridian Trading Co.
e9564dfa27,ACC-SINV-2025-00017,P1,Sales Invoice,Sales Invoice,4,2025-01-02,2025-01-02 10:09:24.737840,ar.clerk@meridian.example,4120 - Service - MTC,4120,Service,Income,0.0,6697.88,,,Redcedar Builders,Sales Ops - MTC,Customer order Redcedar Builders Jan 2025,Meridian Trading Co.
f2c44d46dc,ACC-SINV-2025-00017,P1,Sales Invoice,Sales Invoice,5,2025-01-02,2025-01-02 10:09:24.737840,ar.clerk@meridian.example,4110 - Sales - MTC,4110,Sales,Income,0.0,1663.92,,,Redcedar Builders,Warehouse - MTC,Customer order Redcedar Builders Jan 2025,Meridian Trading Co.
5ead7b8834,ACC-PINV-2025-00001,P1,Purchase Invoice,Purchase Invoice,1,2025-01-03,2025-01-03 13:44:03.506751,ap.clerk@meridian.example,2110 - Creditors - MTC,2110,Creditors,Liability,0.0,12858.42,Supplier,Orchard Wholesale,5111 - Cost of Goods Sold - MTC,,Orchard Wholesale January 2025 billing,Meridian Trading Co.
cf2e4991dc,ACC-PINV-2025-00001,P1,Purchase Invoice,Purchase Invoice,2,2025-01-03,2025-01-03 13:44:03.506751,ap.clerk@meridian.example,5111 - Cost of Goods Sold - MTC,5111,Cost of Goods Sold,Expense,12858.42,0.0,,,Orchard Wholesale,Warehouse - MTC,Orchard Wholesale January 2025 billing,Meridian Trading Co.
393cbe95d8,ACC-SINV-2025-00013,P1,Sales Invoice,Sales Invoice,1,2025-01-03,2025-01-03 15:16:01.683509,ar.clerk@meridian.example,4110 - Sales - MTC,4110,Sales,Income,0.0,298.48,,,Cascade Outfitters,Sales Ops - MTC,Customer order Cascade Outfitters Jan 2025,Meridian Trading Co.
638ac5fca1,ACC-SINV-2025-00013,P1,Sales Invoice,Sales Invoice,2,2025-01-03,2025-01-03 15:16:01.683509,ar.clerk@meridian.example,1310 - Debtors - MTC,1310,Debtors,Asset,516.98,0.0,Customer,Cascade Outfitters,4110 - Sales - MTC,,Customer order Cascade Outfitters Jan 2025,Meridian Trading Co.
8d8ff8fcf8,ACC-SINV-2025-00013,P1,Sales Invoice,Sales Invoice,3,2025-01-03,2025-01-03 15:16:01.683509,ar.clerk@meridian.example,ST 6% - MTC,,ST 6%,Liability,0.0,29.26,,,Cascade Outfitters,Admin - MTC,Customer order Cascade Outfitters Jan 2025,Meridian Trading Co.
f1dd1b11d6,ACC-SINV-2025-00013,P1,Sales Invoice,Sales Invoice,4,2025-01-03,2025-01-03 15:16:01.683509,ar.clerk@meridian.example,4110 - Sales - MTC,4110,Sales,Income,0.0,189.24,,,Cascade Outfitters,Warehouse - MTC,Customer order Cascade Outfitters Jan 2025,Meridian Trading Co.
0994045820,ACC-SINV-2025-00022,P1,Sales Invoice,Sales Invoice,1,2025-01-03,2025-01-03 12:38:48.557781,ar.clerk@meridian.example,4130 - Freight Income - MTC,4130,Freight Income,Income,0.0,2007.5,,,Ferrous Works,Admin - MTC,Customer order Ferrous Works Jan 2025,Meridian Trading Co.
aa96c0b27a,ACC-SINV-2025-00022,P1,Sales Invoice,Sales Invoice,2,2025-01-03,2025-01-03 12:38:48.557781,ar.clerk@meridian.example,ST 6% - MTC,,ST 6%,Liability,0.0,246.29,,,Ferrous Works,Admin - MTC,Customer order Ferrous Works Jan 2025,Meridian Trading Co.
ca1d90b1cf,ACC-SINV-2025-00022,P1,Sales Invoice,Sales Invoice,3,2025-01-03,2025-01-03 12:38:48.557781,ar.clerk@meridian.example,1310 - Debtors - MTC,1310,Debtors,Asset,4351.12,0.0,Customer,Ferrous Works,"4130 - Freight Income - MTC,4110 - Sales - MTC",,Customer order Ferrous Works Jan 2025,Meridian Trading Co.
e4731ca5bd,ACC-SINV-2025-00022,P1,Sales Invoice,Sales Invoice,4,2025-01-03,2025-01-03 12:38:48.557781,ar.clerk@meridian.example,4110 - Sales - MTC,4110,Sales,Income,0.0,2097.33,,,Ferrous Works,Sales Ops - MTC,Customer order Ferrous Works Jan 2025,Meridian Trading Co.
082df4cf74,ACC-PINV-2025-00002,P1,Purchase Invoice,Purchase Invoice,1,2025-01-06,2025-01-06 10:18:11.683044,ap.clerk@meridian.example,5111 - Cost of Goods Sold - MTC,5111,Cost of Goods Sold,Expense,13818.11,0.0,,,Orchard Wholesale,Warehouse - MTC,Orchard Wholesale January 2025 billing,Meridian Trading Co.
8a91b6223f,ACC-PINV-2025-00002,P1,Purchase Invoice,Purchase Invoice,2,2025-01-06,2025-01-06 10:18:11.683044,ap.clerk@meridian.example,5211 - Print and Stationery - MTC,5211,Print and Stationery,Expense,138.76,0.0,,,Orchard Wholesale,Admin - MTC,Orchard Wholesale January 2025 billing,Meridian Trading Co.
f5c325c14b,ACC-PINV-2025-00002,P1,Purchase Invoice,Purchase Invoice,3,2025-01-06,2025-01-06 10:18:11.683044,ap.clerk@meridian.example,2110 - Creditors - MTC,2110,Creditors,Liability,0.0,13956.87,Supplier,Orchard Wholesale,"5111 - Cost of Goods Sold - MTC,5211 - Print and Stationery - MTC",,Orchard Wholesale January 2025 billing,Meridian Trading Co.
261a07233d,ACC-PINV-2025-00004,P1,Purchase Invoice,Purchase Invoice,1,2025-01-06,2025-01-06 13:06:31.716758,ap.clerk@meridian.example,5111 - Cost of Goods Sold - MTC,5111,Cost of Goods Sold,Expense,7408.87,0.0,,,Orchard Wholesale,Warehouse - MTC,Orchard Wholesale January 2025 billing,Meridian Trading Co.
bdf6f4e474,ACC-PINV-2025-00004,P1,Purchase Invoice,Purchase Invoice,2,2025-01-06,2025-01-06 13:06:31.716758,ap.clerk@meridian.example,2110 - Creditors - MTC,2110,Creditors,Liability,0.0,9145.55,Supplier,Orchard Wholesale,"5111 - Cost of Goods Sold - MTC,5216 - Travel Expenses - MTC",,Orchard Wholesale January 2025 billing,Meridian Trading Co.
fff6dc2b17,ACC-PINV-2025-00004,P1,Purchase Invoice,Purchase Invoice,3,2025-01-06,2025-01-06 13:06:31.716758,ap.clerk@meridian.example,5216 - Travel Expenses - MTC,5216,Travel Expenses,Expense,1736.68,0.0,,,Orchard Wholesale,Admin - MTC,Orchard Wholesale January 2025 billing,Meridian Trading Co.
100e3be500,ACC-PINV-2025-00005,P1,Purchase Invoice,Purchase Invoice,1,2025-01-06,2025-01-06 15:50:51.462630,ap.clerk@meridian.example,2110 - Creditors - MTC,2110,Creditors,Liability,0.0,5884.13,Supplier,Orchard Wholesale,5111 - Cost of Goods Sold - MTC,,Orchard Wholesale January 2025 billing,Meridian Trading Co.
219852c891,ACC-PINV-2025-00005,P1,Purchase Invoice,Purchase Invoice,2,2025-01-06,2025-01-06 15:50:51.462630,ap.clerk@meridian.example,5111 - Cost of Goods Sold - MTC,5111,Cost of Goods Sold,Expense,5884.13,0.0,,,Orchard Wholesale,Warehouse - MTC,Orchard Wholesale January 2025 billing,Meridian Trading Co.
0aa83656d2,ACC-PINV-2025-00020,P1,Purchase Invoice,Purchase Invoice,1,2025-01-06,2025-01-06 14:25:23.846584,ap.clerk@meridian.example,2110 - Creditors - MTC,2110,Creditors,Liability,0.0,17492.18,Supplier,Stateside Insurance,5228 - Insurance Expense - MTC,,Stateside Insurance January 2025 billing,Meridian Trading Co.
5747ea1c85,ACC-PINV-2025-00020,P1,Purchase Invoice,Purchase Invoice,2,2025-01-06,2025-01-06 14:25:23.846584,ap.clerk@meridian.example,5228 - Insurance Expense - MTC,5228,Insurance Expense,Expense,17492.18,0.0,,,Stateside Insurance,Admin - MTC,Stateside Insurance January 2025 billing,Meridian Trading Co.
2bd5ca270f,ACC-SINV-2025-00007,P1,Sales Invoice,Sales Invoice,1,2025-01-06,2025-01-06 15:33:17.152289,ar.clerk@meridian.example,4110 - Sales - MTC,4110,Sales,Income,0.0,87.42,,,Ovation Events,Warehouse - MTC,Customer order Ovation Events Jan 2025,Meridian Trading Co.
c35fe2c77e,ACC-SINV-2025-00007,P1,Sales Invoice,Sales Invoice,2,2025-01-06,2025-01-06 15:33:17.152289,ar.clerk@meridian.example,1310 - Debtors - MTC,1310,Debtors,Asset,87.42,0.0,Customer,Ovation Events,4110 - Sales - MTC,,Customer order Ovation Events Jan 2025,Meridian Trading Co.
4cd11e64cb,ACC-PINV-2025-00009,P1,Purchase Invoice,Purchase Invoice,1,2025-01-07,2025-01-07 15:14:08.618745,ap.clerk@meridian.example,5111 - Cost of Goods Sold - MTC,5111,Cost of Goods Sold,Expense,7624.91,0.0,,,Vulcan Materials Co,Warehouse - MTC,Vulcan Materials Co January 2025 billing,Meridian Trading Co.
c93b90b96e,ACC-PINV-2025-00009,P1,Purchase Invoice,Purchase Invoice,2,2025-01-07,2025-01-07 15:14:08.618745,ap.clerk@meridian.example,2110 - Creditors - MTC,2110,Creditors,Liability,0.0,7624.91,Supplier,Vulcan Materials Co,5111 - Cost of Goods Sold - MTC,,Vulcan Materials Co January 2025 billing,Meridian Trading Co.
0322936922,ACC-SINV-2025-00029,P1,Sales Invoice,Sales Invoice,1,2025-01-07,2025-01-07 15:55:09.109770,ar.clerk@meridian.example,1310 - Debtors - MTC,1310,Debtors,Asset,4053.09,0.0,Customer,Cascade Outfitters,4110 - Sales - MTC,,Customer order Cascade Outfitters Jan 2025,Meridian Trading Co.
12a5117b31,ACC-SINV-2025-00029,P1,Sales Invoice,Sales Invoice,2,2025-01-07,2025-01-07 15:55:09.109770,ar.clerk@meridian.example,ST 6% - MTC,,ST 6%,Liability,0.0,229.42,,,Cascade Outfitters,Admin - MTC,Customer order Cascade Outfitters Jan 2025,Meridian Trading Co.
ceefbc8178,ACC-SINV-2025-00029,P1,Sales Invoice,Sales Invoice,3,2025-01-07,2025-01-07 15:55:09.109770,ar.clerk@meridian.example,4110 - Sales - MTC,4110,Sales,Income,0.0,348.95,,,Cascade Outfitters,Warehouse - MTC,Customer order Cascade Outfitters Jan 2025,Meridian Trading Co.
f061cd0bd3,ACC-SINV-2025-00029,P1,Sales Invoice,Sales Invoice,4,2025-01-07,2025-01-07 15:55:09.109770,ar.clerk@meridian.example,4110 - Sales - MTC,4110,Sales,Income,0.0,3474.72,,,Cascade Outfitters,Sales Ops - MTC,Customer order Cascade Outfitters Jan 2025,Meridian Trading Co.
3b01fd51bc,ACC-PINV-2025-00007,P1,Purchase Invoice,Purchase Invoice,1,2025-01-08,2025-01-08 12:20:33.525431,ap.clerk@meridian.example,2110 - Creditors - MTC,2110,Creditors,Liability,0.0,13737.29,Supplier,Orchard Wholesale,5111 - Cost of Goods Sold - MTC,,Orchard Wholesale January 2025 billing,Meridian Trading Co.
500b6a2b54,ACC-PINV-2025-00007,P1,Purchase Invoice,Purchase Invoice,2,2025-01-08,2025-01-08 12:20:33.525431,ap.clerk@meridian.example,5111 - Cost of Goods Sold - MTC,5111,Cost of Goods Sold,Expense,13737.29,0.0,,,Orchard Wholesale,Warehouse - MTC,Orchard Wholesale January 2025 billing,Meridian Trading Co.
4b6f47044c,ACC-PINV-2025-00026,P1,Purchase Invoice,Purchase Invoice,1,2025-01-08,2025-01-08 10:18:01.975204,ap.clerk@meridian.example,5207 - Marketing Expenses - MTC,5207,Marketing Expenses,Expense,6765.64,0.0,,,Quill Marketing Group,Admin - MTC,Quill Marketing Group January 2025 billing,Meridian Trading Co.
7ff92c75cf,ACC-PINV-2025-00026,P1,Purchase Invoice,Purchase Invoice,2,2025-01-08,2025-01-08 10:18:01.975204,ap.clerk@meridian.example,2110 - Creditors - MTC,2110,Creditors,Liability,0.0,6765.64,Supplier,Quill Marketing Group,5207 - Marketing Expenses - MTC,,Quill Marketing Group January 2025 billing,Meridian Trading Co.
2508cb470b,ACC-SINV-2025-00041,P1,Sales Invoice,Sales Invoice,1,2025-01-08,2025-01-08 12:59:44.107174,ar.clerk@meridian.example,1310 - Debtors - MTC,1310,Debtors,Asset,975.94,0.0,Customer,Redcedar Builders,4110 - Sales - MTC,,Customer order Redcedar Builders Jan 2025,Meridian Trading Co.
4c1be4aa53,ACC-SINV-2025-00041,P1,Sales Invoice,Sales Invoice,2,2025-01-08,2025-01-08 12:59:44.107174,ar.clerk@meridian.example,4110 - Sales - MTC,4110,Sales,Income,0.0,920.7,,,Redcedar Builders,Sales Ops - MTC,Customer order Redcedar Builders Jan 2025,Meridian Trading Co.
a06a6dd837,ACC-SINV-2025-00041,P1,Sales Invoice,Sales Invoice,3,2025-01-08,2025-01-08 12:59:44.107174,ar.clerk@meridian.example,ST 6% - MTC,,ST 6%,Liability,0.0,55.24,,,Redcedar Builders,Admin - MTC,Customer order Redcedar Builders Jan 2025,Meridian Trading Co.
335b8957c3,ACC-SINV-2025-00050,P1,Sales Invoice,Sales Invoice,1,2025-01-08,2025-01-08 14:01:25.429140,ar.clerk@meridian.example,4110 - Sales - MTC,4110,Sales,Income,0.0,1181.45,,,Summit Rentals,Sales Ops - MTC,Customer order Summit Rentals Jan 2025,Meridian Trading Co.
4a9b54728a,ACC-SINV-2025-00050,P1,Sales Invoice,Sales Invoice,2,2025-01-08,2025-01-08 14:01:25.429140,ar.clerk@meridian.example,4110 - Sales - MTC,4110,Sales,Income,0.0,272.4,,,Summit Rentals,Warehouse - MTC,Customer order Summit Rentals Jan 2025,Meridian Trading Co.
c308207b54,ACC-SINV-2025-00050,P1,Sales Invoice,Sales Invoice,3,2025-01-08,2025-01-08 14:01:25.429140,ar.clerk@meridian.example,ST 6% - MTC,,ST 6%,Liability,0.0,87.23,,,Summit Rentals,Admin - MTC,Customer order Summit Rentals Jan 2025,Meridian Trading Co.
d931976ba4,ACC-SINV-2025-00050,P1,Sales Invoice,Sales Invoice,4,2025-01-08,2025-01-08 14:01:25.429140,ar.clerk@meridian.example,1310 - Debtors - MTC,1310,Debtors,Asset,1541.08,0.0,Customer,Summit Rentals,4110 - Sales - MTC,,Customer order Summit Rentals Jan 2025,Meridian Trading Co.
6173839e66,ACC-PINV-2025-00031,P1,Purchase Invoice,Purchase Invoice,1,2025-01-09,2025-01-09 18:22:19.178771,ap.clerk@meridian.example,5208 - Office Maintenance Expenses - MTC,5208,Office Maintenance Expenses,Expense,6818.69,0.0,,,Granite Janitorial,Admin - MTC,Granite Janitorial January 2025 billing,Meridian Trading Co.
bb4f5babf8,ACC-PINV-2025-00031,P1,Purchase Invoice,Purchase Invoice,2,2025-01-09,2025-01-09 18:22:19.178771,ap.clerk@meridian.example,2110 - Creditors - MTC,2110,Creditors,Liability,0.0,6818.69,Supplier,Granite Janitorial,5208 - Office Maintenance Expenses - MTC,,Granite Janitorial January 2025 billing,Meridian Trading Co.
131f68377a,ACC-SINV-2025-00016,P1,Sales Invoice,Sales Invoice,1,2025-01-09,2025-01-09 12:05:16.814361,ar.clerk@meridian.example,4110 - Sales - MTC,4110,Sales,Income,0.0,186.45,,,Ovation Events,Warehouse - MTC,Customer order Ovation Events Jan 2025,Meridian Trading Co.
44ee63d3cf,ACC-SINV-2025-00016,P1,Sales Invoice,Sales Invoice,2,2025-01-09,2025-01-09 12:05:16.814361,ar.clerk@meridian.example,4110 - Sales - MTC,4110,Sales,Income,0.0,36.3,,,Ovation Events,Sales Ops - MTC,Customer order Ovation Events Jan 2025,Meridian Trading Co.
761eba5cdb,ACC-SINV-2025-00016,P1,Sales Invoice,Sales Invoice,3,2025-01-09,2025-01-09 12:05:16.814361,ar.clerk@meridian.example,4120 - Service - MTC,4120,Service,Income,0.0,20350.44,,,Ovation Events,Admin - MTC,Customer order Ovation Events Jan 2025,Meridian Trading Co.
a483db98dc,ACC-SINV-2025-00016,P1,Sales Invoice,Sales Invoice,4,2025-01-09,2025-01-09 12:05:16.814361,ar.clerk@meridian.example,1310 - Debtors - MTC,1310,Debtors,Asset,20573.19,0.0,Customer,Ovation Events,"4110 - Sales - MTC,4120 - Service - MTC",,Customer order Ovation Events Jan 2025,Meridian Trading Co.
c5b62149da,ACC-SINV-2025-00031,P1,Sales Invoice,Sales Invoice,1,2025-01-09,2025-01-09 17:34:42.499664,ar.clerk@meridian.example,ST 6% - MTC,,ST 6%,Liability,0.0,23.93,,,Cascade Outfitters,Admin - MTC,Customer order Cascade Outfitters Jan 2025,Meridian Trading Co.
c94f5a305a,ACC-SINV-2025-00031,P1,Sales Invoice,Sales Invoice,2,2025-01-09,2025-01-09 17:34:42.499664,ar.clerk@meridian.example,1310 - Debtors - MTC,1310,Debtors,Asset,422.79,0.0,Customer,Cascade Outfitters,4110 - Sales - MTC,,Customer order Cascade Outfitters Jan 2025,Meridian Trading Co.
e7363fb674,ACC-SINV-2025-00031,P1,Sales Invoice,Sales Invoice,3,2025-01-09,2025-01-09 17:34:42.499664,ar.clerk@meridian.example,4110 - Sales - MTC,4110,Sales,Income,0.0,398.86,,,Cascade Outfitters,Warehouse - MTC,Customer order Cascade Outfitters Jan 2025,Meridian Trading Co.
369b1411c9,ACC-SINV-2025-00036,P1,Sales Invoice,Sales Invoice,1,2025-01-09,2025-01-09 12:03:17.776894,ar.clerk@meridian.example,ST 6% - MTC,,ST 6%,Liability,0.0,290.52,,,Bluepine Hardware,Admin - MTC,Customer order Bluepine Hardware Jan 2025,Meridian Trading Co.
69dcb67734,ACC-SINV-2025-00036,P1,Sales Invoice,Sales Invoice,2,2025-01-09,2025-01-09 12:03:17.776894,ar.clerk@meridian.example,4110 - Sales - MTC,4110,Sales,Income,0.0,697.27,,,Bluepine Hardware,Warehouse - MTC,Customer order Bluepine Hardware Jan 2025,Meridian Trading Co.
85995661ff,ACC-SINV-2025-00036,P1,Sales Invoice,Sales Invoice,3,2025-01-09,2025-01-09 12:03:17.776894,ar.clerk@meridian.example,4110 - Sales - MTC,4110,Sales,Income,0.0,1095.36,,,Bluepine Hardware,Sales Ops - MTC,Customer order Bluepine Hardware Jan 2025,Meridian Trading Co.
8fff15a391,ACC-SINV-2025-00036,P1,Sales Invoice,Sales Invoice,4,2025-01-09,2025-01-09 12:03:17.776894,ar.clerk@meridian.example,4120 - Service - MTC,4120,Service,Income,0.0,3049.38,,,Bluepine Hardware,Sales Ops - MTC,Customer order Bluepine Hardware Jan 2025,Meridian Trading Co.
c8457cc18f,ACC-SINV-2025-00036,P1,Sales Invoice,Sales Invoice,5,2025-01-09,2025-01-09 12:03:17.776894,ar.clerk@meridian.example,1310 - Debtors - MTC,1310,Debtors,Asset,5132.53,0.0,Customer,Bluepine Hardware,"4110 - Sales - MTC,4120 - Service - MTC",,Customer order Bluepine Hardware Jan 2025,Meridian Trading Co.
0bc444fd7b,ACC-SINV-2025-00039,P1,Sales Invoice,Sales Invoice,1,2025-01-09,2025-01-09 12:09:36.295609,ar.clerk@meridian.example,4130 - Freight Income - MTC,4130,Freight Income,Income,0.0,1103.16,,,Bluepine Hardware,Admin - MTC,Customer order Bluepine Hardware Jan 2025,Meridian Trading Co.
1e0e62a62e,ACC-SINV-2025-00039,P1,Sales Invoice,Sales Invoice,2,2025-01-09,2025-01-09 12:09:36.295609,ar.clerk@meridian.example,4110 - Sales - MTC,4110,Sales,Income,0.0,325.67,,,Bluepine Hardware,Warehouse - MTC,Customer order Bluepine Hardware Jan 2025,Meridian Trading Co.
66db7642da,ACC-SINV-2025-00039,P1,Sales Invoice,Sales Invoice,3,2025-01-09,2025-01-09 12:09:36.295609,ar.clerk@meridian.example,ST 6% - MTC,,ST 6%,Liability,0.0,85.73,,,Bluepine Hardware,Admin - MTC,Customer order Bluepine Hardware Jan 2025,Meridian Trading Co.
bec0b31113,ACC-SINV-2025-00039,P1,Sales Invoice,Sales Invoice,4,2025-01-09,2025-01-09 12:09:36.295609,ar.clerk@meridian.example,1310 - Debtors - MTC,1310,Debtors,Asset,1514.56,0.0,Customer,Bluepine Hardware,"4130 - Freight Income - MTC,4110 - Sales - MTC",,Customer order Bluepine Hardware Jan 2025,Meridian Trading Co.
23bc43c8f2,ACC-SINV-2025-00044,P1,Sales Invoice,Sales Invoice,1,2025-01-09,2025-01-09 12:59:59.092084,ar.clerk@meridian.example,4110 - Sales - MTC,4110,Sales,Income,0.0,1227.44,,,Redcedar Builders,Sales Ops - MTC,Customer order Redcedar Builders Jan 2025,Meridian Trading Co.
99e45802a5,ACC-SINV-2025-00044,P1,Sales Invoice,Sales Invoice,2,2025-01-09,2025-01-09 12:59:59.092084,ar.clerk@meridian.example,4110 - Sales - MTC,4110,Sales,Income,0.0,1172.9,,,Redcedar Builders,Warehouse - MTC,Customer order Redcedar Builders Jan 2025,Meridian Trading Co.
9b3525a5c5,ACC-SINV-2025-00044,P1,Sales Invoice,Sales Invoice,3,2025-01-09,2025-01-09 12:59:59.092084,ar.clerk@meridian.example,ST 6% - MTC,,ST 6%,Liability,0.0,864.9,,,Redcedar Builders,Admin - MTC,Customer order Redcedar Builders Jan 2025,Meridian Trading Co.
d4fe40b87f,ACC-SINV-2025-00044,P1,Sales Invoice,Sales Invoice,4,2025-01-09,2025-01-09 12:59:59.092084,ar.clerk@meridian.example,1310 - Debtors - MTC,1310,Debtors,Asset,15279.96,0.0,Customer,Redcedar Builders,"4120 - Service - MTC,4110 - Sales - MTC",,Customer order Redcedar Builders Jan 2025,Meridian Trading Co.
e6925c2318,ACC-SINV-2025-00044,P1,Sales Invoice,Sales Invoice,5,2025-01-09,2025-01-09 12:59:59.092084,ar.clerk@meridian.example,4120 - Service - MTC,4120,Service,Income,0.0,12014.72,,,Redcedar Builders,Warehouse - MTC,Customer order Redcedar Builders Jan 2025,Meridian Trading Co.
62a8c41d3a,ACC-PINV-2025-00003,P1,Purchase Invoice,Purchase Invoice,1,2025-01-10,2025-01-10 16:29:18.793443,ap.clerk@meridian.example,2110 - Creditors - MTC,2110,Creditors,Liability,0.0,3825.19,Supplier,Orchard Wholesale,5111 - Cost of Goods Sold - MTC,,Orchard Wholesale January 2025 billing,Meridian Trading Co.
7125b04c85,ACC-PINV-2025-00003,P1,Purchase Invoice,Purchase Invoice,2,2025-01-10,2025-01-10 16:29:18.793443,ap.clerk@meridian.example,5111 - Cost of Goods Sold - MTC,5111,Cost of Goods Sold,Expense,3825.19,0.0,,,Orchard Wholesale,Warehouse - MTC,Orchard Wholesale January 2025 billing,Meridian Trading Co.
4c04d5b1df,ACC-PINV-2025-00022,P1,Purchase Invoice,Purchase Invoice,1,2025-01-10,2025-01-10 11:03:11.383487,ap.clerk@meridian.example,2110 - Creditors - MTC,2110,Creditors,Liability,0.0,15951.77,Supplier,Metro Utilities,5217 - Utility Expenses - MTC,,Metro Utilities January 2025 billing,Meridian Trading Co.
73b89ac0ae,ACC-PINV-2025-00022,P1,Purchase Invoice,Purchase Invoice,2,2025-01-10,2025-01-10 11:03:11.383487,ap.clerk@meridian.example,5217 - Utility Expenses - MTC,5217,Utility Expenses,Expense,15951.77,0.0,,,Metro Utilities,Admin - MTC,Metro Utilities January 2025 billing,Meridian Trading Co.
415acc97ad,ACC-SINV-2025-00004,P1,Sales Invoice,Sales Invoice,1,2025-01-10,2025-01-10 08:00:49.806149,ar.clerk@meridian.example,4110 - Sales - MTC,4110,Sales,Income,0.0,807.21,,,Kestrel Foods,Warehouse - MTC,Customer order Kestrel Foods Jan 2025,Meridian Trading Co.
6bcf7a0569,ACC-SINV-2025-00004,P1,Sales Invoice,Sales Invoice,2,2025-01-10,2025-01-10 08:00:49.806149,ar.clerk@meridian.example,1310 - Debtors - MTC,1310,Debtors,Asset,14422.39,0.0,Customer,Kestrel Foods,"4110 - Sales - MTC,4120 - Service - MTC",,Customer order Kestrel Foods Jan 2025,Meridian Trading Co.
c7fcb68c22,ACC-SINV-2025-00004,P1,Sales Invoice,Sales Invoice,3,2025-01-10,2025-01-10 08:00:49.806149,ar.clerk@meridian.example,4110 - Sales - MTC,4110,Sales,Income,0.0,608.88,,,Kestrel Foods,Sales Ops - MTC,Customer order Kestrel Foods Jan 2025,Meridian Trading Co.
dbdee7b43c,ACC-SINV-2025-00004,P1,Sales Invoice,Sales Invoice,4,2025-01-10,2025-01-10 08:00:49.806149,ar.clerk@meridian.example,ST 6% - MTC,,ST 6%,Liability,0.0,816.36,,,Kestrel Foods,Admin - MTC,Customer order Kestrel Foods Jan 2025,Meridian Trading Co.
e787338c58,ACC-SINV-2025-00004,P1,Sales Invoice,Sales Invoice,5,2025-01-10,2025-01-10 08:00:49.806149,ar.clerk@meridian.example,4120 - Service - MTC,4120,Service,Income,0.0,12189.94,,,Kestrel Foods,Warehouse - MTC,Customer order Kestrel Foods Jan 2025,Meridian Trading Co.
1067962ef2,ACC-SINV-2025-00023,P1,Sales Invoice,Sales Invoice,1,2025-01-10,2025-01-10 10:33:59.671257,ar.clerk@meridian.example,ST 6% - MTC,,ST 6%,Liability,0.0,181.73,,,Northwind Retail,Admin - MTC,Customer order Northwind Retail Jan 2025,Meridian Trading Co.
259924952e,ACC-SINV-2025-00023,P1,Sales Invoice,Sales Invoice,2,2025-01-10,2025-01-10 10:33:59.671257,ar.clerk@meridian.example,1310 - Debtors - MTC,1310,Debtors,Asset,3210.53,0.0,Customer,Northwind Retail,4110 - Sales - MTC,,Customer order Northwind Retail Jan 2025,Meridian Trading Co.
48ace1786f,ACC-SINV-2025-00023,P1,Sales Invoice,Sales Invoice,3,2025-01-10,2025-01-10 10:33:59.671257,ar.clerk@meridian.example,4110 - Sales - MTC,4110,Sales,Income,0.0,555.57,,,Northwind Retail,Warehouse - MTC,Customer order Northwind Retail Jan 2025,Meridian Trading Co.
6570a7d76d,ACC-SINV-2025-00023,P1,Sales Invoice,Sales Invoice,4,2025-01-10,2025-01-10 10:33:59.671257,ar.clerk@meridian.example,4110 - Sales - MTC,4110,Sales,Income,0.0,2473.23,,,Northwind Retail,Sales Ops - MTC,Customer order Northwind Retail Jan 2025,Meridian Trading Co.
349a64cbd1,ACC-PAY-2025-00020,P1,Payment Entry,Payment Entry,1,2025-01-11,2025-01-13 12:55:15.820651,ar.clerk@meridian.example,1210 - Primary Checking - MTC,1210,Primary Checking,Asset,4351.12,0.0,,,Ferrous Works,,Amount USD 4351.12 received from Ferrous Works | Transaction reference no ACH-25-00022 dated 2025-01-11 | Amount USD 4351.12 adjusted against Sales Invoice ACC-SINV-2025-00022,Meridian Trading Co.
352e06f588,ACC-PAY-2025-00020,P1,Payment Entry,Payment Entry,2,2025-01-11,2025-01-13 12:55:15.820651,ar.clerk@meridian.example,1310 - Debtors - MTC,1310,Debtors,Asset,0.0,4351.12,Customer,Ferrous Works,1210 - Primary Checking - MTC,,Amount USD 4351.12 received from Ferrous Works | Transaction reference no ACH-25-00022 dated 2025-01-11 | Amount USD 4351.12 adjusted against Sales Invoice ACC-SINV-2025-00022,Meridian Trading Co.
105bb99679,ACC-SINV-2025-00001,P1,Sales Invoice,Sales Invoice,1,2025-01-13,2025-01-13 13:29:07.826679,ar.clerk@meridian.example,4130 - Freight Income - MTC,4130,Freight Income,Income,0.0,552.86,,,Summit Rentals,Admin - MTC,Customer order Summit Rentals Jan 2025,Meridian Trading Co.
25a2c925bc,ACC-SINV-2025-00001,P1,Sales Invoice,Sales Invoice,2,2025-01-13,2025-01-13 13:29:07.826679,ar.clerk@meridian.example,ST 6% - MTC,,ST 6%,Liability,0.0,70.38,,,Summit Rentals,Admin - MTC,Customer order Summit Rentals Jan 2025,Meridian Trading Co.
b940415426,ACC-SINV-2025-00001,P1,Sales Invoice,Sales Invoice,3,2025-01-13,2025-01-13 13:29:07.826679,ar.clerk@meridian.example,4110 - Sales - MTC,4110,Sales,Income,0.0,620.2,,,Summit Rentals,Warehouse - MTC,Customer order Summit Rentals Jan 2025,Meridian Trading Co.
fc6ed04927,ACC-SINV-2025-00001,P1,Sales Invoice,Sales Invoice,4,2025-01-13,2025-01-13 13:29:07.826679,ar.clerk@meridian.example,1310 - Debtors - MTC,1310,Debtors,Asset,1243.44,0.0,Customer,Summit Rentals,"4110 - Sales - MTC,4130 - Freight Income - MTC",,Customer order Summit Rentals Jan 2025,Meridian Trading Co.
7d6a573fb1,ACC-SINV-2025-00046,P1,Sales Invoice,Sales Invoice,1,2025-01-13,2025-01-13 10:36:42.019782,ar.clerk@meridian.example,1310 - Debtors - MTC,1310,Debtors,Asset,652.0,0.0,Customer,Timberline Schools,4110 - Sales - MTC,,Customer order Timberline Schools Jan 2025,Meridian Trading Co.
afc375feff,ACC-SINV-2025-00046,P1,Sales Invoice,Sales Invoice,2,2025-01-13,2025-01-13 10:36:42.019782,ar.clerk@meridian.example,4110 - Sales - MTC,4110,Sales,Income,0.0,652.0,,,Timberline Schools,Sales Ops - MTC,Customer order Timberline Schools Jan 2025,Meridian Trading Co.
2b9d3187e4,ACC-PAY-2025-00026,P1,Payment Entry,Payment Entry,1,2025-01-14,2025-01-14 12:03:46.160684,ar.clerk@meridian.example,1310 - Debtors - MTC,1310,Debtors,Asset,0.0,4053.09,Customer,Cascade Outfitters,1210 - Primary Checking - MTC,,Amount USD 4053.09 received from Cascade Outfitters | Transaction reference no ACH-25-00029 dated 2025-01-14 | Amount USD 4053.09 adjusted against Sales Invoice ACC-SINV-2025-00029,Meridian Trading Co.
ce65313786,ACC-PAY-2025-00026,P1,Payment Entry,Payment Entry,2,2025-01-14,2025-01-14 12:03:46.160684,ar.clerk@meridian.example,1210 - Primary Checking - MTC,1210,Primary Checking,Asset,4053.09,0.0,,,Cascade Outfitters,,Amount USD 4053.09 received from Cascade Outfitters | Transaction reference no ACH-25-00029 dated 2025-01-14 | Amount USD 4053.09 adjusted against Sales Invoice ACC-SINV-2025-00029,Meridian Trading Co.
37c1308708,ACC-PAY-2025-00044,P1,Payment Entry,Payment Entry,1,2025-01-14,2025-01-14 13:50:15.240407,ap.clerk@meridian.example,2110 - Creditors - MTC,2110,Creditors,Liability,12858.42,0.0,Supplier,Orchard Wholesale,1210 - Primary Checking - MTC,,Amount USD 12858.42 paid to Orchard Wholesale | Transaction reference no ACH-25-00001 dated 2025-01-14 | Amount USD 12858.42 adjusted against Purchase Invoice ACC-PINV-2025-00001,Meridian Trading Co.
8b01439958,ACC-PAY-2025-00044,P1,Payment Entry,Payment Entry,2,2025-01-14,2025-01-14 13:50:15.240407,ap.clerk@meridian.example,1210 - Primary Checking - MTC,1210,Primary Checking,Asset,0.0,12858.42,,,Orchard Wholesale,,Amount USD 12858.42 paid to Orchard Wholesale | Transaction reference no ACH-25-00001 dated 2025-01-14 | Amount USD 12858.42 adjusted against Purchase Invoice ACC-PINV-2025-00001,Meridian Trading Co.
d128eff96c,ACC-PINV-2025-00012,P1,Purchase Invoice,Purchase Invoice,1,2025-01-14,2025-01-14 16:38:44.600151,ap.clerk@meridian.example,5111 - Cost of Goods Sold - MTC,5111,Cost of Goods Sold,Expense,6930.15,0.0,,,Vulcan Materials Co,Warehouse - MTC,Vulcan Materials Co January 2025 billing,Meridian Trading Co.
ea66e5de36,ACC-PINV-2025-00012,P1,Purchase Invoice,Purchase Invoice,2,2025-01-14,2025-01-14 16:38:44.600151,ap.clerk@meridian.example,2110 - Creditors - MTC,2110,Creditors,Liability,0.0,6930.15,Supplier,Vulcan Materials Co,5111 - Cost of Goods Sold - MTC,,Vulcan Materials Co January 2025 billing,Meridian Trading Co.
4dbac0de24,ACC-PINV-2025-00018,P1,Purchase Invoice,Purchase Invoice,1,2025-01-14,2025-01-14 15:45:04.970648,ap.clerk@meridian.example,5215 - Telephone Expenses - MTC,5215,Telephone Expenses,Expense,160.49,0.0,,,Cobalt IT Services,Admin - MTC,Cobalt IT Services January 2025 billing,Meridian Trading Co.
5df6faa1a7,ACC-PINV-2025-00018,P1,Purchase Invoice,Purchase Invoice,2,2025-01-14,2025-01-14 15:45:04.970648,ap.clerk@meridian.example,2110 - Creditors - MTC,2110,Creditors,Liability,0.0,5610.3,Supplier,Cobalt IT Services,"5230 - IT and Software Expenses - MTC,5215 - Telephone Expenses - MTC,5204 - Entertainment Expenses - MTC",,Cobalt IT Services January 2025 billing,Meridian Trading Co.
d77a9f7a03,ACC-PINV-2025-00018,P1,Purchase Invoice,Purchase Invoice,3,2025-01-14,2025-01-14 15:45:04.970648,ap.clerk@meridian.example,5230 - IT and Software Expenses - MTC,5230,IT and Software Expenses,Expense,5183.77,0.0,,,Cobalt IT Services,Admin - MTC,Cobalt IT Services January 2025 billing,Meridian Trading Co.
da975170f0,ACC-PINV-2025-00018,P1,Purchase Invoice,Purchase Invoice,4,2025-01-14,2025-01-14 15:45:04.970648,ap.clerk@meridian.example,5204 - Entertainment Expenses - MTC,5204,Entertainment Expenses,Expense,266.04,0.0,,,Cobalt IT Services,Admin - MTC,Cobalt IT Services January 2025 billing,Meridian Trading Co.
67f9467511,ACC-SINV-2025-00002,P1,Sales Invoice,Sales Invoice,1,2025-01-14,2025-01-14 10:44:13.770400,ar.clerk@meridian.example,4120 - Service - MTC,4120,Service,Income,0.0,17353.6,,,Halstrom Supply,Warehouse - MTC,Customer order Halstrom Supply Jan 2025,Meridian Trading Co.
812dafa467,ACC-SINV-2025-00002,P1,Sales Invoice,Sales Invoice,2,2025-01-14,2025-01-14 10:44:13.770400,ar.clerk@meridian.example,4110 - Sales - MTC,4110,Sales,Income,0.0,225.9,,,Halstrom Supply,Sales Ops - MTC,Customer order Halstrom Supply Jan 2025,Meridian Trading Co.
a2f28ce086,ACC-SINV-2025-00002,P1,Sales Invoice,Sales Invoice,3,2025-01-14,2025-01-14 10:44:13.770400,ar.clerk@meridian.example,1310 - Debtors - MTC,1310,Debtors,Asset,18634.27,0.0,Customer,Halstrom Supply,"4110 - Sales - MTC,4120 - Service - MTC",,Customer order Halstrom Supply Jan 2025,Meridian Trading Co.
d9e068ba6d,ACC-SINV-2025-00002,P1,Sales Invoice,Sales Invoice,4,2025-01-14,2025-01-14 10:44:13.770400,ar.clerk@meridian.example,ST 6% - MTC,,ST 6%,Liability,0.0,1054.77,,,Halstrom Supply,Admin - MTC,Customer order Halstrom Supply Jan 2025,Meridian Trading Co.
0d53302441,ACC-SINV-2025-00026,P1,Sales Invoice,Sales Invoice,1,2025-01-14,2025-01-14 11:19:46.688124,ar.clerk@meridian.example,4120 - Service - MTC,4120,Service,Income,0.0,3234.51,,,Ferrous Works,Sales Ops - MTC,Customer order Ferrous Works Jan 2025,Meridian Trading Co.
198c536e0c,ACC-SINV-2025-00026,P1,Sales Invoice,Sales Invoice,2,2025-01-14,2025-01-14 11:19:46.688124,ar.clerk@meridian.example,ST 6% - MTC,,ST 6%,Liability,0.0,264.22,,,Ferrous Works,Admin - MTC,Customer order Ferrous Works Jan 2025,Meridian Trading Co.
19ff9b00c4,ACC-SINV-2025-00026,P1,Sales Invoice,Sales Invoice,3,2025-01-14,2025-01-14 11:19:46.688124,ar.clerk@meridian.example,4110 - Sales - MTC,4110,Sales,Income,0.0,1169.2,,,Ferrous Works,Sales Ops - MTC,Customer order Ferrous Works Jan 2025,Meridian Trading Co.
4c1f93317c,ACC-SINV-2025-00026,P1,Sales Invoice,Sales Invoice,4,2025-01-14,2025-01-14 11:19:46.688124,ar.clerk@meridian.example,1310 - Debtors - MTC,1310,Debtors,Asset,4667.93,0.0,Customer,Ferrous Works,"4110 - Sales - MTC,4120 - Service - MTC",,Customer order Ferrous Works Jan 2025,Meridian Trading Co.
7bae36070e,ACC-SINV-2025-00032,P1,Sales Invoice,Sales Invoice,1,2025-01-14,2025-01-14 11:49:28.224362,ar.clerk@meridian.example,4130 - Freight Income - MTC,4130,Freight Income,Income,0.0,881.21,,,Pactrail Sports,Admin - MTC,Customer order Pactrail Sports Jan 2025,Meridian Trading Co.
c34a5006a4,ACC-SINV-2025-00032,P1,Sales Invoice,Sales Invoice,2,2025-01-14,2025-01-14 11:49:28.224362,ar.clerk@meridian.example,1310 - Debtors - MTC,1310,Debtors,Asset,1167.1,0.0,Customer,Pactrail Sports,"4110 - Sales - MTC,4130 - Freight Income - MTC",,Customer order Pactrail Sports Jan 2025,Meridian Trading Co.
d406471c66,ACC-SINV-2025-00032,P1,Sales Invoice,Sales Invoice,3,2025-01-14,2025-01-14 11:49:28.224362,ar.clerk@meridian.example,4110 - Sales - MTC,4110,Sales,Income,0.0,219.83,,,Pactrail Sports,Sales Ops - MTC,Customer order Pactrail Sports Jan 2025,Meridian Trading Co.
d67f5ac9e8,ACC-SINV-2025-00032,P1,Sales Invoice,Sales Invoice,4,2025-01-14,2025-01-14 11:49:28.224362,ar.clerk@meridian.example,ST 6% - MTC,,ST 6%,Liability,0.0,66.06,,,Pactrail Sports,Admin - MTC,Customer order Pactrail Sports Jan 2025,Meridian Trading Co.
2233d55f48,ACC-SINV-2025-00033,P1,Sales Invoice,Sales Invoice,1,2025-01-14,2025-01-14 09:58:53.229904,ar.clerk@meridian.example,4120 - Service - MTC,4120,Service,Income,0.0,13543.2,,,Brightline Offices,Warehouse - MTC,Customer order Brightline Offices Jan 2025,Meridian Trading Co.
73c17cea5b,ACC-SINV-2025-00033,P1,Sales Invoice,Sales Invoice,2,2025-01-14,2025-01-14 09:58:53.229904,ar.clerk@meridian.example,1310 - Debtors - MTC,1310,Debtors,Asset,17357.33,0.0,Customer,Brightline Offices,"4110 - Sales - MTC,4120 - Service - MTC,4130 - Freight Income - MTC",,Customer order Brightline Offices Jan 2025,Meridian Trading Co.
995c38b2e9,ACC-SINV-2025-00033,P1,Sales Invoice,Sales Invoice,3,2025-01-14,2025-01-14 09:58:53.229904,ar.clerk@meridian.example,ST 6% - MTC,,ST 6%,Liability,0.0,982.49,,,Brightline Offices,Admin - MTC,Customer order Brightline Offices Jan 2025,Meridian Trading Co.
e4d27bbe13,ACC-SINV-2025-00033,P1,Sales Invoice,Sales Invoice,4,2025-01-14,2025-01-14 09:58:53.229904,ar.clerk@meridian.example,4130 - Freight Income - MTC,4130,Freight Income,Income,0.0,1873.96,,,Brightline Offices,Admin - MTC,Customer order Brightline Offices Jan 2025,Meridian Trading Co.
e6457ed65b,ACC-SINV-2025-00033,P1,Sales Invoice,Sales Invoice,5,2025-01-14,2025-01-14 09:58:53.229904,ar.clerk@meridian.example,4110 - Sales - MTC,4110,Sales,Income,0.0,957.68,,,Brightline Offices,Sales Ops - MTC,Customer order Brightline Offices Jan 2025,Meridian Trading Co.
022afe4868,ACC-SINV-2025-00037,P1,Sales Invoice,Sales Invoice,1,2025-01-14,2025-01-14 17:15:19.146802,ar.clerk@meridian.example,4110 - Sales - MTC,4110,Sales,Income,0.0,903.79,,,Cascade Outfitters,Warehouse - MTC,Customer order Cascade Outfitters Jan 2025,Meridian Trading Co.
69ecd4cb92,ACC-SINV-2025-00037,P1,Sales Invoice,Sales Invoice,2,2025-01-14,2025-01-14 17:15:19.146802,ar.clerk@meridian.example,ST 6% - MTC,,ST 6%,Liability,0.0,117.83,,,Cascade Outfitters,Admin - MTC,Customer order Cascade Outfitters Jan 2025,Meridian Trading Co.
6fe0948354,ACC-SINV-2025-00037,P1,Sales Invoice,Sales Invoice,3,2025-01-14,2025-01-14 17:15:19.146802,ar.clerk@meridian.example,4110 - Sales - MTC,4110,Sales,Income,0.0,1060.1,,,Cascade Outfitters,Sales Ops - MTC,Customer order Cascade Outfitters Jan 2025,Meridian Trading Co.
c60b636de2,ACC-SINV-2025-00037,P1,Sales Invoice,Sales Invoice,4,2025-01-14,2025-01-14 17:15:19.146802,ar.clerk@meridian.example,1310 - Debtors - MTC,1310,Debtors,Asset,2081.72,0.0,Customer,Cascade Outfitters,4110 - Sales - MTC,,Customer order Cascade Outfitters Jan 2025,Meridian Trading Co.
cb91fa1189,ACC-PINV-2025-00010,P1,Purchase Invoice,Purchase Invoice,1,2025-01-15,2025-01-15 13:22:25.191771,ap.clerk@meridian.example,2110 - Creditors - MTC,2110,Creditors,Liability,0.0,11828.15,Supplier,Vulcan Materials Co,5111 - Cost of Goods Sold - MTC,,Vulcan Materials Co January 2025 billing,Meridian Trading Co.
d1e534834d,ACC-PINV-2025-00010,P1,Purchase Invoice,Purchase Invoice,2,2025-01-15,2025-01-15 13:22:25.191771,ap.clerk@meridian.example,5111 - Cost of Goods Sold - MTC,5111,Cost of Goods Sold,Expense,11828.15,0.0,,,Vulcan Materials Co,Warehouse - MTC,Vulcan Materials Co January 2025 billing,Meridian Trading Co.
181fabdd82,ACC-SINV-2025-00010,P1,Sales Invoice,Sales Invoice,1,2025-01-15,2025-01-15 13:36:31.130216,ar.clerk@meridian.example,4110 - Sales - MTC,4110,Sales,Income,0.0,64.45,,,Northwind Retail,Warehouse - MTC,Customer order Northwind Retail Jan 2025,Meridian Trading Co.
34e4f711f5,ACC-SINV-2025-00010,P1,Sales Invoice,Sales Invoice,2,2025-01-15,2025-01-15 13:36:31.130216,ar.clerk@meridian.example,4110 - Sales - MTC,4110,Sales,Income,0.0,691.05,,,Northwind Retail,Sales Ops - MTC,Customer order Northwind Retail Jan 2025,Meridian Trading Co.
554d6207ce,ACC-SINV-2025-00010,P1,Sales Invoice,Sales Invoice,3,2025-01-15,2025-01-15 13:36:31.130216,ar.clerk@meridian.example,ST 6% - MTC,,ST 6%,Liability,0.0,409.64,,,Northwind Retail,Admin - MTC,Customer order Northwind Retail Jan 2025,Meridian Trading Co.
8f9b9b2532,ACC-SINV-2025-00010,P1,Sales Invoice,Sales Invoice,4,2025-01-15,2025-01-15 13:36:31.130216,ar.clerk@meridian.example,1310 - Debtors - MTC,1310,Debtors,Asset,7236.9,0.0,Customer,Northwind Retail,"4110 - Sales - MTC,4120 - Service - MTC",,Customer order Northwind Retail Jan 2025,Meridian Trading Co.
9c347121d3,ACC-SINV-2025-00010,P1,Sales Invoice,Sales Invoice,5,2025-01-15,2025-01-15 13:36:31.130216,ar.clerk@meridian.example,4120 - Service - MTC,4120,Service,Income,0.0,6071.76,,,Northwind Retail,Warehouse - MTC,Customer order Northwind Retail Jan 2025,Meridian Trading Co.
0391b98231,ACC-SINV-2025-00011,P1,Sales Invoice,Sales Invoice,1,2025-01-15,2025-01-15 13:49:39.258029,ar.clerk@meridian.example,4110 - Sales - MTC,4110,Sales,Income,0.0,59.07,,,Galehouse Media,Warehouse - MTC,Customer order Galehouse Media Jan 2025,Meridian Trading Co.
1c12b52d2e,ACC-SINV-2025-00011,P1,Sales Invoice,Sales Invoice,2,2025-01-15,2025-01-15 13:49:39.258029,ar.clerk@meridian.example,ST 6% - MTC,,ST 6%,Liability,0.0,3.54,,,Galehouse Media,Admin - MTC,Customer order Galehouse Media Jan 2025,Meridian Trading Co.
fff3d8c481,ACC-SINV-2025-00011,P1,Sales Invoice,Sales Invoice,3,2025-01-15,2025-01-15 13:49:39.258029,ar.clerk@meridian.example,1310 - Debtors - MTC,1310,Debtors,Asset,62.61,0.0,Customer,Galehouse Media,4110 - Sales - MTC,,Customer order Galehouse Media Jan 2025,Meridian Trading Co.
2d8b43fe6b,ACC-SINV-2025-00012,P1,Sales Invoice,Sales Invoice,1,2025-01-15,2025-01-15 17:09:13.843493,ar.clerk@meridian.example,4110 - Sales - MTC,4110,Sales,Income,0.0,593.58,,,Redcedar Builders,Sales Ops - MTC,Customer order Redcedar Builders Jan 2025,Meridian Trading Co.
9292668429,ACC-SINV-2025-00012,P1,Sales Invoice,Sales Invoice,2,2025-01-15,2025-01-15 17:09:13.843493,ar.clerk@meridian.example,4110 - Sales - MTC,4110,Sales,Income,0.0,631.18,,,Redcedar Builders,Warehouse - MTC,Customer order Redcedar Builders Jan 2025,Meridian Trading Co.
a6efe0660a,ACC-SINV-2025-00012,P1,Sales Invoice,Sales Invoice,3,2025-01-15,2025-01-15 17:09:13.843493,ar.clerk@meridian.example,ST 6% - MTC,,ST 6%,Liability,0.0,73.49,,,Redcedar Builders,Admin - MTC,Customer order Redcedar Builders Jan 2025,Meridian Trading Co.
e647ef077c,ACC-SINV-2025-00012,P1,Sales Invoice,Sales Invoice,4,2025-01-15,2025-01-15 17:09:13.843493,ar.clerk@meridian.example,1310 - Debtors - MTC,1310,Debtors,Asset,1298.25,0.0,Customer,Redcedar Builders,4110 - Sales - MTC,,Customer order Redcedar Builders Jan 2025,Meridian Trading Co.
1efd5e767e,ACC-SINV-2025-00035,P1,Sales Invoice,Sales Invoice,1,2025-01-15,2025-01-15 12:29:20.598899,ar.clerk@meridian.example,4110 - Sales - MTC,4110,Sales,Income,0.0,28.91,,,Timberline Schools,Warehouse - MTC,Customer order Timberline Schools Jan 2025,Meridian Trading Co.
cfb7dfd26d,ACC-SINV-2025-00035,P1,Sales Invoice,Sales Invoice,2,2025-01-15,2025-01-15 12:29:20.598899,ar.clerk@meridian.example,1310 - Debtors - MTC,1310,Debtors,Asset,28.91,0.0,Customer,Timberline Schools,4110 - Sales - MTC,,Customer order Timberline Schools Jan 2025,Meridian Trading Co.
b5f1092e7b,ACC-PINV-2025-00008,P1,Purchase Invoice,Purchase Invoice,1,2025-01-16,2025-01-16 13:20:15.918360,ap.clerk@meridian.example,2110 - Creditors - MTC,2110,Creditors,Liability,0.0,6490.62,Supplier,Orchard Wholesale,5111 - Cost of Goods Sold - MTC,,Orchard Wholesale January 2025 billing,Meridian Trading Co.
f819471ed3,ACC-PINV-2025-00008,P1,Purchase Invoice,Purchase Invoice,2,2025-01-16,2025-01-16 13:20:15.918360,ap.clerk@meridian.example,5111 - Cost of Goods Sold - MTC,5111,Cost of Goods Sold,Expense,6490.62,0.0,,,Orchard Wholesale,Warehouse - MTC,Orchard Wholesale January 2025 billing,Meridian Trading Co.
24ed530954,ACC-PINV-2025-00015,P1,Purchase Invoice,Purchase Invoice,1,2025-01-16,2025-01-16 17:45:08.919615,ap.clerk@meridian.example,5205 - Freight and Forwarding Charges - MTC,5205,Freight and Forwarding Charges,Expense,1885.62,0.0,,,Beacon Freight,Admin - MTC,Beacon Freight January 2025 billing,Meridian Trading Co.
3a1229c078,ACC-PINV-2025-00015,P1,Purchase Invoice,Purchase Invoice,2,2025-01-16,2025-01-16 17:45:08.919615,ap.clerk@meridian.example,2110 - Creditors - MTC,2110,Creditors,Liability,0.0,1885.62,Supplier,Beacon Freight,5205 - Freight and Forwarding Charges - MTC,,Beacon Freight January 2025 billing,Meridian Trading Co.
58a109de4b,ACC-PINV-2025-00024,P1,Purchase Invoice,Purchase Invoice,1,2025-01-16,2025-01-16 09:06:04.204346,ap.clerk@meridian.example,2110 - Creditors - MTC,2110,Creditors,Liability,0.0,2390.09,Supplier,Harlan Office Supply,5208 - Office Maintenance Expenses - MTC,,Harlan Office Supply January 2025 billing,Meridian Trading Co.
ce1d0fc99e,ACC-PINV-2025-00024,P1,Purchase Invoice,Purchase Invoice,2,2025-01-16,2025-01-16 09:06:04.204346,ap.clerk@meridian.example,5208 - Office Maintenance Expenses - MTC,5208,Office Maintenance Expenses,Expense,2390.09,0.0,,,Harlan Office Supply,Admin - MTC,Harlan Office Supply January 2025 billing,Meridian Trading Co.
11fab1ed7d,ACC-SINV-2025-00018,P1,Sales Invoice,Sales Invoice,1,2025-01-16,2025-01-20 15:00:58.886816,ar.clerk@meridian.example,ST 6% - MTC,,ST 6%,Liability,0.0,483.98,,,Redcedar Builders,Admin - MTC,Customer order Redcedar Builders Jan 2025,Meridian Trading Co.
77f0ff6055,ACC-SINV-2025-00018,P1,Sales Invoice,Sales Invoice,2,2025-01-16,2025-01-20 15:00:58.886816,ar.clerk@meridian.example,1310 - Debtors - MTC,1310,Debtors,Asset,8550.37,0.0,Customer,Redcedar Builders,"4110 - Sales - MTC,4120 - Service - MTC",,Customer order Redcedar Builders Jan 2025,Meridian Trading Co.
93e2d443ae,ACC-SINV-2025-00018,P1,Sales Invoice,Sales Invoice,3,2025-01-16,2025-01-20 15:00:58.886816,ar.clerk@meridian.example,4110 - Sales - MTC,4110,Sales,Income,0.0,1089.23,,,Redcedar Builders,Sales Ops - MTC,Customer order Redcedar Builders Jan 2025,Meridian Trading Co.
b335fc2a67,ACC-SINV-2025-00018,P1,Sales Invoice,Sales Invoice,4,2025-01-16,2025-01-20 15:00:58.886816,ar.clerk@meridian.example,4120 - Service - MTC,4120,Service,Income,0.0,6977.16,,,Redcedar Builders,Sales Ops - MTC,Customer order Redcedar Builders Jan 2025,Meridian Trading Co.
15992b8bfb,ACC-SINV-2025-00005,P1,Sales Invoice,Sales Invoice,1,2025-01-17,2025-01-17 15:26:37.249451,ar.clerk@meridian.example,4120 - Service - MTC,4120,Service,Income,0.0,3677.5,,,Kestrel Foods,Sales Ops - MTC,Customer order Kestrel Foods Jan 2025,Meridian Trading Co.
278749b983,ACC-SINV-2025-00005,P1,Sales Invoice,Sales Invoice,2,2025-01-17,2025-01-17 15:26:37.249451,ar.clerk@meridian.example,ST 6% - MTC,,ST 6%,Liability,0.0,243.43,,,Kestrel Foods,Admin - MTC,Customer order Kestrel Foods Jan 2025,Meridian Trading Co.
2a1d1ffbea,ACC-SINV-2025-00005,P1,Sales Invoice,Sales Invoice,3,2025-01-17,2025-01-17 15:26:37.249451,ar.clerk@meridian.example,1310 - Debtors - MTC,1310,Debtors,Asset,4300.64,0.0,Customer,Kestrel Foods,"4110 - Sales - MTC,4120 - Service - MTC",,Customer order Kestrel Foods Jan 2025,Meridian Trading Co.
2a4cf025d0,ACC-SINV-2025-00005,P1,Sales Invoice,Sales Invoice,4,2025-01-17,2025-01-17 15:26:37.249451,ar.clerk@meridian.example,4110 - Sales - MTC,4110,Sales,Income,0.0,379.71,,,Kestrel Foods,Sales Ops - MTC,Customer order Kestrel Foods Jan 2025,Meridian Trading Co.
135eac6533,ACC-SINV-2025-00043,P1,Sales Invoice,Sales Invoice,1,2025-01-17,2025-01-17 17:46:16.299733,ar.clerk@meridian.example,4110 - Sales - MTC,4110,Sales,Income,0.0,1438.29,,,Timberline Schools,Warehouse - MTC,Customer order Timberline Schools Jan 2025,Meridian Trading Co.
5457ad2ffe,ACC-SINV-2025-00043,P1,Sales Invoice,Sales Invoice,2,2025-01-17,2025-01-17 17:46:16.299733,ar.clerk@meridian.example,1310 - Debtors - MTC,1310,Debtors,Asset,10620.89,0.0,Customer,Timberline Schools,"4110 - Sales - MTC,4120 - Service - MTC,4130 - Freight Income - MTC",,Customer order Timberline Schools Jan 2025,Meridian Trading Co.
7ce907eee5,ACC-SINV-2025-00043,P1,Sales Invoice,Sales Invoice,3,2025-01-17,2025-01-17 17:46:16.299733,ar.clerk@meridian.example,4110 - Sales - MTC,4110,Sales,Income,0.0,422.18,,,Timberline Schools,Sales Ops - MTC,Customer order Timberline Schools Jan 2025,Meridian Trading Co.
7e14184760,ACC-SINV-2025-00043,P1,Sales Invoice,Sales Invoice,4,2025-01-17,2025-01-17 17:46:16.299733,ar.clerk@meridian.example,4120 - Service - MTC,4120,Service,Income,0.0,7314.34,,,Timberline Schools,Sales Ops - MTC,Customer order Timberline Schools Jan 2025,Meridian Trading Co.
d5fb576b37,ACC-SINV-2025-00043,P1,Sales Invoice,Sales Invoice,5,2025-01-17,2025-01-17 17:46:16.299733,ar.clerk@meridian.example,4130 - Freight Income - MTC,4130,Freight Income,Income,0.0,1446.08,,,Timberline Schools,Admin - MTC,Customer order Timberline Schools Jan 2025,Meridian Trading Co.
0e7a52ba0f,ACC-PAY-2025-00001,P1,Payment Entry,Payment Entry,1,2025-01-20,2025-01-20 10:16:01.366306,ar.clerk@meridian.example,1310 - Debtors - MTC,1310,Debtors,Asset,0.0,18634.27,Customer,Halstrom Supply,1210 - Primary Checking - MTC,,Amount USD 18634.27 received from Halstrom Supply | Transaction reference no ACH-25-00002 dated 2025-01-20 | Amount USD 18634.27 adjusted against Sales Invoice ACC-SINV-2025-00002,Meridian Trading Co.
11f5427019,ACC-PAY-2025-00001,P1,Payment Entry,Payment Entry,2,2025-01-20,2025-01-20 10:16:01.366306,ar.clerk@meridian.example,1210 - Primary Checking - MTC,1210,Primary Checking,Asset,18634.27,0.0,,,Halstrom Supply,,Amount USD 18634.27 received from Halstrom Supply | Transaction reference no ACH-25-00002 dated 2025-01-20 | Amount USD 18634.27 adjusted against Sales Invoice ACC-SINV-2025-00002,Meridian Trading Co.
5ae5a6646d,ACC-PAY-2025-00012,P1,Payment Entry,Payment Entry,1,2025-01-20,2025-01-20 17:06:57.713214,ar.clerk@meridian.example,1310 - Debtors - MTC,1310,Debtors,Asset,0.0,3203.59,Customer,Summit Rentals,1210 - Primary Checking - MTC,,Amount USD 3203.59 received from Summit Rentals | Transaction reference no ACH-25-00014 dated 2025-01-20 | Amount USD 3203.59 adjusted against Sales Invoice ACC-SINV-2025-00014,Meridian Trading Co.
c61e6a4496,ACC-PAY-2025-00012,P1,Payment Entry,Payment Entry,2,2025-01-20,2025-01-20 17:06:57.713214,ar.clerk@meridian.example,1210 - Primary Checking - MTC,1210,Primary Checking,Asset,3203.59,0.0,,,Summit Rentals,,Amount USD 3203.59 received from Summit Rentals | Transaction reference no ACH-25-00014 dated 2025-01-20 | Amount USD 3203.59 adjusted against Sales Invoice ACC-SINV-2025-00014,Meridian Trading Co.
10e955a473,ACC-PINV-2025-00021,P1,Purchase Invoice,Purchase Invoice,1,2025-01-20,2025-01-20 08:39:44.990797,ap.clerk@meridian.example,5209 - Office Rent - MTC,5209,Office Rent,Expense,135.75,0.0,,,Metro Utilities,Admin - MTC,Metro Utilities January 2025 billing,Meridian Trading Co.
5557f98227,ACC-PINV-2025-00021,P1,Purchase Invoice,Purchase Invoice,2,2025-01-20,2025-01-20 08:39:44.990797,ap.clerk@meridian.example,2110 - Creditors - MTC,2110,Creditors,Liability,0.0,5683.98,Supplier,Metro Utilities,"5217 - Utility Expenses - MTC,5209 - Office Rent - MTC",,Metro Utilities January 2025 billing,Meridian Trading Co.
660208fe91,ACC-PINV-2025-00021,P1,Purchase Invoice,Purchase Invoice,3,2025-01-20,2025-01-20 08:39:44.990797,ap.clerk@meridian.example,5217 - Utility Expenses - MTC,5217,Utility Expenses,Expense,5548.23,0.0,,,Metro Utilities,Admin - MTC,Metro Utilities January 2025 billing,Meridian Trading Co.
28c6fc8b20,ACC-SINV-2025-00025,P1,Sales Invoice,Sales Invoice,1,2025-01-20,2025-01-20 13:48:54.232219,ar.clerk@meridian.example,4110 - Sales - MTC,4110,Sales,Income,0.0,459.48,,,Ovation Events,Warehouse - MTC,Customer order Ovation Events Jan 2025,Meridian Trading Co.
4e791f161a,ACC-SINV-2025-00025,P1,Sales Invoice,Sales Invoice,2,2025-01-20,2025-01-20 13:48:54.232219,ar.clerk@meridian.example,1310 - Debtors - MTC,1310,Debtors,Asset,2837.14,0.0,Customer,Ovation Events,4110 - Sales - MTC,,Customer order Ovation Events Jan 2025,Meridian Trading Co.
8dc0bfc261,ACC-SINV-2025-00025,P1,Sales Invoice,Sales Invoice,3,2025-01-20,2025-01-20 13:48:54.232219,ar.clerk@meridian.example,4110 - Sales - MTC,4110,Sales,Income,0.0,2377.66,,,Ovation Events,Sales Ops - MTC,Customer order Ovation Events Jan 2025,Meridian Trading Co.
3ba2a32426,ACC-SINV-2025-00027,P1,Sales Invoice,Sales Invoice,1,2025-01-20,2025-01-20 14:24:12.481082,ar.clerk@meridian.example,1310 - Debtors - MTC,1310,Debtors,Asset,3731.19,0.0,Customer,Northwind Retail,"4130 - Freight Income - MTC,4110 - Sales - MTC",,Customer order Northwind Retail Jan 2025,Meridian Trading Co.
4dbb5d161a,ACC-SINV-2025-00027,P1,Sales Invoice,Sales Invoice,2,2025-01-20,2025-01-20 14:24:12.481082,ar.clerk@meridian.example,4130 - Freight Income - MTC,4130,Freight Income,Income,0.0,1273.02,,,Northwind Retail,Admin - MTC,Customer order Northwind Retail Jan 2025,Meridian Trading Co.
8251000c98,ACC-SINV-2025-00027,P1,Sales Invoice,Sales Invoice,3,2025-01-20,2025-01-20 14:24:12.481082,ar.clerk@meridian.example,4110 - Sales - MTC,4110,Sales,Income,0.0,1406.79,,,Northwind Retail,Warehouse - MTC,Customer order Northwind Retail Jan 2025,Meridian Trading Co.
9fe9254d22,ACC-SINV-2025-00027,P1,Sales Invoice,Sales Invoice,4,2025-01-20,2025-01-20 14:24:12.481082,ar.clerk@meridian.example,ST 6% - MTC,,ST 6%,Liability,0.0,211.2,,,Northwind Retail,Admin - MTC,Customer order Northwind Retail Jan 2025,Meridian Trading Co.
c30237e8d8,ACC-SINV-2025-00027,P1,Sales Invoice,Sales Invoice,5,2025-01-20,2025-01-20 14:24:12.481082,ar.clerk@meridian.example,4110 - Sales - MTC,4110,Sales,Income,0.0,840.18,,,Northwind Retail,Sales Ops - MTC,Customer order Northwind Retail Jan 2025,Meridian Trading Co.
7b180e21fb,ACC-SINV-2025-00028,P1,Sales Invoice,Sales Invoice,1,2025-01-20,2025-01-20 14:14:33.225498,ar.clerk@meridian.example,4110 - Sales - MTC,4110,Sales,Income,0.0,488.64,,,Kestrel Foods,Sales Ops - MTC,Customer order Kestrel Foods Jan 2025,Meridian Trading Co.
af9fec9f5c,ACC-SINV-2025-00028,P1,Sales Invoice,Sales Invoice,2,2025-01-20,2025-01-20 14:14:33.225498,ar.clerk@meridian.example,ST 6% - MTC,,ST 6%,Liability,0.0,29.32,,,Kestrel Foods,Admin - MTC,Customer order Kestrel Foods Jan 2025,Meridian Trading Co.
eee69cca6c,ACC-SINV-2025-00028,P1,Sales Invoice,Sales Invoice,3,2025-01-20,2025-01-20 14:14:33.225498,ar.clerk@meridian.example,1310 - Debtors - MTC,1310,Debtors,Asset,517.96,0.0,Customer,Kestrel Foods,4110 - Sales - MTC,,Customer order Kestrel Foods Jan 2025,Meridian Trading Co.
5eef75a422,ACC-SINV-2025-00048,P1,Sales Invoice,Sales Invoice,1,2025-01-20,2025-01-20 17:48:59.483724,controller@meridian.example,ST 6% - MTC,,ST 6%,Liability,0.0,824.51,,,Halstrom Supply,Admin - MTC,Customer order Halstrom Supply Jan 2025,Meridian Trading Co.
8982c22de9,ACC-SINV-2025-00048,P1,Sales Invoice,Sales Invoice,2,2025-01-20,2025-01-20 17:48:59.483724,controller@meridian.example,1310 - Debtors - MTC,1310,Debtors,Asset,14566.27,0.0,Customer,Halstrom Supply,"4110 - Sales - MTC,4120 - Service - MTC",,Customer order Halstrom Supply Jan 2025,Meridian Trading Co.
d55bb5d413,ACC-SINV-2025-00048,P1,Sales Invoice,Sales Invoice,3,2025-01-20,2025-01-20 17:48:59.483724,controller@meridian.example,4110 - Sales - MTC,4110,Sales,Income,0.0,549.2,,,Halstrom Supply,Warehouse - MTC,Customer order Halstrom Supply Jan 2025,Meridian Trading Co.
d675e4232d,ACC-SINV-2025-00048,P1,Sales Invoice,Sales Invoice,4,2025-01-20,2025-01-20 17:48:59.483724,controller@meridian.example,4110 - Sales - MTC,4110,Sales,Income,0.0,987.76,,,Halstrom Supply,Sales Ops - MTC,Customer order Halstrom Supply Jan 2025,Meridian Trading Co.
f0bdb5dae8,ACC-SINV-2025-00048,P1,Sales Invoice,Sales Invoice,5,2025-01-20,2025-01-20 17:48:59.483724,controller@meridian.example,4120 - Service - MTC,4120,Service,Income,0.0,12204.8,,,Halstrom Supply,Warehouse - MTC,Customer order Halstrom Supply Jan 2025,Meridian Trading Co.
96fe340361,ACC-SINV-2025-00053,P1,Sales Invoice,Credit Note,1,2025-01-20,2025-01-20 08:43:38.834980,ar.clerk@meridian.example,4110 - Sales - MTC,4110,Sales,Income,167.4,0.0,,,Redcedar Builders,Sales Ops - MTC,Return against ACC-SINV-2025-00041,Meridian Trading Co.
9ec7d6ea37,ACC-SINV-2025-00053,P1,Sales Invoice,Credit Note,2,2025-01-20,2025-01-20 08:43:38.834980,ar.clerk@meridian.example,1310 - Debtors - MTC,1310,Debtors,Asset,0.0,167.4,Customer,Redcedar Builders,4110 - Sales - MTC,,Return against ACC-SINV-2025-00041,Meridian Trading Co.
d021e43224,ACC-PAY-2025-00003,P1,Payment Entry,Payment Entry,1,2025-01-21,2025-01-21 12:14:06.407674,ar.clerk@meridian.example,1310 - Debtors - MTC,1310,Debtors,Asset,0.0,14422.39,Customer,Kestrel Foods,1210 - Primary Checking - MTC,,Amount USD 14422.39 received from Kestrel Foods | Transaction reference no ACH-25-00004 dated 2025-01-21 | Amount USD 14422.39 adjusted against Sales Invoice ACC-SINV-2025-00004,Meridian Trading Co.
ff66644d24,ACC-PAY-2025-00003,P1,Payment Entry,Payment Entry,2,2025-01-21,2025-01-21 12:14:06.407674,ar.clerk@meridian.example,1210 - Primary Checking - MTC,1210,Primary Checking,Asset,14422.39,0.0,,,Kestrel Foods,,Amount USD 14422.39 received from Kestrel Foods | Transaction reference no ACH-25-00004 dated 2025-01-21 | Amount USD 14422.39 adjusted against Sales Invoice ACC-SINV-2025-00004,Meridian Trading Co.
38638ce889,ACC-PINV-2025-00014,P1,Purchase Invoice,Purchase Invoice,1,2025-01-21,2025-01-21 14:27:02.994230,ap.clerk@meridian.example,5205 - Freight and Forwarding Charges - MTC,5205,Freight and Forwarding Charges,Expense,12809.24,0.0,,,Beacon Freight,Admin - MTC,Beacon Freight January 2025 billing,Meridian Trading Co.
3fbc884cb6,ACC-PINV-2025-00014,P1,Purchase Invoice,Purchase Invoice,2,2025-01-21,2025-01-21 14:27:02.994230,ap.clerk@meridian.example,2110 - Creditors - MTC,2110,Creditors,Liability,0.0,12809.24,Supplier,Beacon Freight,5205 - Freight and Forwarding Charges - MTC,,Beacon Freight January 2025 billing,Meridian Trading Co.
5aaeaea233,ACC-SINV-2025-00015,P1,Sales Invoice,Sales Invoice,1,2025-01-21,2025-01-21 09:09:15.837888,ar.clerk@meridian.example,ST 6% - MTC,,ST 6%,Liability,0.0,1350.46,,,Summit Rentals,Admin - MTC,Customer order Summit Rentals Jan 2025,Meridian Trading Co.
734a273658,ACC-SINV-2025-00015,P1,Sales Invoice,Sales Invoice,2,2025-01-21,2025-01-21 09:09:15.837888,ar.clerk@meridian.example,4110 - Sales - MTC,4110,Sales,Income,0.0,2891.94,,,Summit Rentals,Sales Ops - MTC,Customer order Summit Rentals Jan 2025,Meridian Trading Co.
a71ac4522c,ACC-SINV-2025-00015,P1,Sales Invoice,Sales Invoice,3,2025-01-21,2025-01-21 09:09:15.837888,ar.clerk@meridian.example,4110 - Sales - MTC,4110,Sales,Income,0.0,13.16,,,Summit Rentals,Warehouse - MTC,Customer order Summit Rentals Jan 2025,Meridian Trading Co.
d37303cf0e,ACC-SINV-2025-00015,P1,Sales Invoice,Sales Invoice,4,2025-01-21,2025-01-21 09:09:15.837888,ar.clerk@meridian.example,4120 - Service - MTC,4120,Service,Income,0.0,19602.56,,,Summit Rentals,Admin - MTC,Customer order Summit Rentals Jan 2025,Meridian Trading Co.
f374900c36,ACC-SINV-2025-00015,P1,Sales Invoice,Sales Invoice,5,2025-01-21,2025-01-21 09:09:15.837888,ar.clerk@meridian.example,1310 - Debtors - MTC,1310,Debtors,Asset,23858.12,0.0,Customer,Summit Rentals,"4110 - Sales - MTC,4120 - Service - MTC",,Customer order Summit Rentals Jan 2025,Meridian Trading Co.
84b283c84e,ACC-PAY-2025-00016,P1,Payment Entry,Payment Entry,1,2025-01-22,2025-01-22 17:51:17.768466,ar.clerk@meridian.example,1310 - Debtors - MTC,1310,Debtors,Asset,0.0,8550.37,Customer,Redcedar Builders,1210 - Primary Checking - MTC,,Amount USD 8550.37 received from Redcedar Builders | Transaction reference no ACH-25-00018 dated 2025-01-22 | Amount USD 8550.37 adjusted against Sales Invoice ACC-SINV-2025-00018,Meridian Trading Co.
fd16194546,ACC-PAY-2025-00016,P1,Payment Entry,Payment Entry,2,2025-01-22,2025-01-22 17:51:17.768466,ar.clerk@meridian.example,1210 - Primary Checking - MTC,1210,Primary Checking,Asset,8550.37,0.0,,,Redcedar Builders,,Amount USD 8550.37 received from Redcedar Builders | Transaction reference no ACH-25-00018 dated 2025-01-22 | Amount USD 8550.37 adjusted against Sales Invoice ACC-SINV-2025-00018,Meridian Trading Co.
0554799768,ACC-PINV-2025-00016,P1,Purchase Invoice,Purchase Invoice,1,2025-01-22,2025-01-22 09:12:09.200234,ap.clerk@meridian.example,5211 - Print and Stationery - MTC,5211,Print and Stationery,Expense,2371.86,0.0,,,Beacon Freight,Admin - MTC,Beacon Freight January 2025 billing,Meridian Trading Co.
374ad3d558,ACC-PINV-2025-00016,P1,Purchase Invoice,Purchase Invoice,2,2025-01-22,2025-01-22 09:12:09.200234,ap.clerk@meridian.example,5205 - Freight and Forwarding Charges - MTC,5205,Freight and Forwarding Charges,Expense,7212.73,0.0,,,Beacon Freight,Admin - MTC,Beacon Freight January 2025 billing,Meridian Trading Co.
f9c6051e70,ACC-PINV-2025-00016,P1,Purchase Invoice,Purchase Invoice,3,2025-01-22,2025-01-22 09:12:09.200234,ap.clerk@meridian.example,2110 - Creditors - MTC,2110,Creditors,Liability,0.0,9584.59,Supplier,Beacon Freight,"5205 - Freight and Forwarding Charges - MTC,5211 - Print and Stationery - MTC",,Beacon Freight January 2025 billing,Meridian Trading Co.
5efc5221f7,ACC-SINV-2025-00006,P1,Sales Invoice,Sales Invoice,1,2025-01-22,2025-01-22 13:24:57.073505,ar.clerk@meridian.example,4110 - Sales - MTC,4110,Sales,Income,0.0,393.33,,,Cascade Outfitters,Sales Ops - MTC,Customer order Cascade Outfitters Jan 2025,Meridian Trading Co.
683fff1801,ACC-SINV-2025-00006,P1,Sales Invoice,Sales Invoice,2,2025-01-22,2025-01-22 13:24:57.073505,ar.clerk@meridian.example,4120 - Service - MTC,4120,Service,Income,0.0,2733.36,,,Cascade Outfitters,Sales Ops - MTC,Customer order Cascade Outfitters Jan 2025,Meridian Trading Co.
7f59e9daa3,ACC-SINV-2025-00006,P1,Sales Invoice,Sales Invoice,3,2025-01-22,2025-01-22 13:24:57.073505,ar.clerk@meridian.example,4110 - Sales - MTC,4110,Sales,Income,0.0,235.08,,,Cascade Outfitters,Warehouse - MTC,Customer order Cascade Outfitters Jan 2025,Meridian Trading Co.
8fcbfc1422,ACC-SINV-2025-00006,P1,Sales Invoice,Sales Invoice,4,2025-01-22,2025-01-22 13:24:57.073505,ar.clerk@meridian.example,1310 - Debtors - MTC,1310,Debtors,Asset,3563.48,0.0,Customer,Cascade Outfitters,"4120 - Service - MTC,4110 - Sales - MTC",,Customer order Cascade Outfitters Jan 2025,Meridian Trading Co.
aa24d827ba,ACC-SINV-2025-00006,P1,Sales Invoice,Sales Invoice,5,2025-01-22,2025-01-22 13:24:57.073505,ar.clerk@meridian.example,ST 6% - MTC,,ST 6%,Liability,0.0,201.71,,,Cascade Outfitters,Admin - MTC,Customer order Cascade Outfitters Jan 2025,Meridian Trading Co.
34217c7ad8,ACC-SINV-2025-00042,P1,Sales Invoice,Sales Invoice,1,2025-01-22,2025-01-22 12:24:23.510029,ar.clerk@meridian.example,1310 - Debtors - MTC,1310,Debtors,Asset,714.58,0.0,Customer,Brightline Offices,4110 - Sales - MTC,,Customer order Brightline Offices Jan 2025,Meridian Trading Co.
70ef1594b1,ACC-SINV-2025-00042,P1,Sales Invoice,Sales Invoice,2,2025-01-22,2025-01-22 12:24:23.510029,ar.clerk@meridian.example,ST 6% - MTC,,ST 6%,Liability,0.0,40.45,,,Brightline Offices,Admin - MTC,Customer order Brightline Offices Jan 2025,Meridian Trading Co.
c32b7cc2dc,ACC-SINV-2025-00042,P1,Sales Invoice,Sales Invoice,3,2025-01-22,2025-01-22 12:24:23.510029,ar.clerk@meridian.example,4110 - Sales - MTC,4110,Sales,Income,0.0,674.13,,,Brightline Offices,Sales Ops - MTC,Customer order Brightline Offices Jan 2025,Meridian Trading Co.
2c6877299c,ACC-PINV-2025-00019,P1,Purchase Invoice,Purchase Invoice,1,2025-01-23,2025-01-23 09:12:44.112134,ap.clerk@meridian.example,5230 - IT and Software Expenses - MTC,5230,IT and Software Expenses,Expense,9793.39,0.0,,,Cobalt IT Services,Admin - MTC,Cobalt IT Services January 2025 billing,Meridian Trading Co.
8302eb1ce2,ACC-PINV-2025-00019,P1,Purchase Invoice,Purchase Invoice,2,2025-01-23,2025-01-23 09:12:44.112134,ap.clerk@meridian.example,5210 - Postal Expenses - MTC,5210,Postal Expenses,Expense,1910.96,0.0,,,Cobalt IT Services,Admin - MTC,Cobalt IT Services January 2025 billing,Meridian Trading Co.
d722af47c7,ACC-PINV-2025-00019,P1,Purchase Invoice,Purchase Invoice,3,2025-01-23,2025-01-23 09:12:44.112134,ap.clerk@meridian.example,2110 - Creditors - MTC,2110,Creditors,Liability,0.0,11704.35,Supplier,Cobalt IT Services,"5230 - IT and Software Expenses - MTC,5210 - Postal Expenses - MTC",,Cobalt IT Services January 2025 billing,Meridian Trading Co.
1caadccb78,ACC-SINV-2025-00024,P1,Sales Invoice,Sales Invoice,1,2025-01-23,2025-01-23 12:45:57.850474,ar.clerk@meridian.example,ST 6% - MTC,,ST 6%,Liability,0.0,5.93,,,Halstrom Supply,Admin - MTC,Customer order Halstrom Supply Jan 2025,Meridian Trading Co.
324481f9e3,ACC-SINV-2025-00024,P1,Sales Invoice,Sales Invoice,2,2025-01-23,2025-01-23 12:45:57.850474,ar.clerk@meridian.example,4110 - Sales - MTC,4110,Sales,Income,0.0,98.88,,,Halstrom Supply,Warehouse - MTC,Customer order Halstrom Supply Jan 2025,Meridian Trading Co.
b51a37bd04,ACC-SINV-2025-00024,P1,Sales Invoice,Sales Invoice,3,2025-01-23,2025-01-23 12:45:57.850474,ar.clerk@meridian.example,1310 - Debtors - MTC,1310,Debtors,Asset,104.81,0.0,Customer,Halstrom Supply,4110 - Sales - MTC,,Customer order Halstrom Supply Jan 2025,Meridian Trading Co.
0bd8b2c8ad,ACC-SINV-2025-00030,P1,Sales Invoice,Sales Invoice,1,2025-01-23,2025-01-31 08:55:17.045883,ar.clerk@meridian.example,4130 - Freight Income - MTC,4130,Freight Income,Income,0.0,1854.8,,,Cascade Outfitters,Admin - MTC,Customer order Cascade Outfitters Jan 2025,Meridian Trading Co.
1f643e594d,ACC-SINV-2025-00030,P1,Sales Invoice,Sales Invoice,2,2025-01-23,2025-01-31 08:55:17.045883,ar.clerk@meridian.example,ST 6% - MTC,,ST 6%,Liability,0.0,168.14,,,Cascade Outfitters,Admin - MTC,Customer order Cascade Outfitters Jan 2025,Meridian Trading Co.
8d769926de,ACC-SINV-2025-00030,P1,Sales Invoice,Sales Invoice,3,2025-01-23,2025-01-31 08:55:17.045883,ar.clerk@meridian.example,4110 - Sales - MTC,4110,Sales,Income,0.0,947.52,,,Cascade Outfitters,Sales Ops - MTC,Customer order Cascade Outfitters Jan 2025,Meridian Trading Co.
ea69483665,ACC-SINV-2025-00030,P1,Sales Invoice,Sales Invoice,4,2025-01-23,2025-01-31 08:55:17.045883,ar.clerk@meridian.example,1310 - Debtors - MTC,1310,Debtors,Asset,2970.46,0.0,Customer,Cascade Outfitters,"4110 - Sales - MTC,4130 - Freight Income - MTC",,Customer order Cascade Outfitters Jan 2025,Meridian Trading Co.
04231a4057,ACC-SINV-2025-00034,P1,Sales Invoice,Sales Invoice,1,2025-01-23,2025-01-23 12:45:14.978705,ar.clerk@meridian.example,ST 6% - MTC,,ST 6%,Liability,0.0,24.45,,,Cascade Outfitters,Admin - MTC,Customer order Cascade Outfitters Jan 2025,Meridian Trading Co.
7e5c8e895f,ACC-SINV-2025-00034,P1,Sales Invoice,Sales Invoice,2,2025-01-23,2025-01-23 12:45:14.978705,ar.clerk@meridian.example,4110 - Sales - MTC,4110,Sales,Income,0.0,210.6,,,Cascade Outfitters,Sales Ops - MTC,Customer order Cascade Outfitters Jan 2025,Meridian Trading Co.
c9b3634515,ACC-SINV-2025-00034,P1,Sales Invoice,Sales Invoice,3,2025-01-23,2025-01-23 12:45:14.978705,ar.clerk@meridian.example,1310 - Debtors - MTC,1310,Debtors,Asset,432.03,0.0,Customer,Cascade Outfitters,4110 - Sales - MTC,,Customer order Cascade Outfitters Jan 2025,Meridian Trading Co.
f6b8b6abb4,ACC-SINV-2025-00034,P1,Sales Invoice,Sales Invoice,4,2025-01-23,2025-01-23 12:45:14.978705,ar.clerk@meridian.example,4110 - Sales - MTC,4110,Sales,Income,0.0,196.98,,,Cascade Outfitters,Warehouse - MTC,Customer order Cascade Outfitters Jan 2025,Meridian Trading Co.
a302e270a7,ACC-JV-2025-00010,P1,Journal Entry,Journal Entry,1,2025-01-24,2025-01-24 10:56:09.324381,controller@meridian.example,5217 - Utility Expenses - MTC,5217,Utility Expenses,Expense,10000.0,0.0,,,2150 - Accrued Expenses - MTC,Admin - MTC,,Meridian Trading Co.
e889d3757d,ACC-JV-2025-00010,P1,Journal Entry,Journal Entry,2,2025-01-24,2025-01-24 10:56:09.324381,controller@meridian.example,2150 - Accrued Expenses - MTC,2150,Accrued Expenses,Liability,0.0,10000.0,,,5217 - Utility Expenses - MTC,Admin - MTC,,Meridian Trading Co.
26798e640b,ACC-PAY-2025-00015,P1,Payment Entry,Payment Entry,1,2025-01-24,2025-01-24 09:23:57.837356,ar.clerk@meridian.example,1210 - Primary Checking - MTC,1210,Primary Checking,Asset,9789.1,0.0,,,Redcedar Builders,,Amount USD 9789.1 received from Redcedar Builders | Transaction reference no ACH-25-00017 dated 2025-01-24 | Amount USD 9789.1 adjusted against Sales Invoice ACC-SINV-2025-00017,Meridian Trading Co.
aadfc42c43,ACC-PAY-2025-00015,P1,Payment Entry,Payment Entry,2,2025-01-24,2025-01-24 09:23:57.837356,ar.clerk@meridian.example,1310 - Debtors - MTC,1310,Debtors,Asset,0.0,9789.1,Customer,Redcedar Builders,1210 - Primary Checking - MTC,,Amount USD 9789.1 received from Redcedar Builders | Transaction reference no ACH-25-00017 dated 2025-01-24 | Amount USD 9789.1 adjusted against Sales Invoice ACC-SINV-2025-00017,Meridian Trading Co.
9e92bc8842,ACC-PINV-2025-00027,P1,Purchase Invoice,Purchase Invoice,1,2025-01-24,2025-01-24 13:47:48.753158,ap.clerk@meridian.example,2110 - Creditors - MTC,2110,Creditors,Liability,0.0,7953.02,Supplier,Ironclad Security,5229 - Security Expenses - MTC,,Ironclad Security January 2025 billing,Meridian Trading Co.
d1a2a7a782,ACC-PINV-2025-00027,P1,Purchase Invoice,Purchase Invoice,2,2025-01-24,2025-01-24 13:47:48.753158,ap.clerk@meridian.example,5229 - Security Expenses - MTC,5229,Security Expenses,Expense,7953.02,0.0,,,Ironclad Security,Admin - MTC,Ironclad Security January 2025 billing,Meridian Trading Co.
24809ab0cd,ACC-SINV-2025-00047,P1,Sales Invoice,Sales Invoice,1,2025-01-24,2025-01-24 12:46:37.918376,ar.clerk@meridian.example,1310 - Debtors - MTC,1310,Debtors,Asset,11032.06,0.0,Customer,Ferrous Works,"4110 - Sales - MTC,4120 - Service - MTC",,Customer order Ferrous Works Jan 2025,Meridian Trading Co.
288e97682e,ACC-SINV-2025-00047,P1,Sales Invoice,Sales Invoice,2,2025-01-24,2025-01-24 12:46:37.918376,ar.clerk@meridian.example,4110 - Sales - MTC,4110,Sales,Income,0.0,857.62,,,Ferrous Works,Warehouse - MTC,Customer order Ferrous Works Jan 2025,Meridian Trading Co.
426fc7bc41,ACC-SINV-2025-00047,P1,Sales Invoice,Sales Invoice,3,2025-01-24,2025-01-24 12:46:37.918376,ar.clerk@meridian.example,ST 6% - MTC,,ST 6%,Liability,0.0,624.46,,,Ferrous Works,Admin - MTC,Customer order Ferrous Works Jan 2025,Meridian Trading Co.
6791e4da40,ACC-SINV-2025-00047,P1,Sales Invoice,Sales Invoice,4,2025-01-24,2025-01-24 12:46:37.918376,ar.clerk@meridian.example,4110 - Sales - MTC,4110,Sales,Income,0.0,771.54,,,Ferrous Works,Sales Ops - MTC,Customer order Ferrous Works Jan 2025,Meridian Trading Co.
ca0b9663d8,ACC-SINV-2025-00047,P1,Sales Invoice,Sales Invoice,5,2025-01-24,2025-01-24 12:46:37.918376,ar.clerk@meridian.example,4120 - Service - MTC,4120,Service,Income,0.0,8778.44,,,Ferrous Works,Warehouse - MTC,Customer order Ferrous Works Jan 2025,Meridian Trading Co.
1bc3db2ab8,ACC-PAY-2025-00045,P1,Payment Entry,Payment Entry,1,2025-01-25,2025-01-27 14:00:59.002464,ap.clerk@meridian.example,2110 - Creditors - MTC,2110,Creditors,Liability,13956.87,0.0,Supplier,Orchard Wholesale,1210 - Primary Checking - MTC,,Amount USD 13956.87 paid to Orchard Wholesale | Transaction reference no ACH-25-00002 dated 2025-01-25 | Amount USD 13956.87 adjusted against Purchase Invoice ACC-PINV-2025-00002,Meridian Trading Co.
bb3dd616ec,ACC-PAY-2025-00045,P1,Payment Entry,Payment Entry,2,2025-01-25,2025-01-27 14:00:59.002464,ap.clerk@meridian.example,1210 - Primary Checking - MTC,1210,Primary Checking,Asset,0.0,13956.87,,,Orchard Wholesale,,Amount USD 13956.87 paid to Orchard Wholesale | Transaction reference no ACH-25-00002 dated 2025-01-25 | Amount USD 13956.87 adjusted against Purchase Invoice ACC-PINV-2025-00002,Meridian Trading Co.
8f2590cbf1,ACC-PAY-2025-00061,P1,Payment Entry,Payment Entry,1,2025-01-25,2025-01-27 13:22:48.475853,ap.clerk@meridian.example,1210 - Primary Checking - MTC,1210,Primary Checking,Asset,0.0,17492.18,,,Stateside Insurance,,Amount USD 17492.18 paid to Stateside Insurance | Transaction reference no ACH-25-00020 dated 2025-01-25 | Amount USD 17492.18 adjusted against Purchase Invoice ACC-PINV-2025-00020,Meridian Trading Co.
b806808028,ACC-PAY-2025-00061,P1,Payment Entry,Payment Entry,2,2025-01-25,2025-01-27 13:22:48.475853,ap.clerk@meridian.example,2110 - Creditors - MTC,2110,Creditors,Liability,17492.18,0.0,Supplier,Stateside Insurance,1210 - Primary Checking - MTC,,Amount USD 17492.18 paid to Stateside Insurance | Transaction reference no ACH-25-00020 dated 2025-01-25 | Amount USD 17492.18 adjusted against Purchase Invoice ACC-PINV-2025-00020,Meridian Trading Co.
953f8e7819,ACC-PAY-2025-00005,P1,Payment Entry,Payment Entry,1,2025-01-26,2025-01-27 13:57:11.234400,ar.clerk@meridian.example,1210 - Primary Checking - MTC,1210,Primary Checking,Asset,87.42,0.0,,,Ovation Events,,Amount USD 87.42 received from Ovation Events | Transaction reference no ACH-25-00007 dated 2025-01-26 | Amount USD 87.42 adjusted against Sales Invoice ACC-SINV-2025-00007,Meridian Trading Co.
a420e73934,ACC-PAY-2025-00005,P1,Payment Entry,Payment Entry,2,2025-01-26,2025-01-27 13:57:11.234400,ar.clerk@meridian.example,1310 - Debtors - MTC,1310,Debtors,Asset,0.0,87.42,Customer,Ovation Events,1210 - Primary Checking - MTC,,Amount USD 87.42 received from Ovation Events | Transaction reference no ACH-25-00007 dated 2025-01-26 | Amount USD 87.42 adjusted against Sales Invoice ACC-SINV-2025-00007,Meridian Trading Co.
0a77db01cf,ACC-PAY-2025-00063,P1,Payment Entry,Payment Entry,1,2025-01-26,2025-01-27 08:05:21.228976,ap.clerk@meridian.example,2110 - Creditors - MTC,2110,Creditors,Liability,15951.77,0.0,Supplier,Metro Utilities,1210 - Primary Checking - MTC,,Amount USD 15951.77 paid to Metro Utilities | Transaction reference no ACH-25-00022 dated 2025-01-26 | Amount USD 15951.77 adjusted against Purchase Invoice ACC-PINV-2025-00022,Meridian Trading Co.
121bd12145,ACC-PAY-2025-00063,P1,Payment Entry,Payment Entry,2,2025-01-26,2025-01-27 08:05:21.228976,ap.clerk@meridian.example,1210 - Primary Checking - MTC,1210,Primary Checking,Asset,0.0,15951.77,,,Metro Utilities,,Amount USD 15951.77 paid to Metro Utilities | Transaction reference no ACH-25-00022 dated 2025-01-26 | Amount USD 15951.77 adjusted against Purchase Invoice ACC-PINV-2025-00022,Meridian Trading Co.
2731890f63,ACC-JV-2025-00009,P1,Journal Entry,Journal Entry,1,2025-01-27,2025-01-27 10:06:37.660911,controller@meridian.example,5208 - Office Maintenance Expenses - MTC,5208,Office Maintenance Expenses,Expense,0.0,4013.17,,,5223 - Miscellaneous Expenses - MTC,Admin - MTC,,Meridian Trading Co.
8826096931,ACC-JV-2025-00009,P1,Journal Entry,Journal Entry,2,2025-01-27,2025-01-27 10:06:37.660911,controller@meridian.example,5223 - Miscellaneous Expenses - MTC,5223,Miscellaneous Expenses,Expense,4013.17,0.0,,,5208 - Office Maintenance Expenses - MTC,Admin - MTC,,Meridian Trading Co.
3eb03a4e66,ACC-PINV-2025-00029,P1,Purchase Invoice,Purchase Invoice,1,2025-01-27,2025-01-27 14:45:59.365794,ap.clerk@meridian.example,2110 - Creditors - MTC,2110,Creditors,Liability,0.0,11613.2,Supplier,Fairbanks Consulting,5226 - Contractor Services - MTC,,Fairbanks Consulting January 2025 billing,Meridian Trading Co.
4068c4de3d,ACC-PINV-2025-00029,P1,Purchase Invoice,Purchase Invoice,2,2025-01-27,2025-01-27 14:45:59.365794,ap.clerk@meridian.example,5226 - Contractor Services - MTC,5226,Contractor Services,Expense,11613.2,0.0,,,Fairbanks Consulting,Admin - MTC,Fairbanks Consulting January 2025 billing,Meridian Trading Co.
89a92fe0e5,ACC-PINV-2025-00025,P1,Purchase Invoice,Purchase Invoice,1,2025-01-28,2025-01-28 08:36:57.399293,ap.clerk@meridian.example,5207 - Marketing Expenses - MTC,5207,Marketing Expenses,Expense,10055.21,0.0,,,Quill Marketing Group,Admin - MTC,Quill Marketing Group January 2025 billing,Meridian Trading Co.
9298a65b5f,ACC-PINV-2025-00025,P1,Purchase Invoice,Purchase Invoice,2,2025-01-28,2025-01-28 08:36:57.399293,ap.clerk@meridian.example,2110 - Creditors - MTC,2110,Creditors,Liability,0.0,10055.21,Supplier,Quill Marketing Group,5207 - Marketing Expenses - MTC,,Quill Marketing Group January 2025 billing,Meridian Trading Co.
1bed3b3d4c,ACC-SINV-2025-00038,P1,Sales Invoice,Sales Invoice,1,2025-01-28,2025-01-28 09:07:09.747564,ar.clerk@meridian.example,4120 - Service - MTC,4120,Service,Income,0.0,4737.6,,,Summit Rentals,Sales Ops - MTC,Customer order Summit Rentals Jan 2025,Meridian Trading Co.
25e1fa8d55,ACC-SINV-2025-00038,P1,Sales Invoice,Sales Invoice,2,2025-01-28,2025-01-28 09:07:09.747564,ar.clerk@meridian.example,ST 6% - MTC,,ST 6%,Liability,0.0,284.26,,,Summit Rentals,Admin - MTC,Customer order Summit Rentals Jan 2025,Meridian Trading Co.
ad50a20866,ACC-SINV-2025-00038,P1,Sales Invoice,Sales Invoice,3,2025-01-28,2025-01-28 09:07:09.747564,ar.clerk@meridian.example,1310 - Debtors - MTC,1310,Debtors,Asset,5021.86,0.0,Customer,Summit Rentals,4120 - Service - MTC,,Customer order Summit Rentals Jan 2025,Meridian Trading Co.
09db5c4fa5,ACC-SINV-2025-00045,P1,Sales Invoice,Sales Invoice,1,2025-01-28,2025-01-28 17:20:24.102376,ar.clerk@meridian.example,ST 6% - MTC,,ST 6%,Liability,0.0,133.59,,,Cascade Outfitters,Admin - MTC,Customer order Cascade Outfitters Jan 2025,Meridian Trading Co.
3724f6e640,ACC-SINV-2025-00045,P1,Sales Invoice,Sales Invoice,2,2025-01-28,2025-01-28 17:20:24.102376,ar.clerk@meridian.example,4110 - Sales - MTC,4110,Sales,Income,0.0,614.27,,,Cascade Outfitters,Warehouse - MTC,Customer order Cascade Outfitters Jan 2025,Meridian Trading Co.
5d200d6f86,ACC-SINV-2025-00045,P1,Sales Invoice,Sales Invoice,3,2025-01-28,2025-01-28 17:20:24.102376,ar.clerk@meridian.example,1310 - Debtors - MTC,1310,Debtors,Asset,2360.12,0.0,Customer,Cascade Outfitters,"4130 - Freight Income - MTC,4110 - Sales - MTC",,Customer order Cascade Outfitters Jan 2025,Meridian Trading Co.
8712788d19,ACC-SINV-2025-00045,P1,Sales Invoice,Sales Invoice,4,2025-01-28,2025-01-28 17:20:24.102376,ar.clerk@meridian.example,4130 - Freight Income - MTC,4130,Freight Income,Income,0.0,1612.26,,,Cascade Outfitters,Admin - MTC,Customer order Cascade Outfitters Jan 2025,Meridian Trading Co.
52324b273f,ACC-PAY-2025-00009,P1,Payment Entry,Payment Entry,1,2025-01-29,2025-01-29 14:48:36.489155,ar.clerk@meridian.example,1210 - Primary Checking - MTC,1210,Primary Checking,Asset,62.61,0.0,,,Galehouse Media,,Amount USD 62.61 received from Galehouse Media | Transaction reference no ACH-25-00011 dated 2025-01-29 | Amount USD 62.61 adjusted against Sales Invoice ACC-SINV-2025-00011,Meridian Trading Co.
e602fe98bf,ACC-PAY-2025-00009,P1,Payment Entry,Payment Entry,2,2025-01-29,2025-01-29 14:48:36.489155,ar.clerk@meridian.example,1310 - Debtors - MTC,1310,Debtors,Asset,0.0,62.61,Customer,Galehouse Media,1210 - Primary Checking - MTC,,Amount USD 62.61 received from Galehouse Media | Transaction reference no ACH-25-00011 dated 2025-01-29 | Amount USD 62.61 adjusted against Sales Invoice ACC-SINV-2025-00011,Meridian Trading Co.
2991e70db4,ACC-PINV-2025-00030,P1,Purchase Invoice,Purchase Invoice,1,2025-01-29,2025-01-29 18:00:56.089317,ap.clerk@meridian.example,2110 - Creditors - MTC,2110,Creditors,Liability,0.0,12384.05,Supplier,Fairbanks Consulting,5226 - Contractor Services - MTC,,Fairbanks Consulting January 2025 billing,Meridian Trading Co.
3b60f7f5fa,ACC-PINV-2025-00030,P1,Purchase Invoice,Purchase Invoice,2,2025-01-29,2025-01-29 18:00:56.089317,ap.clerk@meridian.example,5226 - Contractor Services - MTC,5226,Contractor Services,Expense,12384.05,0.0,,,Fairbanks Consulting,Admin - MTC,Fairbanks Consulting January 2025 billing,Meridian Trading Co.
2c875e9b70,ACC-SINV-2025-00003,P1,Sales Invoice,Sales Invoice,1,2025-01-29,2025-01-29 18:08:24.115566,ar.clerk@meridian.example,4130 - Freight Income - MTC,4130,Freight Income,Income,0.0,889.8,,,Juniper & Co,Admin - MTC,Customer order Juniper & Co Jan 2025,Meridian Trading Co.
b5bc489cba,ACC-SINV-2025-00003,P1,Sales Invoice,Sales Invoice,2,2025-01-29,2025-01-29 18:08:24.115566,ar.clerk@meridian.example,ST 6% - MTC,,ST 6%,Liability,0.0,53.39,,,Juniper & Co,Admin - MTC,Customer order Juniper & Co Jan 2025,Meridian Trading Co.
b6ad5bcf16,ACC-SINV-2025-00003,P1,Sales Invoice,Sales Invoice,3,2025-01-29,2025-01-29 18:08:24.115566,ar.clerk@meridian.example,1310 - Debtors - MTC,1310,Debtors,Asset,943.19,0.0,Customer,Juniper & Co,4130 - Freight Income - MTC,,Customer order Juniper & Co Jan 2025,Meridian Trading Co.
54f3e5781f,ACC-SINV-2025-00019,P1,Sales Invoice,Sales Invoice,1,2025-01-29,2025-01-29 16:44:49.499685,ar.clerk@meridian.example,4120 - Service - MTC,4120,Service,Income,0.0,14461.0,,,Ferrous Works,Warehouse - MTC,Customer order Ferrous Works Jan 2025,Meridian Trading Co.
61d76ddce9,ACC-SINV-2025-00019,P1,Sales Invoice,Sales Invoice,2,2025-01-29,2025-01-29 16:44:49.499685,ar.clerk@meridian.example,4110 - Sales - MTC,4110,Sales,Income,0.0,1423.89,,,Ferrous Works,Sales Ops - MTC,Customer order Ferrous Works Jan 2025,Meridian Trading Co.
677e069cc8,ACC-SINV-2025-00019,P1,Sales Invoice,Sales Invoice,3,2025-01-29,2025-01-29 16:44:49.499685,ar.clerk@meridian.example,1310 - Debtors - MTC,1310,Debtors,Asset,16837.98,0.0,Customer,Ferrous Works,"4110 - Sales - MTC,4120 - Service - MTC",,Customer order Ferrous Works Jan 2025,Meridian Trading Co.
b9da1f7b74,ACC-SINV-2025-00019,P1,Sales Invoice,Sales Invoice,4,2025-01-29,2025-01-29 16:44:49.499685,ar.clerk@meridian.example,ST 6% - MTC,,ST 6%,Liability,0.0,953.09,,,Ferrous Works,Admin - MTC,Customer order Ferrous Works Jan 2025,Meridian Trading Co.
6403f11a7b,ACC-SINV-2025-00020,P1,Sales Invoice,Sales Invoice,1,2025-01-29,2025-01-29 16:13:47.911376,ar.clerk@meridian.example,4110 - Sales - MTC,4110,Sales,Income,0.0,1359.6,,,Marlowe Interiors,Warehouse - MTC,Customer order Marlowe Interiors Jan 2025,Meridian Trading Co.
89fbeb30ea,ACC-SINV-2025-00020,P1,Sales Invoice,Sales Invoice,2,2025-01-29,2025-01-29 16:13:47.911376,ar.clerk@meridian.example,4110 - Sales - MTC,4110,Sales,Income,0.0,413.43,,,Marlowe Interiors,Sales Ops - MTC,Customer order Marlowe Interiors Jan 2025,Meridian Trading Co.
9434d901c7,ACC-SINV-2025-00020,P1,Sales Invoice,Sales Invoice,3,2025-01-29,2025-01-29 16:13:47.911376,ar.clerk@meridian.example,ST 6% - MTC,,ST 6%,Liability,0.0,106.38,,,Marlowe Interiors,Admin - MTC,Customer order Marlowe Interiors Jan 2025,Meridian Trading Co.
c18ec5064d,ACC-SINV-2025-00020,P1,Sales Invoice,Sales Invoice,4,2025-01-29,2025-01-29 16:13:47.911376,ar.clerk@meridian.example,1310 - Debtors - MTC,1310,Debtors,Asset,1879.41,0.0,Customer,Marlowe Interiors,4110 - Sales - MTC,,Customer order Marlowe Interiors Jan 2025,Meridian Trading Co.
094bfc3b19,ACC-SINV-2025-00040,P1,Sales Invoice,Sales Invoice,1,2025-01-29,2025-02-03 09:47:33.721013,ar.clerk@meridian.example,4110 - Sales - MTC,4110,Sales,Income,0.0,1349.8,,,Ovation Events,Warehouse - MTC,Customer order Ovation Events Jan 2025,Meridian Trading Co.
351914e818,ACC-SINV-2025-00040,P1,Sales Invoice,Sales Invoice,2,2025-01-29,2025-02-03 09:47:33.721013,ar.clerk@meridian.example,1310 - Debtors - MTC,1310,Debtors,Asset,4952.46,0.0,Customer,Ovation Events,"4110 - Sales - MTC,4130 - Freight Income - MTC",,Customer order Ovation Events Jan 2025,Meridian Trading Co.
4fb5b8de6f,ACC-SINV-2025-00040,P1,Sales Invoice,Sales Invoice,3,2025-01-29,2025-02-03 09:47:33.721013,ar.clerk@meridian.example,4110 - Sales - MTC,4110,Sales,Income,0.0,2237.9,,,Ovation Events,Sales Ops - MTC,Customer order Ovation Events Jan 2025,Meridian Trading Co.
8476b310a2,ACC-SINV-2025-00040,P1,Sales Invoice,Sales Invoice,4,2025-01-29,2025-02-03 09:47:33.721013,ar.clerk@meridian.example,4130 - Freight Income - MTC,4130,Freight Income,Income,0.0,1364.76,,,Ovation Events,Admin - MTC,Customer order Ovation Events Jan 2025,Meridian Trading Co.
b0e8835681,ACC-SINV-2025-00051,P1,Sales Invoice,Sales Invoice,1,2025-01-29,2025-01-29 08:35:08.903169,ar.clerk@meridian.example,1310 - Debtors - MTC,1310,Debtors,Asset,1077.91,0.0,Customer,Bluepine Hardware,4110 - Sales - MTC,,Customer order Bluepine Hardware Jan 2025,Meridian Trading Co.
c434f33cc1,ACC-SINV-2025-00051,P1,Sales Invoice,Sales Invoice,2,2025-01-29,2025-01-29 08:35:08.903169,ar.clerk@meridian.example,ST 6% - MTC,,ST 6%,Liability,0.0,61.01,,,Bluepine Hardware,Admin - MTC,Customer order Bluepine Hardware Jan 2025,Meridian Trading Co.
fa9ffc2f64,ACC-SINV-2025-00051,P1,Sales Invoice,Sales Invoice,3,2025-01-29,2025-01-29 08:35:08.903169,ar.clerk@meridian.example,4110 - Sales - MTC,4110,Sales,Income,0.0,1016.9,,,Bluepine Hardware,Warehouse - MTC,Customer order Bluepine Hardware Jan 2025,Meridian Trading Co.
0fed0f2c2d,ACC-JV-2025-00006,P1,Journal Entry,Journal Entry,1,2025-01-30,2025-01-30 13:24:57.129653,controller@meridian.example,5211 - Print and Stationery - MTC,5211,Print and Stationery,Expense,882.64,0.0,,,5217 - Utility Expenses - MTC,Admin - MTC,,Meridian Trading Co.
26f2e06308,ACC-JV-2025-00006,P1,Journal Entry,Journal Entry,2,2025-01-30,2025-01-30 13:24:57.129653,controller@meridian.example,5217 - Utility Expenses - MTC,5217,Utility Expenses,Expense,0.0,882.64,,,5211 - Print and Stationery - MTC,Admin - MTC,,Meridian Trading Co.
a8961c3790,ACC-JV-2025-00007,P1,Journal Entry,Journal Entry,1,2025-01-30,2025-01-30 14:59:28.329968,controller@meridian.example,5217 - Utility Expenses - MTC,5217,Utility Expenses,Expense,5000.0,0.0,,,2150 - Accrued Expenses - MTC,Admin - MTC,,Meridian Trading Co.
df79b1e4eb,ACC-JV-2025-00007,P1,Journal Entry,Journal Entry,2,2025-01-30,2025-01-30 14:59:28.329968,controller@meridian.example,2150 - Accrued Expenses - MTC,2150,Accrued Expenses,Liability,0.0,5000.0,,,5217 - Utility Expenses - MTC,Admin - MTC,,Meridian Trading Co.
1281a96724,ACC-JV-2025-00008,P1,Journal Entry,Journal Entry,1,2025-01-30,2025-01-30 10:41:41.777022,controller@meridian.example,2150 - Accrued Expenses - MTC,2150,Accrued Expenses,Liability,0.0,7500.0,,,5217 - Utility Expenses - MTC,Admin - MTC,,Meridian Trading Co.
b6ce4c05b6,ACC-JV-2025-00008,P1,Journal Entry,Journal Entry,2,2025-01-30,2025-01-30 10:41:41.777022,controller@meridian.example,5217 - Utility Expenses - MTC,5217,Utility Expenses,Expense,7500.0,0.0,,,2150 - Accrued Expenses - MTC,Admin - MTC,,Meridian Trading Co.
8a968db21b,ACC-PAY-2025-00062,P1,Payment Entry,Payment Entry,1,2025-01-30,2025-01-30 16:34:19.838837,ap.clerk@meridian.example,2110 - Creditors - MTC,2110,Creditors,Liability,5683.98,0.0,Supplier,Metro Utilities,1210 - Primary Checking - MTC,,Amount USD 5683.98 paid to Metro Utilities | Transaction reference no ACH-25-00021 dated 2025-01-30 | Amount USD 5683.98 adjusted against Purchase Invoice ACC-PINV-2025-00021,Meridian Trading Co.
bd1e0302d8,ACC-PAY-2025-00062,P1,Payment Entry,Payment Entry,2,2025-01-30,2025-01-30 16:34:19.838837,ap.clerk@meridian.example,1210 - Primary Checking - MTC,1210,Primary Checking,Asset,0.0,5683.98,,,Metro Utilities,,Amount USD 5683.98 paid to Metro Utilities | Transaction reference no ACH-25-00021 dated 2025-01-30 | Amount USD 5683.98 adjusted against Purchase Invoice ACC-PINV-2025-00021,Meridian Trading Co.
62531fe599,ACC-PINV-2025-00011,P1,Purchase Invoice,Purchase Invoice,1,2025-01-30,2025-01-30 08:41:40.083408,ap.clerk@meridian.example,5211 - Print and Stationery - MTC,5211,Print and Stationery,Expense,308.3,0.0,,,Vulcan Materials Co,Admin - MTC,Vulcan Materials Co January 2025 billing,Meridian Trading Co.
784de41b20,ACC-PINV-2025-00011,P1,Purchase Invoice,Purchase Invoice,2,2025-01-30,2025-01-30 08:41:40.083408,ap.clerk@meridian.example,2110 - Creditors - MTC,2110,Creditors,Liability,0.0,8266.76,Supplier,Vulcan Materials Co,"5111 - Cost of Goods Sold - MTC,5204 - Entertainment Expenses - MTC,5211 - Print and Stationery - MTC",,Vulcan Materials Co January 2025 billing,Meridian Trading Co.
9e4ea8e5a5,ACC-PINV-2025-00011,P1,Purchase Invoice,Purchase Invoice,3,2025-01-30,2025-01-30 08:41:40.083408,ap.clerk@meridian.example,5204 - Entertainment Expenses - MTC,5204,Entertainment Expenses,Expense,1766.34,0.0,,,Vulcan Materials Co,Admin - MTC,Vulcan Materials Co January 2025 billing,Meridian Trading Co.
fe85a3b573,ACC-PINV-2025-00011,P1,Purchase Invoice,Purchase Invoice,4,2025-01-30,2025-01-30 08:41:40.083408,ap.clerk@meridian.example,5111 - Cost of Goods Sold - MTC,5111,Cost of Goods Sold,Expense,6192.12,0.0,,,Vulcan Materials Co,Warehouse - MTC,Vulcan Materials Co January 2025 billing,Meridian Trading Co.
5dd9750ed0,ACC-PINV-2025-00023,P1,Purchase Invoice,Purchase Invoice,1,2025-01-30,2025-01-30 14:19:15.696069,ap.clerk@meridian.example,5208 - Office Maintenance Expenses - MTC,5208,Office Maintenance Expenses,Expense,13395.65,0.0,,,Harlan Office Supply,Admin - MTC,Harlan Office Supply January 2025 billing,Meridian Trading Co.
5f06ec80c8,ACC-PINV-2025-00023,P1,Purchase Invoice,Purchase Invoice,2,2025-01-30,2025-01-30 14:19:15.696069,ap.clerk@meridian.example,2110 - Creditors - MTC,2110,Creditors,Liability,0.0,13395.65,Supplier,Harlan Office Supply,5208 - Office Maintenance Expenses - MTC,,Harlan Office Supply January 2025 billing,Meridian Trading Co.
7bda0a27c2,ACC-SINV-2025-00021,P1,Sales Invoice,Sales Invoice,1,2025-01-30,2025-01-30 12:27:43.687454,controller@meridian.example,1310 - Debtors - MTC,1310,Debtors,Asset,233.64,0.0,Customer,Timberline Schools,4110 - Sales - MTC,,Customer order Timberline Schools Jan 2025,Meridian Trading Co.
e9ac8d4f93,ACC-SINV-2025-00021,P1,Sales Invoice,Sales Invoice,2,2025-01-30,2025-01-30 12:27:43.687454,controller@meridian.example,4110 - Sales - MTC,4110,Sales,Income,0.0,233.64,,,Timberline Schools,Warehouse - MTC,Customer order Timberline Schools Jan 2025,Meridian Trading Co.
13d1bd2d33,ACC-JV-2025-00001,P1,Journal Entry,Journal Entry,1,2025-01-31,2025-02-01 03:24:56.156802,batch.bot@meridian.example,5213 - Salary - MTC,5213,Salary,Expense,17161.08,0.0,,,"2320 - Tax Withholding Payable - MTC, 2120 - Payroll Payable - MTC",Warehouse - MTC,,Meridian Trading Co.
6a1a5d33a7,ACC-JV-2025-00001,P1,Journal Entry,Journal Entry,2,2025-01-31,2025-02-01 03:24:56.156802,batch.bot@meridian.example,5213 - Salary - MTC,5213,Salary,Expense,23135.87,0.0,,,"2320 - Tax Withholding Payable - MTC, 2120 - Payroll Payable - MTC",Sales Ops - MTC,,Meridian Trading Co.
8d536bad80,ACC-JV-2025-00001,P1,Journal Entry,Journal Entry,3,2025-01-31,2025-02-01 03:24:56.156802,batch.bot@meridian.example,5213 - Salary - MTC,5213,Salary,Expense,20407.55,0.0,,,"2320 - Tax Withholding Payable - MTC, 2120 - Payroll Payable - MTC",Admin - MTC,,Meridian Trading Co.
ab83a2854a,ACC-JV-2025-00001,P1,Journal Entry,Journal Entry,4,2025-01-31,2025-02-01 03:24:56.156802,batch.bot@meridian.example,2120 - Payroll Payable - MTC,2120,Payroll Payable,Liability,0.0,47106.69,,,5213 - Salary - MTC,Admin - MTC,,Meridian Trading Co.
f34bae1321,ACC-JV-2025-00001,P1,Journal Entry,Journal Entry,5,2025-01-31,2025-02-01 03:24:56.156802,batch.bot@meridian.example,2320 - Tax Withholding Payable - MTC,2320,Tax Withholding Payable,Liability,0.0,13597.81,,,5213 - Salary - MTC,Admin - MTC,,Meridian Trading Co.
67fde4b3c4,ACC-JV-2025-00003,P1,Journal Entry,Depreciation Entry,1,2025-01-31,2025-02-01 02:31:31.048370,batch.bot@meridian.example,1780 - Accumulated Depreciation - MTC,1780,Accumulated Depreciation,Asset,0.0,3416.67,,,5203 - Depreciation - MTC,Admin - MTC,,Meridian Trading Co.
708e5f5d45,ACC-JV-2025-00003,P1,Journal Entry,Depreciation Entry,2,2025-01-31,2025-02-01 02:31:31.048370,batch.bot@meridian.example,5203 - Depreciation - MTC,5203,Depreciation,Expense,2158.33,0.0,,,1780 - Accumulated Depreciation - MTC,Warehouse - MTC,,Meridian Trading Co.
d65cbc9399,ACC-JV-2025-00003,P1,Journal Entry,Depreciation Entry,3,2025-01-31,2025-02-01 02:31:31.048370,batch.bot@meridian.example,5203 - Depreciation - MTC,5203,Depreciation,Expense,1258.34,0.0,,,1780 - Accumulated Depreciation - MTC,Admin - MTC,,Meridian Trading Co.
66ad08de0c,ACC-JV-2025-00004,P1,Journal Entry,Journal Entry,1,2025-01-31,2025-02-01 01:48:30.373644,batch.bot@meridian.example,1660 - Prepaid Expenses - MTC,1660,Prepaid Expenses,Asset,0.0,1450.0,,,5228 - Insurance Expense - MTC,Admin - MTC,,Meridian Trading Co.
d4eec0d56d,ACC-JV-2025-00004,P1,Journal Entry,Journal Entry,2,2025-01-31,2025-02-01 01:48:30.373644,batch.bot@meridian.example,5228 - Insurance Expense - MTC,5228,Insurance Expense,Expense,1450.0,0.0,,,1660 - Prepaid Expenses - MTC,Admin - MTC,,Meridian Trading Co.
19b4b17e3d,ACC-JV-2025-00005,P1,Journal Entry,Journal Entry,1,2025-01-31,2025-01-31 11:06:30.157343,controller@meridian.example,5215 - Telephone Expenses - MTC,5215,Telephone Expenses,Expense,615.11,0.0,,,"5215 - Telephone Expenses - MTC, 5209 - Office Rent - MTC, 5217 - Utility Expenses - MTC",Sales Ops - MTC,,Meridian Trading Co.
20124f1121,ACC-JV-2025-00005,P1,Journal Entry,Journal Entry,2,2025-01-31,2025-01-31 11:06:30.157343,controller@meridian.example,5215 - Telephone Expenses - MTC,5215,Telephone Expenses,Expense,478.42,0.0,,,"5215 - Telephone Expenses - MTC, 5209 - Office Rent - MTC, 5217 - Utility Expenses - MTC",Warehouse - MTC,,Meridian Trading Co.
2c209eac80,ACC-JV-2025-00005,P1,Journal Entry,Journal Entry,3,2025-01-31,2025-01-31 11:06:30.157343,controller@meridian.example,5217 - Utility Expenses - MTC,5217,Utility Expenses,Expense,1417.11,0.0,,,"5215 - Telephone Expenses - MTC, 5209 - Office Rent - MTC, 5217 - Utility Expenses - MTC",Sales Ops - MTC,,Meridian Trading Co.
3c917ea2e2,ACC-JV-2025-00005,P1,Journal Entry,Journal Entry,4,2025-01-31,2025-01-31 11:06:30.157343,controller@meridian.example,5215 - Telephone Expenses - MTC,5215,Telephone Expenses,Expense,0.0,1093.53,,,"5215 - Telephone Expenses - MTC, 5209 - Office Rent - MTC, 5217 - Utility Expenses - MTC",Admin - MTC,,Meridian Trading Co.
90d6a6f142,ACC-JV-2025-00005,P1,Journal Entry,Journal Entry,5,2025-01-31,2025-01-31 11:06:30.157343,controller@meridian.example,5217 - Utility Expenses - MTC,5217,Utility Expenses,Expense,0.0,2519.31,,,"5215 - Telephone Expenses - MTC, 5209 - Office Rent - MTC, 5217 - Utility Expenses - MTC",Admin - MTC,,Meridian Trading Co.
9a8c931e1f,ACC-JV-2025-00005,P1,Journal Entry,Journal Entry,6,2025-01-31,2025-01-31 11:06:30.157343,controller@meridian.example,5217 - Utility Expenses - MTC,5217,Utility Expenses,Expense,1102.2,0.0,,,"5215 - Telephone Expenses - MTC, 5209 - Office Rent - MTC, 5217 - Utility Expenses - MTC",Warehouse - MTC,,Meridian Trading Co.
9aa9f4a834,ACC-JV-2025-00005,P1,Journal Entry,Journal Entry,7,2025-01-31,2025-01-31 11:06:30.157343,controller@meridian.example,5209 - Office Rent - MTC,5209,Office Rent,Expense,3475.14,0.0,,,"5215 - Telephone Expenses - MTC, 5209 - Office Rent - MTC, 5217 - Utility Expenses - MTC",Warehouse - MTC,,Meridian Trading Co.
a2a1a19618,ACC-JV-2025-00005,P1,Journal Entry,Journal Entry,8,2025-01-31,2025-01-31 11:06:30.157343,controller@meridian.example,5209 - Office Rent - MTC,5209,Office Rent,Expense,0.0,7943.18,,,"5215 - Telephone Expenses - MTC, 5209 - Office Rent - MTC, 5217 - Utility Expenses - MTC",Admin - MTC,,Meridian Trading Co.
cbb1557995,ACC-JV-2025-00005,P1,Journal Entry,Journal Entry,9,2025-01-31,2025-01-31 11:06:30.157343,controller@meridian.example,5209 - Office Rent - MTC,5209,Office Rent,Expense,4468.04,0.0,,,"5215 - Telephone Expenses - MTC, 5209 - Office Rent - MTC, 5217 - Utility Expenses - MTC",Sales Ops - MTC,,Meridian Trading Co.
2436768692,ACC-PINV-2025-00006,P1,Purchase Invoice,Purchase Invoice,1,2025-01-31,2025-01-31 16:10:59.787125,ap.clerk@meridian.example,5111 - Cost of Goods Sold - MTC,5111,Cost of Goods Sold,Expense,2962.28,0.0,,,Orchard Wholesale,Warehouse - MTC,Orchard Wholesale January 2025 billing,Meridian Trading Co.
28ade60479,ACC-PINV-2025-00006,P1,Purchase Invoice,Purchase Invoice,2,2025-01-31,2025-01-31 16:10:59.787125,ap.clerk@meridian.example,2110 - Creditors - MTC,2110,Creditors,Liability,0.0,2962.28,Supplier,Orchard Wholesale,5111 - Cost of Goods Sold - MTC,,Orchard Wholesale January 2025 billing,Meridian Trading Co.
092bf1b451,ACC-PINV-2025-00013,P1,Purchase Invoice,Purchase Invoice,1,2025-01-31,2025-01-31 12:10:39.316087,ap.clerk@meridian.example,2110 - Creditors - MTC,2110,Creditors,Liability,0.0,13853.73,Supplier,Vulcan Materials Co,"5111 - Cost of Goods Sold - MTC,5204 - Entertainment Expenses - MTC,5210 - Postal Expenses - MTC",,Vulcan Materials Co January 2025 billing,Meridian Trading Co.
4483942540,ACC-PINV-2025-00013,P1,Purchase Invoice,Purchase Invoice,2,2025-01-31,2025-01-31 12:10:39.316087,ap.clerk@meridian.example,5111 - Cost of Goods Sold - MTC,5111,Cost of Goods Sold,Expense,9682.64,0.0,,,Vulcan Materials Co,Warehouse - MTC,Vulcan Materials Co January 2025 billing,Meridian Trading Co.
6a026e07f0,ACC-PINV-2025-00013,P1,Purchase Invoice,Purchase Invoice,3,2025-01-31,2025-01-31 12:10:39.316087,ap.clerk@meridian.example,5204 - Entertainment Expenses - MTC,5204,Entertainment Expenses,Expense,2115.03,0.0,,,Vulcan Materials Co,Admin - MTC,Vulcan Materials Co January 2025 billing,Meridian Trading Co.
a44ef6dcdf,ACC-PINV-2025-00013,P1,Purchase Invoice,Purchase Invoice,4,2025-01-31,2025-01-31 12:10:39.316087,ap.clerk@meridian.example,5210 - Postal Expenses - MTC,5210,Postal Expenses,Expense,2056.06,0.0,,,Vulcan Materials Co,Admin - MTC,Vulcan Materials Co January 2025 billing,Meridian Trading Co.
231d86bca4,ACC-PINV-2025-00017,P1,Purchase Invoice,Purchase Invoice,1,2025-01-31,2025-02-10 16:58:17.077758,ap.clerk@meridian.example,2110 - Creditors - MTC,2110,Creditors,Liability,0.0,3623.94,Supplier,Beacon Freight,5205 - Freight and Forwarding Charges - MTC,,Beacon Freight January 2025 billing,Meridian Trading Co.
7c62bb5fda,ACC-PINV-2025-00017,P1,Purchase Invoice,Purchase Invoice,2,2025-01-31,2025-02-10 16:58:17.077758,ap.clerk@meridian.example,5205 - Freight and Forwarding Charges - MTC,5205,Freight and Forwarding Charges,Expense,3623.94,0.0,,,Beacon Freight,Admin - MTC,Beacon Freight January 2025 billing,Meridian Trading Co.
3b3f8cb0a1,ACC-PINV-2025-00028,P1,Purchase Invoice,Purchase Invoice,1,2025-01-31,2025-01-31 15:51:27.653861,ap.clerk@meridian.example,5226 - Contractor Services - MTC,5226,Contractor Services,Expense,8415.25,0.0,,,Fairbanks Consulting,Admin - MTC,Fairbanks Consulting January 2025 billing,Meridian Trading Co.
4df12d8b8c,ACC-PINV-2025-00028,P1,Purchase Invoice,Purchase Invoice,2,2025-01-31,2025-01-31 15:51:27.653861,ap.clerk@meridian.example,2110 - Creditors - MTC,2110,Creditors,Liability,0.0,8415.25,Supplier,Fairbanks Consulting,5226 - Contractor Services - MTC,,Fairbanks Consulting January 2025 billing,Meridian Trading Co.
430c96fccf,ACC-SINV-2025-00008,P1,Sales Invoice,Sales Invoice,1,2025-01-31,2025-01-31 17:46:07.906528,ar.clerk@meridian.example,4110 - Sales - MTC,4110,Sales,Income,0.0,216.72,,,Ovation Events,Warehouse - MTC,Customer order Ovation Events Jan 2025,Meridian Trading Co.
61290f0787,ACC-SINV-2025-00008,P1,Sales Invoice,Sales Invoice,2,2025-01-31,2025-01-31 17:46:07.906528,ar.clerk@meridian.example,1310 - Debtors - MTC,1310,Debtors,Asset,522.62,0.0,Customer,Ovation Events,4110 - Sales - MTC,,Customer order Ovation Events Jan 2025,Meridian Trading Co.
ce9cacf45f,ACC-SINV-2025-00008,P1,Sales Invoice,Sales Invoice,3,2025-01-31,2025-01-31 17:46:07.906528,ar.clerk@meridian.example,4110 - Sales - MTC,4110,Sales,Income,0.0,305.9,,,Ovation Events,Sales Ops - MTC,Customer order Ovation Events Jan 2025,Meridian Trading Co.
0707dd04b2,ACC-SINV-2025-00049,P1,Sales Invoice,Sales Invoice,1,2025-01-31,2025-01-31 13:13:35.689206,ar.clerk@meridian.example,1310 - Debtors - MTC,1310,Debtors,Asset,1295.5,0.0,Customer,Northwind Retail,4110 - Sales - MTC,,Customer order Northwind Retail Jan 2025,Meridian Trading Co.
287c9cf047,ACC-SINV-2025-00049,P1,Sales Invoice,Sales Invoice,2,2025-01-31,2025-01-31 13:13:35.689206,ar.clerk@meridian.example,ST 6% - MTC,,ST 6%,Liability,0.0,73.33,,,Northwind Retail,Admin - MTC,Customer order Northwind Retail Jan 2025,Meridian Trading Co.
39e581f7ec,ACC-SINV-2025-00049,P1,Sales Invoice,Sales Invoice,3,2025-01-31,2025-01-31 13:13:35.689206,ar.clerk@meridian.example,4110 - Sales - MTC,4110,Sales,Income,0.0,307.92,,,Northwind Retail,Warehouse - MTC,Customer order Northwind Retail Jan 2025,Meridian Trading Co.
c919181309,ACC-SINV-2025-00049,P1,Sales Invoice,Sales Invoice,4,2025-01-31,2025-01-31 13:13:35.689206,ar.clerk@meridian.example,4110 - Sales - MTC,4110,Sales,Income,0.0,914.25,,,Northwind Retail,Sales Ops - MTC,Customer order Northwind Retail Jan 2025,Meridian Trading Co.
779ca3884b,ACC-PAY-2025-00014,P1,Payment Entry,Payment Entry,1,2025-02-01,2025-02-03 15:50:12.401679,ar.clerk@meridian.example,1310 - Debtors - MTC,1310,Debtors,Asset,0.0,20573.19,Customer,Ovation Events,1210 - Primary Checking - MTC,,Amount USD 20573.19 received from Ovation Events | Transaction reference no ACH-25-00016 dated 2025-02-01 | Amount USD 20573.19 adjusted against Sales Invoice ACC-SINV-2025-00016,Meridian Trading Co.
d598c90293,ACC-PAY-2025-00014,P1,Payment Entry,Payment Entry,2,2025-02-01,2025-02-03 15:50:12.401679,ar.clerk@meridian.example,1210 - Primary Checking - MTC,1210,Primary Checking,Asset,20573.19,0.0,,,Ovation Events,,Amount USD 20573.19 received from Ovation Events | Transaction reference no ACH-25-00016 dated 2025-02-01 | Amount USD 20573.19 adjusted against Sales Invoice ACC-SINV-2025-00016,Meridian Trading Co.
15bf760dca,ACC-PAY-2025-00030,P1,Payment Entry,Payment Entry,1,2025-02-01,2025-02-03 08:53:50.548886,ar.clerk@meridian.example,1210 - Primary Checking - MTC,1210,Primary Checking,Asset,17357.33,0.0,,,Brightline Offices,,Amount USD 17357.33 received from Brightline Offices | Transaction reference no ACH-25-00033 dated 2025-02-01 | Amount USD 17357.33 adjusted against Sales Invoice ACC-SINV-2025-00033,Meridian Trading Co.
88f835dbeb,ACC-PAY-2025-00030,P1,Payment Entry,Payment Entry,2,2025-02-01,2025-02-03 08:53:50.548886,ar.clerk@meridian.example,1310 - Debtors - MTC,1310,Debtors,Asset,0.0,17357.33,Customer,Brightline Offices,1210 - Primary Checking - MTC,,Amount USD 17357.33 received from Brightline Offices | Transaction reference no ACH-25-00033 dated 2025-02-01 | Amount USD 17357.33 adjusted against Sales Invoice ACC-SINV-2025-00033,Meridian Trading Co.
38081aea83,ACC-PAY-2025-00056,P1,Payment Entry,Payment Entry,1,2025-02-01,2025-02-03 15:38:21.530764,ap.clerk@meridian.example,1210 - Primary Checking - MTC,1210,Primary Checking,Asset,0.0,1885.62,,,Beacon Freight,,Amount USD 1885.62 paid to Beacon Freight | Transaction reference no ACH-25-00015 dated 2025-02-01 | Amount USD 1885.62 adjusted against Purchase Invoice ACC-PINV-2025-00015,Meridian Trading Co.
b05c35bca3,ACC-PAY-2025-00056,P1,Payment Entry,Payment Entry,2,2025-02-01,2025-02-03 15:38:21.530764,ap.clerk@meridian.example,2110 - Creditors - MTC,2110,Creditors,Liability,1885.62,0.0,Supplier,Beacon Freight,1210 - Primary Checking - MTC,,Amount USD 1885.62 paid to Beacon Freight | Transaction reference no ACH-25-00015 dated 2025-02-01 | Amount USD 1885.62 adjusted against Purchase Invoice ACC-PINV-2025-00015,Meridian Trading Co.
14712b99d8,ACC-PAY-2025-00028,P1,Payment Entry,Payment Entry,1,2025-02-02,2025-02-03 10:34:27.319138,ar.clerk@meridian.example,1310 - Debtors - MTC,1310,Debtors,Asset,0.0,422.79,Customer,Cascade Outfitters,1210 - Primary Checking - MTC,,Amount USD 422.79 received from Cascade Outfitters | Transaction reference no ACH-25-00031 dated 2025-02-02 | Amount USD 422.79 adjusted against Sales Invoice ACC-SINV-2025-00031,Meridian Trading Co.
9e787b7134,ACC-PAY-2025-00028,P1,Payment Entry,Payment Entry,2,2025-02-02,2025-02-03 10:34:27.319138,ar.clerk@meridian.example,1210 - Primary Checking - MTC,1210,Primary Checking,Asset,422.79,0.0,,,Cascade Outfitters,,Amount USD 422.79 received from Cascade Outfitters | Transaction reference no ACH-25-00031 dated 2025-02-02 | Amount USD 422.79 adjusted against Sales Invoice ACC-SINV-2025-00031,Meridian Trading Co.
28c8b0b201,ACC-JV-2025-00002,P1,Journal Entry,Bank Entry,1,2025-02-03,2025-02-04 01:08:58.084655,batch.bot@meridian.example,1210 - Primary Checking - MTC,1210,Primary Checking,Asset,0.0,47106.69,,,2120 - Payroll Payable - MTC,Admin - MTC,Reference #REF-20250203 dated 02-03-2025,Meridian Trading Co.
5a829b1be1,ACC-JV-2025-00002,P1,Journal Entry,Bank Entry,2,2025-02-03,2025-02-04 01:08:58.084655,batch.bot@meridian.example,2120 - Payroll Payable - MTC,2120,Payroll Payable,Liability,47106.69,0.0,,,1210 - Primary Checking - MTC,Admin - MTC,Reference #REF-20250203 dated 02-03-2025,Meridian Trading Co.
27ca19891a,ACC-PAY-2025-00017,P1,Payment Entry,Payment Entry,1,2025-02-03,2025-02-03 12:12:35.428595,ar.clerk@meridian.example,1210 - Primary Checking - MTC,1210,Primary Checking,Asset,16837.98,0.0,,,Ferrous Works,,Amount USD 16837.98 received from Ferrous Works | Transaction reference no ACH-25-00019 dated 2025-02-03 | Amount USD 16837.98 adjusted against Sales Invoice ACC-SINV-2025-00019,Meridian Trading Co.
ed21482874,ACC-PAY-2025-00017,P1,Payment Entry,Payment Entry,2,2025-02-03,2025-02-03 12:12:35.428595,ar.clerk@meridian.example,1310 - Debtors - MTC,1310,Debtors,Asset,0.0,16837.98,Customer,Ferrous Works,1210 - Primary Checking - MTC,,Amount USD 16837.98 received from Ferrous Works | Transaction reference no ACH-25-00019 dated 2025-02-03 | Amount USD 16837.98 adjusted against Sales Invoice ACC-SINV-2025-00019,Meridian Trading Co.
c2e8ac0dec,ACC-PAY-2025-00038,P1,Payment Entry,Payment Entry,1,2025-02-03,2025-02-03 12:17:39.538212,ar.clerk@meridian.example,1210 - Primary Checking - MTC,1210,Primary Checking,Asset,15279.96,0.0,,,Redcedar Builders,,Amount USD 15279.96 received from Redcedar Builders | Transaction reference no ACH-25-00044 dated 2025-02-03 | Amount USD 15279.96 adjusted against Sales Invoice ACC-SINV-2025-00044,Meridian Trading Co.
e4edbce6a3,ACC-PAY-2025-00038,P1,Payment Entry,Payment Entry,2,2025-02-03,2025-02-03 12:17:39.538212,ar.clerk@meridian.example,1310 - Debtors - MTC,1310,Debtors,Asset,0.0,15279.96,Customer,Redcedar Builders,1210 - Primary Checking - MTC,,Amount USD 15279.96 received from Redcedar Builders | Transaction reference no ACH-25-00044 dated 2025-02-03 | Amount USD 15279.96 adjusted against Sales Invoice ACC-SINV-2025-00044,Meridian Trading Co.
cb32a96748,ACC-PAY-2025-00057,P1,Payment Entry,Payment Entry,1,2025-02-03,2025-02-03 17:47:49.581489,ap.clerk@meridian.example,2110 - Creditors - MTC,2110,Creditors,Liability,9584.59,0.0,Supplier,Beacon Freight,1210 - Primary Checking - MTC,,Amount USD 9584.59 paid to Beacon Freight | Transaction reference no ACH-25-00016 dated 2025-02-03 | Amount USD 9584.59 adjusted against Purchase Invoice ACC-PINV-2025-00016,Meridian Trading Co.
e27e24ad6b,ACC-PAY-2025-00057,P1,Payment Entry,Payment Entry,2,2025-02-03,2025-02-03 17:47:49.581489,ap.clerk@meridian.example,1210 - Primary Checking - MTC,1210,Primary Checking,Asset,0.0,9584.59,,,Beacon Freight,,Amount USD 9584.59 paid to Beacon Freight | Transaction reference no ACH-25-00016 dated 2025-02-03 | Amount USD 9584.59 adjusted against Purchase Invoice ACC-PINV-2025-00016,Meridian Trading Co.
8e1f0f03f7,ACC-PINV-2025-00046,P1,Purchase Invoice,Purchase Invoice,1,2025-02-03,2025-02-03 10:34:17.543709,ap.clerk@meridian.example,5205 - Freight and Forwarding Charges - MTC,5205,Freight and Forwarding Charges,Expense,16446.05,0.0,,,Beacon Freight,Admin - MTC,Beacon Freight February 2025 billing,Meridian Trading Co.
95ae52e8c3,ACC-PINV-2025-00046,P1,Purchase Invoice,Purchase Invoice,2,2025-02-03,2025-02-03 10:34:17.543709,ap.clerk@meridian.example,2110 - Creditors - MTC,2110,Creditors,Liability,0.0,16446.05,Supplier,Beacon Freight,5205 - Freight and Forwarding Charges - MTC,,Beacon Freight February 2025 billing,Meridian Trading Co.
0780d1ee46,ACC-SINV-2025-00059,P1,Sales Invoice,Sales Invoice,1,2025-02-03,2025-02-03 15:16:53.748981,ar.clerk@meridian.example,4110 - Sales - MTC,4110,Sales,Income,0.0,619.92,,,Pactrail Sports,Warehouse - MTC,Customer order Pactrail Sports Feb 2025,Meridian Trading Co.
2122266b99,ACC-SINV-2025-00059,P1,Sales Invoice,Sales Invoice,2,2025-02-03,2025-02-03 15:16:53.748981,ar.clerk@meridian.example,ST 6% - MTC,,ST 6%,Liability,0.0,154.6,,,Pactrail Sports,Admin - MTC,Customer order Pactrail Sports Feb 2025,Meridian Trading Co.
5f2e731b85,ACC-SINV-2025-00059,P1,Sales Invoice,Sales Invoice,3,2025-02-03,2025-02-03 15:16:53.748981,ar.clerk@meridian.example,1310 - Debtors - MTC,1310,Debtors,Asset,2731.3,0.0,Customer,Pactrail Sports,"4110 - Sales - MTC,4120 - Service - MTC",,Customer order Pactrail Sports Feb 2025,Meridian Trading Co.
8beac267f1,ACC-SINV-2025-00059,P1,Sales Invoice,Sales Invoice,4,2025-02-03,2025-02-03 15:16:53.748981,ar.clerk@meridian.example,4110 - Sales - MTC,4110,Sales,Income,0.0,216.24,,,Pactrail Sports,Sales Ops - MTC,Customer order Pactrail Sports Feb 2025,Meridian Trading Co.
a7fed56c2c,ACC-SINV-2025-00059,P1,Sales Invoice,Sales Invoice,5,2025-02-03,2025-02-03 15:16:53.748981,ar.clerk@meridian.example,4120 - Service - MTC,4120,Service,Income,0.0,1740.54,,,Pactrail Sports,Warehouse - MTC,Customer order Pactrail Sports Feb 2025,Meridian Trading Co.
3b8cb60e29,ACC-SINV-2025-00070,P1,Sales Invoice,Sales Invoice,1,2025-02-03,2025-02-03 15:10:10.343129,ar.clerk@meridian.example,4110 - Sales - MTC,4110,Sales,Income,0.0,1658.61,,,Galehouse Media,Sales Ops - MTC,Customer order Galehouse Media Feb 2025,Meridian Trading Co.
942daf526b,ACC-SINV-2025-00070,P1,Sales Invoice,Sales Invoice,2,2025-02-03,2025-02-03 15:10:10.343129,ar.clerk@meridian.example,4110 - Sales - MTC,4110,Sales,Income,0.0,390.78,,,Galehouse Media,Warehouse - MTC,Customer order Galehouse Media Feb 2025,Meridian Trading Co.
e107a315e1,ACC-SINV-2025-00070,P1,Sales Invoice,Sales Invoice,3,2025-02-03,2025-02-03 15:10:10.343129,ar.clerk@meridian.example,1310 - Debtors - MTC,1310,Debtors,Asset,2172.35,0.0,Customer,Galehouse Media,4110 - Sales - MTC,,Customer order Galehouse Media Feb 2025,Meridian Trading Co.
f3c080e717,ACC-SINV-2025-00070,P1,Sales Invoice,Sales Invoice,4,2025-02-03,2025-02-03 15:10:10.343129,ar.clerk@meridian.example,ST 6% - MTC,,ST 6%,Liability,0.0,122.96,,,Galehouse Media,Admin - MTC,Customer order Galehouse Media Feb 2025,Meridian Trading Co.
00063ffdac,ACC-SINV-2025-00084,P1,Sales Invoice,Sales Invoice,1,2025-02-03,2025-02-03 08:21:25.626065,ar.clerk@meridian.example,4110 - Sales - MTC,4110,Sales,Income,0.0,171.08,,,Juniper & Co,Warehouse - MTC,Customer order Juniper & Co Feb 2025,Meridian Trading Co.
4ee703a2b5,ACC-SINV-2025-00084,P1,Sales Invoice,Sales Invoice,2,2025-02-03,2025-02-03 08:21:25.626065,ar.clerk@meridian.example,1310 - Debtors - MTC,1310,Debtors,Asset,1576.71,0.0,Customer,Juniper & Co,4110 - Sales - MTC,,Customer order Juniper & Co Feb 2025,Meridian Trading Co.
827275a76c,ACC-SINV-2025-00084,P1,Sales Invoice,Sales Invoice,3,2025-02-03,2025-02-03 08:21:25.626065,ar.clerk@meridian.example,ST 6% - MTC,,ST 6%,Liability,0.0,89.25,,,Juniper & Co,Admin - MTC,Customer order Juniper & Co Feb 2025,Meridian Trading Co.
e38f59b5ea,ACC-SINV-2025-00084,P1,Sales Invoice,Sales Invoice,4,2025-02-03,2025-02-03 08:21:25.626065,ar.clerk@meridian.example,4110 - Sales - MTC,4110,Sales,Income,0.0,1316.38,,,Juniper & Co,Sales Ops - MTC,Customer order Juniper & Co Feb 2025,Meridian Trading Co.
817fb4de71,ACC-SINV-2025-00089,P1,Sales Invoice,Sales Invoice,1,2025-02-03,2025-02-03 15:51:09.030564,ar.clerk@meridian.example,1310 - Debtors - MTC,1310,Debtors,Asset,120.33,0.0,Customer,Ovation Events,4110 - Sales - MTC,,Customer order Ovation Events Feb 2025,Meridian Trading Co.
f2f0601d06,ACC-SINV-2025-00089,P1,Sales Invoice,Sales Invoice,2,2025-02-03,2025-02-03 15:51:09.030564,ar.clerk@meridian.example,4110 - Sales - MTC,4110,Sales,Income,0.0,120.33,,,Ovation Events,Warehouse - MTC,Customer order Ovation Events Feb 2025,Meridian Trading Co.
1847e86398,ACC-PAY-2025-00037,P1,Payment Entry,Payment Entry,1,2025-02-04,2025-02-04 17:51:00.022449,ar.clerk@meridian.example,1310 - Debtors - MTC,1310,Debtors,Asset,0.0,10620.89,Customer,Timberline Schools,1210 - Primary Checking - MTC,,Amount USD 10620.89 received from Timberline Schools | Transaction reference no ACH-25-00043 dated 2025-02-04 | Amount USD 10620.89 adjusted against Sales Invoice ACC-SINV-2025-00043,Meridian Trading Co.
ad5fa16651,ACC-PAY-2025-00037,P1,Payment Entry,Payment Entry,2,2025-02-04,2025-02-04 17:51:00.022449,ar.clerk@meridian.example,1210 - Primary Checking - MTC,1210,Primary Checking,Asset,10620.89,0.0,,,Timberline Schools,,Amount USD 10620.89 received from Timberline Schools | Transaction reference no ACH-25-00043 dated 2025-02-04 | Amount USD 10620.89 adjusted against Sales Invoice ACC-SINV-2025-00043,Meridian Trading Co.
cfc1736cf0,ACC-PINV-2025-00036,P1,Purchase Invoice,Purchase Invoice,1,2025-02-04,2025-02-04 17:32:34.309665,ap.clerk@meridian.example,5111 - Cost of Goods Sold - MTC,5111,Cost of Goods Sold,Expense,8363.39,0.0,,,Orchard Wholesale,Warehouse - MTC,Orchard Wholesale February 2025 billing,Meridian Trading Co.
fd35604294,ACC-PINV-2025-00036,P1,Purchase Invoice,Purchase Invoice,2,2025-02-04,2025-02-04 17:32:34.309665,ap.clerk@meridian.example,2110 - Creditors - MTC,2110,Creditors,Liability,0.0,8363.39,Supplier,Orchard Wholesale,5111 - Cost of Goods Sold - MTC,,Orchard Wholesale February 2025 billing,Meridian Trading Co.
2d40d365e1,ACC-PINV-2025-00037,P1,Purchase Invoice,Purchase Invoice,1,2025-02-04,2025-02-10 14:00:54.714412,ap.clerk@meridian.example,5111 - Cost of Goods Sold - MTC,5111,Cost of Goods Sold,Expense,699.79,0.0,,,Orchard Wholesale,Warehouse - MTC,Orchard Wholesale February 2025 billing,Meridian Trading Co.
8ecfa628a0,ACC-PINV-2025-00037,P1,Purchase Invoice,Purchase Invoice,2,2025-02-04,2025-02-10 14:00:54.714412,ap.clerk@meridian.example,2110 - Creditors - MTC,2110,Creditors,Liability,0.0,699.79,Supplier,Orchard Wholesale,5111 - Cost of Goods Sold - MTC,,Orchard Wholesale February 2025 billing,Meridian Trading Co.
5c132cc686,ACC-PINV-2025-00051,P1,Purchase Invoice,Purchase Invoice,1,2025-02-04,2025-02-04 16:15:46.081144,ap.clerk@meridian.example,5228 - Insurance Expense - MTC,5228,Insurance Expense,Expense,12508.25,0.0,,,Stateside Insurance,Admin - MTC,Stateside Insurance February 2025 billing,Meridian Trading Co.
865acd95ff,ACC-PINV-2025-00051,P1,Purchase Invoice,Purchase Invoice,2,2025-02-04,2025-02-04 16:15:46.081144,ap.clerk@meridian.example,2110 - Creditors - MTC,2110,Creditors,Liability,0.0,12508.25,Supplier,Stateside Insurance,5228 - Insurance Expense - MTC,,Stateside Insurance February 2025 billing,Meridian Trading Co.
8769c8c55f,ACC-SINV-2025-00072,P1,Sales Invoice,Sales Invoice,1,2025-02-04,2025-02-04 13:43:38.096975,ar.clerk@meridian.example,4110 - Sales - MTC,4110,Sales,Income,0.0,1167.05,,,Marlowe Interiors,Sales Ops - MTC,Customer order Marlowe Interiors Feb 2025,Meridian Trading Co.
a3bbd6e9d3,ACC-SINV-2025-00072,P1,Sales Invoice,Sales Invoice,2,2025-02-04,2025-02-04 13:43:38.096975,ar.clerk@meridian.example,ST 6% - MTC,,ST 6%,Liability,0.0,70.02,,,Marlowe Interiors,Admin - MTC,Customer order Marlowe Interiors Feb 2025,Meridian Trading Co.
bb22e05c95,ACC-SINV-2025-00072,P1,Sales Invoice,Sales Invoice,3,2025-02-04,2025-02-04 13:43:38.096975,ar.clerk@meridian.example,1310 - Debtors - MTC,1310,Debtors,Asset,1237.07,0.0,Customer,Marlowe Interiors,4110 - Sales - MTC,,Customer order Marlowe Interiors Feb 2025,Meridian Trading Co.
6ff0fa1720,ACC-SINV-2025-00098,P1,Sales Invoice,Sales Invoice,1,2025-02-04,2025-02-04 14:27:16.423561,ar.clerk@meridian.example,1310 - Debtors - MTC,1310,Debtors,Asset,1399.08,0.0,Customer,Ovation Events,4110 - Sales - MTC,,Customer order Ovation Events Feb 2025,Meridian Trading Co.
8b2ef28206,ACC-SINV-2025-00098,P1,Sales Invoice,Sales Invoice,2,2025-02-04,2025-02-04 14:27:16.423561,ar.clerk@meridian.example,4110 - Sales - MTC,4110,Sales,Income,0.0,1361.16,,,Ovation Events,Warehouse - MTC,Customer order Ovation Events Feb 2025,Meridian Trading Co.
e0747d0edb,ACC-SINV-2025-00098,P1,Sales Invoice,Sales Invoice,3,2025-02-04,2025-02-04 14:27:16.423561,ar.clerk@meridian.example,4110 - Sales - MTC,4110,Sales,Income,0.0,37.92,,,Ovation Events,Sales Ops - MTC,Customer order Ovation Events Feb 2025,Meridian Trading Co.
3b87700a00,ACC-PINV-2025-00035,P1,Purchase Invoice,Purchase Invoice,1,2025-02-05,2025-02-05 14:56:24.480071,ap.clerk@meridian.example,5204 - Entertainment Expenses - MTC,5204,Entertainment Expenses,Expense,2149.55,0.0,,,Orchard Wholesale,Admin - MTC,Orchard Wholesale February 2025 billing,Meridian Trading Co.
516d81d97d,ACC-PINV-2025-00035,P1,Purchase Invoice,Purchase Invoice,2,2025-02-05,2025-02-05 14:56:24.480071,ap.clerk@meridian.example,5210 - Postal Expenses - MTC,5210,Postal Expenses,Expense,1700.46,0.0,,,Orchard Wholesale,Admin - MTC,Orchard Wholesale February 2025 billing,Meridian Trading Co.
6564cc66d0,ACC-PINV-2025-00035,P1,Purchase Invoice,Purchase Invoice,3,2025-02-05,2025-02-05 14:56:24.480071,ap.clerk@meridian.example,5111 - Cost of Goods Sold - MTC,5111,Cost of Goods Sold,Expense,5084.78,0.0,,,Orchard Wholesale,Warehouse - MTC,Orchard Wholesale February 2025 billing,Meridian Trading Co.
b9b188eaff,ACC-PINV-2025-00035,P1,Purchase Invoice,Purchase Invoice,4,2025-02-05,2025-02-05 14:56:24.480071,ap.clerk@meridian.example,2110 - Creditors - MTC,2110,Creditors,Liability,0.0,8934.79,Supplier,Orchard Wholesale,"5111 - Cost of Goods Sold - MTC,5204 - Entertainment Expenses - MTC,5210 - Postal Expenses - MTC",,Orchard Wholesale February 2025 billing,Meridian Trading Co.
388fd8ce95,ACC-PINV-2025-00041,P1,Purchase Invoice,Purchase Invoice,1,2025-02-05,2025-02-05 10:36:13.012371,ap.clerk@meridian.example,5111 - Cost of Goods Sold - MTC,5111,Cost of Goods Sold,Expense,6154.89,0.0,,,Vulcan Materials Co,Warehouse - MTC,Vulcan Materials Co February 2025 billing,Meridian Trading Co.
b11aa612f8,ACC-PINV-2025-00041,P1,Purchase Invoice,Purchase Invoice,2,2025-02-05,2025-02-05 10:36:13.012371,ap.clerk@meridian.example,2110 - Creditors - MTC,2110,Creditors,Liability,0.0,6154.89,Supplier,Vulcan Materials Co,5111 - Cost of Goods Sold - MTC,,Vulcan Materials Co February 2025 billing,Meridian Trading Co.
5d2fa8d860,ACC-PINV-2025-00053,P1,Purchase Invoice,Purchase Invoice,1,2025-02-05,2025-02-05 18:17:30.981764,ap.clerk@meridian.example,2110 - Creditors - MTC,2110,Creditors,Liability,0.0,14294.69,Supplier,Metro Utilities,5217 - Utility Expenses - MTC,,Metro Utilities February 2025 billing,Meridian Trading Co.
d7afb18169,ACC-PINV-2025-00053,P1,Purchase Invoice,Purchase Invoice,2,2025-02-05,2025-02-05 18:17:30.981764,ap.clerk@meridian.example,5217 - Utility Expenses - MTC,5217,Utility Expenses,Expense,14294.69,0.0,,,Metro Utilities,Admin - MTC,Metro Utilities February 2025 billing,Meridian Trading Co.
69cd4e48d0,ACC-PINV-2025-00058,P1,Purchase Invoice,Purchase Invoice,1,2025-02-05,2025-02-05 09:39:44.999995,ap.clerk@meridian.example,5210 - Postal Expenses - MTC,5210,Postal Expenses,Expense,1898.01,0.0,,,Ironclad Security,Admin - MTC,Ironclad Security February 2025 billing,Meridian Trading Co.
6b5f2e777e,ACC-PINV-2025-00058,P1,Purchase Invoice,Purchase Invoice,2,2025-02-05,2025-02-05 09:39:44.999995,ap.clerk@meridian.example,2110 - Creditors - MTC,2110,Creditors,Liability,0.0,12874.2,Supplier,Ironclad Security,"5229 - Security Expenses - MTC,5210 - Postal Expenses - MTC",,Ironclad Security February 2025 billing,Meridian Trading Co.
7a95c89eaf,ACC-PINV-2025-00058,P1,Purchase Invoice,Purchase Invoice,3,2025-02-05,2025-02-05 09:39:44.999995,ap.clerk@meridian.example,5229 - Security Expenses - MTC,5229,Security Expenses,Expense,10976.19,0.0,,,Ironclad Security,Admin - MTC,Ironclad Security February 2025 billing,Meridian Trading Co.
564339d6b0,ACC-SINV-2025-00074,P1,Sales Invoice,Sales Invoice,1,2025-02-05,2025-02-11 11:02:13.853100,ar.clerk@meridian.example,4110 - Sales - MTC,4110,Sales,Income,0.0,2924.18,,,Galehouse Media,Sales Ops - MTC,Customer order Galehouse Media Feb 2025,Meridian Trading Co.
8688ddd8ca,ACC-SINV-2025-00074,P1,Sales Invoice,Sales Invoice,2,2025-02-05,2025-02-11 11:02:13.853100,ar.clerk@meridian.example,4110 - Sales - MTC,4110,Sales,Income,0.0,349.91,,,Galehouse Media,Warehouse - MTC,Customer order Galehouse Media Feb 2025,Meridian Trading Co.
d8a7623698,ACC-SINV-2025-00074,P1,Sales Invoice,Sales Invoice,3,2025-02-05,2025-02-11 11:02:13.853100,ar.clerk@meridian.example,ST 6% - MTC,,ST 6%,Liability,0.0,196.45,,,Galehouse Media,Admin - MTC,Customer order Galehouse Media Feb 2025,Meridian Trading Co.
de8510863d,ACC-SINV-2025-00074,P1,Sales Invoice,Sales Invoice,4,2025-02-05,2025-02-11 11:02:13.853100,ar.clerk@meridian.example,1310 - Debtors - MTC,1310,Debtors,Asset,3470.54,0.0,Customer,Galehouse Media,4110 - Sales - MTC,,Customer order Galehouse Media Feb 2025,Meridian Trading Co.
0cc384b984,ACC-PAY-2025-00002,P1,Payment Entry,Payment Entry,1,2025-02-06,2025-02-06 08:07:55.414106,ar.clerk@meridian.example,1310 - Debtors - MTC,1310,Debtors,Asset,0.0,943.19,Customer,Juniper & Co,1210 - Primary Checking - MTC,,Amount USD 943.19 received from Juniper & Co | Transaction reference no ACH-25-00003 dated 2025-02-06 | Amount USD 943.19 adjusted against Sales Invoice ACC-SINV-2025-00003,Meridian Trading Co.
8d90445b0e,ACC-PAY-2025-00002,P1,Payment Entry,Payment Entry,2,2025-02-06,2025-02-06 08:07:55.414106,ar.clerk@meridian.example,1210 - Primary Checking - MTC,1210,Primary Checking,Asset,943.19,0.0,,,Juniper & Co,,Amount USD 943.19 received from Juniper & Co | Transaction reference no ACH-25-00003 dated 2025-02-06 | Amount USD 943.19 adjusted against Sales Invoice ACC-SINV-2025-00003,Meridian Trading Co.
989e76cfbf,ACC-PAY-2025-00011,P1,Payment Entry,Payment Entry,1,2025-02-06,2025-02-06 16:39:54.183137,ar.clerk@meridian.example,1310 - Debtors - MTC,1310,Debtors,Asset,0.0,516.98,Customer,Cascade Outfitters,1210 - Primary Checking - MTC,,Amount USD 516.98 received from Cascade Outfitters | Transaction reference no ACH-25-00013 dated 2025-02-06 | Amount USD 516.98 adjusted against Sales Invoice ACC-SINV-2025-00013,Meridian Trading Co.
e1c9b0ddf3,ACC-PAY-2025-00011,P1,Payment Entry,Payment Entry,2,2025-02-06,2025-02-06 16:39:54.183137,ar.clerk@meridian.example,1210 - Primary Checking - MTC,1210,Primary Checking,Asset,516.98,0.0,,,Cascade Outfitters,,Amount USD 516.98 received from Cascade Outfitters | Transaction reference no ACH-25-00013 dated 2025-02-06 | Amount USD 516.98 adjusted against Sales Invoice ACC-SINV-2025-00013,Meridian Trading Co.
03541864b6,ACC-PAY-2025-00040,P1,Payment Entry,Payment Entry,1,2025-02-06,2025-02-06 13:42:24.668352,ar.clerk@meridian.example,1210 - Primary Checking - MTC,1210,Primary Checking,Asset,11032.06,0.0,,,Ferrous Works,,Amount USD 11032.06 received from Ferrous Works | Transaction reference no ACH-25-00047 dated 2025-02-06 | Amount USD 11032.06 adjusted against Sales Invoice ACC-SINV-2025-00047,Meridian Trading Co.
7667fef616,ACC-PAY-2025-00040,P1,Payment Entry,Payment Entry,2,2025-02-06,2025-02-06 13:42:24.668352,ar.clerk@meridian.example,1310 - Debtors - MTC,1310,Debtors,Asset,0.0,11032.06,Customer,Ferrous Works,1210 - Primary Checking - MTC,,Amount USD 11032.06 received from Ferrous Works | Transaction reference no ACH-25-00047 dated 2025-02-06 | Amount USD 11032.06 adjusted against Sales Invoice ACC-SINV-2025-00047,Meridian Trading Co.
641e1f337e,ACC-PAY-2025-00050,P1,Payment Entry,Payment Entry,1,2025-02-06,2025-02-06 08:50:14.533980,ap.clerk@meridian.example,1210 - Primary Checking - MTC,1210,Primary Checking,Asset,0.0,7624.91,,,Vulcan Materials Co,,Amount USD 7624.91 paid to Vulcan Materials Co | Transaction reference no ACH-25-00009 dated 2025-02-06 | Amount USD 7624.91 adjusted against Purchase Invoice ACC-PINV-2025-00009,Meridian Trading Co.
c81f5dbbec,ACC-PAY-2025-00050,P1,Payment Entry,Payment Entry,2,2025-02-06,2025-02-06 08:50:14.533980,ap.clerk@meridian.example,2110 - Creditors - MTC,2110,Creditors,Liability,7624.91,0.0,Supplier,Vulcan Materials Co,1210 - Primary Checking - MTC,,Amount USD 7624.91 paid to Vulcan Materials Co | Transaction reference no ACH-25-00009 dated 2025-02-06 | Amount USD 7624.91 adjusted against Purchase Invoice ACC-PINV-2025-00009,Meridian Trading Co.
d61a7a8d55,ACC-PINV-2025-00032,P1,Purchase Invoice,Purchase Invoice,1,2025-02-06,2025-02-06 17:14:41.978269,ap.clerk@meridian.example,5111 - Cost of Goods Sold - MTC,5111,Cost of Goods Sold,Expense,1970.52,0.0,,,Orchard Wholesale,Warehouse - MTC,Orchard Wholesale February 2025 billing,Meridian Trading Co.
e8a8bb2d1e,ACC-PINV-2025-00032,P1,Purchase Invoice,Purchase Invoice,2,2025-02-06,2025-02-06 17:14:41.978269,ap.clerk@meridian.example,2110 - Creditors - MTC,2110,Creditors,Liability,0.0,1970.52,Supplier,Orchard Wholesale,5111 - Cost of Goods Sold - MTC,,Orchard Wholesale February 2025 billing,Meridian Trading Co.
8dc0db2156,ACC-PINV-2025-00050,P1,Purchase Invoice,Purchase Invoice,1,2025-02-06,2025-02-06 09:29:25.652316,ap.clerk@meridian.example,2110 - Creditors - MTC,2110,Creditors,Liability,0.0,14864.03,Supplier,Cobalt IT Services,5230 - IT and Software Expenses - MTC,,Cobalt IT Services February 2025 billing,Meridian Trading Co.
a3cc588f07,ACC-PINV-2025-00050,P1,Purchase Invoice,Purchase Invoice,2,2025-02-06,2025-02-06 09:29:25.652316,ap.clerk@meridian.example,5230 - IT and Software Expenses - MTC,5230,IT and Software Expenses,Expense,14864.03,0.0,,,Cobalt IT Services,Admin - MTC,Cobalt IT Services February 2025 billing,Meridian Trading Co.
04c5775945,ACC-SINV-2025-00075,P1,Sales Invoice,Sales Invoice,1,2025-02-06,2025-02-06 14:20:25.057307,ar.clerk@meridian.example,4120 - Service - MTC,4120,Service,Income,0.0,3569.37,,,Brightline Offices,Admin - MTC,Customer order Brightline Offices Feb 2025,Meridian Trading Co.
1cda5a6f09,ACC-SINV-2025-00075,P1,Sales Invoice,Sales Invoice,2,2025-02-06,2025-02-06 14:20:25.057307,ar.clerk@meridian.example,4110 - Sales - MTC,4110,Sales,Income,0.0,696.67,,,Brightline Offices,Warehouse - MTC,Customer order Brightline Offices Feb 2025,Meridian Trading Co.
b3b6841769,ACC-SINV-2025-00075,P1,Sales Invoice,Sales Invoice,3,2025-02-06,2025-02-06 14:20:25.057307,ar.clerk@meridian.example,ST 6% - MTC,,ST 6%,Liability,0.0,306.97,,,Brightline Offices,Admin - MTC,Customer order Brightline Offices Feb 2025,Meridian Trading Co.
bdd19c2ed1,ACC-SINV-2025-00075,P1,Sales Invoice,Sales Invoice,4,2025-02-06,2025-02-06 14:20:25.057307,ar.clerk@meridian.example,1310 - Debtors - MTC,1310,Debtors,Asset,5423.15,0.0,Customer,Brightline Offices,"4120 - Service - MTC,4110 - Sales - MTC",,Customer order Brightline Offices Feb 2025,Meridian Trading Co.
d38649fb10,ACC-SINV-2025-00075,P1,Sales Invoice,Sales Invoice,5,2025-02-06,2025-02-06 14:20:25.057307,ar.clerk@meridian.example,4110 - Sales - MTC,4110,Sales,Income,0.0,850.14,,,Brightline Offices,Sales Ops - MTC,Customer order Brightline Offices Feb 2025,Meridian Trading Co.
6976e8bac5,ACC-SINV-2025-00093,P1,Sales Invoice,Sales Invoice,1,2025-02-06,2025-02-06 14:34:32.067586,ar.clerk@meridian.example,1310 - Debtors - MTC,1310,Debtors,Asset,3483.15,0.0,Customer,Ovation Events,4110 - Sales - MTC,,Customer order Ovation Events Feb 2025,Meridian Trading Co.
734457ee0f,ACC-SINV-2025-00093,P1,Sales Invoice,Sales Invoice,2,2025-02-06,2025-02-06 14:34:32.067586,ar.clerk@meridian.example,4110 - Sales - MTC,4110,Sales,Income,0.0,3483.15,,,Ovation Events,Sales Ops - MTC,Customer order Ovation Events Feb 2025,Meridian Trading Co.
132c4ec106,ACC-SINV-2025-00102,P1,Sales Invoice,Sales Invoice,1,2025-02-06,2025-02-06 09:36:32.367703,ar.clerk@meridian.example,1310 - Debtors - MTC,1310,Debtors,Asset,417.64,0.0,Customer,Galehouse Media,4110 - Sales - MTC,,Customer order Galehouse Media Feb 2025,Meridian Trading Co.
8714688000,ACC-SINV-2025-00102,P1,Sales Invoice,Sales Invoice,2,2025-02-06,2025-02-06 09:36:32.367703,ar.clerk@meridian.example,4110 - Sales - MTC,4110,Sales,Income,0.0,394.0,,,Galehouse Media,Sales Ops - MTC,Customer order Galehouse Media Feb 2025,Meridian Trading Co.
ceb8b3eb02,ACC-SINV-2025-00102,P1,Sales Invoice,Sales Invoice,3,2025-02-06,2025-02-06 09:36:32.367703,ar.clerk@meridian.example,ST 6% - MTC,,ST 6%,Liability,0.0,23.64,,,Galehouse Media,Admin - MTC,Customer order Galehouse Media Feb 2025,Meridian Trading Co.
94511326fe,ACC-PAY-2025-00021,P1,Payment Entry,Payment Entry,1,2025-02-07,2025-02-07 11:10:43.977348,ar.clerk@meridian.example,1310 - Debtors - MTC,1310,Debtors,Asset,0.0,3210.53,Customer,Northwind Retail,1210 - Primary Checking - MTC,,Amount USD 3210.53 received from Northwind Retail | Transaction reference no ACH-25-00023 dated 2025-02-07 | Amount USD 3210.53 adjusted against Sales Invoice ACC-SINV-2025-00023,Meridian Trading Co.
a59c3f437e,ACC-PAY-2025-00021,P1,Payment Entry,Payment Entry,2,2025-02-07,2025-02-07 11:10:43.977348,ar.clerk@meridian.example,1210 - Primary Checking - MTC,1210,Primary Checking,Asset,3210.53,0.0,,,Northwind Retail,,Amount USD 3210.53 received from Northwind Retail | Transaction reference no ACH-25-00023 dated 2025-02-07 | Amount USD 3210.53 adjusted against Sales Invoice ACC-SINV-2025-00023,Meridian Trading Co.
22d3ee3a91,ACC-PINV-2025-00038,P1,Purchase Invoice,Purchase Invoice,1,2025-02-07,2025-02-07 10:58:17.842882,ap.clerk@meridian.example,2110 - Creditors - MTC,2110,Creditors,Liability,0.0,15747.91,Supplier,Orchard Wholesale,5111 - Cost of Goods Sold - MTC,,Orchard Wholesale February 2025 billing,Meridian Trading Co.
d785b4888e,ACC-PINV-2025-00038,P1,Purchase Invoice,Purchase Invoice,2,2025-02-07,2025-02-07 10:58:17.842882,ap.clerk@meridian.example,5111 - Cost of Goods Sold - MTC,5111,Cost of Goods Sold,Expense,15747.91,0.0,,,Orchard Wholesale,Warehouse - MTC,Orchard Wholesale February 2025 billing,Meridian Trading Co.
18e8e7fcd4,ACC-PINV-2025-00044,P1,Purchase Invoice,Purchase Invoice,1,2025-02-07,2025-02-11 12:11:30.712512,ap.clerk@meridian.example,5111 - Cost of Goods Sold - MTC,5111,Cost of Goods Sold,Expense,17773.4,0.0,,,Vulcan Materials Co,Warehouse - MTC,Vulcan Materials Co February 2025 billing,Meridian Trading Co.
4a55619ca7,ACC-PINV-2025-00044,P1,Purchase Invoice,Purchase Invoice,2,2025-02-07,2025-02-11 12:11:30.712512,ap.clerk@meridian.example,2110 - Creditors - MTC,2110,Creditors,Liability,0.0,17773.4,Supplier,Vulcan Materials Co,5111 - Cost of Goods Sold - MTC,,Vulcan Materials Co February 2025 billing,Meridian Trading Co.
3541004559,ACC-PAY-2025-00010,P1,Payment Entry,Payment Entry,1,2025-02-09,2025-02-10 08:24:56.850087,ar.clerk@meridian.example,1310 - Debtors - MTC,1310,Debtors,Asset,0.0,1298.25,Customer,Redcedar Builders,1210 - Primary Checking - MTC,,Amount USD 1298.25 received from Redcedar Builders | Transaction reference no ACH-25-00012 dated 2025-02-09 | Amount USD 1298.25 adjusted against Sales Invoice ACC-SINV-2025-00012,Meridian Trading Co.
a7340b1cf5,ACC-PAY-2025-00010,P1,Payment Entry,Payment Entry,2,2025-02-09,2025-02-10 08:24:56.850087,ar.clerk@meridian.example,1210 - Primary Checking - MTC,1210,Primary Checking,Asset,1298.25,0.0,,,Redcedar Builders,,Amount USD 1298.25 received from Redcedar Builders | Transaction reference no ACH-25-00012 dated 2025-02-09 | Amount USD 1298.25 adjusted against Sales Invoice ACC-SINV-2025-00012,Meridian Trading Co.
94664a5271,ACC-PAY-2025-00042,P1,Payment Entry,Payment Entry,1,2025-02-09,2025-02-10 08:59:33.639904,ar.clerk@meridian.example,1310 - Debtors - MTC,1310,Debtors,Asset,0.0,1541.08,Customer,Summit Rentals,1210 - Primary Checking - MTC,,Amount USD 1541.08 received from Summit Rentals | Transaction reference no ACH-25-00050 dated 2025-02-09 | Amount USD 1541.08 adjusted against Sales Invoice ACC-SINV-2025-00050,Meridian Trading Co.
97666c5f37,ACC-PAY-2025-00042,P1,Payment Entry,Payment Entry,2,2025-02-09,2025-02-10 08:59:33.639904,ar.clerk@meridian.example,1210 - Primary Checking - MTC,1210,Primary Checking,Asset,1541.08,0.0,,,Summit Rentals,,Amount USD 1541.08 received from Summit Rentals | Transaction reference no ACH-25-00050 dated 2025-02-09 | Amount USD 1541.08 adjusted against Sales Invoice ACC-SINV-2025-00050,Meridian Trading Co.
053f6bd736,ACC-PAY-2025-00027,P1,Payment Entry,Payment Entry,1,2025-02-10,2025-02-10 18:14:12.424148,ar.clerk@meridian.example,1210 - Primary Checking - MTC,1210,Primary Checking,Asset,2970.46,0.0,,,Cascade Outfitters,,Amount USD 2970.46 received from Cascade Outfitters | Transaction reference no ACH-25-00030 dated 2025-02-10 | Amount USD 2970.46 adjusted against Sales Invoice ACC-SINV-2025-00030,Meridian Trading Co.
67dc183423,ACC-PAY-2025-00027,P1,Payment Entry,Payment Entry,2,2025-02-10,2025-02-10 18:14:12.424148,ar.clerk@meridian.example,1310 - Debtors - MTC,1310,Debtors,Asset,0.0,2970.46,Customer,Cascade Outfitters,1210 - Primary Checking - MTC,,Amount USD 2970.46 received from Cascade Outfitters | Transaction reference no ACH-25-00030 dated 2025-02-10 | Amount USD 2970.46 adjusted against Sales Invoice ACC-SINV-2025-00030,Meridian Trading Co.
2b81e49293,ACC-PAY-2025-00032,P1,Payment Entry,Payment Entry,1,2025-02-10,2025-02-10 08:07:36.242894,ar.clerk@meridian.example,1310 - Debtors - MTC,1310,Debtors,Asset,0.0,2081.72,Customer,Cascade Outfitters,1210 - Primary Checking - MTC,,Amount USD 2081.72 received from Cascade Outfitters | Transaction reference no ACH-25-00037 dated 2025-02-10 | Amount USD 2081.72 adjusted against Sales Invoice ACC-SINV-2025-00037,Meridian Trading Co.
b990d5a9b2,ACC-PAY-2025-00032,P1,Payment Entry,Payment Entry,2,2025-02-10,2025-02-10 08:07:36.242894,ar.clerk@meridian.example,1210 - Primary Checking - MTC,1210,Primary Checking,Asset,2081.72,0.0,,,Cascade Outfitters,,Amount USD 2081.72 received from Cascade Outfitters | Transaction reference no ACH-25-00037 dated 2025-02-10 | Amount USD 2081.72 adjusted against Sales Invoice ACC-SINV-2025-00037,Meridian Trading Co.
5d093fac09,ACC-PAY-2025-00034,P1,Payment Entry,Payment Entry,1,2025-02-10,2025-02-10 13:59:12.873117,ar.clerk@meridian.example,1210 - Primary Checking - MTC,1210,Primary Checking,Asset,1514.56,0.0,,,Bluepine Hardware,,Amount USD 1514.56 received from Bluepine Hardware | Transaction reference no ACH-25-00039 dated 2025-02-10 | Amount USD 1514.56 adjusted against Sales Invoice ACC-SINV-2025-00039,Meridian Trading Co.
f56dd0ba4c,ACC-PAY-2025-00034,P1,Payment Entry,Payment Entry,2,2025-02-10,2025-02-10 13:59:12.873117,ar.clerk@meridian.example,1310 - Debtors - MTC,1310,Debtors,Asset,0.0,1514.56,Customer,Bluepine Hardware,1210 - Primary Checking - MTC,,Amount USD 1514.56 received from Bluepine Hardware | Transaction reference no ACH-25-00039 dated 2025-02-10 | Amount USD 1514.56 adjusted against Sales Invoice ACC-SINV-2025-00039,Meridian Trading Co.
0b4468dc4b,ACC-PINV-2025-00048,P1,Purchase Invoice,Purchase Invoice,1,2025-02-10,2025-02-10 14:47:03.041129,ap.clerk@meridian.example,5205 - Freight and Forwarding Charges - MTC,5205,Freight and Forwarding Charges,Expense,16472.01,0.0,,,Beacon Freight,Admin - MTC,Beacon Freight February 2025 billing,Meridian Trading Co.
aaebef9710,ACC-PINV-2025-00048,P1,Purchase Invoice,Purchase Invoice,2,2025-02-10,2025-02-10 14:47:03.041129,ap.clerk@meridian.example,2110 - Creditors - MTC,2110,Creditors,Liability,0.0,16472.01,Supplier,Beacon Freight,5205 - Freight and Forwarding Charges - MTC,,Beacon Freight February 2025 billing,Meridian Trading Co.
17067398bd,ACC-PINV-2025-00049,P1,Purchase Invoice,Purchase Invoice,1,2025-02-10,2025-02-10 08:24:37.682646,ap.clerk@meridian.example,5215 - Telephone Expenses - MTC,5215,Telephone Expenses,Expense,1202.85,0.0,,,Cobalt IT Services,Admin - MTC,Cobalt IT Services February 2025 billing,Meridian Trading Co.
1d04912be4,ACC-PINV-2025-00049,P1,Purchase Invoice,Purchase Invoice,2,2025-02-10,2025-02-10 08:24:37.682646,ap.clerk@meridian.example,2110 - Creditors - MTC,2110,Creditors,Liability,0.0,13685.99,Supplier,Cobalt IT Services,"5230 - IT and Software Expenses - MTC,5209 - Office Rent - MTC,5215 - Telephone Expenses - MTC",,Cobalt IT Services February 2025 billing,Meridian Trading Co.
5d0753089a,ACC-PINV-2025-00049,P1,Purchase Invoice,Purchase Invoice,3,2025-02-10,2025-02-10 08:24:37.682646,ap.clerk@meridian.example,5230 - IT and Software Expenses - MTC,5230,IT and Software Expenses,Expense,11143.2,0.0,,,Cobalt IT Services,Admin - MTC,Cobalt IT Services February 2025 billing,Meridian Trading Co.
d645a4cd44,ACC-PINV-2025-00049,P1,Purchase Invoice,Purchase Invoice,4,2025-02-10,2025-02-10 08:24:37.682646,ap.clerk@meridian.example,5209 - Office Rent - MTC,5209,Office Rent,Expense,1339.94,0.0,,,Cobalt IT Services,Admin - MTC,Cobalt IT Services February 2025 billing,Meridian Trading Co.
0b1ce73c55,ACC-SINV-2025-00055,P1,Sales Invoice,Sales Invoice,1,2025-02-10,2025-02-10 11:57:52.423716,ar.clerk@meridian.example,1310 - Debtors - MTC,1310,Debtors,Asset,676.58,0.0,Customer,Cascade Outfitters,4110 - Sales - MTC,,Customer order Cascade Outfitters Feb 2025,Meridian Trading Co.
b6f2e5885a,ACC-SINV-2025-00055,P1,Sales Invoice,Sales Invoice,2,2025-02-10,2025-02-10 11:57:52.423716,ar.clerk@meridian.example,4110 - Sales - MTC,4110,Sales,Income,0.0,404.48,,,Cascade Outfitters,Sales Ops - MTC,Customer order Cascade Outfitters Feb 2025,Meridian Trading Co.
d3ab4e228a,ACC-SINV-2025-00055,P1,Sales Invoice,Sales Invoice,3,2025-02-10,2025-02-10 11:57:52.423716,ar.clerk@meridian.example,ST 6% - MTC,,ST 6%,Liability,0.0,38.3,,,Cascade Outfitters,Admin - MTC,Customer order Cascade Outfitters Feb 2025,Meridian Trading Co.
f98eab508e,ACC-SINV-2025-00055,P1,Sales Invoice,Sales Invoice,4,2025-02-10,2025-02-10 11:57:52.423716,ar.clerk@meridian.example,4110 - Sales - MTC,4110,Sales,Income,0.0,233.8,,,Cascade Outfitters,Warehouse - MTC,Customer order Cascade Outfitters Feb 2025,Meridian Trading Co.
18867e5ac2,ACC-SINV-2025-00083,P1,Sales Invoice,Sales Invoice,1,2025-02-10,2025-02-10 11:58:17.433637,ar.clerk@meridian.example,4110 - Sales - MTC,4110,Sales,Income,0.0,1077.64,,,Halstrom Supply,Sales Ops - MTC,Customer order Halstrom Supply Feb 2025,Meridian Trading Co.
3bf437af9f,ACC-SINV-2025-00083,P1,Sales Invoice,Sales Invoice,2,2025-02-10,2025-02-10 11:58:17.433637,ar.clerk@meridian.example,ST 6% - MTC,,ST 6%,Liability,0.0,181.6,,,Halstrom Supply,Admin - MTC,Customer order Halstrom Supply Feb 2025,Meridian Trading Co.
8364a96a24,ACC-SINV-2025-00083,P1,Sales Invoice,Sales Invoice,3,2025-02-10,2025-02-10 11:58:17.433637,ar.clerk@meridian.example,1310 - Debtors - MTC,1310,Debtors,Asset,3208.34,0.0,Customer,Halstrom Supply,4110 - Sales - MTC,,Customer order Halstrom Supply Feb 2025,Meridian Trading Co.
ba4acde210,ACC-SINV-2025-00083,P1,Sales Invoice,Sales Invoice,4,2025-02-10,2025-02-10 11:58:17.433637,ar.clerk@meridian.example,4110 - Sales - MTC,4110,Sales,Income,0.0,1949.1,,,Halstrom Supply,Warehouse - MTC,Customer order Halstrom Supply Feb 2025,Meridian Trading Co.
706228b848,ACC-SINV-2025-00087,P1,Sales Invoice,Sales Invoice,1,2025-02-10,2025-02-10 14:10:07.258172,ar.clerk@meridian.example,4110 - Sales - MTC,4110,Sales,Income,0.0,1405.17,,,Kestrel Foods,Sales Ops - MTC,Customer order Kestrel Foods Feb 2025,Meridian Trading Co.
8fa5efc696,ACC-SINV-2025-00087,P1,Sales Invoice,Sales Invoice,2,2025-02-10,2025-02-10 14:10:07.258172,ar.clerk@meridian.example,1310 - Debtors - MTC,1310,Debtors,Asset,1489.48,0.0,Customer,Kestrel Foods,4110 - Sales - MTC,,Customer order Kestrel Foods Feb 2025,Meridian Trading Co.
b1fbf707de,ACC-SINV-2025-00087,P1,Sales Invoice,Sales Invoice,3,2025-02-10,2025-02-10 14:10:07.258172,ar.clerk@meridian.example,ST 6% - MTC,,ST 6%,Liability,0.0,84.31,,,Kestrel Foods,Admin - MTC,Customer order Kestrel Foods Feb 2025,Meridian Trading Co.
35bc10ff03,ACC-SINV-2025-00108,P1,Sales Invoice,Credit Note,1,2025-02-10,2025-02-10 17:53:39.756134,ar.clerk@meridian.example,1310 - Debtors - MTC,1310,Debtors,Asset,0.0,1189.79,Customer,Brightline Offices,4120 - Service - MTC,,Return against ACC-SINV-2025-00075,Meridian Trading Co.
eac6e79ae7,ACC-SINV-2025-00108,P1,Sales Invoice,Credit Note,2,2025-02-10,2025-02-10 17:53:39.756134,ar.clerk@meridian.example,4120 - Service - MTC,4120,Service,Income,1189.79,0.0,,,Brightline Offices,Admin - MTC,Return against ACC-SINV-2025-00075,Meridian Trading Co.
552f0798bd,ACC-PAY-2025-00007,P1,Payment Entry,Payment Entry,1,2025-02-11,2025-02-11 16:27:19.439160,ar.clerk@meridian.example,1310 - Debtors - MTC,1310,Debtors,Asset,0.0,1543.0,Customer,Kestrel Foods,1210 - Primary Checking - MTC,,Amount USD 1543.0 received from Kestrel Foods | Transaction reference no ACH-25-00009 dated 2025-02-11 | Amount USD 1543.0 adjusted against Sales Invoice ACC-SINV-2025-00009,Meridian Trading Co.
90453870e4,ACC-PAY-2025-00007,P1,Payment Entry,Payment Entry,2,2025-02-11,2025-02-11 16:27:19.439160,ar.clerk@meridian.example,1210 - Primary Checking - MTC,1210,Primary Checking,Asset,1543.0,0.0,,,Kestrel Foods,,Amount USD 1543.0 received from Kestrel Foods | Transaction reference no ACH-25-00009 dated 2025-02-11 | Amount USD 1543.0 adjusted against Sales Invoice ACC-SINV-2025-00009,Meridian Trading Co.
32c27788ce,ACC-PAY-2025-00024,P1,Payment Entry,Payment Entry,1,2025-02-11,2025-02-11 08:47:44.451758,ar.clerk@meridian.example,1210 - Primary Checking - MTC,1210,Primary Checking,Asset,3731.19,0.0,,,Northwind Retail,,Amount USD 3731.19 received from Northwind Retail | Transaction reference no ACH-25-00027 dated 2025-02-11 | Amount USD 3731.19 adjusted against Sales Invoice ACC-SINV-2025-00027,Meridian Trading Co.
6861981808,ACC-PAY-2025-00024,P1,Payment Entry,Payment Entry,2,2025-02-11,2025-02-11 08:47:44.451758,ar.clerk@meridian.example,1310 - Debtors - MTC,1310,Debtors,Asset,0.0,3731.19,Customer,Northwind Retail,1210 - Primary Checking - MTC,,Amount USD 3731.19 received from Northwind Retail | Transaction reference no ACH-25-00027 dated 2025-02-11 | Amount USD 3731.19 adjusted against Sales Invoice ACC-SINV-2025-00027,Meridian Trading Co.
a59d816410,ACC-PAY-2025-00025,P1,Payment Entry,Payment Entry,1,2025-02-11,2025-02-11 14:32:19.793602,ar.clerk@meridian.example,1210 - Primary Checking - MTC,1210,Primary Checking,Asset,517.96,0.0,,,Kestrel Foods,,Amount USD 517.96 received from Kestrel Foods | Transaction reference no ACH-25-00028 dated 2025-02-11 | Amount USD 517.96 adjusted against Sales Invoice ACC-SINV-2025-00028,Meridian Trading Co.
b3751a3def,ACC-PAY-2025-00025,P1,Payment Entry,Payment Entry,2,2025-02-11,2025-02-11 14:32:19.793602,ar.clerk@meridian.example,1310 - Debtors - MTC,1310,Debtors,Asset,0.0,517.96,Customer,Kestrel Foods,1210 - Primary Checking - MTC,,Amount USD 517.96 received from Kestrel Foods | Transaction reference no ACH-25-00028 dated 2025-02-11 | Amount USD 517.96 adjusted against Sales Invoice ACC-SINV-2025-00028,Meridian Trading Co.
bf89f446f1,ACC-PAY-2025-00041,P1,Payment Entry,Payment Entry,1,2025-02-11,2025-02-11 13:23:32.507772,ar.clerk@meridian.example,1310 - Debtors - MTC,1310,Debtors,Asset,0.0,1295.5,Customer,Northwind Retail,1210 - Primary Checking - MTC,,Amount USD 1295.5 received from Northwind Retail | Transaction reference no ACH-25-00049 dated 2025-02-11 | Amount USD 1295.5 adjusted against Sales Invoice ACC-SINV-2025-00049,Meridian Trading Co.
cd5f69b72f,ACC-PAY-2025-00041,P1,Payment Entry,Payment Entry,2,2025-02-11,2025-02-11 13:23:32.507772,ar.clerk@meridian.example,1210 - Primary Checking - MTC,1210,Primary Checking,Asset,1295.5,0.0,,,Northwind Retail,,Amount USD 1295.5 received from Northwind Retail | Transaction reference no ACH-25-00049 dated 2025-02-11 | Amount USD 1295.5 adjusted against Sales Invoice ACC-SINV-2025-00049,Meridian Trading Co.
44ebd770a6,ACC-PAY-2025-00089,P1,Payment Entry,Payment Entry,1,2025-02-11,2025-02-11 18:07:54.087207,ar.clerk@meridian.example,1310 - Debtors - MTC,1310,Debtors,Asset,0.0,4233.36,Customer,Brightline Offices,1210 - Primary Checking - MTC,,Amount USD 4233.36 received from Brightline Offices | Transaction reference no ACH-25-00075 dated 2025-02-11 | Amount USD 4233.36 adjusted against Sales Invoice ACC-SINV-2025-00075,Meridian Trading Co.
b12b04f116,ACC-PAY-2025-00089,P1,Payment Entry,Payment Entry,2,2025-02-11,2025-02-11 18:07:54.087207,ar.clerk@meridian.example,1210 - Primary Checking - MTC,1210,Primary Checking,Asset,4233.36,0.0,,,Brightline Offices,,Amount USD 4233.36 received from Brightline Offices | Transaction reference no ACH-25-00075 dated 2025-02-11 | Amount USD 4233.36 adjusted against Sales Invoice ACC-SINV-2025-00075,Meridian Trading Co.
8ba9236c00,ACC-SINV-2025-00052,P1,Sales Invoice,Credit Note,1,2025-02-11,2025-02-11 17:15:00.745556,ar.clerk@meridian.example,4110 - Sales - MTC,4110,Sales,Income,49.44,0.0,,,Halstrom Supply,Warehouse - MTC,Return against ACC-SINV-2025-00024,Meridian Trading Co.
e6c98332bc,ACC-SINV-2025-00052,P1,Sales Invoice,Credit Note,2,2025-02-11,2025-02-11 17:15:00.745556,ar.clerk@meridian.example,1310 - Debtors - MTC,1310,Debtors,Asset,0.0,49.44,Customer,Halstrom Supply,4110 - Sales - MTC,,Return against ACC-SINV-2025-00024,Meridian Trading Co.
11edaa8657,ACC-SINV-2025-00065,P1,Sales Invoice,Sales Invoice,1,2025-02-11,2025-02-11 12:53:12.232307,ar.clerk@meridian.example,ST 6% - MTC,,ST 6%,Liability,0.0,245.79,,,Bluepine Hardware,Admin - MTC,Customer order Bluepine Hardware Feb 2025,Meridian Trading Co.
32c01f323f,ACC-SINV-2025-00065,P1,Sales Invoice,Sales Invoice,2,2025-02-11,2025-02-11 12:53:12.232307,ar.clerk@meridian.example,1310 - Debtors - MTC,1310,Debtors,Asset,4342.35,0.0,Customer,Bluepine Hardware,4110 - Sales - MTC,,Customer order Bluepine Hardware Feb 2025,Meridian Trading Co.
ccdc09d848,ACC-SINV-2025-00065,P1,Sales Invoice,Sales Invoice,3,2025-02-11,2025-02-11 12:53:12.232307,ar.clerk@meridian.example,4110 - Sales - MTC,4110,Sales,Income,0.0,4096.56,,,Bluepine Hardware,Sales Ops - MTC,Customer order Bluepine Hardware Feb 2025,Meridian Trading Co.
0aeefc1d92,ACC-PAY-2025-00019,P1,Payment Entry,Payment Entry,1,2025-02-12,2025-02-12 17:51:26.257824,ar.clerk@meridian.example,1210 - Primary Checking - MTC,1210,Primary Checking,Asset,233.64,0.0,,,Timberline Schools,,Amount USD 233.64 received from Timberline Schools | Transaction reference no ACH-25-00021 dated 2025-02-12 | Amount USD 233.64 adjusted against Sales Invoice ACC-SINV-2025-00021,Meridian Trading Co.
6c68f88caa,ACC-PAY-2025-00019,P1,Payment Entry,Payment Entry,2,2025-02-12,2025-02-12 17:51:26.257824,ar.clerk@meridian.example,1310 - Debtors - MTC,1310,Debtors,Asset,0.0,233.64,Customer,Timberline Schools,1210 - Primary Checking - MTC,,Amount USD 233.64 received from Timberline Schools | Transaction reference no ACH-25-00021 dated 2025-02-12 | Amount USD 233.64 adjusted against Sales Invoice ACC-SINV-2025-00021,Meridian Trading Co.
8267b145ba,ACC-PAY-2025-00066,P1,Payment Entry,Payment Entry,1,2025-02-12,2025-02-12 10:50:01.408196,ap.clerk@meridian.example,2110 - Creditors - MTC,2110,Creditors,Liability,6765.64,0.0,Supplier,Quill Marketing Group,1210 - Primary Checking - MTC,,Amount USD 6765.64 paid to Quill Marketing Group | Transaction reference no ACH-25-00026 dated 2025-02-12 | Amount USD 6765.64 adjusted against Purchase Invoice ACC-PINV-2025-00026,Meridian Trading Co.
cab2429235,ACC-PAY-2025-00066,P1,Payment Entry,Payment Entry,2,2025-02-12,2025-02-12 10:50:01.408196,ap.clerk@meridian.example,1210 - Primary Checking - MTC,1210,Primary Checking,Asset,0.0,6765.64,,,Quill Marketing Group,,Amount USD 6765.64 paid to Quill Marketing Group | Transaction reference no ACH-25-00026 dated 2025-02-12 | Amount USD 6765.64 adjusted against Purchase Invoice ACC-PINV-2025-00026,Meridian Trading Co.
07154b2550,ACC-PINV-2025-00045,P1,Purchase Invoice,Purchase Invoice,1,2025-02-12,2025-02-12 13:20:04.137298,ap.clerk@meridian.example,5205 - Freight and Forwarding Charges - MTC,5205,Freight and Forwarding Charges,Expense,1745.97,0.0,,,Beacon Freight,Admin - MTC,Beacon Freight February 2025 billing,Meridian Trading Co.
6f3496e2e7,ACC-PINV-2025-00045,P1,Purchase Invoice,Purchase Invoice,2,2025-02-12,2025-02-12 13:20:04.137298,ap.clerk@meridian.example,2110 - Creditors - MTC,2110,Creditors,Liability,0.0,1745.97,Supplier,Beacon Freight,5205 - Freight and Forwarding Charges - MTC,,Beacon Freight February 2025 billing,Meridian Trading Co.
1a6059bb17,ACC-PINV-2025-00060,P1,Purchase Invoice,Purchase Invoice,1,2025-02-12,2025-02-12 10:08:40.273962,ap.clerk@meridian.example,2110 - Creditors - MTC,2110,Creditors,Liability,0.0,478.48,Supplier,Fairbanks Consulting,5226 - Contractor Services - MTC,,Fairbanks Consulting February 2025 billing,Meridian Trading Co.
6ad409d2ca,ACC-PINV-2025-00060,P1,Purchase Invoice,Purchase Invoice,2,2025-02-12,2025-02-12 10:08:40.273962,ap.clerk@meridian.example,5226 - Contractor Services - MTC,5226,Contractor Services,Expense,478.48,0.0,,,Fairbanks Consulting,Admin - MTC,Fairbanks Consulting February 2025 billing,Meridian Trading Co.
0254912870,ACC-PINV-2025-00061,P1,Purchase Invoice,Purchase Invoice,1,2025-02-12,2025-02-12 08:52:25.049709,ap.clerk@meridian.example,2110 - Creditors - MTC,2110,Creditors,Liability,0.0,18181.91,Supplier,Fairbanks Consulting,"5226 - Contractor Services - MTC,5204 - Entertainment Expenses - MTC",,Fairbanks Consulting February 2025 billing,Meridian Trading Co.
a6e11deaa7,ACC-PINV-2025-00061,P1,Purchase Invoice,Purchase Invoice,2,2025-02-12,2025-02-12 08:52:25.049709,ap.clerk@meridian.example,5226 - Contractor Services - MTC,5226,Contractor Services,Expense,17589.91,0.0,,,Fairbanks Consulting,Admin - MTC,Fairbanks Consulting February 2025 billing,Meridian Trading Co.
f514cb076c,ACC-PINV-2025-00061,P1,Purchase Invoice,Purchase Invoice,3,2025-02-12,2025-02-12 08:52:25.049709,ap.clerk@meridian.example,5204 - Entertainment Expenses - MTC,5204,Entertainment Expenses,Expense,592.0,0.0,,,Fairbanks Consulting,Admin - MTC,Fairbanks Consulting February 2025 billing,Meridian Trading Co.
196abb2b5c,ACC-SINV-2025-00085,P1,Sales Invoice,Sales Invoice,1,2025-02-12,2025-02-12 15:05:34.431028,ar.clerk@meridian.example,ST 6% - MTC,,ST 6%,Liability,0.0,118.16,,,Halstrom Supply,Admin - MTC,Customer order Halstrom Supply Feb 2025,Meridian Trading Co.
31cd933b3e,ACC-SINV-2025-00085,P1,Sales Invoice,Sales Invoice,2,2025-02-12,2025-02-12 15:05:34.431028,ar.clerk@meridian.example,1310 - Debtors - MTC,1310,Debtors,Asset,2087.42,0.0,Customer,Halstrom Supply,4110 - Sales - MTC,,Customer order Halstrom Supply Feb 2025,Meridian Trading Co.
7a8c95d3f8,ACC-SINV-2025-00085,P1,Sales Invoice,Sales Invoice,3,2025-02-12,2025-02-12 15:05:34.431028,ar.clerk@meridian.example,4110 - Sales - MTC,4110,Sales,Income,0.0,511.27,,,Halstrom Supply,Sales Ops - MTC,Customer order Halstrom Supply Feb 2025,Meridian Trading Co.
d4dbf74536,ACC-SINV-2025-00085,P1,Sales Invoice,Sales Invoice,4,2025-02-12,2025-02-12 15:05:34.431028,ar.clerk@meridian.example,4110 - Sales - MTC,4110,Sales,Income,0.0,1457.99,,,Halstrom Supply,Warehouse - MTC,Customer order Halstrom Supply Feb 2025,Meridian Trading Co.
4422ac983c,ACC-SINV-2025-00086,P1,Sales Invoice,Sales Invoice,1,2025-02-12,2025-02-12 09:37:01.301501,ar.clerk@meridian.example,1310 - Debtors - MTC,1310,Debtors,Asset,1326.42,0.0,Customer,Juniper & Co,"4120 - Service - MTC,4110 - Sales - MTC",,Customer order Juniper & Co Feb 2025,Meridian Trading Co.
5646a56933,ACC-SINV-2025-00086,P1,Sales Invoice,Sales Invoice,2,2025-02-12,2025-02-12 09:37:01.301501,ar.clerk@meridian.example,ST 6% - MTC,,ST 6%,Liability,0.0,75.08,,,Juniper & Co,Admin - MTC,Customer order Juniper & Co Feb 2025,Meridian Trading Co.
8f0035ef33,ACC-SINV-2025-00086,P1,Sales Invoice,Sales Invoice,3,2025-02-12,2025-02-12 09:37:01.301501,ar.clerk@meridian.example,4110 - Sales - MTC,4110,Sales,Income,0.0,181.72,,,Juniper & Co,Sales Ops - MTC,Customer order Juniper & Co Feb 2025,Meridian Trading Co.
e44672cd9e,ACC-SINV-2025-00086,P1,Sales Invoice,Sales Invoice,4,2025-02-12,2025-02-12 09:37:01.301501,ar.clerk@meridian.example,4120 - Service - MTC,4120,Service,Income,0.0,1069.62,,,Juniper & Co,Sales Ops - MTC,Customer order Juniper & Co Feb 2025,Meridian Trading Co.
09a8d6b49b,ACC-SINV-2025-00091,P1,Sales Invoice,Sales Invoice,1,2025-02-12,2025-02-12 08:08:42.624136,controller@meridian.example,4110 - Sales - MTC,4110,Sales,Income,0.0,137.46,,,Redcedar Builders,Warehouse - MTC,Customer order Redcedar Builders Feb 2025,Meridian Trading Co.
1c72ac6094,ACC-SINV-2025-00091,P1,Sales Invoice,Sales Invoice,2,2025-02-12,2025-02-12 08:08:42.624136,controller@meridian.example,1310 - Debtors - MTC,1310,Debtors,Asset,1937.84,0.0,Customer,Redcedar Builders,"4110 - Sales - MTC,4120 - Service - MTC",,Customer order Redcedar Builders Feb 2025,Meridian Trading Co.
6e6238c2c0,ACC-SINV-2025-00091,P1,Sales Invoice,Sales Invoice,3,2025-02-12,2025-02-12 08:08:42.624136,controller@meridian.example,4120 - Service - MTC,4120,Service,Income,0.0,1418.44,,,Redcedar Builders,Sales Ops - MTC,Customer order Redcedar Builders Feb 2025,Meridian Trading Co.
73dccc1025,ACC-SINV-2025-00091,P1,Sales Invoice,Sales Invoice,4,2025-02-12,2025-02-12 08:08:42.624136,controller@meridian.example,ST 6% - MTC,,ST 6%,Liability,0.0,109.69,,,Redcedar Builders,Admin - MTC,Customer order Redcedar Builders Feb 2025,Meridian Trading Co.
c900240807,ACC-SINV-2025-00091,P1,Sales Invoice,Sales Invoice,5,2025-02-12,2025-02-12 08:08:42.624136,controller@meridian.example,4110 - Sales - MTC,4110,Sales,Income,0.0,272.25,,,Redcedar Builders,Sales Ops - MTC,Customer order Redcedar Builders Feb 2025,Meridian Trading Co.
0bc99b3eed,ACC-SINV-2025-00096,P1,Sales Invoice,Sales Invoice,1,2025-02-12,2025-02-12 10:02:35.757273,ar.clerk@meridian.example,4110 - Sales - MTC,4110,Sales,Income,0.0,778.3,,,Cascade Outfitters,Sales Ops - MTC,Customer order Cascade Outfitters Feb 2025,Meridian Trading Co.
7e23d332de,ACC-SINV-2025-00096,P1,Sales Invoice,Sales Invoice,2,2025-02-12,2025-02-12 10:02:35.757273,ar.clerk@meridian.example,4110 - Sales - MTC,4110,Sales,Income,0.0,633.27,,,Cascade Outfitters,Warehouse - MTC,Customer order Cascade Outfitters Feb 2025,Meridian Trading Co.
94c4997dde,ACC-SINV-2025-00096,P1,Sales Invoice,Sales Invoice,3,2025-02-12,2025-02-12 10:02:35.757273,ar.clerk@meridian.example,1310 - Debtors - MTC,1310,Debtors,Asset,1496.26,0.0,Customer,Cascade Outfitters,4110 - Sales - MTC,,Customer order Cascade Outfitters Feb 2025,Meridian Trading Co.
e34815d319,ACC-SINV-2025-00096,P1,Sales Invoice,Sales Invoice,4,2025-02-12,2025-02-12 10:02:35.757273,ar.clerk@meridian.example,ST 6% - MTC,,ST 6%,Liability,0.0,84.69,,,Cascade Outfitters,Admin - MTC,Customer order Cascade Outfitters Feb 2025,Meridian Trading Co.
0a87b6bcbf,ACC-SINV-2025-00100,P1,Sales Invoice,Sales Invoice,1,2025-02-12,2025-02-12 11:36:26.359287,ar.clerk@meridian.example,4110 - Sales - MTC,4110,Sales,Income,0.0,319.0,,,Bluepine Hardware,Sales Ops - MTC,Customer order Bluepine Hardware Feb 2025,Meridian Trading Co.
0f1d7d5e27,ACC-SINV-2025-00100,P1,Sales Invoice,Sales Invoice,2,2025-02-12,2025-02-12 11:36:26.359287,ar.clerk@meridian.example,1310 - Debtors - MTC,1310,Debtors,Asset,543.76,0.0,Customer,Bluepine Hardware,4110 - Sales - MTC,,Customer order Bluepine Hardware Feb 2025,Meridian Trading Co.
d0cebc31ea,ACC-SINV-2025-00100,P1,Sales Invoice,Sales Invoice,3,2025-02-12,2025-02-12 11:36:26.359287,ar.clerk@meridian.example,4110 - Sales - MTC,4110,Sales,Income,0.0,193.98,,,Bluepine Hardware,Warehouse - MTC,Customer order Bluepine Hardware Feb 2025,Meridian Trading Co.
d0f960e0a2,ACC-SINV-2025-00100,P1,Sales Invoice,Sales Invoice,4,2025-02-12,2025-02-12 11:36:26.359287,ar.clerk@meridian.example,ST 6% - MTC,,ST 6%,Liability,0.0,30.78,,,Bluepine Hardware,Admin - MTC,Customer order Bluepine Hardware Feb 2025,Meridian Trading Co.
06722c97fd,ACC-SINV-2025-00104,P1,Sales Invoice,Sales Invoice,1,2025-02-12,2025-02-12 15:45:24.287021,ar.clerk@meridian.example,4110 - Sales - MTC,4110,Sales,Income,0.0,957.27,,,Timberline Schools,Sales Ops - MTC,Customer order Timberline Schools Feb 2025,Meridian Trading Co.
570b74ffdf,ACC-SINV-2025-00104,P1,Sales Invoice,Sales Invoice,2,2025-02-12,2025-02-12 15:45:24.287021,ar.clerk@meridian.example,4110 - Sales - MTC,4110,Sales,Income,0.0,197.9,,,Timberline Schools,Warehouse - MTC,Customer order Timberline Schools Feb 2025,Meridian Trading Co.
926ed52ec7,ACC-SINV-2025-00104,P1,Sales Invoice,Sales Invoice,3,2025-02-12,2025-02-12 15:45:24.287021,ar.clerk@meridian.example,1310 - Debtors - MTC,1310,Debtors,Asset,4170.89,0.0,Customer,Timberline Schools,"4110 - Sales - MTC,4120 - Service - MTC",,Customer order Timberline Schools Feb 2025,Meridian Trading Co.
af7e569804,ACC-SINV-2025-00104,P1,Sales Invoice,Sales Invoice,4,2025-02-12,2025-02-12 15:45:24.287021,ar.clerk@meridian.example,4120 - Service - MTC,4120,Service,Income,0.0,3015.72,,,Timberline Schools,Sales Ops - MTC,Customer order Timberline Schools Feb 2025,Meridian Trading Co.
1514366c1c,ACC-SINV-2025-00105,P1,Sales Invoice,Sales Invoice,1,2025-02-12,2025-02-12 12:19:51.606821,ar.clerk@meridian.example,4110 - Sales - MTC,4110,Sales,Income,0.0,306.51,,,Ovation Events,Sales Ops - MTC,Customer order Ovation Events Feb 2025,Meridian Trading Co.
4dea71b1c0,ACC-SINV-2025-00105,P1,Sales Invoice,Sales Invoice,2,2025-02-12,2025-02-12 12:19:51.606821,ar.clerk@meridian.example,1310 - Debtors - MTC,1310,Debtors,Asset,857.86,0.0,Customer,Ovation Events,4110 - Sales - MTC,,Customer order Ovation Events Feb 2025,Meridian Trading Co.
ed343e7272,ACC-SINV-2025-00105,P1,Sales Invoice,Sales Invoice,3,2025-02-12,2025-02-12 12:19:51.606821,ar.clerk@meridian.example,4110 - Sales - MTC,4110,Sales,Income,0.0,551.35,,,Ovation Events,Warehouse - MTC,Customer order Ovation Events Feb 2025,Meridian Trading Co.
299af6b37c,ACC-PAY-2025-00031,P1,Payment Entry,Payment Entry,1,2025-02-13,2025-02-13 17:26:28.333870,ar.clerk@meridian.example,1210 - Primary Checking - MTC,1210,Primary Checking,Asset,28.91,0.0,,,Timberline Schools,,Amount USD 28.91 received from Timberline Schools | Transaction reference no ACH-25-00035 dated 2025-02-13 | Amount USD 28.91 adjusted against Sales Invoice ACC-SINV-2025-00035,Meridian Trading Co.
ad5221c6c4,ACC-PAY-2025-00031,P1,Payment Entry,Payment Entry,2,2025-02-13,2025-02-13 17:26:28.333870,ar.clerk@meridian.example,1310 - Debtors - MTC,1310,Debtors,Asset,0.0,28.91,Customer,Timberline Schools,1210 - Primary Checking - MTC,,Amount USD 28.91 received from Timberline Schools | Transaction reference no ACH-25-00035 dated 2025-02-13 | Amount USD 28.91 adjusted against Sales Invoice ACC-SINV-2025-00035,Meridian Trading Co.
025fba1c99,ACC-PAY-2025-00064,P1,Payment Entry,Payment Entry,1,2025-02-13,2025-02-13 17:33:04.173456,ap.clerk@meridian.example,2110 - Creditors - MTC,2110,Creditors,Liability,2390.09,0.0,Supplier,Harlan Office Supply,1210 - Primary Checking - MTC,,Amount USD 2390.09 paid to Harlan Office Supply | Transaction reference no ACH-25-00024 dated 2025-02-13 | Amount USD 2390.09 adjusted against Purchase Invoice ACC-PINV-2025-00024,Meridian Trading Co.
f85de0de04,ACC-PAY-2025-00064,P1,Payment Entry,Payment Entry,2,2025-02-13,2025-02-13 17:33:04.173456,ap.clerk@meridian.example,1210 - Primary Checking - MTC,1210,Primary Checking,Asset,0.0,2390.09,,,Harlan Office Supply,,Amount USD 2390.09 paid to Harlan Office Supply | Transaction reference no ACH-25-00024 dated 2025-02-13 | Amount USD 2390.09 adjusted against Purchase Invoice ACC-PINV-2025-00024,Meridian Trading Co.
090325a68b,ACC-PINV-2025-00047,P1,Purchase Invoice,Purchase Invoice,1,2025-02-13,2025-02-13 11:07:39.414765,ap.clerk@meridian.example,2110 - Creditors - MTC,2110,Creditors,Liability,0.0,17869.04,Supplier,Beacon Freight,5205 - Freight and Forwarding Charges - MTC,,Beacon Freight February 2025 billing,Meridian Trading Co.
59682e43f5,ACC-PINV-2025-00047,P1,Purchase Invoice,Purchase Invoice,2,2025-02-13,2025-02-13 11:07:39.414765,ap.clerk@meridian.example,5205 - Freight and Forwarding Charges - MTC,5205,Freight and Forwarding Charges,Expense,17869.04,0.0,,,Beacon Freight,Admin - MTC,Beacon Freight February 2025 billing,Meridian Trading Co.
111bcd3843,ACC-PINV-2025-00052,P1,Purchase Invoice,Purchase Invoice,1,2025-02-13,2025-02-13 08:23:47.130256,ap.clerk@meridian.example,5210 - Postal Expenses - MTC,5210,Postal Expenses,Expense,125.15,0.0,,,Metro Utilities,Admin - MTC,Metro Utilities February 2025 billing,Meridian Trading Co.
4f4e9560eb,ACC-PINV-2025-00052,P1,Purchase Invoice,Purchase Invoice,2,2025-02-13,2025-02-13 08:23:47.130256,ap.clerk@meridian.example,2110 - Creditors - MTC,2110,Creditors,Liability,0.0,4115.26,Supplier,Metro Utilities,"5217 - Utility Expenses - MTC,5216 - Travel Expenses - MTC,5210 - Postal Expenses - MTC",,Metro Utilities February 2025 billing,Meridian Trading Co.
86768a3b5f,ACC-PINV-2025-00052,P1,Purchase Invoice,Purchase Invoice,3,2025-02-13,2025-02-13 08:23:47.130256,ap.clerk@meridian.example,5217 - Utility Expenses - MTC,5217,Utility Expenses,Expense,3528.86,0.0,,,Metro Utilities,Admin - MTC,Metro Utilities February 2025 billing,Meridian Trading Co.
9ee8f7052e,ACC-PINV-2025-00052,P1,Purchase Invoice,Purchase Invoice,4,2025-02-13,2025-02-13 08:23:47.130256,ap.clerk@meridian.example,5216 - Travel Expenses - MTC,5216,Travel Expenses,Expense,461.25,0.0,,,Metro Utilities,Admin - MTC,Metro Utilities February 2025 billing,Meridian Trading Co.
2a9d03367a,ACC-PINV-2025-00062,P1,Purchase Invoice,Purchase Invoice,1,2025-02-13,2025-02-13 08:55:24.988071,ap.clerk@meridian.example,5208 - Office Maintenance Expenses - MTC,5208,Office Maintenance Expenses,Expense,7703.26,0.0,,,Granite Janitorial,Admin - MTC,Granite Janitorial February 2025 billing,Meridian Trading Co.
a6c84a9de9,ACC-PINV-2025-00062,P1,Purchase Invoice,Purchase Invoice,2,2025-02-13,2025-02-13 08:55:24.988071,ap.clerk@meridian.example,2110 - Creditors - MTC,2110,Creditors,Liability,0.0,7703.26,Supplier,Granite Janitorial,5208 - Office Maintenance Expenses - MTC,,Granite Janitorial February 2025 billing,Meridian Trading Co.
478298797e,ACC-SINV-2025-00060,P1,Sales Invoice,Sales Invoice,1,2025-02-13,2025-02-13 10:37:20.597191,ar.clerk@meridian.example,ST 6% - MTC,,ST 6%,Liability,0.0,56.98,,,Juniper & Co,Admin - MTC,Customer order Juniper & Co Feb 2025,Meridian Trading Co.
a30378bb4c,ACC-SINV-2025-00060,P1,Sales Invoice,Sales Invoice,2,2025-02-13,2025-02-13 10:37:20.597191,ar.clerk@meridian.example,4110 - Sales - MTC,4110,Sales,Income,0.0,949.62,,,Juniper & Co,Warehouse - MTC,Customer order Juniper & Co Feb 2025,Meridian Trading Co.
c87238f783,ACC-SINV-2025-00060,P1,Sales Invoice,Sales Invoice,3,2025-02-13,2025-02-13 10:37:20.597191,ar.clerk@meridian.example,1310 - Debtors - MTC,1310,Debtors,Asset,1006.6,0.0,Customer,Juniper & Co,4110 - Sales - MTC,,Customer order Juniper & Co Feb 2025,Meridian Trading Co.
22692f1da9,ACC-SINV-2025-00094,P1,Sales Invoice,Sales Invoice,1,2025-02-13,2025-02-13 13:20:02.273974,ar.clerk@meridian.example,4110 - Sales - MTC,4110,Sales,Income,0.0,1094.34,,,Ovation Events,Sales Ops - MTC,Customer order Ovation Events Feb 2025,Meridian Trading Co.
8c341a0352,ACC-SINV-2025-00094,P1,Sales Invoice,Sales Invoice,2,2025-02-13,2025-02-13 13:20:02.273974,ar.clerk@meridian.example,4130 - Freight Income - MTC,4130,Freight Income,Income,0.0,679.2,,,Ovation Events,Admin - MTC,Customer order Ovation Events Feb 2025,Meridian Trading Co.
cd537573d4,ACC-SINV-2025-00094,P1,Sales Invoice,Sales Invoice,3,2025-02-13,2025-02-13 13:20:02.273974,ar.clerk@meridian.example,4110 - Sales - MTC,4110,Sales,Income,0.0,553.52,,,Ovation Events,Warehouse - MTC,Customer order Ovation Events Feb 2025,Meridian Trading Co.
e6ba70350a,ACC-SINV-2025-00094,P1,Sales Invoice,Sales Invoice,4,2025-02-13,2025-02-13 13:20:02.273974,ar.clerk@meridian.example,1310 - Debtors - MTC,1310,Debtors,Asset,2327.06,0.0,Customer,Ovation Events,"4130 - Freight Income - MTC,4110 - Sales - MTC",,Customer order Ovation Events Feb 2025,Meridian Trading Co.
021fd89b18,ACC-SINV-2025-00097,P1,Sales Invoice,Sales Invoice,1,2025-02-13,2025-02-13 08:28:51.313225,ar.clerk@meridian.example,ST 6% - MTC,,ST 6%,Liability,0.0,66.07,,,Northwind Retail,Admin - MTC,Customer order Northwind Retail Feb 2025,Meridian Trading Co.
451dedb737,ACC-SINV-2025-00097,P1,Sales Invoice,Sales Invoice,2,2025-02-13,2025-02-13 08:28:51.313225,ar.clerk@meridian.example,4130 - Freight Income - MTC,4130,Freight Income,Income,0.0,594.93,,,Northwind Retail,Admin - MTC,Customer order Northwind Retail Feb 2025,Meridian Trading Co.
b631a23538,ACC-SINV-2025-00097,P1,Sales Invoice,Sales Invoice,3,2025-02-13,2025-02-13 08:28:51.313225,ar.clerk@meridian.example,4110 - Sales - MTC,4110,Sales,Income,0.0,506.26,,,Northwind Retail,Warehouse - MTC,Customer order Northwind Retail Feb 2025,Meridian Trading Co.
fe94605bdd,ACC-SINV-2025-00097,P1,Sales Invoice,Sales Invoice,4,2025-02-13,2025-02-13 08:28:51.313225,ar.clerk@meridian.example,1310 - Debtors - MTC,1310,Debtors,Asset,1167.26,0.0,Customer,Northwind Retail,"4110 - Sales - MTC,4130 - Freight Income - MTC",,Customer order Northwind Retail Feb 2025,Meridian Trading Co.
34b3711d5f,ACC-PAY-2025-00033,P1,Payment Entry,Payment Entry,1,2025-02-14,2025-02-14 12:11:21.835089,ar.clerk@meridian.example,1210 - Primary Checking - MTC,1210,Primary Checking,Asset,5021.86,0.0,,,Summit Rentals,,Amount USD 5021.86 received from Summit Rentals | Transaction reference no ACH-25-00038 dated 2025-02-14 | Amount USD 5021.86 adjusted against Sales Invoice ACC-SINV-2025-00038,Meridian Trading Co.
ef3a8bdc16,ACC-PAY-2025-00033,P1,Payment Entry,Payment Entry,2,2025-02-14,2025-02-14 12:11:21.835089,ar.clerk@meridian.example,1310 - Debtors - MTC,1310,Debtors,Asset,0.0,5021.86,Customer,Summit Rentals,1210 - Primary Checking - MTC,,Amount USD 5021.86 received from Summit Rentals | Transaction reference no ACH-25-00038 dated 2025-02-14 | Amount USD 5021.86 adjusted against Sales Invoice ACC-SINV-2025-00038,Meridian Trading Co.
3fb3a5b422,ACC-PAY-2025-00085,P1,Payment Entry,Payment Entry,1,2025-02-14,2025-02-14 15:46:10.391670,ar.clerk@meridian.example,1310 - Debtors - MTC,1310,Debtors,Asset,0.0,2172.35,Customer,Galehouse Media,1210 - Primary Checking - MTC,,Amount USD 2172.35 received from Galehouse Media | Transaction reference no ACH-25-00070 dated 2025-02-14 | Amount USD 2172.35 adjusted against Sales Invoice ACC-SINV-2025-00070,Meridian Trading Co.
ba974e4a5b,ACC-PAY-2025-00085,P1,Payment Entry,Payment Entry,2,2025-02-14,2025-02-14 15:46:10.391670,ar.clerk@meridian.example,1210 - Primary Checking - MTC,1210,Primary Checking,Asset,2172.35,0.0,,,Galehouse Media,,Amount USD 2172.35 received from Galehouse Media | Transaction reference no ACH-25-00070 dated 2025-02-14 | Amount USD 2172.35 adjusted against Sales Invoice ACC-SINV-2025-00070,Meridian Trading Co.
20356ee549,ACC-SINV-2025-00064,P1,Sales Invoice,Sales Invoice,1,2025-02-14,2025-02-14 10:48:30.124519,ar.clerk@meridian.example,4110 - Sales - MTC,4110,Sales,Income,0.0,273.4,,,Ovation Events,Warehouse - MTC,Customer order Ovation Events Feb 2025,Meridian Trading Co.
9f787c0edf,ACC-SINV-2025-00064,P1,Sales Invoice,Sales Invoice,2,2025-02-14,2025-02-14 10:48:30.124519,ar.clerk@meridian.example,4120 - Service - MTC,4120,Service,Income,0.0,9101.89,,,Ovation Events,Admin - MTC,Customer order Ovation Events Feb 2025,Meridian Trading Co.
c86654ada3,ACC-SINV-2025-00064,P1,Sales Invoice,Sales Invoice,3,2025-02-14,2025-02-14 10:48:30.124519,ar.clerk@meridian.example,1310 - Debtors - MTC,1310,Debtors,Asset,9375.29,0.0,Customer,Ovation Events,"4120 - Service - MTC,4110 - Sales - MTC",,Customer order Ovation Events Feb 2025,Meridian Trading Co.
2fbdba9ab2,ACC-SINV-2025-00066,P1,Sales Invoice,Sales Invoice,1,2025-02-14,2025-02-14 13:14:00.061446,ar.clerk@meridian.example,4110 - Sales - MTC,4110,Sales,Income,0.0,1234.92,,,Brightline Offices,Sales Ops - MTC,Customer order Brightline Offices Feb 2025,Meridian Trading Co.
672627df44,ACC-SINV-2025-00066,P1,Sales Invoice,Sales Invoice,2,2025-02-14,2025-02-14 13:14:00.061446,ar.clerk@meridian.example,1310 - Debtors - MTC,1310,Debtors,Asset,1309.02,0.0,Customer,Brightline Offices,4110 - Sales - MTC,,Customer order Brightline Offices Feb 2025,Meridian Trading Co.
e1ad2b0c66,ACC-SINV-2025-00066,P1,Sales Invoice,Sales Invoice,3,2025-02-14,2025-02-14 13:14:00.061446,ar.clerk@meridian.example,ST 6% - MTC,,ST 6%,Liability,0.0,74.1,,,Brightline Offices,Admin - MTC,Customer order Brightline Offices Feb 2025,Meridian Trading Co.
1d5bb8b14e,ACC-SINV-2025-00079,P1,Sales Invoice,Sales Invoice,1,2025-02-14,2025-02-14 18:23:19.391833,ar.clerk@meridian.example,4110 - Sales - MTC,4110,Sales,Income,0.0,197.88,,,Ovation Events,Warehouse - MTC,Customer order Ovation Events Feb 2025,Meridian Trading Co.
53c1a994a1,ACC-SINV-2025-00079,P1,Sales Invoice,Sales Invoice,2,2025-02-14,2025-02-14 18:23:19.391833,ar.clerk@meridian.example,4110 - Sales - MTC,4110,Sales,Income,0.0,145.28,,,Ovation Events,Sales Ops - MTC,Customer order Ovation Events Feb 2025,Meridian Trading Co.
72bb3ffad0,ACC-SINV-2025-00079,P1,Sales Invoice,Sales Invoice,3,2025-02-14,2025-02-14 18:23:19.391833,ar.clerk@meridian.example,1310 - Debtors - MTC,1310,Debtors,Asset,343.16,0.0,Customer,Ovation Events,4110 - Sales - MTC,,Customer order Ovation Events Feb 2025,Meridian Trading Co.
7e6ee02667,ACC-PAY-2025-00004,P1,Payment Entry,Payment Entry,1,2025-02-15,2025-02-17 17:25:16.777045,ar.clerk@meridian.example,1310 - Debtors - MTC,1310,Debtors,Asset,0.0,4300.64,Customer,Kestrel Foods,1210 - Primary Checking - MTC,,Amount USD 4300.64 received from Kestrel Foods | Transaction reference no ACH-25-00005 dated 2025-02-15 | Amount USD 4300.64 adjusted against Sales Invoice ACC-SINV-2025-00005,Meridian Trading Co.
f2ea58a107,ACC-PAY-2025-00004,P1,Payment Entry,Payment Entry,2,2025-02-15,2025-02-17 17:25:16.777045,ar.clerk@meridian.example,1210 - Primary Checking - MTC,1210,Primary Checking,Asset,4300.64,0.0,,,Kestrel Foods,,Amount USD 4300.64 received from Kestrel Foods | Transaction reference no ACH-25-00005 dated 2025-02-15 | Amount USD 4300.64 adjusted against Sales Invoice ACC-SINV-2025-00005,Meridian Trading Co.
013c853efc,ACC-PAY-2025-00068,P1,Payment Entry,Payment Entry,1,2025-02-15,2025-02-17 14:00:16.502447,ap.clerk@meridian.example,1210 - Primary Checking - MTC,1210,Primary Checking,Asset,0.0,8415.25,,,Fairbanks Consulting,,Amount USD 8415.25 paid to Fairbanks Consulting | Transaction reference no ACH-25-00028 dated 2025-02-15 | Amount USD 8415.25 adjusted against Purchase Invoice ACC-PINV-2025-00028,Meridian Trading Co.
d58c4165c4,ACC-PAY-2025-00068,P1,Payment Entry,Payment Entry,2,2025-02-15,2025-02-17 14:00:16.502447,ap.clerk@meridian.example,2110 - Creditors - MTC,2110,Creditors,Liability,8415.25,0.0,Supplier,Fairbanks Consulting,1210 - Primary Checking - MTC,,Amount USD 8415.25 paid to Fairbanks Consulting | Transaction reference no ACH-25-00028 dated 2025-02-15 | Amount USD 8415.25 adjusted against Purchase Invoice ACC-PINV-2025-00028,Meridian Trading Co.
bbcc215ba3,ACC-PAY-2025-00022,P1,Payment Entry,Payment Entry,1,2025-02-16,2025-02-17 08:13:41.033522,ar.clerk@meridian.example,1310 - Debtors - MTC,1310,Debtors,Asset,0.0,55.37,Customer,Halstrom Supply,1210 - Primary Checking - MTC,,Amount USD 55.37 received from Halstrom Supply | Transaction reference no ACH-25-00024 dated 2025-02-16 | Amount USD 55.37 adjusted against Sales Invoice ACC-SINV-2025-00024,Meridian Trading Co.
c84042f800,ACC-PAY-2025-00022,P1,Payment Entry,Payment Entry,2,2025-02-16,2025-02-17 08:13:41.033522,ar.clerk@meridian.example,1210 - Primary Checking - MTC,1210,Primary Checking,Asset,55.37,0.0,,,Halstrom Supply,,Amount USD 55.37 received from Halstrom Supply | Transaction reference no ACH-25-00024 dated 2025-02-16 | Amount USD 55.37 adjusted against Sales Invoice ACC-SINV-2025-00024,Meridian Trading Co.
a8d9dba937,ACC-PAY-2025-00039,P1,Payment Entry,Payment Entry,1,2025-02-16,2025-02-17 10:00:05.545657,ar.clerk@meridian.example,1210 - Primary Checking - MTC,1210,Primary Checking,Asset,2360.12,0.0,,,Cascade Outfitters,,Amount USD 2360.12 received from Cascade Outfitters | Transaction reference no ACH-25-00045 dated 2025-02-16 | Amount USD 2360.12 adjusted against Sales Invoice ACC-SINV-2025-00045,Meridian Trading Co.
bb10275564,ACC-PAY-2025-00039,P1,Payment Entry,Payment Entry,2,2025-02-16,2025-02-17 10:00:05.545657,ar.clerk@meridian.example,1310 - Debtors - MTC,1310,Debtors,Asset,0.0,2360.12,Customer,Cascade Outfitters,1210 - Primary Checking - MTC,,Amount USD 2360.12 received from Cascade Outfitters | Transaction reference no ACH-25-00045 dated 2025-02-16 | Amount USD 2360.12 adjusted against Sales Invoice ACC-SINV-2025-00045,Meridian Trading Co.
4737aa7a54,ACC-PAY-2025-00067,P1,Payment Entry,Payment Entry,1,2025-02-16,2025-02-17 11:54:11.372239,ap.clerk@meridian.example,2110 - Creditors - MTC,2110,Creditors,Liability,7953.02,0.0,Supplier,Ironclad Security,1210 - Primary Checking - MTC,,Amount USD 7953.02 paid to Ironclad Security | Transaction reference no ACH-25-00027 dated 2025-02-16 | Amount USD 7953.02 adjusted against Purchase Invoice ACC-PINV-2025-00027,Meridian Trading Co.
6c1378d306,ACC-PAY-2025-00067,P1,Payment Entry,Payment Entry,2,2025-02-16,2025-02-17 11:54:11.372239,ap.clerk@meridian.example,1210 - Primary Checking - MTC,1210,Primary Checking,Asset,0.0,7953.02,,,Ironclad Security,,Amount USD 7953.02 paid to Ironclad Security | Transaction reference no ACH-25-00027 dated 2025-02-16 | Amount USD 7953.02 adjusted against Purchase Invoice ACC-PINV-2025-00027,Meridian Trading Co.
175799cc55,ACC-PAY-2025-00018,P1,Payment Entry,Payment Entry,1,2025-02-17,2025-02-17 14:38:43.255940,ar.clerk@meridian.example,1210 - Primary Checking - MTC,1210,Primary Checking,Asset,1879.41,0.0,,,Marlowe Interiors,,Amount USD 1879.41 received from Marlowe Interiors | Transaction reference no ACH-25-00020 dated 2025-02-17 | Amount USD 1879.41 adjusted against Sales Invoice ACC-SINV-2025-00020,Meridian Trading Co.
36b0878ae9,ACC-PAY-2025-00018,P1,Payment Entry,Payment Entry,2,2025-02-17,2025-02-17 14:38:43.255940,ar.clerk@meridian.example,1310 - Debtors - MTC,1310,Debtors,Asset,0.0,1879.41,Customer,Marlowe Interiors,1210 - Primary Checking - MTC,,Amount USD 1879.41 received from Marlowe Interiors | Transaction reference no ACH-25-00020 dated 2025-02-17 | Amount USD 1879.41 adjusted against Sales Invoice ACC-SINV-2025-00020,Meridian Trading Co.
a1fa46733f,ACC-PAY-2025-00113,P1,Payment Entry,Payment Entry,1,2025-02-17,2025-02-17 13:25:12.827897,ar.clerk@meridian.example,1210 - Primary Checking - MTC,1210,Primary Checking,Asset,320.82,0.0,,,Bluepine Hardware,,Amount USD 320.82 received from Bluepine Hardware | Transaction reference no ACH-25-00100 dated 2025-02-17 | Amount USD 320.82 adjusted against Sales Invoice ACC-SINV-2025-00100,Meridian Trading Co.
f43759964e,ACC-PAY-2025-00113,P1,Payment Entry,Payment Entry,2,2025-02-17,2025-02-17 13:25:12.827897,ar.clerk@meridian.example,1310 - Debtors - MTC,1310,Debtors,Asset,0.0,320.82,Customer,Bluepine Hardware,1210 - Primary Checking - MTC,,Amount USD 320.82 received from Bluepine Hardware | Transaction reference no ACH-25-00100 dated 2025-02-17 | Amount USD 320.82 adjusted against Sales Invoice ACC-SINV-2025-00100,Meridian Trading Co.
0b8a8cf1e4,ACC-PAY-2025-00115,P1,Payment Entry,Payment Entry,1,2025-02-17,2025-02-17 13:28:02.399353,ar.clerk@meridian.example,1210 - Primary Checking - MTC,1210,Primary Checking,Asset,258.94,0.0,,,Galehouse Media,,Amount USD 258.94 received from Galehouse Media | Transaction reference no ACH-25-00102 dated 2025-02-17 | Amount USD 258.94 adjusted against Sales Invoice ACC-SINV-2025-00102,Meridian Trading Co.
3fe9d62d2d,ACC-PAY-2025-00115,P1,Payment Entry,Payment Entry,2,2025-02-17,2025-02-17 13:28:02.399353,ar.clerk@meridian.example,1310 - Debtors - MTC,1310,Debtors,Asset,0.0,258.94,Customer,Galehouse Media,1210 - Primary Checking - MTC,,Amount USD 258.94 received from Galehouse Media | Transaction reference no ACH-25-00102 dated 2025-02-17 | Amount USD 258.94 adjusted against Sales Invoice ACC-SINV-2025-00102,Meridian Trading Co.
ae744251c3,ACC-PINV-2025-00039,P1,Purchase Invoice,Purchase Invoice,1,2025-02-17,2025-02-17 10:17:40.939403,ap.clerk@meridian.example,2110 - Creditors - MTC,2110,Creditors,Liability,0.0,10144.2,Supplier,Orchard Wholesale,"5111 - Cost of Goods Sold - MTC,5215 - Telephone Expenses - MTC,5209 - Office Rent - MTC",,Orchard Wholesale February 2025 billing,Meridian Trading Co.
e20baa8e2d,ACC-PINV-2025-00039,P1,Purchase Invoice,Purchase Invoice,2,2025-02-17,2025-02-17 10:17:40.939403,ap.clerk@meridian.example,5209 - Office Rent - MTC,5209,Office Rent,Expense,398.48,0.0,,,Orchard Wholesale,Admin - MTC,Orchard Wholesale February 2025 billing,Meridian Trading Co.
e4e299bc7a,ACC-PINV-2025-00039,P1,Purchase Invoice,Purchase Invoice,3,2025-02-17,2025-02-17 10:17:40.939403,ap.clerk@meridian.example,5215 - Telephone Expenses - MTC,5215,Telephone Expenses,Expense,1418.95,0.0,,,Orchard Wholesale,Admin - MTC,Orchard Wholesale February 2025 billing,Meridian Trading Co.
e6598b46a9,ACC-PINV-2025-00039,P1,Purchase Invoice,Purchase Invoice,4,2025-02-17,2025-02-17 10:17:40.939403,ap.clerk@meridian.example,5111 - Cost of Goods Sold - MTC,5111,Cost of Goods Sold,Expense,8326.77,0.0,,,Orchard Wholesale,Warehouse - MTC,Orchard Wholesale February 2025 billing,Meridian Trading Co.
23cd737943,ACC-PINV-2025-00057,P1,Purchase Invoice,Purchase Invoice,1,2025-02-17,2025-02-17 15:26:12.022216,ap.clerk@meridian.example,2110 - Creditors - MTC,2110,Creditors,Liability,0.0,6775.33,Supplier,Quill Marketing Group,"5207 - Marketing Expenses - MTC,5210 - Postal Expenses - MTC,5215 - Telephone Expenses - MTC",,Quill Marketing Group February 2025 billing,Meridian Trading Co.
63c416edd2,ACC-PINV-2025-00057,P1,Purchase Invoice,Purchase Invoice,2,2025-02-17,2025-02-17 15:26:12.022216,ap.clerk@meridian.example,5210 - Postal Expenses - MTC,5210,Postal Expenses,Expense,1896.87,0.0,,,Quill Marketing Group,Admin - MTC,Quill Marketing Group February 2025 billing,Meridian Trading Co.
aa0564e17c,ACC-PINV-2025-00057,P1,Purchase Invoice,Purchase Invoice,3,2025-02-17,2025-02-17 15:26:12.022216,ap.clerk@meridian.example,5215 - Telephone Expenses - MTC,5215,Telephone Expenses,Expense,1807.64,0.0,,,Quill Marketing Group,Admin - MTC,Quill Marketing Group February 2025 billing,Meridian Trading Co.
cc65632a73,ACC-PINV-2025-00057,P1,Purchase Invoice,Purchase Invoice,4,2025-02-17,2025-02-17 15:26:12.022216,ap.clerk@meridian.example,5207 - Marketing Expenses - MTC,5207,Marketing Expenses,Expense,3070.82,0.0,,,Quill Marketing Group,Admin - MTC,Quill Marketing Group February 2025 billing,Meridian Trading Co.
11c76b9d0b,ACC-SINV-2025-00073,P1,Sales Invoice,Sales Invoice,1,2025-02-17,2025-02-17 08:22:49.000350,ar.clerk@meridian.example,ST 6% - MTC,,ST 6%,Liability,0.0,69.08,,,Pactrail Sports,Admin - MTC,Customer order Pactrail Sports Feb 2025,Meridian Trading Co.
a84e8eb523,ACC-SINV-2025-00073,P1,Sales Invoice,Sales Invoice,2,2025-02-17,2025-02-17 08:22:49.000350,ar.clerk@meridian.example,4110 - Sales - MTC,4110,Sales,Income,0.0,1151.28,,,Pactrail Sports,Sales Ops - MTC,Customer order Pactrail Sports Feb 2025,Meridian Trading Co.
de422b6a2a,ACC-SINV-2025-00073,P1,Sales Invoice,Sales Invoice,3,2025-02-17,2025-02-17 08:22:49.000350,ar.clerk@meridian.example,1310 - Debtors - MTC,1310,Debtors,Asset,1220.36,0.0,Customer,Pactrail Sports,4110 - Sales - MTC,,Customer order Pactrail Sports Feb 2025,Meridian Trading Co.
879ae153e2,ACC-SINV-2025-00107,P1,Sales Invoice,Sales Invoice,1,2025-02-17,2025-02-17 09:29:45.079343,ar.clerk@meridian.example,ST 6% - MTC,,ST 6%,Liability,0.0,4.86,,,Bluepine Hardware,Admin - MTC,Customer order Bluepine Hardware Feb 2025,Meridian Trading Co.
b1f785f144,ACC-SINV-2025-00107,P1,Sales Invoice,Sales Invoice,2,2025-02-17,2025-02-17 09:29:45.079343,ar.clerk@meridian.example,1310 - Debtors - MTC,1310,Debtors,Asset,85.94,0.0,Customer,Bluepine Hardware,4110 - Sales - MTC,,Customer order Bluepine Hardware Feb 2025,Meridian Trading Co.
d61330e561,ACC-SINV-2025-00107,P1,Sales Invoice,Sales Invoice,3,2025-02-17,2025-02-17 09:29:45.079343,ar.clerk@meridian.example,4110 - Sales - MTC,4110,Sales,Income,0.0,81.08,,,Bluepine Hardware,Sales Ops - MTC,Customer order Bluepine Hardware Feb 2025,Meridian Trading Co.
30961d8b8b,ACC-PAY-2025-00008,P1,Payment Entry,Payment Entry,1,2025-02-18,2025-02-18 15:16:22.485572,ar.clerk@meridian.example,1210 - Primary Checking - MTC,1210,Primary Checking,Asset,7236.9,0.0,,,Northwind Retail,,Amount USD 7236.9 received from Northwind Retail | Transaction reference no ACH-25-00010 dated 2025-02-18 | Amount USD 7236.9 adjusted against Sales Invoice ACC-SINV-2025-00010,Meridian Trading Co.
b4a1c89d62,ACC-PAY-2025-00008,P1,Payment Entry,Payment Entry,2,2025-02-18,2025-02-18 15:16:22.485572,ar.clerk@meridian.example,1310 - Debtors - MTC,1310,Debtors,Asset,0.0,7236.9,Customer,Northwind Retail,1210 - Primary Checking - MTC,,Amount USD 7236.9 received from Northwind Retail | Transaction reference no ACH-25-00010 dated 2025-02-18 | Amount USD 7236.9 adjusted against Sales Invoice ACC-SINV-2025-00010,Meridian Trading Co.
350a66df43,ACC-PAY-2025-00023,P1,Payment Entry,Payment Entry,1,2025-02-18,2025-02-18 09:42:19.004672,ar.clerk@meridian.example,1210 - Primary Checking - MTC,1210,Primary Checking,Asset,2837.14,0.0,,,Ovation Events,,Amount USD 2837.14 received from Ovation Events | Transaction reference no ACH-25-00025 dated 2025-02-18 | Amount USD 2837.14 adjusted against Sales Invoice ACC-SINV-2025-00025,Meridian Trading Co.
b00f566de4,ACC-PAY-2025-00023,P1,Payment Entry,Payment Entry,2,2025-02-18,2025-02-18 09:42:19.004672,ar.clerk@meridian.example,1310 - Debtors - MTC,1310,Debtors,Asset,0.0,2837.14,Customer,Ovation Events,1210 - Primary Checking - MTC,,Amount USD 2837.14 received from Ovation Events | Transaction reference no ACH-25-00025 dated 2025-02-18 | Amount USD 2837.14 adjusted against Sales Invoice ACC-SINV-2025-00025,Meridian Trading Co.
53d23e52ac,ACC-PAY-2025-00048,P1,Payment Entry,Payment Entry,1,2025-02-18,2025-02-18 10:28:31.143436,ap.clerk@meridian.example,2110 - Creditors - MTC,2110,Creditors,Liability,13737.29,0.0,Supplier,Orchard Wholesale,1210 - Primary Checking - MTC,,Amount USD 13737.29 paid to Orchard Wholesale | Transaction reference no ACH-25-00007 dated 2025-02-18 | Amount USD 13737.29 adjusted against Purchase Invoice ACC-PINV-2025-00007,Meridian Trading Co.
9271c200a5,ACC-PAY-2025-00048,P1,Payment Entry,Payment Entry,2,2025-02-18,2025-02-18 10:28:31.143436,ap.clerk@meridian.example,1210 - Primary Checking - MTC,1210,Primary Checking,Asset,0.0,13737.29,,,Orchard Wholesale,,Amount USD 13737.29 paid to Orchard Wholesale | Transaction reference no ACH-25-00007 dated 2025-02-18 | Amount USD 13737.29 adjusted against Purchase Invoice ACC-PINV-2025-00007,Meridian Trading Co.
45e6449b70,ACC-PAY-2025-00055,P1,Payment Entry,Payment Entry,1,2025-02-18,2025-02-18 08:14:12.687322,ap.clerk@meridian.example,1210 - Primary Checking - MTC,1210,Primary Checking,Asset,0.0,12809.24,,,Beacon Freight,,Amount USD 12809.24 paid to Beacon Freight | Transaction reference no ACH-25-00014 dated 2025-02-18 | Amount USD 12809.24 adjusted against Purchase Invoice ACC-PINV-2025-00014,Meridian Trading Co.
ed8547531a,ACC-PAY-2025-00055,P1,Payment Entry,Payment Entry,2,2025-02-18,2025-02-18 08:14:12.687322,ap.clerk@meridian.example,2110 - Creditors - MTC,2110,Creditors,Liability,12809.24,0.0,Supplier,Beacon Freight,1210 - Primary Checking - MTC,,Amount USD 12809.24 paid to Beacon Freight | Transaction reference no ACH-25-00014 dated 2025-02-18 | Amount USD 12809.24 adjusted against Purchase Invoice ACC-PINV-2025-00014,Meridian Trading Co.
3e6a026da2,ACC-PAY-2025-00132,P1,Payment Entry,Payment Entry,1,2025-02-18,2025-02-18 12:37:46.185756,ap.clerk@meridian.example,1210 - Primary Checking - MTC,1210,Primary Checking,Asset,0.0,17773.4,,,Vulcan Materials Co,,Amount USD 17773.4 paid to Vulcan Materials Co | Transaction reference no ACH-25-00044 dated 2025-02-18 | Amount USD 17773.4 adjusted against Purchase Invoice ACC-PINV-2025-00044,Meridian Trading Co.
f75b73619e,ACC-PAY-2025-00132,P1,Payment Entry,Payment Entry,2,2025-02-18,2025-02-18 12:37:46.185756,ap.clerk@meridian.example,2110 - Creditors - MTC,2110,Creditors,Liability,17773.4,0.0,Supplier,Vulcan Materials Co,1210 - Primary Checking - MTC,,Amount USD 17773.4 paid to Vulcan Materials Co | Transaction reference no ACH-25-00044 dated 2025-02-18 | Amount USD 17773.4 adjusted against Purchase Invoice ACC-PINV-2025-00044,Meridian Trading Co.
65f05c681d,ACC-SINV-2025-00056,P1,Sales Invoice,Sales Invoice,1,2025-02-18,2025-02-18 09:17:49.507714,ar.clerk@meridian.example,1310 - Debtors - MTC,1310,Debtors,Asset,1506.44,0.0,Customer,Redcedar Builders,4110 - Sales - MTC,,Customer order Redcedar Builders Feb 2025,Meridian Trading Co.
78f0b94e8c,ACC-SINV-2025-00056,P1,Sales Invoice,Sales Invoice,2,2025-02-18,2025-02-18 09:17:49.507714,ar.clerk@meridian.example,4110 - Sales - MTC,4110,Sales,Income,0.0,1421.17,,,Redcedar Builders,Sales Ops - MTC,Customer order Redcedar Builders Feb 2025,Meridian Trading Co.
ed1dd51eb2,ACC-SINV-2025-00056,P1,Sales Invoice,Sales Invoice,3,2025-02-18,2025-02-18 09:17:49.507714,ar.clerk@meridian.example,ST 6% - MTC,,ST 6%,Liability,0.0,85.27,,,Redcedar Builders,Admin - MTC,Customer order Redcedar Builders Feb 2025,Meridian Trading Co.
4a815d8662,ACC-JV-2025-00016,P1,Journal Entry,Journal Entry,1,2025-02-19,2025-02-19 10:59:06.891890,controller@meridian.example,5217 - Utility Expenses - MTC,5217,Utility Expenses,Expense,0.0,1798.32,,,5211 - Print and Stationery - MTC,Admin - MTC,,Meridian Trading Co.
56cff8bcab,ACC-JV-2025-00016,P1,Journal Entry,Journal Entry,2,2025-02-19,2025-02-19 10:59:06.891890,controller@meridian.example,5211 - Print and Stationery - MTC,5211,Print and Stationery,Expense,1798.32,0.0,,,5217 - Utility Expenses - MTC,Admin - MTC,,Meridian Trading Co.
73e30e22bd,ACC-PINV-2025-00043,P1,Purchase Invoice,Purchase Invoice,1,2025-02-19,2025-02-19 14:11:34.478985,ap.clerk@meridian.example,2110 - Creditors - MTC,2110,Creditors,Liability,0.0,9604.06,Supplier,Vulcan Materials Co,5111 - Cost of Goods Sold - MTC,,Vulcan Materials Co February 2025 billing,Meridian Trading Co.
f8aabc0daa,ACC-PINV-2025-00043,P1,Purchase Invoice,Purchase Invoice,2,2025-02-19,2025-02-19 14:11:34.478985,ap.clerk@meridian.example,5111 - Cost of Goods Sold - MTC,5111,Cost of Goods Sold,Expense,9604.06,0.0,,,Vulcan Materials Co,Warehouse - MTC,Vulcan Materials Co February 2025 billing,Meridian Trading Co.
92b9ac81f9,ACC-PINV-2025-00056,P1,Purchase Invoice,Purchase Invoice,1,2025-02-19,2025-02-19 10:03:05.602466,ap.clerk@meridian.example,2110 - Creditors - MTC,2110,Creditors,Liability,0.0,8712.05,Supplier,Quill Marketing Group,"5207 - Marketing Expenses - MTC,5215 - Telephone Expenses - MTC",,Quill Marketing Group February 2025 billing,Meridian Trading Co.
bcfb9c9474,ACC-PINV-2025-00056,P1,Purchase Invoice,Purchase Invoice,2,2025-02-19,2025-02-19 10:03:05.602466,ap.clerk@meridian.example,5215 - Telephone Expenses - MTC,5215,Telephone Expenses,Expense,145.23,0.0,,,Quill Marketing Group,Admin - MTC,Quill Marketing Group February 2025 billing,Meridian Trading Co.
d49febf8cd,ACC-PINV-2025-00056,P1,Purchase Invoice,Purchase Invoice,3,2025-02-19,2025-02-19 10:03:05.602466,ap.clerk@meridian.example,5207 - Marketing Expenses - MTC,5207,Marketing Expenses,Expense,8566.82,0.0,,,Quill Marketing Group,Admin - MTC,Quill Marketing Group February 2025 billing,Meridian Trading Co.
128a2e9aaa,ACC-SINV-2025-00106,P1,Sales Invoice,Sales Invoice,1,2025-02-19,2025-02-19 17:43:14.553733,ar.clerk@meridian.example,4110 - Sales - MTC,4110,Sales,Income,0.0,597.16,,,Brightline Offices,Warehouse - MTC,Customer order Brightline Offices Feb 2025,Meridian Trading Co.
893d76312d,ACC-SINV-2025-00106,P1,Sales Invoice,Sales Invoice,2,2025-02-19,2025-02-19 17:43:14.553733,ar.clerk@meridian.example,4110 - Sales - MTC,4110,Sales,Income,0.0,677.86,,,Brightline Offices,Sales Ops - MTC,Customer order Brightline Offices Feb 2025,Meridian Trading Co.
8f7bbfa33c,ACC-SINV-2025-00106,P1,Sales Invoice,Sales Invoice,3,2025-02-19,2025-02-19 17:43:14.553733,ar.clerk@meridian.example,1310 - Debtors - MTC,1310,Debtors,Asset,1351.52,0.0,Customer,Brightline Offices,4110 - Sales - MTC,,Customer order Brightline Offices Feb 2025,Meridian Trading Co.
ebd29633ad,ACC-SINV-2025-00106,P1,Sales Invoice,Sales Invoice,4,2025-02-19,2025-02-19 17:43:14.553733,ar.clerk@meridian.example,ST 6% - MTC,,ST 6%,Liability,0.0,76.5,,,Brightline Offices,Admin - MTC,Customer order Brightline Offices Feb 2025,Meridian Trading Co.
1ff2d9d479,ACC-JV-2025-00019,P1,Journal Entry,Cash Entry,1,2025-02-20,2025-02-20 12:03:14.867680,controller@meridian.example,5223 - Miscellaneous Expenses - MTC,5223,Miscellaneous Expenses,Expense,126.42,0.0,,,1110 - Cash - MTC,Admin - MTC,Reference #REF-20250220 dated 02-20-2025,Meridian Trading Co.
76313c7744,ACC-JV-2025-00019,P1,Journal Entry,Cash Entry,2,2025-02-20,2025-02-20 12:03:14.867680,controller@meridian.example,1110 - Cash - MTC,1110,Cash,Asset,0.0,126.42,,,5223 - Miscellaneous Expenses - MTC,Admin - MTC,Reference #REF-20250220 dated 02-20-2025,Meridian Trading Co.
6577313fc3,ACC-PAY-2025-00065,P1,Payment Entry,Payment Entry,1,2025-02-20,2025-02-20 09:47:53.438949,ap.clerk@meridian.example,2110 - Creditors - MTC,2110,Creditors,Liability,10055.21,0.0,Supplier,Quill Marketing Group,1210 - Primary Checking - MTC,,Amount USD 10055.21 paid to Quill Marketing Group | Transaction reference no ACH-25-00025 dated 2025-02-20 | Amount USD 10055.21 adjusted against Purchase Invoice ACC-PINV-2025-00025,Meridian Trading Co.
7cb9617f60,ACC-PAY-2025-00065,P1,Payment Entry,Payment Entry,2,2025-02-20,2025-02-20 09:47:53.438949,ap.clerk@meridian.example,1210 - Primary Checking - MTC,1210,Primary Checking,Asset,0.0,10055.21,,,Quill Marketing Group,,Amount USD 10055.21 paid to Quill Marketing Group | Transaction reference no ACH-25-00025 dated 2025-02-20 | Amount USD 10055.21 adjusted against Purchase Invoice ACC-PINV-2025-00025,Meridian Trading Co.
8148f4974f,ACC-PAY-2025-00080,P1,Payment Entry,Payment Entry,1,2025-02-20,2025-02-20 11:44:42.593338,ar.clerk@meridian.example,1210 - Primary Checking - MTC,1210,Primary Checking,Asset,9375.29,0.0,,,Ovation Events,,Amount USD 9375.29 received from Ovation Events | Transaction reference no ACH-25-00064 dated 2025-02-20 | Amount USD 9375.29 adjusted against Sales Invoice ACC-SINV-2025-00064,Meridian Trading Co.
a6af4a9f31,ACC-PAY-2025-00080,P1,Payment Entry,Payment Entry,2,2025-02-20,2025-02-20 11:44:42.593338,ar.clerk@meridian.example,1310 - Debtors - MTC,1310,Debtors,Asset,0.0,9375.29,Customer,Ovation Events,1210 - Primary Checking - MTC,,Amount USD 9375.29 received from Ovation Events | Transaction reference no ACH-25-00064 dated 2025-02-20 | Amount USD 9375.29 adjusted against Sales Invoice ACC-SINV-2025-00064,Meridian Trading Co.
a6388c68fe,ACC-PAY-2025-00139,P1,Payment Entry,Payment Entry,1,2025-02-20,2025-02-20 09:42:26.455050,ap.clerk@meridian.example,2110 - Creditors - MTC,2110,Creditors,Liability,14294.69,0.0,Supplier,Metro Utilities,1210 - Primary Checking - MTC,,Amount USD 14294.69 paid to Metro Utilities | Transaction reference no ACH-25-00053 dated 2025-02-20 | Amount USD 14294.69 adjusted against Purchase Invoice ACC-PINV-2025-00053,Meridian Trading Co.
f3dea5d17f,ACC-PAY-2025-00139,P1,Payment Entry,Payment Entry,2,2025-02-20,2025-02-20 09:42:26.455050,ap.clerk@meridian.example,1210 - Primary Checking - MTC,1210,Primary Checking,Asset,0.0,14294.69,,,Metro Utilities,,Amount USD 14294.69 paid to Metro Utilities | Transaction reference no ACH-25-00053 dated 2025-02-20 | Amount USD 14294.69 adjusted against Purchase Invoice ACC-PINV-2025-00053,Meridian Trading Co.
91c7faa10e,ACC-PINV-2025-00040,P1,Purchase Invoice,Purchase Invoice,1,2025-02-20,2025-02-20 12:15:47.789867,ap.clerk@meridian.example,5210 - Postal Expenses - MTC,5210,Postal Expenses,Expense,1798.95,0.0,,,Vulcan Materials Co,Admin - MTC,Vulcan Materials Co February 2025 billing,Meridian Trading Co.
e15f0de553,ACC-PINV-2025-00040,P1,Purchase Invoice,Purchase Invoice,2,2025-02-20,2025-02-20 12:15:47.789867,ap.clerk@meridian.example,2110 - Creditors - MTC,2110,Creditors,Liability,0.0,5668.04,Supplier,Vulcan Materials Co,"5111 - Cost of Goods Sold - MTC,5210 - Postal Expenses - MTC",,Vulcan Materials Co February 2025 billing,Meridian Trading Co.
f3ecf3c5da,ACC-PINV-2025-00040,P1,Purchase Invoice,Purchase Invoice,3,2025-02-20,2025-02-20 12:15:47.789867,ap.clerk@meridian.example,5111 - Cost of Goods Sold - MTC,5111,Cost of Goods Sold,Expense,3869.09,0.0,,,Vulcan Materials Co,Warehouse - MTC,Vulcan Materials Co February 2025 billing,Meridian Trading Co.
0da436d49b,ACC-SINV-2025-00054,P1,Sales Invoice,Sales Invoice,1,2025-02-20,2025-02-20 15:18:54.272072,ar.clerk@meridian.example,4110 - Sales - MTC,4110,Sales,Income,0.0,1074.96,,,Northwind Retail,Sales Ops - MTC,Customer order Northwind Retail Feb 2025,Meridian Trading Co.
22e55314d2,ACC-SINV-2025-00054,P1,Sales Invoice,Sales Invoice,2,2025-02-20,2025-02-20 15:18:54.272072,ar.clerk@meridian.example,4110 - Sales - MTC,4110,Sales,Income,0.0,1153.3,,,Northwind Retail,Warehouse - MTC,Customer order Northwind Retail Feb 2025,Meridian Trading Co.
2f0b1aa38d,ACC-SINV-2025-00054,P1,Sales Invoice,Sales Invoice,3,2025-02-20,2025-02-20 15:18:54.272072,ar.clerk@meridian.example,ST 6% - MTC,,ST 6%,Liability,0.0,294.89,,,Northwind Retail,Admin - MTC,Customer order Northwind Retail Feb 2025,Meridian Trading Co.
c08b52d6e6,ACC-SINV-2025-00054,P1,Sales Invoice,Sales Invoice,4,2025-02-20,2025-02-20 15:18:54.272072,ar.clerk@meridian.example,4120 - Service - MTC,4120,Service,Income,0.0,2686.56,,,Northwind Retail,Sales Ops - MTC,Customer order Northwind Retail Feb 2025,Meridian Trading Co.
d57de55680,ACC-SINV-2025-00054,P1,Sales Invoice,Sales Invoice,5,2025-02-20,2025-02-20 15:18:54.272072,ar.clerk@meridian.example,1310 - Debtors - MTC,1310,Debtors,Asset,5209.71,0.0,Customer,Northwind Retail,"4110 - Sales - MTC,4120 - Service - MTC",,Customer order Northwind Retail Feb 2025,Meridian Trading Co.
07dabe35ce,ACC-SINV-2025-00077,P1,Sales Invoice,Sales Invoice,1,2025-02-20,2025-02-20 14:57:34.359920,ar.clerk@meridian.example,4110 - Sales - MTC,4110,Sales,Income,0.0,189.08,,,Kestrel Foods,Sales Ops - MTC,Customer order Kestrel Foods Feb 2025,Meridian Trading Co.
47c5b10031,ACC-SINV-2025-00077,P1,Sales Invoice,Sales Invoice,2,2025-02-20,2025-02-20 14:57:34.359920,ar.clerk@meridian.example,ST 6% - MTC,,ST 6%,Liability,0.0,450.41,,,Kestrel Foods,Admin - MTC,Customer order Kestrel Foods Feb 2025,Meridian Trading Co.
4b18fb633d,ACC-SINV-2025-00077,P1,Sales Invoice,Sales Invoice,3,2025-02-20,2025-02-20 14:57:34.359920,ar.clerk@meridian.example,4120 - Service - MTC,4120,Service,Income,0.0,5738.85,,,Kestrel Foods,Sales Ops - MTC,Customer order Kestrel Foods Feb 2025,Meridian Trading Co.
5c1cae527a,ACC-SINV-2025-00077,P1,Sales Invoice,Sales Invoice,4,2025-02-20,2025-02-20 14:57:34.359920,ar.clerk@meridian.example,4110 - Sales - MTC,4110,Sales,Income,0.0,1578.98,,,Kestrel Foods,Warehouse - MTC,Customer order Kestrel Foods Feb 2025,Meridian Trading Co.
eb185304b3,ACC-SINV-2025-00077,P1,Sales Invoice,Sales Invoice,5,2025-02-20,2025-02-20 14:57:34.359920,ar.clerk@meridian.example,1310 - Debtors - MTC,1310,Debtors,Asset,7957.32,0.0,Customer,Kestrel Foods,"4110 - Sales - MTC,4120 - Service - MTC",,Customer order Kestrel Foods Feb 2025,Meridian Trading Co.
0998dd3910,ACC-SINV-2025-00090,P1,Sales Invoice,Sales Invoice,1,2025-02-20,2025-02-20 15:25:01.387737,ar.clerk@meridian.example,ST 6% - MTC,,ST 6%,Liability,0.0,218.73,,,Kestrel Foods,Admin - MTC,Customer order Kestrel Foods Feb 2025,Meridian Trading Co.
3ce09e4768,ACC-SINV-2025-00090,P1,Sales Invoice,Sales Invoice,2,2025-02-20,2025-02-20 15:25:01.387737,ar.clerk@meridian.example,1310 - Debtors - MTC,1310,Debtors,Asset,3864.18,0.0,Customer,Kestrel Foods,"4110 - Sales - MTC,4130 - Freight Income - MTC",,Customer order Kestrel Foods Feb 2025,Meridian Trading Co.
56c095fb45,ACC-SINV-2025-00090,P1,Sales Invoice,Sales Invoice,3,2025-02-20,2025-02-20 15:25:01.387737,ar.clerk@meridian.example,4130 - Freight Income - MTC,4130,Freight Income,Income,0.0,913.7,,,Kestrel Foods,Admin - MTC,Customer order Kestrel Foods Feb 2025,Meridian Trading Co.
5965a0edbe,ACC-SINV-2025-00090,P1,Sales Invoice,Sales Invoice,4,2025-02-20,2025-02-20 15:25:01.387737,ar.clerk@meridian.example,4110 - Sales - MTC,4110,Sales,Income,0.0,13.72,,,Kestrel Foods,Warehouse - MTC,Customer order Kestrel Foods Feb 2025,Meridian Trading Co.
67b7025359,ACC-SINV-2025-00090,P1,Sales Invoice,Sales Invoice,5,2025-02-20,2025-02-20 15:25:01.387737,ar.clerk@meridian.example,4110 - Sales - MTC,4110,Sales,Income,0.0,2718.03,,,Kestrel Foods,Sales Ops - MTC,Customer order Kestrel Foods Feb 2025,Meridian Trading Co.
186b7ee6b6,ACC-SINV-2025-00101,P1,Sales Invoice,Sales Invoice,1,2025-02-20,2025-02-20 18:01:26.138722,ar.clerk@meridian.example,4120 - Service - MTC,4120,Service,Income,0.0,4808.72,,,Redcedar Builders,Sales Ops - MTC,Customer order Redcedar Builders Feb 2025,Meridian Trading Co.
32ffe7b7f8,ACC-SINV-2025-00101,P1,Sales Invoice,Sales Invoice,2,2025-02-20,2025-02-20 18:01:26.138722,ar.clerk@meridian.example,4110 - Sales - MTC,4110,Sales,Income,0.0,220.02,,,Redcedar Builders,Warehouse - MTC,Customer order Redcedar Builders Feb 2025,Meridian Trading Co.
437e407fd3,ACC-SINV-2025-00101,P1,Sales Invoice,Sales Invoice,3,2025-02-20,2025-02-20 18:01:26.138722,ar.clerk@meridian.example,1310 - Debtors - MTC,1310,Debtors,Asset,24309.51,0.0,Customer,Redcedar Builders,"4120 - Service - MTC,4110 - Sales - MTC,4130 - Freight Income - MTC",,Customer order Redcedar Builders Feb 2025,Meridian Trading Co.
9fc240cb11,ACC-SINV-2025-00101,P1,Sales Invoice,Sales Invoice,4,2025-02-20,2025-02-20 18:01:26.138722,ar.clerk@meridian.example,4120 - Service - MTC,4120,Service,Income,0.0,16486.68,,,Redcedar Builders,Warehouse - MTC,Customer order Redcedar Builders Feb 2025,Meridian Trading Co.
b0ada03f59,ACC-SINV-2025-00101,P1,Sales Invoice,Sales Invoice,5,2025-02-20,2025-02-20 18:01:26.138722,ar.clerk@meridian.example,4130 - Freight Income - MTC,4130,Freight Income,Income,0.0,1418.08,,,Redcedar Builders,Admin - MTC,Customer order Redcedar Builders Feb 2025,Meridian Trading Co.
b6322e7260,ACC-SINV-2025-00101,P1,Sales Invoice,Sales Invoice,6,2025-02-20,2025-02-20 18:01:26.138722,ar.clerk@meridian.example,ST 6% - MTC,,ST 6%,Liability,0.0,1376.01,,,Redcedar Builders,Admin - MTC,Customer order Redcedar Builders Feb 2025,Meridian Trading Co.
0bbf651e6d,ACC-SINV-2025-00103,P1,Sales Invoice,Sales Invoice,1,2025-02-20,2025-02-20 17:17:36.052002,ar.clerk@meridian.example,ST 6% - MTC,,ST 6%,Liability,0.0,171.7,,,Northwind Retail,Admin - MTC,Customer order Northwind Retail Feb 2025,Meridian Trading Co.
3063d59e8d,ACC-SINV-2025-00103,P1,Sales Invoice,Sales Invoice,2,2025-02-20,2025-02-20 17:17:36.052002,ar.clerk@meridian.example,1310 - Debtors - MTC,1310,Debtors,Asset,3033.39,0.0,Customer,Northwind Retail,4110 - Sales - MTC,,Customer order Northwind Retail Feb 2025,Meridian Trading Co.
5318301b7c,ACC-SINV-2025-00103,P1,Sales Invoice,Sales Invoice,3,2025-02-20,2025-02-20 17:17:36.052002,ar.clerk@meridian.example,4110 - Sales - MTC,4110,Sales,Income,0.0,2218.88,,,Northwind Retail,Sales Ops - MTC,Customer order Northwind Retail Feb 2025,Meridian Trading Co.
b00cf62e22,ACC-SINV-2025-00103,P1,Sales Invoice,Sales Invoice,4,2025-02-20,2025-02-20 17:17:36.052002,ar.clerk@meridian.example,4110 - Sales - MTC,4110,Sales,Income,0.0,642.81,,,Northwind Retail,Warehouse - MTC,Customer order Northwind Retail Feb 2025,Meridian Trading Co.
523c2a9949,ACC-JV-2025-00018,P1,Journal Entry,Journal Entry,1,2025-02-21,2025-02-21 13:24:33.314980,controller@meridian.example,5217 - Utility Expenses - MTC,5217,Utility Expenses,Expense,2500.0,0.0,,,2150 - Accrued Expenses - MTC,Admin - MTC,,Meridian Trading Co.
e92c46a951,ACC-JV-2025-00018,P1,Journal Entry,Journal Entry,2,2025-02-21,2025-02-21 13:24:33.314980,controller@meridian.example,2150 - Accrued Expenses - MTC,2150,Accrued Expenses,Liability,0.0,2500.0,,,5217 - Utility Expenses - MTC,Admin - MTC,,Meridian Trading Co.
3d3e4e2826,ACC-PAY-2025-00059,P1,Payment Entry,Payment Entry,1,2025-02-21,2025-02-21 09:12:12.679748,ap.clerk@meridian.example,1210 - Primary Checking - MTC,1210,Primary Checking,Asset,0.0,5610.3,,,Cobalt IT Services,,Amount USD 5610.3 paid to Cobalt IT Services | Transaction reference no ACH-25-00018 dated 2025-02-21 | Amount USD 5610.3 adjusted against Purchase Invoice ACC-PINV-2025-00018,Meridian Trading Co.
6ae50593dc,ACC-PAY-2025-00059,P1,Payment Entry,Payment Entry,2,2025-02-21,2025-02-21 09:12:12.679748,ap.clerk@meridian.example,2110 - Creditors - MTC,2110,Creditors,Liability,5610.3,0.0,Supplier,Cobalt IT Services,1210 - Primary Checking - MTC,,Amount USD 5610.3 paid to Cobalt IT Services | Transaction reference no ACH-25-00018 dated 2025-02-21 | Amount USD 5610.3 adjusted against Purchase Invoice ACC-PINV-2025-00018,Meridian Trading Co.
a5fbece2ee,ACC-SINV-2025-00057,P1,Sales Invoice,Sales Invoice,1,2025-02-21,2025-02-21 11:55:59.193472,ar.clerk@meridian.example,1310 - Debtors - MTC,1310,Debtors,Asset,44677.12,0.0,Customer,Cascade Outfitters,4120 - Service - MTC,,Customer order Cascade Outfitters Feb 2025,Meridian Trading Co.
c4d1ed60ee,ACC-SINV-2025-00057,P1,Sales Invoice,Sales Invoice,2,2025-02-21,2025-02-21 11:55:59.193472,ar.clerk@meridian.example,ST 6% - MTC,,ST 6%,Liability,0.0,2528.89,,,Cascade Outfitters,Admin - MTC,Customer order Cascade Outfitters Feb 2025,Meridian Trading Co.
e766fb227b,ACC-SINV-2025-00057,P1,Sales Invoice,Sales Invoice,3,2025-02-21,2025-02-21 11:55:59.193472,ar.clerk@meridian.example,4120 - Service - MTC,4120,Service,Income,0.0,30847.68,,,Cascade Outfitters,Admin - MTC,Customer order Cascade Outfitters Feb 2025,Meridian Trading Co.
ffdd082769,ACC-SINV-2025-00057,P1,Sales Invoice,Sales Invoice,4,2025-02-21,2025-02-21 11:55:59.193472,ar.clerk@meridian.example,4120 - Service - MTC,4120,Service,Income,0.0,11300.55,,,Cascade Outfitters,Warehouse - MTC,Customer order Cascade Outfitters Feb 2025,Meridian Trading Co.
06ee52036d,ACC-SINV-2025-00058,P1,Sales Invoice,Sales Invoice,1,2025-02-21,2025-02-21 08:04:32.188341,ar.clerk@meridian.example,4130 - Freight Income - MTC,4130,Freight Income,Income,0.0,1885.18,,,Brightline Offices,Admin - MTC,Customer order Brightline Offices Feb 2025,Meridian Trading Co.
6468f0a8f5,ACC-SINV-2025-00058,P1,Sales Invoice,Sales Invoice,2,2025-02-21,2025-02-21 08:04:32.188341,ar.clerk@meridian.example,4110 - Sales - MTC,4110,Sales,Income,0.0,267.48,,,Brightline Offices,Sales Ops - MTC,Customer order Brightline Offices Feb 2025,Meridian Trading Co.
811d14b618,ACC-SINV-2025-00058,P1,Sales Invoice,Sales Invoice,3,2025-02-21,2025-02-21 08:04:32.188341,ar.clerk@meridian.example,1310 - Debtors - MTC,1310,Debtors,Asset,2281.82,0.0,Customer,Brightline Offices,"4110 - Sales - MTC,4130 - Freight Income - MTC",,Customer order Brightline Offices Feb 2025,Meridian Trading Co.
ef942742e3,ACC-SINV-2025-00058,P1,Sales Invoice,Sales Invoice,4,2025-02-21,2025-02-21 08:04:32.188341,ar.clerk@meridian.example,ST 6% - MTC,,ST 6%,Liability,0.0,129.16,,,Brightline Offices,Admin - MTC,Customer order Brightline Offices Feb 2025,Meridian Trading Co.
040ce6f6af,ACC-SINV-2025-00063,P1,Sales Invoice,Sales Invoice,1,2025-02-21,2025-02-21 15:40:35.043719,ar.clerk@meridian.example,4110 - Sales - MTC,4110,Sales,Income,0.0,812.24,,,Juniper & Co,Sales Ops - MTC,Customer order Juniper & Co Feb 2025,Meridian Trading Co.
5c8200fe61,ACC-SINV-2025-00063,P1,Sales Invoice,Sales Invoice,2,2025-02-21,2025-02-21 15:40:35.043719,ar.clerk@meridian.example,ST 6% - MTC,,ST 6%,Liability,0.0,732.86,,,Juniper & Co,Admin - MTC,Customer order Juniper & Co Feb 2025,Meridian Trading Co.
98ff096d82,ACC-SINV-2025-00063,P1,Sales Invoice,Sales Invoice,3,2025-02-21,2025-02-21 15:40:35.043719,ar.clerk@meridian.example,1310 - Debtors - MTC,1310,Debtors,Asset,12947.26,0.0,Customer,Juniper & Co,"4110 - Sales - MTC,4120 - Service - MTC",,Customer order Juniper & Co Feb 2025,Meridian Trading Co.
e7ffeb76cd,ACC-SINV-2025-00063,P1,Sales Invoice,Sales Invoice,4,2025-02-21,2025-02-21 15:40:35.043719,ar.clerk@meridian.example,4120 - Service - MTC,4120,Service,Income,0.0,11402.16,,,Juniper & Co,Warehouse - MTC,Customer order Juniper & Co Feb 2025,Meridian Trading Co.
6fce310e80,ACC-SINV-2025-00082,P1,Sales Invoice,Sales Invoice,1,2025-02-21,2025-02-21 09:49:40.013209,ar.clerk@meridian.example,4130 - Freight Income - MTC,4130,Freight Income,Income,0.0,1349.63,,,Juniper & Co,Admin - MTC,Customer order Juniper & Co Feb 2025,Meridian Trading Co.
8835ef9488,ACC-SINV-2025-00082,P1,Sales Invoice,Sales Invoice,2,2025-02-21,2025-02-21 09:49:40.013209,ar.clerk@meridian.example,4120 - Service - MTC,4120,Service,Income,0.0,4409.7,,,Juniper & Co,Warehouse - MTC,Customer order Juniper & Co Feb 2025,Meridian Trading Co.
af232ec1c9,ACC-SINV-2025-00082,P1,Sales Invoice,Sales Invoice,3,2025-02-21,2025-02-21 09:49:40.013209,ar.clerk@meridian.example,4110 - Sales - MTC,4110,Sales,Income,0.0,867.23,,,Juniper & Co,Warehouse - MTC,Customer order Juniper & Co Feb 2025,Meridian Trading Co.
b2bba32994,ACC-SINV-2025-00082,P1,Sales Invoice,Sales Invoice,4,2025-02-21,2025-02-21 09:49:40.013209,ar.clerk@meridian.example,ST 6% - MTC,,ST 6%,Liability,0.0,397.59,,,Juniper & Co,Admin - MTC,Customer order Juniper & Co Feb 2025,Meridian Trading Co.
ea0e7a617b,ACC-SINV-2025-00082,P1,Sales Invoice,Sales Invoice,5,2025-02-21,2025-02-21 09:49:40.013209,ar.clerk@meridian.example,1310 - Debtors - MTC,1310,Debtors,Asset,7024.15,0.0,Customer,Juniper & Co,"4120 - Service - MTC,4130 - Freight Income - MTC,4110 - Sales - MTC",,Customer order Juniper & Co Feb 2025,Meridian Trading Co.
1afcbeb0ee,ACC-PAY-2025-00029,P1,Payment Entry,Payment Entry,1,2025-02-22,2025-02-24 17:56:09.853962,ar.clerk@meridian.example,1210 - Primary Checking - MTC,1210,Primary Checking,Asset,1167.1,0.0,,,Pactrail Sports,,Amount USD 1167.1 received from Pactrail Sports | Transaction reference no ACH-25-00032 dated 2025-02-22 | Amount USD 1167.1 adjusted against Sales Invoice ACC-SINV-2025-00032,Meridian Trading Co.
a3396a1721,ACC-PAY-2025-00029,P1,Payment Entry,Payment Entry,2,2025-02-22,2025-02-24 17:56:09.853962,ar.clerk@meridian.example,1310 - Debtors - MTC,1310,Debtors,Asset,0.0,1167.1,Customer,Pactrail Sports,1210 - Primary Checking - MTC,,Amount USD 1167.1 received from Pactrail Sports | Transaction reference no ACH-25-00032 dated 2025-02-22 | Amount USD 1167.1 adjusted against Sales Invoice ACC-SINV-2025-00032,Meridian Trading Co.
43ebb68780,ACC-PAY-2025-00102,P1,Payment Entry,Payment Entry,1,2025-02-22,2025-02-24 11:06:18.365963,ar.clerk@meridian.example,1310 - Debtors - MTC,1310,Debtors,Asset,0.0,120.33,Customer,Ovation Events,1210 - Primary Checking - MTC,,Amount USD 120.33 received from Ovation Events | Transaction reference no ACH-25-00089 dated 2025-02-22 | Amount USD 120.33 adjusted against Sales Invoice ACC-SINV-2025-00089,Meridian Trading Co.
b015105e82,ACC-PAY-2025-00102,P1,Payment Entry,Payment Entry,2,2025-02-22,2025-02-24 11:06:18.365963,ar.clerk@meridian.example,1210 - Primary Checking - MTC,1210,Primary Checking,Asset,120.33,0.0,,,Ovation Events,,Amount USD 120.33 received from Ovation Events | Transaction reference no ACH-25-00089 dated 2025-02-22 | Amount USD 120.33 adjusted against Sales Invoice ACC-SINV-2025-00089,Meridian Trading Co.
06c2f73370,ACC-PAY-2025-00046,P1,Payment Entry,Payment Entry,1,2025-02-23,2025-02-24 13:43:21.581656,ap.clerk@meridian.example,2110 - Creditors - MTC,2110,Creditors,Liability,3825.19,0.0,Supplier,Orchard Wholesale,1210 - Primary Checking - MTC,,Amount USD 3825.19 paid to Orchard Wholesale | Transaction reference no ACH-25-00003 dated 2025-02-23 | Amount USD 3825.19 adjusted against Purchase Invoice ACC-PINV-2025-00003,Meridian Trading Co.
d8bf283691,ACC-PAY-2025-00046,P1,Payment Entry,Payment Entry,2,2025-02-23,2025-02-24 13:43:21.581656,ap.clerk@meridian.example,1210 - Primary Checking - MTC,1210,Primary Checking,Asset,0.0,3825.19,,,Orchard Wholesale,,Amount USD 3825.19 paid to Orchard Wholesale | Transaction reference no ACH-25-00003 dated 2025-02-23 | Amount USD 3825.19 adjusted against Purchase Invoice ACC-PINV-2025-00003,Meridian Trading Co.
b71ad61d4b,ACC-PAY-2025-00069,P1,Payment Entry,Payment Entry,1,2025-02-23,2025-02-24 14:54:25.975244,ap.clerk@meridian.example,2110 - Creditors - MTC,2110,Creditors,Liability,11613.2,0.0,Supplier,Fairbanks Consulting,1210 - Primary Checking - MTC,,Amount USD 11613.2 paid to Fairbanks Consulting | Transaction reference no ACH-25-00029 dated 2025-02-23 | Amount USD 11613.2 adjusted against Purchase Invoice ACC-PINV-2025-00029,Meridian Trading Co.
c864e884d3,ACC-PAY-2025-00069,P1,Payment Entry,Payment Entry,2,2025-02-23,2025-02-24 14:54:25.975244,ap.clerk@meridian.example,1210 - Primary Checking - MTC,1210,Primary Checking,Asset,0.0,11613.2,,,Fairbanks Consulting,,Amount USD 11613.2 paid to Fairbanks Consulting | Transaction reference no ACH-25-00029 dated 2025-02-23 | Amount USD 11613.2 adjusted against Purchase Invoice ACC-PINV-2025-00029,Meridian Trading Co.
8c031263e6,ACC-PAY-2025-00075,P1,Payment Entry,Payment Entry,1,2025-02-23,2025-02-24 14:13:34.446197,ar.clerk@meridian.example,1310 - Debtors - MTC,1310,Debtors,Asset,0.0,1502.22,Customer,Pactrail Sports,1210 - Primary Checking - MTC,,Amount USD 1502.22 received from Pactrail Sports | Transaction reference no ACH-25-00059 dated 2025-02-23 | Amount USD 1502.22 adjusted against Sales Invoice ACC-SINV-2025-00059,Meridian Trading Co.
e51920ac83,ACC-PAY-2025-00075,P1,Payment Entry,Payment Entry,2,2025-02-23,2025-02-24 14:13:34.446197,ar.clerk@meridian.example,1210 - Primary Checking - MTC,1210,Primary Checking,Asset,1502.22,0.0,,,Pactrail Sports,,Amount USD 1502.22 received from Pactrail Sports | Transaction reference no ACH-25-00059 dated 2025-02-23 | Amount USD 1502.22 adjusted against Sales Invoice ACC-SINV-2025-00059,Meridian Trading Co.
0ede226b4f,ACC-PAY-2025-00137,P1,Payment Entry,Payment Entry,1,2025-02-23,2025-02-24 12:09:34.969316,ap.clerk@meridian.example,2110 - Creditors - MTC,2110,Creditors,Liability,12508.25,0.0,Supplier,Stateside Insurance,1210 - Primary Checking - MTC,,Amount USD 12508.25 paid to Stateside Insurance | Transaction reference no ACH-25-00051 dated 2025-02-23 | Amount USD 12508.25 adjusted against Purchase Invoice ACC-PINV-2025-00051,Meridian Trading Co.
9b132c1c6d,ACC-PAY-2025-00137,P1,Payment Entry,Payment Entry,2,2025-02-23,2025-02-24 12:09:34.969316,ap.clerk@meridian.example,1210 - Primary Checking - MTC,1210,Primary Checking,Asset,0.0,12508.25,,,Stateside Insurance,,Amount USD 12508.25 paid to Stateside Insurance | Transaction reference no ACH-25-00051 dated 2025-02-23 | Amount USD 12508.25 adjusted against Purchase Invoice ACC-PINV-2025-00051,Meridian Trading Co.
1a8eb6e7a5,ACC-PAY-2025-00143,P1,Payment Entry,Payment Entry,1,2025-02-23,2025-02-24 08:48:49.537604,ap.clerk@meridian.example,1210 - Primary Checking - MTC,1210,Primary Checking,Asset,0.0,6952.07,,,Ironclad Security,,Amount USD 6952.07 paid to Ironclad Security | Transaction reference no ACH-25-00058 dated 2025-02-23 | Amount USD 6952.07 adjusted against Purchase Invoice ACC-PINV-2025-00058,Meridian Trading Co.
fdd4e1a0eb,ACC-PAY-2025-00143,P1,Payment Entry,Payment Entry,2,2025-02-23,2025-02-24 08:48:49.537604,ap.clerk@meridian.example,2110 - Creditors - MTC,2110,Creditors,Liability,6952.07,0.0,Supplier,Ironclad Security,1210 - Primary Checking - MTC,,Amount USD 6952.07 paid to Ironclad Security | Transaction reference no ACH-25-00058 dated 2025-02-23 | Amount USD 6952.07 adjusted against Purchase Invoice ACC-PINV-2025-00058,Meridian Trading Co.
157d4126f3,ACC-PAY-2025-00117,P1,Payment Entry,Payment Entry,1,2025-02-24,2025-02-24 17:20:51.653886,ar.clerk@meridian.example,1210 - Primary Checking - MTC,1210,Primary Checking,Asset,4170.89,0.0,,,Timberline Schools,,Amount USD 4170.89 received from Timberline Schools | Transaction reference no ACH-25-00104 dated 2025-02-24 | Amount USD 4170.89 adjusted against Sales Invoice ACC-SINV-2025-00104,Meridian Trading Co.
18cc6202b1,ACC-PAY-2025-00117,P1,Payment Entry,Payment Entry,2,2025-02-24,2025-02-24 17:20:51.653886,ar.clerk@meridian.example,1310 - Debtors - MTC,1310,Debtors,Asset,0.0,4170.89,Customer,Timberline Schools,1210 - Primary Checking - MTC,,Amount USD 4170.89 received from Timberline Schools | Transaction reference no ACH-25-00104 dated 2025-02-24 | Amount USD 4170.89 adjusted against Sales Invoice ACC-SINV-2025-00104,Meridian Trading Co.
22c2c9700a,ACC-PINV-2025-00033,P1,Purchase Invoice,Purchase Invoice,1,2025-02-24,2025-02-24 09:12:37.934157,ap.clerk@meridian.example,2110 - Creditors - MTC,2110,Creditors,Liability,0.0,6681.19,Supplier,Orchard Wholesale,5111 - Cost of Goods Sold - MTC,,Orchard Wholesale February 2025 billing,Meridian Trading Co.
77b50dcc7e,ACC-PINV-2025-00033,P1,Purchase Invoice,Purchase Invoice,2,2025-02-24,2025-02-24 09:12:37.934157,ap.clerk@meridian.example,5111 - Cost of Goods Sold - MTC,5111,Cost of Goods Sold,Expense,6681.19,0.0,,,Orchard Wholesale,Warehouse - MTC,Orchard Wholesale February 2025 billing,Meridian Trading Co.
5a8e57b2e7,ACC-SINV-2025-00062,P1,Sales Invoice,Sales Invoice,1,2025-02-24,2025-02-24 15:45:55.491289,ar.clerk@meridian.example,4110 - Sales - MTC,4110,Sales,Income,0.0,667.69,,,Galehouse Media,Warehouse - MTC,Customer order Galehouse Media Feb 2025,Meridian Trading Co.
6578ba0809,ACC-SINV-2025-00062,P1,Sales Invoice,Sales Invoice,2,2025-02-24,2025-02-24 15:45:55.491289,ar.clerk@meridian.example,ST 6% - MTC,,ST 6%,Liability,0.0,95.6,,,Galehouse Media,Admin - MTC,Customer order Galehouse Media Feb 2025,Meridian Trading Co.
b2a533a662,ACC-SINV-2025-00062,P1,Sales Invoice,Sales Invoice,3,2025-02-24,2025-02-24 15:45:55.491289,ar.clerk@meridian.example,4110 - Sales - MTC,4110,Sales,Income,0.0,925.6,,,Galehouse Media,Sales Ops - MTC,Customer order Galehouse Media Feb 2025,Meridian Trading Co.
f94c3dbc1c,ACC-SINV-2025-00062,P1,Sales Invoice,Sales Invoice,4,2025-02-24,2025-02-24 15:45:55.491289,ar.clerk@meridian.example,1310 - Debtors - MTC,1310,Debtors,Asset,1688.89,0.0,Customer,Galehouse Media,4110 - Sales - MTC,,Customer order Galehouse Media Feb 2025,Meridian Trading Co.
83a360235b,ACC-SINV-2025-00067,P1,Sales Invoice,Sales Invoice,1,2025-02-24,2025-02-24 14:13:08.749809,ar.clerk@meridian.example,ST 6% - MTC,,ST 6%,Liability,0.0,54.5,,,Ferrous Works,Admin - MTC,Customer order Ferrous Works Feb 2025,Meridian Trading Co.
c18a99fea0,ACC-SINV-2025-00067,P1,Sales Invoice,Sales Invoice,2,2025-02-24,2025-02-24 14:13:08.749809,ar.clerk@meridian.example,4110 - Sales - MTC,4110,Sales,Income,0.0,763.74,,,Ferrous Works,Warehouse - MTC,Customer order Ferrous Works Feb 2025,Meridian Trading Co.
e7cbf12347,ACC-SINV-2025-00067,P1,Sales Invoice,Sales Invoice,3,2025-02-24,2025-02-24 14:13:08.749809,ar.clerk@meridian.example,4110 - Sales - MTC,4110,Sales,Income,0.0,144.54,,,Ferrous Works,Sales Ops - MTC,Customer order Ferrous Works Feb 2025,Meridian Trading Co.
ecb8cea66a,ACC-SINV-2025-00067,P1,Sales Invoice,Sales Invoice,4,2025-02-24,2025-02-24 14:13:08.749809,ar.clerk@meridian.example,1310 - Debtors - MTC,1310,Debtors,Asset,962.78,0.0,Customer,Ferrous Works,4110 - Sales - MTC,,Customer order Ferrous Works Feb 2025,Meridian Trading Co.
150780084c,ACC-SINV-2025-00071,P1,Sales Invoice,Sales Invoice,1,2025-02-24,2025-02-24 11:48:47.397312,ar.clerk@meridian.example,ST 6% - MTC,,ST 6%,Liability,0.0,434.52,,,Kestrel Foods,Admin - MTC,Customer order Kestrel Foods Feb 2025,Meridian Trading Co.
52d20a382f,ACC-SINV-2025-00071,P1,Sales Invoice,Sales Invoice,2,2025-02-24,2025-02-24 11:48:47.397312,ar.clerk@meridian.example,1310 - Debtors - MTC,1310,Debtors,Asset,7676.59,0.0,Customer,Kestrel Foods,"4110 - Sales - MTC,4120 - Service - MTC,4130 - Freight Income - MTC",,Customer order Kestrel Foods Feb 2025,Meridian Trading Co.
758d732f1e,ACC-SINV-2025-00071,P1,Sales Invoice,Sales Invoice,3,2025-02-24,2025-02-24 11:48:47.397312,ar.clerk@meridian.example,4120 - Service - MTC,4120,Service,Income,0.0,5463.9,,,Kestrel Foods,Sales Ops - MTC,Customer order Kestrel Foods Feb 2025,Meridian Trading Co.
8fe895c25f,ACC-SINV-2025-00071,P1,Sales Invoice,Sales Invoice,4,2025-02-24,2025-02-24 11:48:47.397312,ar.clerk@meridian.example,4110 - Sales - MTC,4110,Sales,Income,0.0,190.95,,,Kestrel Foods,Warehouse - MTC,Customer order Kestrel Foods Feb 2025,Meridian Trading Co.
98f27004aa,ACC-SINV-2025-00071,P1,Sales Invoice,Sales Invoice,5,2025-02-24,2025-02-24 11:48:47.397312,ar.clerk@meridian.example,4110 - Sales - MTC,4110,Sales,Income,0.0,444.94,,,Kestrel Foods,Sales Ops - MTC,Customer order Kestrel Foods Feb 2025,Meridian Trading Co.
fa3641db4b,ACC-SINV-2025-00071,P1,Sales Invoice,Sales Invoice,6,2025-02-24,2025-02-24 11:48:47.397312,ar.clerk@meridian.example,4130 - Freight Income - MTC,4130,Freight Income,Income,0.0,1142.28,,,Kestrel Foods,Admin - MTC,Customer order Kestrel Foods Feb 2025,Meridian Trading Co.
0db8ffde7c,ACC-SINV-2025-00076,P1,Sales Invoice,Sales Invoice,1,2025-02-24,2025-03-03 09:13:48.227492,ar.clerk@meridian.example,1310 - Debtors - MTC,1310,Debtors,Asset,9072.91,0.0,Customer,Northwind Retail,"4120 - Service - MTC,4110 - Sales - MTC",,Customer order Northwind Retail Feb 2025,Meridian Trading Co.
21aef948fd,ACC-SINV-2025-00076,P1,Sales Invoice,Sales Invoice,2,2025-02-24,2025-03-03 09:13:48.227492,ar.clerk@meridian.example,4110 - Sales - MTC,4110,Sales,Income,0.0,1904.32,,,Northwind Retail,Sales Ops - MTC,Customer order Northwind Retail Feb 2025,Meridian Trading Co.
2a4dbfaf9e,ACC-SINV-2025-00076,P1,Sales Invoice,Sales Invoice,3,2025-02-24,2025-03-03 09:13:48.227492,ar.clerk@meridian.example,4120 - Service - MTC,4120,Service,Income,0.0,5643.12,,,Northwind Retail,Warehouse - MTC,Customer order Northwind Retail Feb 2025,Meridian Trading Co.
415089304b,ACC-SINV-2025-00076,P1,Sales Invoice,Sales Invoice,4,2025-02-24,2025-03-03 09:13:48.227492,ar.clerk@meridian.example,ST 6% - MTC,,ST 6%,Liability,0.0,513.56,,,Northwind Retail,Admin - MTC,Customer order Northwind Retail Feb 2025,Meridian Trading Co.
e4d49561a1,ACC-SINV-2025-00076,P1,Sales Invoice,Sales Invoice,5,2025-02-24,2025-03-03 09:13:48.227492,ar.clerk@meridian.example,4110 - Sales - MTC,4110,Sales,Income,0.0,1011.91,,,Northwind Retail,Warehouse - MTC,Customer order Northwind Retail Feb 2025,Meridian Trading Co.
04599e50d9,ACC-SINV-2025-00080,P1,Sales Invoice,Sales Invoice,1,2025-02-24,2025-02-24 13:06:30.490235,ar.clerk@meridian.example,4110 - Sales - MTC,4110,Sales,Income,0.0,1975.68,,,Timberline Schools,Sales Ops - MTC,Customer order Timberline Schools Feb 2025,Meridian Trading Co.
435f21f48f,ACC-SINV-2025-00080,P1,Sales Invoice,Sales Invoice,2,2025-02-24,2025-02-24 13:06:30.490235,ar.clerk@meridian.example,1310 - Debtors - MTC,1310,Debtors,Asset,3850.62,0.0,Customer,Timberline Schools,4110 - Sales - MTC,,Customer order Timberline Schools Feb 2025,Meridian Trading Co.
c8f5697df1,ACC-SINV-2025-00080,P1,Sales Invoice,Sales Invoice,3,2025-02-24,2025-02-24 13:06:30.490235,ar.clerk@meridian.example,4110 - Sales - MTC,4110,Sales,Income,0.0,1874.94,,,Timberline Schools,Warehouse - MTC,Customer order Timberline Schools Feb 2025,Meridian Trading Co.
5e6ca1ccee,ACC-JV-2025-00017,P1,Journal Entry,Journal Entry,1,2025-02-25,2025-02-25 19:21:57.237958,controller@meridian.example,5217 - Utility Expenses - MTC,5217,Utility Expenses,Expense,2500.0,0.0,,,2150 - Accrued Expenses - MTC,Admin - MTC,,Meridian Trading Co.
f84e6db869,ACC-JV-2025-00017,P1,Journal Entry,Journal Entry,2,2025-02-25,2025-02-25 19:21:57.237958,controller@meridian.example,2150 - Accrued Expenses - MTC,2150,Accrued Expenses,Liability,0.0,2500.0,,,5217 - Utility Expenses - MTC,Admin - MTC,,Meridian Trading Co.
56e5fd74fe,ACC-PAY-2025-00036,P1,Payment Entry,Payment Entry,1,2025-02-25,2025-02-25 14:36:32.770517,ar.clerk@meridian.example,1210 - Primary Checking - MTC,1210,Primary Checking,Asset,714.58,0.0,,,Brightline Offices,,Amount USD 714.58 received from Brightline Offices | Transaction reference no ACH-25-00042 dated 2025-02-25 | Amount USD 714.58 adjusted against Sales Invoice ACC-SINV-2025-00042,Meridian Trading Co.
c13a8316eb,ACC-PAY-2025-00036,P1,Payment Entry,Payment Entry,2,2025-02-25,2025-02-25 14:36:32.770517,ar.clerk@meridian.example,1310 - Debtors - MTC,1310,Debtors,Asset,0.0,714.58,Customer,Brightline Offices,1210 - Primary Checking - MTC,,Amount USD 714.58 received from Brightline Offices | Transaction reference no ACH-25-00042 dated 2025-02-25 | Amount USD 714.58 adjusted against Sales Invoice ACC-SINV-2025-00042,Meridian Trading Co.
608b8ea018,ACC-PAY-2025-00114,P1,Payment Entry,Payment Entry,1,2025-02-25,2025-02-25 11:05:42.198094,ar.clerk@meridian.example,1210 - Primary Checking - MTC,1210,Primary Checking,Asset,24309.51,0.0,,,Redcedar Builders,,Amount USD 24309.51 received from Redcedar Builders | Transaction reference no ACH-25-00101 dated 2025-02-25 | Amount USD 24309.51 adjusted against Sales Invoice ACC-SINV-2025-00101,Meridian Trading Co.
821c5c9126,ACC-PAY-2025-00114,P1,Payment Entry,Payment Entry,2,2025-02-25,2025-02-25 11:05:42.198094,ar.clerk@meridian.example,1310 - Debtors - MTC,1310,Debtors,Asset,0.0,24309.51,Customer,Redcedar Builders,1210 - Primary Checking - MTC,,Amount USD 24309.51 received from Redcedar Builders | Transaction reference no ACH-25-00101 dated 2025-02-25 | Amount USD 24309.51 adjusted against Sales Invoice ACC-SINV-2025-00101,Meridian Trading Co.
519eca4259,ACC-PINV-2025-00034,P1,Purchase Invoice,Purchase Invoice,1,2025-02-25,2025-02-25 12:05:33.331587,ap.clerk@meridian.example,5111 - Cost of Goods Sold - MTC,5111,Cost of Goods Sold,Expense,8436.81,0.0,,,Orchard Wholesale,Warehouse - MTC,Orchard Wholesale February 2025 billing,Meridian Trading Co.
c3b37c0aa7,ACC-PINV-2025-00034,P1,Purchase Invoice,Purchase Invoice,2,2025-02-25,2025-02-25 12:05:33.331587,ap.clerk@meridian.example,2110 - Creditors - MTC,2110,Creditors,Liability,0.0,8436.81,Supplier,Orchard Wholesale,5111 - Cost of Goods Sold - MTC,,Orchard Wholesale February 2025 billing,Meridian Trading Co.
0145270145,ACC-PINV-2025-00042,P1,Purchase Invoice,Purchase Invoice,1,2025-02-25,2025-02-25 11:20:31.023332,ap.clerk@meridian.example,5111 - Cost of Goods Sold - MTC,5111,Cost of Goods Sold,Expense,2540.39,0.0,,,Vulcan Materials Co,Warehouse - MTC,Vulcan Materials Co February 2025 billing,Meridian Trading Co.
d58ee8ea88,ACC-PINV-2025-00042,P1,Purchase Invoice,Purchase Invoice,2,2025-02-25,2025-02-25 11:20:31.023332,ap.clerk@meridian.example,2110 - Creditors - MTC,2110,Creditors,Liability,0.0,2540.39,Supplier,Vulcan Materials Co,5111 - Cost of Goods Sold - MTC,,Vulcan Materials Co February 2025 billing,Meridian Trading Co.
8f077a2094,ACC-PINV-2025-00055,P1,Purchase Invoice,Purchase Invoice,1,2025-02-25,2025-02-25 13:01:39.465202,ap.clerk@meridian.example,2110 - Creditors - MTC,2110,Creditors,Liability,0.0,2352.42,Supplier,Harlan Office Supply,5208 - Office Maintenance Expenses - MTC,,Harlan Office Supply February 2025 billing,Meridian Trading Co.
b617c622de,ACC-PINV-2025-00055,P1,Purchase Invoice,Purchase Invoice,2,2025-02-25,2025-02-25 13:01:39.465202,ap.clerk@meridian.example,5208 - Office Maintenance Expenses - MTC,5208,Office Maintenance Expenses,Expense,2352.42,0.0,,,Harlan Office Supply,Admin - MTC,Harlan Office Supply February 2025 billing,Meridian Trading Co.
2b48412dce,ACC-SINV-2025-00069,P1,Sales Invoice,Sales Invoice,1,2025-02-25,2025-02-25 13:27:13.696757,ar.clerk@meridian.example,4110 - Sales - MTC,4110,Sales,Income,0.0,947.64,,,Pactrail Sports,Warehouse - MTC,Customer order Pactrail Sports Feb 2025,Meridian Trading Co.
36f52f0028,ACC-SINV-2025-00069,P1,Sales Invoice,Sales Invoice,2,2025-02-25,2025-02-25 13:27:13.696757,ar.clerk@meridian.example,ST 6% - MTC,,ST 6%,Liability,0.0,56.86,,,Pactrail Sports,Admin - MTC,Customer order Pactrail Sports Feb 2025,Meridian Trading Co.
aed40b11ba,ACC-SINV-2025-00069,P1,Sales Invoice,Sales Invoice,3,2025-02-25,2025-02-25 13:27:13.696757,ar.clerk@meridian.example,1310 - Debtors - MTC,1310,Debtors,Asset,1004.5,0.0,Customer,Pactrail Sports,4110 - Sales - MTC,,Customer order Pactrail Sports Feb 2025,Meridian Trading Co.
39455b2a3b,ACC-SINV-2025-00078,P1,Sales Invoice,Sales Invoice,1,2025-02-25,2025-02-25 15:21:11.096915,ar.clerk@meridian.example,4130 - Freight Income - MTC,4130,Freight Income,Income,0.0,1576.4,,,Pactrail Sports,Admin - MTC,Customer order Pactrail Sports Feb 2025,Meridian Trading Co.
6c4e1fd88b,ACC-SINV-2025-00078,P1,Sales Invoice,Sales Invoice,2,2025-02-25,2025-02-25 15:21:11.096915,ar.clerk@meridian.example,1310 - Debtors - MTC,1310,Debtors,Asset,1776.62,0.0,Customer,Pactrail Sports,"4110 - Sales - MTC,4130 - Freight Income - MTC",,Customer order Pactrail Sports Feb 2025,Meridian Trading Co.
8b49df2145,ACC-SINV-2025-00078,P1,Sales Invoice,Sales Invoice,3,2025-02-25,2025-02-25 15:21:11.096915,ar.clerk@meridian.example,4110 - Sales - MTC,4110,Sales,Income,0.0,99.66,,,Pactrail Sports,Sales Ops - MTC,Customer order Pactrail Sports Feb 2025,Meridian Trading Co.
e0a733e3fc,ACC-SINV-2025-00078,P1,Sales Invoice,Sales Invoice,4,2025-02-25,2025-02-25 15:21:11.096915,ar.clerk@meridian.example,ST 6% - MTC,,ST 6%,Liability,0.0,100.56,,,Pactrail Sports,Admin - MTC,Customer order Pactrail Sports Feb 2025,Meridian Trading Co.
15d1a43644,ACC-SINV-2025-00095,P1,Sales Invoice,Sales Invoice,1,2025-02-25,2025-02-25 17:47:41.229657,ar.clerk@meridian.example,ST 6% - MTC,,ST 6%,Liability,0.0,372.8,,,Halstrom Supply,Admin - MTC,Customer order Halstrom Supply Feb 2025,Meridian Trading Co.
759aed3598,ACC-SINV-2025-00095,P1,Sales Invoice,Sales Invoice,2,2025-02-25,2025-02-25 17:47:41.229657,ar.clerk@meridian.example,1310 - Debtors - MTC,1310,Debtors,Asset,6586.12,0.0,Customer,Halstrom Supply,"4120 - Service - MTC,4110 - Sales - MTC",,Customer order Halstrom Supply Feb 2025,Meridian Trading Co.
93e81d6404,ACC-SINV-2025-00095,P1,Sales Invoice,Sales Invoice,3,2025-02-25,2025-02-25 17:47:41.229657,ar.clerk@meridian.example,4120 - Service - MTC,4120,Service,Income,0.0,3972.12,,,Halstrom Supply,Sales Ops - MTC,Customer order Halstrom Supply Feb 2025,Meridian Trading Co.
bf08228c38,ACC-SINV-2025-00095,P1,Sales Invoice,Sales Invoice,4,2025-02-25,2025-02-25 17:47:41.229657,ar.clerk@meridian.example,4110 - Sales - MTC,4110,Sales,Income,0.0,2241.2,,,Halstrom Supply,Sales Ops - MTC,Customer order Halstrom Supply Feb 2025,Meridian Trading Co.
0868788544,ACC-PAY-2025-00049,P1,Payment Entry,Payment Entry,1,2025-02-26,2025-02-26 15:37:18.342194,ap.clerk@meridian.example,2110 - Creditors - MTC,2110,Creditors,Liability,6490.62,0.0,Supplier,Orchard Wholesale,1210 - Primary Checking - MTC,,Amount USD 6490.62 paid to Orchard Wholesale | Transaction reference no ACH-25-00008 dated 2025-02-26 | Amount USD 6490.62 adjusted against Purchase Invoice ACC-PINV-2025-00008,Meridian Trading Co.
f8085c860e,ACC-PAY-2025-00049,P1,Payment Entry,Payment Entry,2,2025-02-26,2025-02-26 15:37:18.342194,ap.clerk@meridian.example,1210 - Primary Checking - MTC,1210,Primary Checking,Asset,0.0,6490.62,,,Orchard Wholesale,,Amount USD 6490.62 paid to Orchard Wholesale | Transaction reference no ACH-25-00008 dated 2025-02-26 | Amount USD 6490.62 adjusted against Purchase Invoice ACC-PINV-2025-00008,Meridian Trading Co.
10ef8cda60,ACC-PINV-2025-00059,P1,Purchase Invoice,Purchase Invoice,1,2025-02-26,2025-02-26 17:06:01.764896,ap.clerk@meridian.example,5226 - Contractor Services - MTC,5226,Contractor Services,Expense,14720.43,0.0,,,Fairbanks Consulting,Admin - MTC,Fairbanks Consulting February 2025 billing,Meridian Trading Co.
2a59fdec00,ACC-PINV-2025-00059,P1,Purchase Invoice,Purchase Invoice,2,2025-02-26,2025-02-26 17:06:01.764896,ap.clerk@meridian.example,2110 - Creditors - MTC,2110,Creditors,Liability,0.0,14720.43,Supplier,Fairbanks Consulting,5226 - Contractor Services - MTC,,Fairbanks Consulting February 2025 billing,Meridian Trading Co.
3c349a42d9,ACC-SINV-2025-00061,P1,Sales Invoice,Sales Invoice,1,2025-02-26,2025-02-26 14:37:09.247122,ar.clerk@meridian.example,1310 - Debtors - MTC,1310,Debtors,Asset,1579.44,0.0,Customer,Timberline Schools,"4110 - Sales - MTC,4130 - Freight Income - MTC",,Customer order Timberline Schools Feb 2025,Meridian Trading Co.
3e5ff76a9a,ACC-SINV-2025-00061,P1,Sales Invoice,Sales Invoice,2,2025-02-26,2025-02-26 14:37:09.247122,ar.clerk@meridian.example,4110 - Sales - MTC,4110,Sales,Income,0.0,1164.9,,,Timberline Schools,Sales Ops - MTC,Customer order Timberline Schools Feb 2025,Meridian Trading Co.
67d722bbd1,ACC-SINV-2025-00061,P1,Sales Invoice,Sales Invoice,3,2025-02-26,2025-02-26 14:37:09.247122,ar.clerk@meridian.example,4130 - Freight Income - MTC,4130,Freight Income,Income,0.0,175.42,,,Timberline Schools,Admin - MTC,Customer order Timberline Schools Feb 2025,Meridian Trading Co.
929106dc3b,ACC-SINV-2025-00061,P1,Sales Invoice,Sales Invoice,4,2025-02-26,2025-02-26 14:37:09.247122,ar.clerk@meridian.example,4110 - Sales - MTC,4110,Sales,Income,0.0,239.12,,,Timberline Schools,Warehouse - MTC,Customer order Timberline Schools Feb 2025,Meridian Trading Co.
8ea348377a,ACC-SINV-2025-00099,P1,Sales Invoice,Sales Invoice,1,2025-02-26,2025-02-26 14:46:24.601259,ar.clerk@meridian.example,4110 - Sales - MTC,4110,Sales,Income,0.0,255.18,,,Brightline Offices,Sales Ops - MTC,Customer order Brightline Offices Feb 2025,Meridian Trading Co.
996db3dc22,ACC-SINV-2025-00099,P1,Sales Invoice,Sales Invoice,2,2025-02-26,2025-02-26 14:46:24.601259,ar.clerk@meridian.example,4110 - Sales - MTC,4110,Sales,Income,0.0,1540.08,,,Brightline Offices,Warehouse - MTC,Customer order Brightline Offices Feb 2025,Meridian Trading Co.
aded36eb62,ACC-SINV-2025-00099,P1,Sales Invoice,Sales Invoice,3,2025-02-26,2025-02-26 14:46:24.601259,ar.clerk@meridian.example,ST 6% - MTC,,ST 6%,Liability,0.0,107.72,,,Brightline Offices,Admin - MTC,Customer order Brightline Offices Feb 2025,Meridian Trading Co.
e96242db67,ACC-SINV-2025-00099,P1,Sales Invoice,Sales Invoice,4,2025-02-26,2025-02-26 14:46:24.601259,ar.clerk@meridian.example,1310 - Debtors - MTC,1310,Debtors,Asset,1902.98,0.0,Customer,Brightline Offices,4110 - Sales - MTC,,Customer order Brightline Offices Feb 2025,Meridian Trading Co.
76c6ce92be,ACC-PAY-2025-00006,P1,Payment Entry,Payment Entry,1,2025-02-27,2025-02-27 11:09:17.027769,ar.clerk@meridian.example,1310 - Debtors - MTC,1310,Debtors,Asset,0.0,522.62,Customer,Ovation Events,1210 - Primary Checking - MTC,,Amount USD 522.62 received from Ovation Events | Transaction reference no ACH-25-00008 dated 2025-02-27 | Amount USD 522.62 adjusted against Sales Invoice ACC-SINV-2025-00008,Meridian Trading Co.
8133987142,ACC-PAY-2025-00006,P1,Payment Entry,Payment Entry,2,2025-02-27,2025-02-27 11:09:17.027769,ar.clerk@meridian.example,1210 - Primary Checking - MTC,1210,Primary Checking,Asset,522.62,0.0,,,Ovation Events,,Amount USD 522.62 received from Ovation Events | Transaction reference no ACH-25-00008 dated 2025-02-27 | Amount USD 522.62 adjusted against Sales Invoice ACC-SINV-2025-00008,Meridian Trading Co.
51ff1e5185,ACC-PAY-2025-00013,P1,Payment Entry,Payment Entry,1,2025-02-27,2025-02-27 13:10:51.268797,ar.clerk@meridian.example,1210 - Primary Checking - MTC,1210,Primary Checking,Asset,23858.12,0.0,,,Summit Rentals,,Amount USD 23858.12 received from Summit Rentals | Transaction reference no ACH-25-00015 dated 2025-02-27 | Amount USD 23858.12 adjusted against Sales Invoice ACC-SINV-2025-00015,Meridian Trading Co.
d9b06261f1,ACC-PAY-2025-00013,P1,Payment Entry,Payment Entry,2,2025-02-27,2025-02-27 13:10:51.268797,ar.clerk@meridian.example,1310 - Debtors - MTC,1310,Debtors,Asset,0.0,23858.12,Customer,Summit Rentals,1210 - Primary Checking - MTC,,Amount USD 23858.12 received from Summit Rentals | Transaction reference no ACH-25-00015 dated 2025-02-27 | Amount USD 23858.12 adjusted against Sales Invoice ACC-SINV-2025-00015,Meridian Trading Co.
45c20f3946,ACC-PAY-2025-00053,P1,Payment Entry,Payment Entry,1,2025-02-27,2025-02-27 17:18:19.576428,ap.clerk@meridian.example,2110 - Creditors - MTC,2110,Creditors,Liability,6930.15,0.0,Supplier,Vulcan Materials Co,1210 - Primary Checking - MTC,,Amount USD 6930.15 paid to Vulcan Materials Co | Transaction reference no ACH-25-00012 dated 2025-02-27 | Amount USD 6930.15 adjusted against Purchase Invoice ACC-PINV-2025-00012,Meridian Trading Co.
bc5f1b0097,ACC-PAY-2025-00053,P1,Payment Entry,Payment Entry,2,2025-02-27,2025-02-27 17:18:19.576428,ap.clerk@meridian.example,1210 - Primary Checking - MTC,1210,Primary Checking,Asset,0.0,6930.15,,,Vulcan Materials Co,,Amount USD 6930.15 paid to Vulcan Materials Co | Transaction reference no ACH-25-00012 dated 2025-02-27 | Amount USD 6930.15 adjusted against Purchase Invoice ACC-PINV-2025-00012,Meridian Trading Co.
2a83596b39,ACC-PINV-2025-00054,P1,Purchase Invoice,Purchase Invoice,1,2025-02-27,2025-02-27 16:06:57.107886,ap.clerk@meridian.example,2110 - Creditors - MTC,2110,Creditors,Liability,0.0,15523.98,Supplier,Harlan Office Supply,5208 - Office Maintenance Expenses - MTC,,Harlan Office Supply February 2025 billing,Meridian Trading Co.
fbaadd597e,ACC-PINV-2025-00054,P1,Purchase Invoice,Purchase Invoice,2,2025-02-27,2025-02-27 16:06:57.107886,ap.clerk@meridian.example,5208 - Office Maintenance Expenses - MTC,5208,Office Maintenance Expenses,Expense,15523.98,0.0,,,Harlan Office Supply,Admin - MTC,Harlan Office Supply February 2025 billing,Meridian Trading Co.
07be981508,ACC-SINV-2025-00081,P1,Sales Invoice,Sales Invoice,1,2025-02-27,2025-02-27 17:38:44.257912,ar.clerk@meridian.example,1310 - Debtors - MTC,1310,Debtors,Asset,1270.49,0.0,Customer,Bluepine Hardware,"4110 - Sales - MTC,4130 - Freight Income - MTC",,Customer order Bluepine Hardware Feb 2025,Meridian Trading Co.
2585d8fde4,ACC-SINV-2025-00081,P1,Sales Invoice,Sales Invoice,2,2025-02-27,2025-02-27 17:38:44.257912,ar.clerk@meridian.example,4130 - Freight Income - MTC,4130,Freight Income,Income,0.0,1001.52,,,Bluepine Hardware,Admin - MTC,Customer order Bluepine Hardware Feb 2025,Meridian Trading Co.
6d76023ba1,ACC-SINV-2025-00081,P1,Sales Invoice,Sales Invoice,3,2025-02-27,2025-02-27 17:38:44.257912,ar.clerk@meridian.example,4110 - Sales - MTC,4110,Sales,Income,0.0,93.22,,,Bluepine Hardware,Sales Ops - MTC,Customer order Bluepine Hardware Feb 2025,Meridian Trading Co.
7055d6071e,ACC-SINV-2025-00081,P1,Sales Invoice,Sales Invoice,4,2025-02-27,2025-02-27 17:38:44.257912,ar.clerk@meridian.example,ST 6% - MTC,,ST 6%,Liability,0.0,71.91,,,Bluepine Hardware,Admin - MTC,Customer order Bluepine Hardware Feb 2025,Meridian Trading Co.
e2ce49c643,ACC-SINV-2025-00081,P1,Sales Invoice,Sales Invoice,5,2025-02-27,2025-02-27 17:38:44.257912,ar.clerk@meridian.example,4110 - Sales - MTC,4110,Sales,Income,0.0,103.84,,,Bluepine Hardware,Warehouse - MTC,Customer order Bluepine Hardware Feb 2025,Meridian Trading Co.
9aa01cd072,ACC-SINV-2025-00088,P1,Sales Invoice,Sales Invoice,1,2025-02-27,2025-02-27 15:39:07.142594,ar.clerk@meridian.example,4110 - Sales - MTC,4110,Sales,Income,0.0,261.52,,,Ferrous Works,Warehouse - MTC,Customer order Ferrous Works Feb 2025,Meridian Trading Co.
bd1ddfe0ec,ACC-SINV-2025-00088,P1,Sales Invoice,Sales Invoice,2,2025-02-27,2025-02-27 15:39:07.142594,ar.clerk@meridian.example,4120 - Service - MTC,4120,Service,Income,0.0,2448.02,,,Ferrous Works,Admin - MTC,Customer order Ferrous Works Feb 2025,Meridian Trading Co.
f0d2dbc110,ACC-SINV-2025-00088,P1,Sales Invoice,Sales Invoice,3,2025-02-27,2025-02-27 15:39:07.142594,ar.clerk@meridian.example,1310 - Debtors - MTC,1310,Debtors,Asset,3173.07,0.0,Customer,Ferrous Works,"4110 - Sales - MTC,4120 - Service - MTC",,Customer order Ferrous Works Feb 2025,Meridian Trading Co.
f6e497f8c7,ACC-SINV-2025-00088,P1,Sales Invoice,Sales Invoice,4,2025-02-27,2025-02-27 15:39:07.142594,ar.clerk@meridian.example,4110 - Sales - MTC,4110,Sales,Income,0.0,283.92,,,Ferrous Works,Sales Ops - MTC,Customer order Ferrous Works Feb 2025,Meridian Trading Co.
f6f5e6eefe,ACC-SINV-2025-00088,P1,Sales Invoice,Sales Invoice,5,2025-02-27,2025-02-27 15:39:07.142594,ar.clerk@meridian.example,ST 6% - MTC,,ST 6%,Liability,0.0,179.61,,,Ferrous Works,Admin - MTC,Customer order Ferrous Works Feb 2025,Meridian Trading Co.
3567929606,ACC-SINV-2025-00092,P1,Sales Invoice,Sales Invoice,1,2025-02-27,2025-02-27 10:17:10.362007,ar.clerk@meridian.example,1310 - Debtors - MTC,1310,Debtors,Asset,1562.98,0.0,Customer,Kestrel Foods,4110 - Sales - MTC,,Customer order Kestrel Foods Feb 2025,Meridian Trading Co.
e5cddce861,ACC-SINV-2025-00092,P1,Sales Invoice,Sales Invoice,2,2025-02-27,2025-02-27 10:17:10.362007,ar.clerk@meridian.example,ST 6% - MTC,,ST 6%,Liability,0.0,88.47,,,Kestrel Foods,Admin - MTC,Customer order Kestrel Foods Feb 2025,Meridian Trading Co.
fc049eb4e1,ACC-SINV-2025-00092,P1,Sales Invoice,Sales Invoice,3,2025-02-27,2025-02-27 10:17:10.362007,ar.clerk@meridian.example,4110 - Sales - MTC,4110,Sales,Income,0.0,1474.51,,,Kestrel Foods,Sales Ops - MTC,Customer order Kestrel Foods Feb 2025,Meridian Trading Co.
32aea14e82,ACC-JV-2025-00011,P1,Journal Entry,Journal Entry,1,2025-02-28,2025-03-01 02:47:08.192540,batch.bot@meridian.example,5213 - Salary - MTC,5213,Salary,Expense,17396.15,0.0,,,"2320 - Tax Withholding Payable - MTC, 2120 - Payroll Payable - MTC",Admin - MTC,,Meridian Trading Co.
b38dca17e9,ACC-JV-2025-00011,P1,Journal Entry,Journal Entry,2,2025-02-28,2025-03-01 02:47:08.192540,batch.bot@meridian.example,2120 - Payroll Payable - MTC,2120,Payroll Payable,Liability,0.0,41143.49,,,5213 - Salary - MTC,Admin - MTC,,Meridian Trading Co.
bef60317f8,ACC-JV-2025-00011,P1,Journal Entry,Journal Entry,3,2025-02-28,2025-03-01 02:47:08.192540,batch.bot@meridian.example,5213 - Salary - MTC,5213,Salary,Expense,14275.35,0.0,,,"2320 - Tax Withholding Payable - MTC, 2120 - Payroll Payable - MTC",Warehouse - MTC,,Meridian Trading Co.
c6f4e7f638,ACC-JV-2025-00011,P1,Journal Entry,Journal Entry,4,2025-02-28,2025-03-01 02:47:08.192540,batch.bot@meridian.example,5213 - Salary - MTC,5213,Salary,Expense,21348.46,0.0,,,"2320 - Tax Withholding Payable - MTC, 2120 - Payroll Payable - MTC",Sales Ops - MTC,,Meridian Trading Co.
ce47be8f65,ACC-JV-2025-00011,P1,Journal Entry,Journal Entry,5,2025-02-28,2025-03-01 02:47:08.192540,batch.bot@meridian.example,2320 - Tax Withholding Payable - MTC,2320,Tax Withholding Payable,Liability,0.0,11876.47,,,5213 - Salary - MTC,Admin - MTC,,Meridian Trading Co.
4eb44a5f3e,ACC-JV-2025-00013,P1,Journal Entry,Depreciation Entry,1,2025-02-28,2025-03-01 03:43:50.043653,batch.bot@meridian.example,1780 - Accumulated Depreciation - MTC,1780,Accumulated Depreciation,Asset,0.0,3416.67,,,5203 - Depreciation - MTC,Admin - MTC,,Meridian Trading Co.
54e74ae837,ACC-JV-2025-00013,P1,Journal Entry,Depreciation Entry,2,2025-02-28,2025-03-01 03:43:50.043653,batch.bot@meridian.example,5203 - Depreciation - MTC,5203,Depreciation,Expense,1258.34,0.0,,,1780 - Accumulated Depreciation - MTC,Admin - MTC,,Meridian Trading Co.
9a70ddcda6,ACC-JV-2025-00013,P1,Journal Entry,Depreciation Entry,3,2025-02-28,2025-03-01 03:43:50.043653,batch.bot@meridian.example,5203 - Depreciation - MTC,5203,Depreciation,Expense,2158.33,0.0,,,1780 - Accumulated Depreciation - MTC,Warehouse - MTC,,Meridian Trading Co.
0fe1f29bcf,ACC-JV-2025-00014,P1,Journal Entry,Journal Entry,1,2025-02-28,2025-03-01 02:47:20.938404,batch.bot@meridian.example,5228 - Insurance Expense - MTC,5228,Insurance Expense,Expense,1450.0,0.0,,,1660 - Prepaid Expenses - MTC,Admin - MTC,,Meridian Trading Co.
5a9972a107,ACC-JV-2025-00014,P1,Journal Entry,Journal Entry,2,2025-02-28,2025-03-01 02:47:20.938404,batch.bot@meridian.example,1660 - Prepaid Expenses - MTC,1660,Prepaid Expenses,Asset,0.0,1450.0,,,5228 - Insurance Expense - MTC,Admin - MTC,,Meridian Trading Co.
1c128bc335,ACC-JV-2025-00015,P1,Journal Entry,Journal Entry,1,2025-02-28,2025-02-28 12:00:09.121784,controller@meridian.example,5209 - Office Rent - MTC,5209,Office Rent,Expense,3765.45,0.0,,,"5215 - Telephone Expenses - MTC, 5209 - Office Rent - MTC, 5217 - Utility Expenses - MTC",Warehouse - MTC,,Meridian Trading Co.
3b57ea89c2,ACC-JV-2025-00015,P1,Journal Entry,Journal Entry,2,2025-02-28,2025-02-28 12:00:09.121784,controller@meridian.example,5217 - Utility Expenses - MTC,5217,Utility Expenses,Expense,1048.98,0.0,,,"5215 - Telephone Expenses - MTC, 5209 - Office Rent - MTC, 5217 - Utility Expenses - MTC",Warehouse - MTC,,Meridian Trading Co.
6439827aeb,ACC-JV-2025-00015,P1,Journal Entry,Journal Entry,3,2025-02-28,2025-02-28 12:00:09.121784,controller@meridian.example,5209 - Office Rent - MTC,5209,Office Rent,Expense,4841.29,0.0,,,"5215 - Telephone Expenses - MTC, 5209 - Office Rent - MTC, 5217 - Utility Expenses - MTC",Sales Ops - MTC,,Meridian Trading Co.
6ac08569ef,ACC-JV-2025-00015,P1,Journal Entry,Journal Entry,4,2025-02-28,2025-02-28 12:00:09.121784,controller@meridian.example,5217 - Utility Expenses - MTC,5217,Utility Expenses,Expense,1348.69,0.0,,,"5215 - Telephone Expenses - MTC, 5209 - Office Rent - MTC, 5217 - Utility Expenses - MTC",Sales Ops - MTC,,Meridian Trading Co.
a7ede5d7ab,ACC-JV-2025-00015,P1,Journal Entry,Journal Entry,5,2025-02-28,2025-02-28 12:00:09.121784,controller@meridian.example,5215 - Telephone Expenses - MTC,5215,Telephone Expenses,Expense,330.19,0.0,,,"5215 - Telephone Expenses - MTC, 5209 - Office Rent - MTC, 5217 - Utility Expenses - MTC",Sales Ops - MTC,,Meridian Trading Co.
dd36bf1f3c,ACC-JV-2025-00015,P1,Journal Entry,Journal Entry,6,2025-02-28,2025-02-28 12:00:09.121784,controller@meridian.example,5215 - Telephone Expenses - MTC,5215,Telephone Expenses,Expense,256.81,0.0,,,"5215 - Telephone Expenses - MTC, 5209 - Office Rent - MTC, 5217 - Utility Expenses - MTC",Warehouse - MTC,,Meridian Trading Co.
efd9fef476,ACC-JV-2025-00015,P1,Journal Entry,Journal Entry,7,2025-02-28,2025-02-28 12:00:09.121784,controller@meridian.example,5215 - Telephone Expenses - MTC,5215,Telephone Expenses,Expense,0.0,587.0,,,"5215 - Telephone Expenses - MTC, 5209 - Office Rent - MTC, 5217 - Utility Expenses - MTC",Admin - MTC,,Meridian Trading Co.
f2327515e8,ACC-JV-2025-00015,P1,Journal Entry,Journal Entry,8,2025-02-28,2025-02-28 12:00:09.121784,controller@meridian.example,5217 - Utility Expenses - MTC,5217,Utility Expenses,Expense,0.0,2397.67,,,"5215 - Telephone Expenses - MTC, 5209 - Office Rent - MTC, 5217 - Utility Expenses - MTC",Admin - MTC,,Meridian Trading Co.
fc1a07096d,ACC-JV-2025-00015,P1,Journal Entry,Journal Entry,9,2025-02-28,2025-02-28 12:00:09.121784,controller@meridian.example,5209 - Office Rent - MTC,5209,Office Rent,Expense,0.0,8606.74,,,"5215 - Telephone Expenses - MTC, 5209 - Office Rent - MTC, 5217 - Utility Expenses - MTC",Admin - MTC,,Meridian Trading Co.
087631c1c8,ACC-PAY-2025-00072,P1,Payment Entry,Payment Entry,1,2025-02-28,2025-02-28 18:03:33.942844,ar.clerk@meridian.example,1310 - Debtors - MTC,1310,Debtors,Asset,0.0,676.58,Customer,Cascade Outfitters,1210 - Primary Checking - MTC,,Amount USD 676.58 received from Cascade Outfitters | Transaction reference no ACH-25-00055 dated 2025-02-28 | Amount USD 676.58 adjusted against Sales Invoice ACC-SINV-2025-00055,Meridian Trading Co.
b4b6dd3e8b,ACC-PAY-2025-00072,P1,Payment Entry,Payment Entry,2,2025-02-28,2025-02-28 18:03:33.942844,ar.clerk@meridian.example,1210 - Primary Checking - MTC,1210,Primary Checking,Asset,676.58,0.0,,,Cascade Outfitters,,Amount USD 676.58 received from Cascade Outfitters | Transaction reference no ACH-25-00055 dated 2025-02-28 | Amount USD 676.58 adjusted against Sales Invoice ACC-SINV-2025-00055,Meridian Trading Co.
27b27a6923,ACC-SINV-2025-00068,P1,Sales Invoice,Sales Invoice,1,2025-02-28,2025-02-28 09:35:05.919481,ar.clerk@meridian.example,ST 6% - MTC,,ST 6%,Liability,0.0,351.52,,,Marlowe Interiors,Admin - MTC,Customer order Marlowe Interiors Feb 2025,Meridian Trading Co.
8d7fd35e91,ACC-SINV-2025-00068,P1,Sales Invoice,Sales Invoice,2,2025-02-28,2025-02-28 09:35:05.919481,ar.clerk@meridian.example,4120 - Service - MTC,4120,Service,Income,0.0,4729.98,,,Marlowe Interiors,Warehouse - MTC,Customer order Marlowe Interiors Feb 2025,Meridian Trading Co.
8e3514b501,ACC-SINV-2025-00068,P1,Sales Invoice,Sales Invoice,3,2025-02-28,2025-02-28 09:35:05.919481,ar.clerk@meridian.example,1310 - Debtors - MTC,1310,Debtors,Asset,6210.17,0.0,Customer,Marlowe Interiors,"4110 - Sales - MTC,4130 - Freight Income - MTC,4120 - Service - MTC",,Customer order Marlowe Interiors Feb 2025,Meridian Trading Co.
af79b5a315,ACC-SINV-2025-00068,P1,Sales Invoice,Sales Invoice,4,2025-02-28,2025-02-28 09:35:05.919481,ar.clerk@meridian.example,4110 - Sales - MTC,4110,Sales,Income,0.0,467.85,,,Marlowe Interiors,Warehouse - MTC,Customer order Marlowe Interiors Feb 2025,Meridian Trading Co.
c58cd5f6ae,ACC-SINV-2025-00068,P1,Sales Invoice,Sales Invoice,5,2025-02-28,2025-02-28 09:35:05.919481,ar.clerk@meridian.example,4110 - Sales - MTC,4110,Sales,Income,0.0,44.33,,,Marlowe Interiors,Sales Ops - MTC,Customer order Marlowe Interiors Feb 2025,Meridian Trading Co.
dc5923ddd3,ACC-SINV-2025-00068,P1,Sales Invoice,Sales Invoice,6,2025-02-28,2025-02-28 09:35:05.919481,ar.clerk@meridian.example,4130 - Freight Income - MTC,4130,Freight Income,Income,0.0,616.49,,,Marlowe Interiors,Admin - MTC,Customer order Marlowe Interiors Feb 2025,Meridian Trading Co.
0a6a5eb925,ACC-PAY-2025-00043,P1,Payment Entry,Payment Entry,1,2025-03-01,2025-03-03 08:04:02.880256,ar.clerk@meridian.example,1310 - Debtors - MTC,1310,Debtors,Asset,0.0,1077.91,Customer,Bluepine Hardware,1210 - Primary Checking - MTC,,Amount USD 1077.91 received from Bluepine Hardware | Transaction reference no ACH-25-00051 dated 2025-03-01 | Amount USD 1077.91 adjusted against Sales Invoice ACC-SINV-2025-00051,Meridian Trading Co.
87a906c07a,ACC-PAY-2025-00043,P1,Payment Entry,Payment Entry,2,2025-03-01,2025-03-03 08:04:02.880256,ar.clerk@meridian.example,1210 - Primary Checking - MTC,1210,Primary Checking,Asset,1077.91,0.0,,,Bluepine Hardware,,Amount USD 1077.91 received from Bluepine Hardware | Transaction reference no ACH-25-00051 dated 2025-03-01 | Amount USD 1077.91 adjusted against Sales Invoice ACC-SINV-2025-00051,Meridian Trading Co.
092956ec59,ACC-PAY-2025-00051,P1,Payment Entry,Payment Entry,1,2025-03-01,2025-03-03 09:29:14.868513,ap.clerk@meridian.example,2110 - Creditors - MTC,2110,Creditors,Liability,11828.15,0.0,Supplier,Vulcan Materials Co,1210 - Primary Checking - MTC,,Amount USD 11828.15 paid to Vulcan Materials Co | Transaction reference no ACH-25-00010 dated 2025-03-01 | Amount USD 11828.15 adjusted against Purchase Invoice ACC-PINV-2025-00010,Meridian Trading Co.
263bfcad8d,ACC-PAY-2025-00051,P1,Payment Entry,Payment Entry,2,2025-03-01,2025-03-03 09:29:14.868513,ap.clerk@meridian.example,1210 - Primary Checking - MTC,1210,Primary Checking,Asset,0.0,11828.15,,,Vulcan Materials Co,,Amount USD 11828.15 paid to Vulcan Materials Co | Transaction reference no ACH-25-00010 dated 2025-03-01 | Amount USD 11828.15 adjusted against Purchase Invoice ACC-PINV-2025-00010,Meridian Trading Co.
70b03d2d6d,ACC-PAY-2025-00070,P1,Payment Entry,Payment Entry,1,2025-03-01,2025-03-03 12:14:16.958807,ap.clerk@meridian.example,2110 - Creditors - MTC,2110,Creditors,Liability,12384.05,0.0,Supplier,Fairbanks Consulting,1210 - Primary Checking - MTC,,Amount USD 12384.05 paid to Fairbanks Consulting | Transaction reference no ACH-25-00030 dated 2025-03-01 | Amount USD 12384.05 adjusted against Purchase Invoice ACC-PINV-2025-00030,Meridian Trading Co.
c7956cbbf1,ACC-PAY-2025-00070,P1,Payment Entry,Payment Entry,2,2025-03-01,2025-03-03 12:14:16.958807,ap.clerk@meridian.example,1210 - Primary Checking - MTC,1210,Primary Checking,Asset,0.0,12384.05,,,Fairbanks Consulting,,Amount USD 12384.05 paid to Fairbanks Consulting | Transaction reference no ACH-25-00030 dated 2025-03-01 | Amount USD 12384.05 adjusted against Purchase Invoice ACC-PINV-2025-00030,Meridian Trading Co.
c0ad05d77d,ACC-PAY-2025-00096,P1,Payment Entry,Payment Entry,1,2025-03-01,2025-03-03 14:32:02.094698,ar.clerk@meridian.example,1210 - Primary Checking - MTC,1210,Primary Checking,Asset,7024.15,0.0,,,Juniper & Co,,Amount USD 7024.15 received from Juniper & Co | Transaction reference no ACH-25-00082 dated 2025-03-01 | Amount USD 7024.15 adjusted against Sales Invoice ACC-SINV-2025-00082,Meridian Trading Co.
d7845fe31a,ACC-PAY-2025-00096,P1,Payment Entry,Payment Entry,2,2025-03-01,2025-03-03 14:32:02.094698,ar.clerk@meridian.example,1310 - Debtors - MTC,1310,Debtors,Asset,0.0,7024.15,Customer,Juniper & Co,1210 - Primary Checking - MTC,,Amount USD 7024.15 received from Juniper & Co | Transaction reference no ACH-25-00082 dated 2025-03-01 | Amount USD 7024.15 adjusted against Sales Invoice ACC-SINV-2025-00082,Meridian Trading Co.
15cb3f6f23,ACC-PAY-2025-00111,P1,Payment Entry,Payment Entry,1,2025-03-02,2025-03-03 12:05:51.369003,ar.clerk@meridian.example,1310 - Debtors - MTC,1310,Debtors,Asset,0.0,1399.08,Customer,Ovation Events,1210 - Primary Checking - MTC,,Amount USD 1399.08 received from Ovation Events | Transaction reference no ACH-25-00098 dated 2025-03-02 | Amount USD 1399.08 adjusted against Sales Invoice ACC-SINV-2025-00098,Meridian Trading Co.
e51a07597e,ACC-PAY-2025-00111,P1,Payment Entry,Payment Entry,2,2025-03-02,2025-03-03 12:05:51.369003,ar.clerk@meridian.example,1210 - Primary Checking - MTC,1210,Primary Checking,Asset,1399.08,0.0,,,Ovation Events,,Amount USD 1399.08 received from Ovation Events | Transaction reference no ACH-25-00098 dated 2025-03-02 | Amount USD 1399.08 adjusted against Sales Invoice ACC-SINV-2025-00098,Meridian Trading Co.
9564de2a1d,ACC-PAY-2025-00124,P1,Payment Entry,Payment Entry,1,2025-03-02,2025-03-03 18:09:26.278768,ap.clerk@meridian.example,1210 - Primary Checking - MTC,1210,Primary Checking,Asset,0.0,4646.09,,,Orchard Wholesale,,Amount USD 4646.09 paid to Orchard Wholesale | Transaction reference no ACH-25-00035 dated 2025-03-02 | Amount USD 4646.09 adjusted against Purchase Invoice ACC-PINV-2025-00035,Meridian Trading Co.
f25fcfeb0f,ACC-PAY-2025-00124,P1,Payment Entry,Payment Entry,2,2025-03-02,2025-03-03 18:09:26.278768,ap.clerk@meridian.example,2110 - Creditors - MTC,2110,Creditors,Liability,4646.09,0.0,Supplier,Orchard Wholesale,1210 - Primary Checking - MTC,,Amount USD 4646.09 paid to Orchard Wholesale | Transaction reference no ACH-25-00035 dated 2025-03-02 | Amount USD 4646.09 adjusted against Purchase Invoice ACC-PINV-2025-00035,Meridian Trading Co.
0d604f27c8,ACC-PAY-2025-00131,P1,Payment Entry,Payment Entry,1,2025-03-02,2025-03-03 16:56:05.445046,ap.clerk@meridian.example,1210 - Primary Checking - MTC,1210,Primary Checking,Asset,0.0,9604.06,,,Vulcan Materials Co,,Amount USD 9604.06 paid to Vulcan Materials Co | Transaction reference no ACH-25-00043 dated 2025-03-02 | Amount USD 9604.06 adjusted against Purchase Invoice ACC-PINV-2025-00043,Meridian Trading Co.
7f123cd76f,ACC-PAY-2025-00131,P1,Payment Entry,Payment Entry,2,2025-03-02,2025-03-03 16:56:05.445046,ap.clerk@meridian.example,2110 - Creditors - MTC,2110,Creditors,Liability,9604.06,0.0,Supplier,Vulcan Materials Co,1210 - Primary Checking - MTC,,Amount USD 9604.06 paid to Vulcan Materials Co | Transaction reference no ACH-25-00043 dated 2025-03-02 | Amount USD 9604.06 adjusted against Purchase Invoice ACC-PINV-2025-00043,Meridian Trading Co.
3533ff364a,ACC-PAY-2025-00145,P1,Payment Entry,Payment Entry,1,2025-03-02,2025-03-03 09:43:33.641659,ap.clerk@meridian.example,1210 - Primary Checking - MTC,1210,Primary Checking,Asset,0.0,478.48,,,Fairbanks Consulting,,Amount USD 478.48 paid to Fairbanks Consulting | Transaction reference no ACH-25-00060 dated 2025-03-02 | Amount USD 478.48 adjusted against Purchase Invoice ACC-PINV-2025-00060,Meridian Trading Co.
71e025b386,ACC-PAY-2025-00145,P1,Payment Entry,Payment Entry,2,2025-03-02,2025-03-03 09:43:33.641659,ap.clerk@meridian.example,2110 - Creditors - MTC,2110,Creditors,Liability,478.48,0.0,Supplier,Fairbanks Consulting,1210 - Primary Checking - MTC,,Amount USD 478.48 paid to Fairbanks Consulting | Transaction reference no ACH-25-00060 dated 2025-03-02 | Amount USD 478.48 adjusted against Purchase Invoice ACC-PINV-2025-00060,Meridian Trading Co.
8f8b5585e7,ACC-JV-2025-00012,P1,Journal Entry,Bank Entry,1,2025-03-03,2025-03-04 01:33:32.136933,batch.bot@meridian.example,1210 - Primary Checking - MTC,1210,Primary Checking,Asset,0.0,41143.49,,,2120 - Payroll Payable - MTC,Admin - MTC,Reference #REF-20250303 dated 03-03-2025,Meridian Trading Co.
b9c7a71dcd,ACC-JV-2025-00012,P1,Journal Entry,Bank Entry,2,2025-03-03,2025-03-04 01:33:32.136933,batch.bot@meridian.example,2120 - Payroll Payable - MTC,2120,Payroll Payable,Liability,41143.49,0.0,,,1210 - Primary Checking - MTC,Admin - MTC,Reference #REF-20250303 dated 03-03-2025,Meridian Trading Co.
4f96e8a5c1,ACC-PAY-2025-00093,P1,Payment Entry,Payment Entry,1,2025-03-03,2025-03-03 16:33:49.683093,ar.clerk@meridian.example,1310 - Debtors - MTC,1310,Debtors,Asset,0.0,343.16,Customer,Ovation Events,1210 - Primary Checking - MTC,,Amount USD 343.16 received from Ovation Events | Transaction reference no ACH-25-00079 dated 2025-03-03 | Amount USD 343.16 adjusted against Sales Invoice ACC-SINV-2025-00079,Meridian Trading Co.
7e1bb73c1f,ACC-PAY-2025-00093,P1,Payment Entry,Payment Entry,2,2025-03-03,2025-03-03 16:33:49.683093,ar.clerk@meridian.example,1210 - Primary Checking - MTC,1210,Primary Checking,Asset,343.16,0.0,,,Ovation Events,,Amount USD 343.16 received from Ovation Events | Transaction reference no ACH-25-00079 dated 2025-03-03 | Amount USD 343.16 adjusted against Sales Invoice ACC-SINV-2025-00079,Meridian Trading Co.
0dd5059228,ACC-PINV-2025-00089,P1,Purchase Invoice,Purchase Invoice,1,2025-03-03,2025-03-03 15:48:18.417959,ap.clerk@meridian.example,2110 - Creditors - MTC,2110,Creditors,Liability,0.0,8589.91,Supplier,Ironclad Security,5229 - Security Expenses - MTC,,Ironclad Security March 2025 billing,Meridian Trading Co.
39246816b7,ACC-PINV-2025-00089,P1,Purchase Invoice,Purchase Invoice,2,2025-03-03,2025-03-03 15:48:18.417959,ap.clerk@meridian.example,5229 - Security Expenses - MTC,5229,Security Expenses,Expense,8589.91,0.0,,,Ironclad Security,Admin - MTC,Ironclad Security March 2025 billing,Meridian Trading Co.
3bb406f29f,ACC-SINV-2025-00112,P1,Sales Invoice,Sales Invoice,1,2025-03-03,2025-03-03 13:35:42.608577,ar.clerk@meridian.example,4110 - Sales - MTC,4110,Sales,Income,0.0,380.88,,,Pactrail Sports,Sales Ops - MTC,Customer order Pactrail Sports Mar 2025,Meridian Trading Co.
e989300244,ACC-SINV-2025-00112,P1,Sales Invoice,Sales Invoice,2,2025-03-03,2025-03-03 13:35:42.608577,ar.clerk@meridian.example,1310 - Debtors - MTC,1310,Debtors,Asset,403.73,0.0,Customer,Pactrail Sports,4110 - Sales - MTC,,Customer order Pactrail Sports Mar 2025,Meridian Trading Co.
ead5f77e60,ACC-SINV-2025-00112,P1,Sales Invoice,Sales Invoice,3,2025-03-03,2025-03-03 13:35:42.608577,ar.clerk@meridian.example,ST 6% - MTC,,ST 6%,Liability,0.0,22.85,,,Pactrail Sports,Admin - MTC,Customer order Pactrail Sports Mar 2025,Meridian Trading Co.
016f993c1f,ACC-SINV-2025-00139,P1,Sales Invoice,Sales Invoice,1,2025-03-03,2025-03-03 14:34:41.814978,ar.clerk@meridian.example,4110 - Sales - MTC,4110,Sales,Income,0.0,1054.69,,,Timberline Schools,Warehouse - MTC,Customer order Timberline Schools Mar 2025,Meridian Trading Co.
45e8d965c3,ACC-SINV-2025-00139,P1,Sales Invoice,Sales Invoice,2,2025-03-03,2025-03-03 14:34:41.814978,ar.clerk@meridian.example,1310 - Debtors - MTC,1310,Debtors,Asset,1054.69,0.0,Customer,Timberline Schools,4110 - Sales - MTC,,Customer order Timberline Schools Mar 2025,Meridian Trading Co.
34b9bcd298,ACC-SINV-2025-00141,P1,Sales Invoice,Sales Invoice,1,2025-03-03,2025-03-03 17:01:34.651209,ar.clerk@meridian.example,4110 - Sales - MTC,4110,Sales,Income,0.0,463.32,,,Kestrel Foods,Warehouse - MTC,Customer order Kestrel Foods Mar 2025,Meridian Trading Co.
3a75179eeb,ACC-SINV-2025-00141,P1,Sales Invoice,Sales Invoice,2,2025-03-03,2025-03-03 17:01:34.651209,ar.clerk@meridian.example,4110 - Sales - MTC,4110,Sales,Income,0.0,1019.76,,,Kestrel Foods,Sales Ops - MTC,Customer order Kestrel Foods Mar 2025,Meridian Trading Co.
50cec517ad,ACC-SINV-2025-00141,P1,Sales Invoice,Sales Invoice,3,2025-03-03,2025-03-03 17:01:34.651209,ar.clerk@meridian.example,ST 6% - MTC,,ST 6%,Liability,0.0,88.98,,,Kestrel Foods,Admin - MTC,Customer order Kestrel Foods Mar 2025,Meridian Trading Co.
ef8229ca87,ACC-SINV-2025-00141,P1,Sales Invoice,Sales Invoice,4,2025-03-03,2025-03-03 17:01:34.651209,ar.clerk@meridian.example,1310 - Debtors - MTC,1310,Debtors,Asset,1572.06,0.0,Customer,Kestrel Foods,4110 - Sales - MTC,,Customer order Kestrel Foods Mar 2025,Meridian Trading Co.
0db8d98482,ACC-SINV-2025-00149,P1,Sales Invoice,Sales Invoice,1,2025-03-03,2025-03-03 10:07:04.624449,ar.clerk@meridian.example,ST 6% - MTC,,ST 6%,Liability,0.0,292.21,,,Bluepine Hardware,Admin - MTC,Customer order Bluepine Hardware Mar 2025,Meridian Trading Co.
3b45d17b61,ACC-SINV-2025-00149,P1,Sales Invoice,Sales Invoice,2,2025-03-03,2025-03-03 10:07:04.624449,ar.clerk@meridian.example,4130 - Freight Income - MTC,4130,Freight Income,Income,0.0,2103.36,,,Bluepine Hardware,Admin - MTC,Customer order Bluepine Hardware Mar 2025,Meridian Trading Co.
6097c9661d,ACC-SINV-2025-00149,P1,Sales Invoice,Sales Invoice,3,2025-03-03,2025-03-03 10:07:04.624449,ar.clerk@meridian.example,4110 - Sales - MTC,4110,Sales,Income,0.0,2445.45,,,Bluepine Hardware,Sales Ops - MTC,Customer order Bluepine Hardware Mar 2025,Meridian Trading Co.
c9aacce17a,ACC-SINV-2025-00149,P1,Sales Invoice,Sales Invoice,4,2025-03-03,2025-03-03 10:07:04.624449,ar.clerk@meridian.example,4110 - Sales - MTC,4110,Sales,Income,0.0,321.36,,,Bluepine Hardware,Warehouse - MTC,Customer order Bluepine Hardware Mar 2025,Meridian Trading Co.
d1d7f94918,ACC-SINV-2025-00149,P1,Sales Invoice,Sales Invoice,5,2025-03-03,2025-03-03 10:07:04.624449,ar.clerk@meridian.example,1310 - Debtors - MTC,1310,Debtors,Asset,5162.38,0.0,Customer,Bluepine Hardware,"4110 - Sales - MTC,4130 - Freight Income - MTC",,Customer order Bluepine Hardware Mar 2025,Meridian Trading Co.
2caa35709b,ACC-PAY-2025-00052,P1,Payment Entry,Payment Entry,1,2025-03-04,2025-03-04 11:25:06.536668,ap.clerk@meridian.example,2110 - Creditors - MTC,2110,Creditors,Liability,8266.76,0.0,Supplier,Vulcan Materials Co,1210 - Primary Checking - MTC,,Amount USD 8266.76 paid to Vulcan Materials Co | Transaction reference no ACH-25-00011 dated 2025-03-04 | Amount USD 8266.76 adjusted against Purchase Invoice ACC-PINV-2025-00011,Meridian Trading Co.
9f1e22d337,ACC-PAY-2025-00052,P1,Payment Entry,Payment Entry,2,2025-03-04,2025-03-04 11:25:06.536668,ap.clerk@meridian.example,1210 - Primary Checking - MTC,1210,Primary Checking,Asset,0.0,8266.76,,,Vulcan Materials Co,,Amount USD 8266.76 paid to Vulcan Materials Co | Transaction reference no ACH-25-00011 dated 2025-03-04 | Amount USD 8266.76 adjusted against Purchase Invoice ACC-PINV-2025-00011,Meridian Trading Co.
b3607c6ba5,ACC-PAY-2025-00054,P1,Payment Entry,Payment Entry,1,2025-03-04,2025-03-04 09:11:42.544463,ap.clerk@meridian.example,2110 - Creditors - MTC,2110,Creditors,Liability,7896.63,0.0,Supplier,Vulcan Materials Co,1210 - Primary Checking - MTC,,Amount USD 7896.63 paid to Vulcan Materials Co | Transaction reference no ACH-25-00013 dated 2025-03-04 | Amount USD 7896.63 adjusted against Purchase Invoice ACC-PINV-2025-00013,Meridian Trading Co.
f0d792af62,ACC-PAY-2025-00054,P1,Payment Entry,Payment Entry,2,2025-03-04,2025-03-04 09:11:42.544463,ap.clerk@meridian.example,1210 - Primary Checking - MTC,1210,Primary Checking,Asset,0.0,7896.63,,,Vulcan Materials Co,,Amount USD 7896.63 paid to Vulcan Materials Co | Transaction reference no ACH-25-00013 dated 2025-03-04 | Amount USD 7896.63 adjusted against Purchase Invoice ACC-PINV-2025-00013,Meridian Trading Co.
13b30a70cc,ACC-PINV-2025-00078,P1,Purchase Invoice,Purchase Invoice,1,2025-03-04,2025-03-04 08:19:04.898820,ap.clerk@meridian.example,2110 - Creditors - MTC,2110,Creditors,Liability,0.0,6509.74,Supplier,Beacon Freight,5205 - Freight and Forwarding Charges - MTC,,Beacon Freight March 2025 billing,Meridian Trading Co.
5791d22c95,ACC-PINV-2025-00078,P1,Purchase Invoice,Purchase Invoice,2,2025-03-04,2025-03-04 08:19:04.898820,ap.clerk@meridian.example,5205 - Freight and Forwarding Charges - MTC,5205,Freight and Forwarding Charges,Expense,6509.74,0.0,,,Beacon Freight,Admin - MTC,Beacon Freight March 2025 billing,Meridian Trading Co.
7052e720d5,ACC-SINV-2025-00121,P1,Sales Invoice,Sales Invoice,1,2025-03-04,2025-03-04 14:46:41.805344,ar.clerk@meridian.example,1310 - Debtors - MTC,1310,Debtors,Asset,1637.19,0.0,Customer,Cascade Outfitters,4110 - Sales - MTC,,Customer order Cascade Outfitters Mar 2025,Meridian Trading Co.
790f8f8d88,ACC-SINV-2025-00121,P1,Sales Invoice,Sales Invoice,2,2025-03-04,2025-03-04 14:46:41.805344,ar.clerk@meridian.example,ST 6% - MTC,,ST 6%,Liability,0.0,92.67,,,Cascade Outfitters,Admin - MTC,Customer order Cascade Outfitters Mar 2025,Meridian Trading Co.
dd9fac17da,ACC-SINV-2025-00121,P1,Sales Invoice,Sales Invoice,3,2025-03-04,2025-03-04 14:46:41.805344,ar.clerk@meridian.example,4110 - Sales - MTC,4110,Sales,Income,0.0,1544.52,,,Cascade Outfitters,Sales Ops - MTC,Customer order Cascade Outfitters Mar 2025,Meridian Trading Co.
5745d7e210,ACC-PAY-2025-00082,P1,Payment Entry,Payment Entry,1,2025-03-05,2025-03-05 16:45:50.111555,ar.clerk@meridian.example,1210 - Primary Checking - MTC,1210,Primary Checking,Asset,1309.02,0.0,,,Brightline Offices,,Amount USD 1309.02 received from Brightline Offices | Transaction reference no ACH-25-00066 dated 2025-03-05 | Amount USD 1309.02 adjusted against Sales Invoice ACC-SINV-2025-00066,Meridian Trading Co.
882a2724a4,ACC-PAY-2025-00082,P1,Payment Entry,Payment Entry,2,2025-03-05,2025-03-05 16:45:50.111555,ar.clerk@meridian.example,1310 - Debtors - MTC,1310,Debtors,Asset,0.0,1309.02,Customer,Brightline Offices,1210 - Primary Checking - MTC,,Amount USD 1309.02 received from Brightline Offices | Transaction reference no ACH-25-00066 dated 2025-03-05 | Amount USD 1309.02 adjusted against Sales Invoice ACC-SINV-2025-00066,Meridian Trading Co.
6e9067d266,ACC-PAY-2025-00088,P1,Payment Entry,Payment Entry,1,2025-03-05,2025-03-05 09:09:13.700885,ar.clerk@meridian.example,1310 - Debtors - MTC,1310,Debtors,Asset,0.0,3470.54,Customer,Galehouse Media,1210 - Primary Checking - MTC,,Amount USD 3470.54 received from Galehouse Media | Transaction reference no ACH-25-00074 dated 2025-03-05 | Amount USD 3470.54 adjusted against Sales Invoice ACC-SINV-2025-00074,Meridian Trading Co.
d96e3e2253,ACC-PAY-2025-00088,P1,Payment Entry,Payment Entry,2,2025-03-05,2025-03-05 09:09:13.700885,ar.clerk@meridian.example,1210 - Primary Checking - MTC,1210,Primary Checking,Asset,3470.54,0.0,,,Galehouse Media,,Amount USD 3470.54 received from Galehouse Media | Transaction reference no ACH-25-00074 dated 2025-03-05 | Amount USD 3470.54 adjusted against Sales Invoice ACC-SINV-2025-00074,Meridian Trading Co.
227e6b56ec,ACC-PAY-2025-00099,P1,Payment Entry,Payment Entry,1,2025-03-05,2025-03-05 12:03:44.025138,ar.clerk@meridian.example,1210 - Primary Checking - MTC,1210,Primary Checking,Asset,1326.42,0.0,,,Juniper & Co,,Amount USD 1326.42 received from Juniper & Co | Transaction reference no ACH-25-00086 dated 2025-03-05 | Amount USD 1326.42 adjusted against Sales Invoice ACC-SINV-2025-00086,Meridian Trading Co.
8ffdfa14c2,ACC-PAY-2025-00099,P1,Payment Entry,Payment Entry,2,2025-03-05,2025-03-05 12:03:44.025138,ar.clerk@meridian.example,1310 - Debtors - MTC,1310,Debtors,Asset,0.0,1326.42,Customer,Juniper & Co,1210 - Primary Checking - MTC,,Amount USD 1326.42 received from Juniper & Co | Transaction reference no ACH-25-00086 dated 2025-03-05 | Amount USD 1326.42 adjusted against Sales Invoice ACC-SINV-2025-00086,Meridian Trading Co.
2ac4a370b9,ACC-PAY-2025-00105,P1,Payment Entry,Payment Entry,1,2025-03-05,2025-03-05 10:25:57.813712,ar.clerk@meridian.example,1210 - Primary Checking - MTC,1210,Primary Checking,Asset,1562.98,0.0,,,Kestrel Foods,,Amount USD 1562.98 received from Kestrel Foods | Transaction reference no ACH-25-00092 dated 2025-03-05 | Amount USD 1562.98 adjusted against Sales Invoice ACC-SINV-2025-00092,Meridian Trading Co.
cbe1ab976c,ACC-PAY-2025-00105,P1,Payment Entry,Payment Entry,2,2025-03-05,2025-03-05 10:25:57.813712,ar.clerk@meridian.example,1310 - Debtors - MTC,1310,Debtors,Asset,0.0,1562.98,Customer,Kestrel Foods,1210 - Primary Checking - MTC,,Amount USD 1562.98 received from Kestrel Foods | Transaction reference no ACH-25-00092 dated 2025-03-05 | Amount USD 1562.98 adjusted against Sales Invoice ACC-SINV-2025-00092,Meridian Trading Co.
012c404c7d,ACC-PINV-2025-00069,P1,Purchase Invoice,Purchase Invoice,1,2025-03-05,2025-03-05 08:20:15.318108,ap.clerk@meridian.example,2110 - Creditors - MTC,2110,Creditors,Liability,0.0,5065.24,Supplier,Orchard Wholesale,"5111 - Cost of Goods Sold - MTC,5211 - Print and Stationery - MTC,5204 - Entertainment Expenses - MTC",,Orchard Wholesale March 2025 billing,Meridian Trading Co.
43a2431397,ACC-PINV-2025-00069,P1,Purchase Invoice,Purchase Invoice,2,2025-03-05,2025-03-05 08:20:15.318108,ap.clerk@meridian.example,5111 - Cost of Goods Sold - MTC,5111,Cost of Goods Sold,Expense,2213.36,0.0,,,Orchard Wholesale,Warehouse - MTC,Orchard Wholesale March 2025 billing,Meridian Trading Co.
48c7135d79,ACC-PINV-2025-00069,P1,Purchase Invoice,Purchase Invoice,3,2025-03-05,2025-03-05 08:20:15.318108,ap.clerk@meridian.example,5204 - Entertainment Expenses - MTC,5204,Entertainment Expenses,Expense,568.82,0.0,,,Orchard Wholesale,Admin - MTC,Orchard Wholesale March 2025 billing,Meridian Trading Co.
94c56b6330,ACC-PINV-2025-00069,P1,Purchase Invoice,Purchase Invoice,4,2025-03-05,2025-03-05 08:20:15.318108,ap.clerk@meridian.example,5211 - Print and Stationery - MTC,5211,Print and Stationery,Expense,2283.06,0.0,,,Orchard Wholesale,Admin - MTC,Orchard Wholesale March 2025 billing,Meridian Trading Co.
6e608f9be3,ACC-SINV-2025-00117,P1,Sales Invoice,Sales Invoice,1,2025-03-05,2025-03-05 12:49:01.875138,ar.clerk@meridian.example,1310 - Debtors - MTC,1310,Debtors,Asset,1706.02,0.0,Customer,Timberline Schools,"4110 - Sales - MTC,4130 - Freight Income - MTC",,Customer order Timberline Schools Mar 2025,Meridian Trading Co.
c31d7bcbc3,ACC-SINV-2025-00117,P1,Sales Invoice,Sales Invoice,2,2025-03-05,2025-03-05 12:49:01.875138,ar.clerk@meridian.example,4110 - Sales - MTC,4110,Sales,Income,0.0,276.64,,,Timberline Schools,Sales Ops - MTC,Customer order Timberline Schools Mar 2025,Meridian Trading Co.
ec4a1bb4b2,ACC-SINV-2025-00117,P1,Sales Invoice,Sales Invoice,3,2025-03-05,2025-03-05 12:49:01.875138,ar.clerk@meridian.example,4130 - Freight Income - MTC,4130,Freight Income,Income,0.0,1429.38,,,Timberline Schools,Admin - MTC,Customer order Timberline Schools Mar 2025,Meridian Trading Co.
e74eb67259,ACC-PAY-2025-00047,P1,Payment Entry,Payment Entry,1,2025-03-06,2025-03-06 17:20:49.284098,ap.clerk@meridian.example,1210 - Primary Checking - MTC,1210,Primary Checking,Asset,0.0,2962.28,,,Orchard Wholesale,,Amount USD 2962.28 paid to Orchard Wholesale | Transaction reference no ACH-25-00006 dated 2025-03-06 | Amount USD 2962.28 adjusted against Purchase Invoice ACC-PINV-2025-00006,Meridian Trading Co.
ee075470ca,ACC-PAY-2025-00047,P1,Payment Entry,Payment Entry,2,2025-03-06,2025-03-06 17:20:49.284098,ap.clerk@meridian.example,2110 - Creditors - MTC,2110,Creditors,Liability,2962.28,0.0,Supplier,Orchard Wholesale,1210 - Primary Checking - MTC,,Amount USD 2962.28 paid to Orchard Wholesale | Transaction reference no ACH-25-00006 dated 2025-03-06 | Amount USD 2962.28 adjusted against Purchase Invoice ACC-PINV-2025-00006,Meridian Trading Co.
1188383f52,ACC-PINV-2025-00063,P1,Purchase Invoice,Purchase Invoice,1,2025-03-06,2025-03-06 11:58:37.854489,ap.clerk@meridian.example,5111 - Cost of Goods Sold - MTC,5111,Cost of Goods Sold,Expense,5034.48,0.0,,,Orchard Wholesale,Warehouse - MTC,Orchard Wholesale March 2025 billing,Meridian Trading Co.
5983450dd8,ACC-PINV-2025-00063,P1,Purchase Invoice,Purchase Invoice,2,2025-03-06,2025-03-06 11:58:37.854489,ap.clerk@meridian.example,2110 - Creditors - MTC,2110,Creditors,Liability,0.0,5034.48,Supplier,Orchard Wholesale,5111 - Cost of Goods Sold - MTC,,Orchard Wholesale March 2025 billing,Meridian Trading Co.
414b2c2b59,ACC-PINV-2025-00073,P1,Purchase Invoice,Purchase Invoice,1,2025-03-06,2025-03-06 09:40:33.489987,ap.clerk@meridian.example,2110 - Creditors - MTC,2110,Creditors,Liability,0.0,2973.94,Supplier,Vulcan Materials Co,"5111 - Cost of Goods Sold - MTC,5216 - Travel Expenses - MTC",,Vulcan Materials Co March 2025 billing,Meridian Trading Co.
52b0c0bef5,ACC-PINV-2025-00073,P1,Purchase Invoice,Purchase Invoice,2,2025-03-06,2025-03-06 09:40:33.489987,ap.clerk@meridian.example,5111 - Cost of Goods Sold - MTC,5111,Cost of Goods Sold,Expense,2354.13,0.0,,,Vulcan Materials Co,Warehouse - MTC,Vulcan Materials Co March 2025 billing,Meridian Trading Co.
a65bd33b66,ACC-PINV-2025-00073,P1,Purchase Invoice,Purchase Invoice,3,2025-03-06,2025-03-06 09:40:33.489987,ap.clerk@meridian.example,5216 - Travel Expenses - MTC,5216,Travel Expenses,Expense,619.81,0.0,,,Vulcan Materials Co,Admin - MTC,Vulcan Materials Co March 2025 billing,Meridian Trading Co.
1b7270e61a,ACC-PINV-2025-00083,P1,Purchase Invoice,Purchase Invoice,1,2025-03-06,2025-03-06 18:12:15.995592,ap.clerk@meridian.example,2110 - Creditors - MTC,2110,Creditors,Liability,0.0,17060.48,Supplier,Metro Utilities,5217 - Utility Expenses - MTC,,Metro Utilities March 2025 billing,Meridian Trading Co.
59928faca2,ACC-PINV-2025-00083,P1,Purchase Invoice,Purchase Invoice,2,2025-03-06,2025-03-06 18:12:15.995592,ap.clerk@meridian.example,5217 - Utility Expenses - MTC,5217,Utility Expenses,Expense,17060.48,0.0,,,Metro Utilities,Admin - MTC,Metro Utilities March 2025 billing,Meridian Trading Co.
728a5d3b2a,ACC-SINV-2025-00130,P1,Sales Invoice,Sales Invoice,1,2025-03-06,2025-03-06 17:01:49.321232,ar.clerk@meridian.example,ST 6% - MTC,,ST 6%,Liability,0.0,43.11,,,Pactrail Sports,Admin - MTC,Customer order Pactrail Sports Mar 2025,Meridian Trading Co.
78fbc43c09,ACC-SINV-2025-00130,P1,Sales Invoice,Sales Invoice,2,2025-03-06,2025-03-06 17:01:49.321232,ar.clerk@meridian.example,4110 - Sales - MTC,4110,Sales,Income,0.0,718.45,,,Pactrail Sports,Warehouse - MTC,Customer order Pactrail Sports Mar 2025,Meridian Trading Co.
c9f0f31c92,ACC-SINV-2025-00130,P1,Sales Invoice,Sales Invoice,3,2025-03-06,2025-03-06 17:01:49.321232,ar.clerk@meridian.example,1310 - Debtors - MTC,1310,Debtors,Asset,761.56,0.0,Customer,Pactrail Sports,4110 - Sales - MTC,,Customer order Pactrail Sports Mar 2025,Meridian Trading Co.
09d3865f5e,ACC-SINV-2025-00150,P1,Sales Invoice,Sales Invoice,1,2025-03-06,2025-03-06 15:32:42.198300,ar.clerk@meridian.example,ST 6% - MTC,,ST 6%,Liability,0.0,66.03,,,Redcedar Builders,Admin - MTC,Customer order Redcedar Builders Mar 2025,Meridian Trading Co.
2547a5cf69,ACC-SINV-2025-00150,P1,Sales Invoice,Sales Invoice,2,2025-03-06,2025-03-06 15:32:42.198300,ar.clerk@meridian.example,4110 - Sales - MTC,4110,Sales,Income,0.0,244.56,,,Redcedar Builders,Warehouse - MTC,Customer order Redcedar Builders Mar 2025,Meridian Trading Co.
8326b8414b,ACC-SINV-2025-00150,P1,Sales Invoice,Sales Invoice,3,2025-03-06,2025-03-06 15:32:42.198300,ar.clerk@meridian.example,4110 - Sales - MTC,4110,Sales,Income,0.0,855.95,,,Redcedar Builders,Sales Ops - MTC,Customer order Redcedar Builders Mar 2025,Meridian Trading Co.
edcbb5fc2b,ACC-SINV-2025-00150,P1,Sales Invoice,Sales Invoice,4,2025-03-06,2025-03-06 15:32:42.198300,ar.clerk@meridian.example,1310 - Debtors - MTC,1310,Debtors,Asset,1166.54,0.0,Customer,Redcedar Builders,4110 - Sales - MTC,,Customer order Redcedar Builders Mar 2025,Meridian Trading Co.
6153d1accc,ACC-SINV-2025-00153,P1,Sales Invoice,Sales Invoice,1,2025-03-06,2025-03-06 17:22:07.001619,ar.clerk@meridian.example,1310 - Debtors - MTC,1310,Debtors,Asset,599.46,0.0,Customer,Timberline Schools,4110 - Sales - MTC,,Customer order Timberline Schools Mar 2025,Meridian Trading Co.
9178368535,ACC-SINV-2025-00153,P1,Sales Invoice,Sales Invoice,2,2025-03-06,2025-03-06 17:22:07.001619,ar.clerk@meridian.example,4110 - Sales - MTC,4110,Sales,Income,0.0,316.26,,,Timberline Schools,Warehouse - MTC,Customer order Timberline Schools Mar 2025,Meridian Trading Co.
d64f6fab7c,ACC-SINV-2025-00153,P1,Sales Invoice,Sales Invoice,3,2025-03-06,2025-03-06 17:22:07.001619,ar.clerk@meridian.example,4110 - Sales - MTC,4110,Sales,Income,0.0,283.2,,,Timberline Schools,Sales Ops - MTC,Customer order Timberline Schools Mar 2025,Meridian Trading Co.
9792c7be48,ACC-PAY-2025-00060,P1,Payment Entry,Payment Entry,1,2025-03-07,2025-03-07 16:07:03.045904,ap.clerk@meridian.example,1210 - Primary Checking - MTC,1210,Primary Checking,Asset,0.0,11704.35,,,Cobalt IT Services,,Amount USD 11704.35 paid to Cobalt IT Services | Transaction reference no ACH-25-00019 dated 2025-03-07 | Amount USD 11704.35 adjusted against Purchase Invoice ACC-PINV-2025-00019,Meridian Trading Co.
a5a0bd5b61,ACC-PAY-2025-00060,P1,Payment Entry,Payment Entry,2,2025-03-07,2025-03-07 16:07:03.045904,ap.clerk@meridian.example,2110 - Creditors - MTC,2110,Creditors,Liability,11704.35,0.0,Supplier,Cobalt IT Services,1210 - Primary Checking - MTC,,Amount USD 11704.35 paid to Cobalt IT Services | Transaction reference no ACH-25-00019 dated 2025-03-07 | Amount USD 11704.35 adjusted against Purchase Invoice ACC-PINV-2025-00019,Meridian Trading Co.
29de63422c,ACC-PAY-2025-00109,P1,Payment Entry,Payment Entry,1,2025-03-07,2025-03-07 11:42:02.243412,ar.clerk@meridian.example,1310 - Debtors - MTC,1310,Debtors,Asset,0.0,1496.26,Customer,Cascade Outfitters,1210 - Primary Checking - MTC,,Amount USD 1496.26 received from Cascade Outfitters | Transaction reference no ACH-25-00096 dated 2025-03-07 | Amount USD 1496.26 adjusted against Sales Invoice ACC-SINV-2025-00096,Meridian Trading Co.
8fa24cabb8,ACC-PAY-2025-00109,P1,Payment Entry,Payment Entry,2,2025-03-07,2025-03-07 11:42:02.243412,ar.clerk@meridian.example,1210 - Primary Checking - MTC,1210,Primary Checking,Asset,1496.26,0.0,,,Cascade Outfitters,,Amount USD 1496.26 received from Cascade Outfitters | Transaction reference no ACH-25-00096 dated 2025-03-07 | Amount USD 1496.26 adjusted against Sales Invoice ACC-SINV-2025-00096,Meridian Trading Co.
5bd234c09a,ACC-PAY-2025-00123,P1,Payment Entry,Payment Entry,1,2025-03-07,2025-03-07 12:01:15.977633,ap.clerk@meridian.example,1210 - Primary Checking - MTC,1210,Primary Checking,Asset,0.0,8436.81,,,Orchard Wholesale,,Amount USD 8436.81 paid to Orchard Wholesale | Transaction reference no ACH-25-00034 dated 2025-03-07 | Amount USD 8436.81 adjusted against Purchase Invoice ACC-PINV-2025-00034,Meridian Trading Co.
a3dc4314c7,ACC-PAY-2025-00123,P1,Payment Entry,Payment Entry,2,2025-03-07,2025-03-07 12:01:15.977633,ap.clerk@meridian.example,2110 - Creditors - MTC,2110,Creditors,Liability,8436.81,0.0,Supplier,Orchard Wholesale,1210 - Primary Checking - MTC,,Amount USD 8436.81 paid to Orchard Wholesale | Transaction reference no ACH-25-00034 dated 2025-03-07 | Amount USD 8436.81 adjusted against Purchase Invoice ACC-PINV-2025-00034,Meridian Trading Co.
2942a58768,ACC-PINV-2025-00064,P1,Purchase Invoice,Purchase Invoice,1,2025-03-07,2025-03-07 12:31:05.890682,ap.clerk@meridian.example,2110 - Creditors - MTC,2110,Creditors,Liability,0.0,753.57,Supplier,Orchard Wholesale,5111 - Cost of Goods Sold - MTC,,Orchard Wholesale March 2025 billing,Meridian Trading Co.
d382ad1677,ACC-PINV-2025-00064,P1,Purchase Invoice,Purchase Invoice,2,2025-03-07,2025-03-07 12:31:05.890682,ap.clerk@meridian.example,5111 - Cost of Goods Sold - MTC,5111,Cost of Goods Sold,Expense,753.57,0.0,,,Orchard Wholesale,Warehouse - MTC,Orchard Wholesale March 2025 billing,Meridian Trading Co.
72357181b4,ACC-PINV-2025-00066,P1,Purchase Invoice,Purchase Invoice,1,2025-03-07,2025-03-12 13:59:49.733209,ap.clerk@meridian.example,5111 - Cost of Goods Sold - MTC,5111,Cost of Goods Sold,Expense,2085.53,0.0,,,Orchard Wholesale,Warehouse - MTC,Orchard Wholesale March 2025 billing,Meridian Trading Co.
8de46d5cda,ACC-PINV-2025-00066,P1,Purchase Invoice,Purchase Invoice,2,2025-03-07,2025-03-12 13:59:49.733209,ap.clerk@meridian.example,2110 - Creditors - MTC,2110,Creditors,Liability,0.0,2085.53,Supplier,Orchard Wholesale,5111 - Cost of Goods Sold - MTC,,Orchard Wholesale March 2025 billing,Meridian Trading Co.
6f78cf09e1,ACC-PINV-2025-00091,P1,Purchase Invoice,Purchase Invoice,1,2025-03-07,2025-03-07 17:02:13.498285,ap.clerk@meridian.example,2110 - Creditors - MTC,2110,Creditors,Liability,0.0,9222.67,Supplier,Fairbanks Consulting,5226 - Contractor Services - MTC,,Fairbanks Consulting March 2025 billing,Meridian Trading Co.
abe604a38f,ACC-PINV-2025-00091,P1,Purchase Invoice,Purchase Invoice,2,2025-03-07,2025-03-07 17:02:13.498285,ap.clerk@meridian.example,5226 - Contractor Services - MTC,5226,Contractor Services,Expense,9222.67,0.0,,,Fairbanks Consulting,Admin - MTC,Fairbanks Consulting March 2025 billing,Meridian Trading Co.
36e9f1ecdb,ACC-SINV-2025-00152,P1,Sales Invoice,Sales Invoice,1,2025-03-07,2025-03-07 18:17:45.676402,ar.clerk@meridian.example,4110 - Sales - MTC,4110,Sales,Income,0.0,1134.96,,,Cascade Outfitters,Sales Ops - MTC,Customer order Cascade Outfitters Mar 2025,Meridian Trading Co.
387394465b,ACC-SINV-2025-00152,P1,Sales Invoice,Sales Invoice,2,2025-03-07,2025-03-07 18:17:45.676402,ar.clerk@meridian.example,ST 6% - MTC,,ST 6%,Liability,0.0,264.31,,,Cascade Outfitters,Admin - MTC,Customer order Cascade Outfitters Mar 2025,Meridian Trading Co.
60c65add53,ACC-SINV-2025-00152,P1,Sales Invoice,Sales Invoice,3,2025-03-07,2025-03-07 18:17:45.676402,ar.clerk@meridian.example,4120 - Service - MTC,4120,Service,Income,0.0,1726.7,,,Cascade Outfitters,Sales Ops - MTC,Customer order Cascade Outfitters Mar 2025,Meridian Trading Co.
633c0ad637,ACC-SINV-2025-00152,P1,Sales Invoice,Sales Invoice,4,2025-03-07,2025-03-07 18:17:45.676402,ar.clerk@meridian.example,4110 - Sales - MTC,4110,Sales,Income,0.0,1543.48,,,Cascade Outfitters,Warehouse - MTC,Customer order Cascade Outfitters Mar 2025,Meridian Trading Co.
bc31d9cac2,ACC-SINV-2025-00152,P1,Sales Invoice,Sales Invoice,5,2025-03-07,2025-03-07 18:17:45.676402,ar.clerk@meridian.example,1310 - Debtors - MTC,1310,Debtors,Asset,4669.45,0.0,Customer,Cascade Outfitters,"4110 - Sales - MTC,4120 - Service - MTC",,Customer order Cascade Outfitters Mar 2025,Meridian Trading Co.
6a0954a533,ACC-PAY-2025-00076,P1,Payment Entry,Payment Entry,1,2025-03-08,2025-03-10 18:01:36.778182,ar.clerk@meridian.example,1310 - Debtors - MTC,1310,Debtors,Asset,0.0,1006.6,Customer,Juniper & Co,1210 - Primary Checking - MTC,,Amount USD 1006.6 received from Juniper & Co | Transaction reference no ACH-25-00060 dated 2025-03-08 | Amount USD 1006.6 adjusted against Sales Invoice ACC-SINV-2025-00060,Meridian Trading Co.
f01b7d0f0a,ACC-PAY-2025-00076,P1,Payment Entry,Payment Entry,2,2025-03-08,2025-03-10 18:01:36.778182,ar.clerk@meridian.example,1210 - Primary Checking - MTC,1210,Primary Checking,Asset,1006.6,0.0,,,Juniper & Co,,Amount USD 1006.6 received from Juniper & Co | Transaction reference no ACH-25-00060 dated 2025-03-08 | Amount USD 1006.6 adjusted against Sales Invoice ACC-SINV-2025-00060,Meridian Trading Co.
144f70c422,ACC-PAY-2025-00101,P1,Payment Entry,Payment Entry,1,2025-03-08,2025-03-10 15:53:42.476690,ar.clerk@meridian.example,1310 - Debtors - MTC,1310,Debtors,Asset,0.0,3173.07,Customer,Ferrous Works,1210 - Primary Checking - MTC,,Amount USD 3173.07 received from Ferrous Works | Transaction reference no ACH-25-00088 dated 2025-03-08 | Amount USD 3173.07 adjusted against Sales Invoice ACC-SINV-2025-00088,Meridian Trading Co.
a3e0cb6066,ACC-PAY-2025-00101,P1,Payment Entry,Payment Entry,2,2025-03-08,2025-03-10 15:53:42.476690,ar.clerk@meridian.example,1210 - Primary Checking - MTC,1210,Primary Checking,Asset,3173.07,0.0,,,Ferrous Works,,Amount USD 3173.07 received from Ferrous Works | Transaction reference no ACH-25-00088 dated 2025-03-08 | Amount USD 3173.07 adjusted against Sales Invoice ACC-SINV-2025-00088,Meridian Trading Co.
18ebd29cc9,ACC-SINV-2025-00109,P1,Sales Invoice,Credit Note,1,2025-03-08,2025-03-10 12:37:13.654275,ar.clerk@meridian.example,4110 - Sales - MTC,4110,Sales,Income,95.7,0.0,,,Bluepine Hardware,Sales Ops - MTC,Return against ACC-SINV-2025-00100,Meridian Trading Co.
7544ec45eb,ACC-SINV-2025-00109,P1,Sales Invoice,Credit Note,2,2025-03-08,2025-03-10 12:37:13.654275,ar.clerk@meridian.example,1310 - Debtors - MTC,1310,Debtors,Asset,0.0,95.7,Customer,Bluepine Hardware,4110 - Sales - MTC,,Return against ACC-SINV-2025-00100,Meridian Trading Co.
0d6b243e02,ACC-PAY-2025-00110,P1,Payment Entry,Payment Entry,1,2025-03-09,2025-03-10 13:22:57.119875,ar.clerk@meridian.example,1310 - Debtors - MTC,1310,Debtors,Asset,0.0,1167.26,Customer,Northwind Retail,1210 - Primary Checking - MTC,,Amount USD 1167.26 received from Northwind Retail | Transaction reference no ACH-25-00097 dated 2025-03-09 | Amount USD 1167.26 adjusted against Sales Invoice ACC-SINV-2025-00097,Meridian Trading Co.
e58ef2429c,ACC-PAY-2025-00110,P1,Payment Entry,Payment Entry,2,2025-03-09,2025-03-10 13:22:57.119875,ar.clerk@meridian.example,1210 - Primary Checking - MTC,1210,Primary Checking,Asset,1167.26,0.0,,,Northwind Retail,,Amount USD 1167.26 received from Northwind Retail | Transaction reference no ACH-25-00097 dated 2025-03-09 | Amount USD 1167.26 adjusted against Sales Invoice ACC-SINV-2025-00097,Meridian Trading Co.
3efdd012ab,ACC-PAY-2025-00035,P1,Payment Entry,Payment Entry,1,2025-03-10,2025-03-10 10:02:36.880494,ar.clerk@meridian.example,1310 - Debtors - MTC,1310,Debtors,Asset,0.0,4952.46,Customer,Ovation Events,1210 - Primary Checking - MTC,,Amount USD 4952.46 received from Ovation Events | Transaction reference no ACH-25-00040 dated 2025-03-10 | Amount USD 4952.46 adjusted against Sales Invoice ACC-SINV-2025-00040,Meridian Trading Co.
70fdf1037b,ACC-PAY-2025-00035,P1,Payment Entry,Payment Entry,2,2025-03-10,2025-03-10 10:02:36.880494,ar.clerk@meridian.example,1210 - Primary Checking - MTC,1210,Primary Checking,Asset,4952.46,0.0,,,Ovation Events,,Amount USD 4952.46 received from Ovation Events | Transaction reference no ACH-25-00040 dated 2025-03-10 | Amount USD 4952.46 adjusted against Sales Invoice ACC-SINV-2025-00040,Meridian Trading Co.
9c49084328,ACC-PAY-2025-00074,P1,Payment Entry,Payment Entry,1,2025-03-10,2025-03-10 08:43:14.986997,ar.clerk@meridian.example,1210 - Primary Checking - MTC,1210,Primary Checking,Asset,2281.82,0.0,,,Brightline Offices,,Amount USD 2281.82 received from Brightline Offices | Transaction reference no ACH-25-00058 dated 2025-03-10 | Amount USD 2281.82 adjusted against Sales Invoice ACC-SINV-2025-00058,Meridian Trading Co.
bf8af02c36,ACC-PAY-2025-00074,P1,Payment Entry,Payment Entry,2,2025-03-10,2025-03-10 08:43:14.986997,ar.clerk@meridian.example,1310 - Debtors - MTC,1310,Debtors,Asset,0.0,2281.82,Customer,Brightline Offices,1210 - Primary Checking - MTC,,Amount USD 2281.82 received from Brightline Offices | Transaction reference no ACH-25-00058 dated 2025-03-10 | Amount USD 2281.82 adjusted against Sales Invoice ACC-SINV-2025-00058,Meridian Trading Co.
2f04c4b9ae,ACC-PAY-2025-00134,P1,Payment Entry,Payment Entry,1,2025-03-10,2025-03-10 17:08:17.761659,ap.clerk@meridian.example,1210 - Primary Checking - MTC,1210,Primary Checking,Asset,0.0,16472.01,,,Beacon Freight,,Amount USD 16472.01 paid to Beacon Freight | Transaction reference no ACH-25-00048 dated 2025-03-10 | Amount USD 16472.01 adjusted against Purchase Invoice ACC-PINV-2025-00048,Meridian Trading Co.
3dfac6537d,ACC-PAY-2025-00134,P1,Payment Entry,Payment Entry,2,2025-03-10,2025-03-10 17:08:17.761659,ap.clerk@meridian.example,2110 - Creditors - MTC,2110,Creditors,Liability,16472.01,0.0,Supplier,Beacon Freight,1210 - Primary Checking - MTC,,Amount USD 16472.01 paid to Beacon Freight | Transaction reference no ACH-25-00048 dated 2025-03-10 | Amount USD 16472.01 adjusted against Purchase Invoice ACC-PINV-2025-00048,Meridian Trading Co.
0ec7914a8b,ACC-SINV-2025-00159,P1,Sales Invoice,Sales Invoice,1,2025-03-10,2025-03-10 09:52:38.154842,ar.clerk@meridian.example,1310 - Debtors - MTC,1310,Debtors,Asset,3558.01,0.0,Customer,Summit Rentals,"4110 - Sales - MTC,4130 - Freight Income - MTC",,Customer order Summit Rentals Mar 2025,Meridian Trading Co.
2aa25bf0c1,ACC-SINV-2025-00159,P1,Sales Invoice,Sales Invoice,2,2025-03-10,2025-03-10 09:52:38.154842,ar.clerk@meridian.example,4110 - Sales - MTC,4110,Sales,Income,0.0,680.48,,,Summit Rentals,Sales Ops - MTC,Customer order Summit Rentals Mar 2025,Meridian Trading Co.
38c737b0b5,ACC-SINV-2025-00159,P1,Sales Invoice,Sales Invoice,3,2025-03-10,2025-03-10 09:52:38.154842,ar.clerk@meridian.example,4130 - Freight Income - MTC,4130,Freight Income,Income,0.0,2122.44,,,Summit Rentals,Admin - MTC,Customer order Summit Rentals Mar 2025,Meridian Trading Co.
89dbf97a3d,ACC-SINV-2025-00159,P1,Sales Invoice,Sales Invoice,4,2025-03-10,2025-03-10 09:52:38.154842,ar.clerk@meridian.example,ST 6% - MTC,,ST 6%,Liability,0.0,201.4,,,Summit Rentals,Admin - MTC,Customer order Summit Rentals Mar 2025,Meridian Trading Co.
ae081e2b1d,ACC-SINV-2025-00159,P1,Sales Invoice,Sales Invoice,5,2025-03-10,2025-03-10 09:52:38.154842,ar.clerk@meridian.example,4110 - Sales - MTC,4110,Sales,Income,0.0,553.69,,,Summit Rentals,Warehouse - MTC,Customer order Summit Rentals Mar 2025,Meridian Trading Co.
1eaecf4111,ACC-PAY-2025-00128,P1,Payment Entry,Payment Entry,1,2025-03-11,2025-03-11 15:06:05.200215,ap.clerk@meridian.example,1210 - Primary Checking - MTC,1210,Primary Checking,Asset,0.0,10144.2,,,Orchard Wholesale,,Amount USD 10144.2 paid to Orchard Wholesale | Transaction reference no ACH-25-00039 dated 2025-03-11 | Amount USD 10144.2 adjusted against Purchase Invoice ACC-PINV-2025-00039,Meridian Trading Co.
e1f1a7f09b,ACC-PAY-2025-00128,P1,Payment Entry,Payment Entry,2,2025-03-11,2025-03-11 15:06:05.200215,ap.clerk@meridian.example,2110 - Creditors - MTC,2110,Creditors,Liability,10144.2,0.0,Supplier,Orchard Wholesale,1210 - Primary Checking - MTC,,Amount USD 10144.2 paid to Orchard Wholesale | Transaction reference no ACH-25-00039 dated 2025-03-11 | Amount USD 10144.2 adjusted against Purchase Invoice ACC-PINV-2025-00039,Meridian Trading Co.
4006c2c52a,ACC-PAY-2025-00158,P1,Payment Entry,Payment Entry,1,2025-03-11,2025-03-11 10:03:33.758996,ar.clerk@meridian.example,1310 - Debtors - MTC,1310,Debtors,Asset,0.0,1637.19,Customer,Cascade Outfitters,1210 - Primary Checking - MTC,,Amount USD 1637.19 received from Cascade Outfitters | Transaction reference no ACH-25-00121 dated 2025-03-11 | Amount USD 1637.19 adjusted against Sales Invoice ACC-SINV-2025-00121,Meridian Trading Co.
e0915102e9,ACC-PAY-2025-00158,P1,Payment Entry,Payment Entry,2,2025-03-11,2025-03-11 10:03:33.758996,ar.clerk@meridian.example,1210 - Primary Checking - MTC,1210,Primary Checking,Asset,1637.19,0.0,,,Cascade Outfitters,,Amount USD 1637.19 received from Cascade Outfitters | Transaction reference no ACH-25-00121 dated 2025-03-11 | Amount USD 1637.19 adjusted against Sales Invoice ACC-SINV-2025-00121,Meridian Trading Co.
b2370872e8,ACC-PINV-2025-00080,P1,Purchase Invoice,Purchase Invoice,1,2025-03-11,2025-03-11 08:55:32.053689,ap.clerk@meridian.example,5230 - IT and Software Expenses - MTC,5230,IT and Software Expenses,Expense,12739.3,0.0,,,Cobalt IT Services,Admin - MTC,Cobalt IT Services March 2025 billing,Meridian Trading Co.
b94520b09b,ACC-PINV-2025-00080,P1,Purchase Invoice,Purchase Invoice,2,2025-03-11,2025-03-11 08:55:32.053689,ap.clerk@meridian.example,2110 - Creditors - MTC,2110,Creditors,Liability,0.0,12739.3,Supplier,Cobalt IT Services,5230 - IT and Software Expenses - MTC,,Cobalt IT Services March 2025 billing,Meridian Trading Co.
89edea0696,ACC-SINV-2025-00110,P1,Sales Invoice,Sales Invoice,1,2025-03-11,2025-03-11 13:07:26.010174,ar.clerk@meridian.example,ST 6% - MTC,,ST 6%,Liability,0.0,491.61,,,Ferrous Works,Admin - MTC,Customer order Ferrous Works Mar 2025,Meridian Trading Co.
8ed8dbb581,ACC-SINV-2025-00110,P1,Sales Invoice,Sales Invoice,2,2025-03-11,2025-03-11 13:07:26.010174,ar.clerk@meridian.example,4120 - Service - MTC,4120,Service,Income,0.0,7581.49,,,Ferrous Works,Sales Ops - MTC,Customer order Ferrous Works Mar 2025,Meridian Trading Co.
dad967b1f7,ACC-SINV-2025-00110,P1,Sales Invoice,Sales Invoice,3,2025-03-11,2025-03-11 13:07:26.010174,ar.clerk@meridian.example,4110 - Sales - MTC,4110,Sales,Income,0.0,612.04,,,Ferrous Works,Warehouse - MTC,Customer order Ferrous Works Mar 2025,Meridian Trading Co.
eb2b98cd63,ACC-SINV-2025-00110,P1,Sales Invoice,Sales Invoice,4,2025-03-11,2025-03-11 13:07:26.010174,ar.clerk@meridian.example,1310 - Debtors - MTC,1310,Debtors,Asset,8685.14,0.0,Customer,Ferrous Works,"4120 - Service - MTC,4110 - Sales - MTC",,Customer order Ferrous Works Mar 2025,Meridian Trading Co.
0a72efcef0,ACC-SINV-2025-00115,P1,Sales Invoice,Sales Invoice,1,2025-03-11,2025-03-11 16:04:48.733047,ar.clerk@meridian.example,4110 - Sales - MTC,4110,Sales,Income,0.0,1374.05,,,Ovation Events,Warehouse - MTC,Customer order Ovation Events Mar 2025,Meridian Trading Co.
40b10dd393,ACC-SINV-2025-00115,P1,Sales Invoice,Sales Invoice,2,2025-03-11,2025-03-11 16:04:48.733047,ar.clerk@meridian.example,1310 - Debtors - MTC,1310,Debtors,Asset,1838.05,0.0,Customer,Ovation Events,4110 - Sales - MTC,,Customer order Ovation Events Mar 2025,Meridian Trading Co.
72b4489b49,ACC-SINV-2025-00115,P1,Sales Invoice,Sales Invoice,3,2025-03-11,2025-03-11 16:04:48.733047,ar.clerk@meridian.example,4110 - Sales - MTC,4110,Sales,Income,0.0,464.0,,,Ovation Events,Sales Ops - MTC,Customer order Ovation Events Mar 2025,Meridian Trading Co.
708e836482,ACC-SINV-2025-00140,P1,Sales Invoice,Sales Invoice,1,2025-03-11,2025-03-11 09:37:33.134620,ar.clerk@meridian.example,4110 - Sales - MTC,4110,Sales,Income,0.0,957.3,,,Marlowe Interiors,Warehouse - MTC,Customer order Marlowe Interiors Mar 2025,Meridian Trading Co.
9013011bba,ACC-SINV-2025-00140,P1,Sales Invoice,Sales Invoice,2,2025-03-11,2025-03-11 09:37:33.134620,ar.clerk@meridian.example,ST 6% - MTC,,ST 6%,Liability,0.0,57.44,,,Marlowe Interiors,Admin - MTC,Customer order Marlowe Interiors Mar 2025,Meridian Trading Co.
ee819c664f,ACC-SINV-2025-00140,P1,Sales Invoice,Sales Invoice,3,2025-03-11,2025-03-11 09:37:33.134620,ar.clerk@meridian.example,1310 - Debtors - MTC,1310,Debtors,Asset,1014.74,0.0,Customer,Marlowe Interiors,4110 - Sales - MTC,,Customer order Marlowe Interiors Mar 2025,Meridian Trading Co.
2510b76651,ACC-SINV-2025-00155,P1,Sales Invoice,Sales Invoice,1,2025-03-11,2025-03-11 10:36:34.661563,ar.clerk@meridian.example,4110 - Sales - MTC,4110,Sales,Income,0.0,1724.8,,,Galehouse Media,Sales Ops - MTC,Customer order Galehouse Media Mar 2025,Meridian Trading Co.
96b80af8a7,ACC-SINV-2025-00155,P1,Sales Invoice,Sales Invoice,2,2025-03-11,2025-03-11 10:36:34.661563,ar.clerk@meridian.example,1310 - Debtors - MTC,1310,Debtors,Asset,2782.55,0.0,Customer,Galehouse Media,4110 - Sales - MTC,,Customer order Galehouse Media Mar 2025,Meridian Trading Co.
a33474ec2a,ACC-SINV-2025-00155,P1,Sales Invoice,Sales Invoice,3,2025-03-11,2025-03-11 10:36:34.661563,ar.clerk@meridian.example,4110 - Sales - MTC,4110,Sales,Income,0.0,900.25,,,Galehouse Media,Warehouse - MTC,Customer order Galehouse Media Mar 2025,Meridian Trading Co.
d9c26fbfb8,ACC-SINV-2025-00155,P1,Sales Invoice,Sales Invoice,4,2025-03-11,2025-03-11 10:36:34.661563,ar.clerk@meridian.example,ST 6% - MTC,,ST 6%,Liability,0.0,157.5,,,Galehouse Media,Admin - MTC,Customer order Galehouse Media Mar 2025,Meridian Trading Co.
1f42a43e45,ACC-PAY-2025-00125,P1,Payment Entry,Payment Entry,1,2025-03-12,2025-03-12 10:51:31.571152,ap.clerk@meridian.example,1210 - Primary Checking - MTC,1210,Primary Checking,Asset,0.0,8363.39,,,Orchard Wholesale,,Amount USD 8363.39 paid to Orchard Wholesale | Transaction reference no ACH-25-00036 dated 2025-03-12 | Amount USD 8363.39 adjusted against Purchase Invoice ACC-PINV-2025-00036,Meridian Trading Co.
c781520d88,ACC-PAY-2025-00125,P1,Payment Entry,Payment Entry,2,2025-03-12,2025-03-12 10:51:31.571152,ap.clerk@meridian.example,2110 - Creditors - MTC,2110,Creditors,Liability,8363.39,0.0,Supplier,Orchard Wholesale,1210 - Primary Checking - MTC,,Amount USD 8363.39 paid to Orchard Wholesale | Transaction reference no ACH-25-00036 dated 2025-03-12 | Amount USD 8363.39 adjusted against Purchase Invoice ACC-PINV-2025-00036,Meridian Trading Co.
061c5c55b3,ACC-PAY-2025-00129,P1,Payment Entry,Payment Entry,1,2025-03-12,2025-03-12 16:21:51.484350,ap.clerk@meridian.example,1210 - Primary Checking - MTC,1210,Primary Checking,Asset,0.0,6154.89,,,Vulcan Materials Co,,Amount USD 6154.89 paid to Vulcan Materials Co | Transaction reference no ACH-25-00041 dated 2025-03-12 | Amount USD 6154.89 adjusted against Purchase Invoice ACC-PINV-2025-00041,Meridian Trading Co.
98dcd03beb,ACC-PAY-2025-00129,P1,Payment Entry,Payment Entry,2,2025-03-12,2025-03-12 16:21:51.484350,ap.clerk@meridian.example,2110 - Creditors - MTC,2110,Creditors,Liability,6154.89,0.0,Supplier,Vulcan Materials Co,1210 - Primary Checking - MTC,,Amount USD 6154.89 paid to Vulcan Materials Co | Transaction reference no ACH-25-00041 dated 2025-03-12 | Amount USD 6154.89 adjusted against Purchase Invoice ACC-PINV-2025-00041,Meridian Trading Co.
c0b55a6078,ACC-PINV-2025-00084,P1,Purchase Invoice,Purchase Invoice,1,2025-03-12,2025-03-12 10:55:32.902278,ap.clerk@meridian.example,5217 - Utility Expenses - MTC,5217,Utility Expenses,Expense,15666.37,0.0,,,Metro Utilities,Admin - MTC,Metro Utilities March 2025 billing,Meridian Trading Co.
d4d17b9955,ACC-PINV-2025-00084,P1,Purchase Invoice,Purchase Invoice,2,2025-03-12,2025-03-12 10:55:32.902278,ap.clerk@meridian.example,2110 - Creditors - MTC,2110,Creditors,Liability,0.0,17396.47,Supplier,Metro Utilities,"5217 - Utility Expenses - MTC,5216 - Travel Expenses - MTC",,Metro Utilities March 2025 billing,Meridian Trading Co.
fdfe613ba7,ACC-PINV-2025-00084,P1,Purchase Invoice,Purchase Invoice,3,2025-03-12,2025-03-12 10:55:32.902278,ap.clerk@meridian.example,5216 - Travel Expenses - MTC,5216,Travel Expenses,Expense,1730.1,0.0,,,Metro Utilities,Admin - MTC,Metro Utilities March 2025 billing,Meridian Trading Co.
d8d7aad78b,ACC-PINV-2025-00087,P1,Purchase Invoice,Purchase Invoice,1,2025-03-12,2025-03-12 08:22:28.656381,ap.clerk@meridian.example,2110 - Creditors - MTC,2110,Creditors,Liability,0.0,4173.66,Supplier,Quill Marketing Group,5207 - Marketing Expenses - MTC,,Quill Marketing Group March 2025 billing,Meridian Trading Co.
f2a8da0e7b,ACC-PINV-2025-00087,P1,Purchase Invoice,Purchase Invoice,2,2025-03-12,2025-03-12 08:22:28.656381,ap.clerk@meridian.example,5207 - Marketing Expenses - MTC,5207,Marketing Expenses,Expense,4173.66,0.0,,,Quill Marketing Group,Admin - MTC,Quill Marketing Group March 2025 billing,Meridian Trading Co.
32cd9929bf,ACC-SINV-2025-00116,P1,Sales Invoice,Sales Invoice,1,2025-03-12,2025-03-12 14:15:30.113973,ar.clerk@meridian.example,ST 6% - MTC,,ST 6%,Liability,0.0,161.74,,,Kestrel Foods,Admin - MTC,Customer order Kestrel Foods Mar 2025,Meridian Trading Co.
35e41fa47d,ACC-SINV-2025-00116,P1,Sales Invoice,Sales Invoice,2,2025-03-12,2025-03-12 14:15:30.113973,ar.clerk@meridian.example,1310 - Debtors - MTC,1310,Debtors,Asset,2857.44,0.0,Customer,Kestrel Foods,4110 - Sales - MTC,,Customer order Kestrel Foods Mar 2025,Meridian Trading Co.
542dac0af7,ACC-SINV-2025-00116,P1,Sales Invoice,Sales Invoice,3,2025-03-12,2025-03-12 14:15:30.113973,ar.clerk@meridian.example,4110 - Sales - MTC,4110,Sales,Income,0.0,2512.02,,,Kestrel Foods,Sales Ops - MTC,Customer order Kestrel Foods Mar 2025,Meridian Trading Co.
9b8ebd033a,ACC-SINV-2025-00116,P1,Sales Invoice,Sales Invoice,4,2025-03-12,2025-03-12 14:15:30.113973,ar.clerk@meridian.example,4110 - Sales - MTC,4110,Sales,Income,0.0,183.68,,,Kestrel Foods,Warehouse - MTC,Customer order Kestrel Foods Mar 2025,Meridian Trading Co.
50c6a64590,ACC-SINV-2025-00122,P1,Sales Invoice,Sales Invoice,1,2025-03-12,2025-03-12 18:10:36.882010,ar.clerk@meridian.example,4110 - Sales - MTC,4110,Sales,Income,0.0,122.28,,,Halstrom Supply,Warehouse - MTC,Customer order Halstrom Supply Mar 2025,Meridian Trading Co.
855ca80650,ACC-SINV-2025-00122,P1,Sales Invoice,Sales Invoice,2,2025-03-12,2025-03-12 18:10:36.882010,ar.clerk@meridian.example,ST 6% - MTC,,ST 6%,Liability,0.0,41.21,,,Halstrom Supply,Admin - MTC,Customer order Halstrom Supply Mar 2025,Meridian Trading Co.
95118c2ee7,ACC-SINV-2025-00122,P1,Sales Invoice,Sales Invoice,3,2025-03-12,2025-03-12 18:10:36.882010,ar.clerk@meridian.example,4110 - Sales - MTC,4110,Sales,Income,0.0,564.62,,,Halstrom Supply,Sales Ops - MTC,Customer order Halstrom Supply Mar 2025,Meridian Trading Co.
c2a62e247a,ACC-SINV-2025-00122,P1,Sales Invoice,Sales Invoice,4,2025-03-12,2025-03-12 18:10:36.882010,ar.clerk@meridian.example,1310 - Debtors - MTC,1310,Debtors,Asset,728.11,0.0,Customer,Halstrom Supply,4110 - Sales - MTC,,Customer order Halstrom Supply Mar 2025,Meridian Trading Co.
6cbff0fa6e,ACC-SINV-2025-00123,P1,Sales Invoice,Sales Invoice,1,2025-03-12,2025-03-12 15:00:28.401438,ar.clerk@meridian.example,4110 - Sales - MTC,4110,Sales,Income,0.0,275.87,,,Redcedar Builders,Sales Ops - MTC,Customer order Redcedar Builders Mar 2025,Meridian Trading Co.
8c69923a99,ACC-SINV-2025-00123,P1,Sales Invoice,Sales Invoice,2,2025-03-12,2025-03-12 15:00:28.401438,ar.clerk@meridian.example,1310 - Debtors - MTC,1310,Debtors,Asset,292.42,0.0,Customer,Redcedar Builders,4110 - Sales - MTC,,Customer order Redcedar Builders Mar 2025,Meridian Trading Co.
ddbfaa602b,ACC-SINV-2025-00123,P1,Sales Invoice,Sales Invoice,3,2025-03-12,2025-03-12 15:00:28.401438,ar.clerk@meridian.example,ST 6% - MTC,,ST 6%,Liability,0.0,16.55,,,Redcedar Builders,Admin - MTC,Customer order Redcedar Builders Mar 2025,Meridian Trading Co.
6a3943fa4a,ACC-SINV-2025-00146,P1,Sales Invoice,Sales Invoice,1,2025-03-12,2025-03-12 12:57:59.873463,ar.clerk@meridian.example,ST 6% - MTC,,ST 6%,Liability,0.0,1607.52,,,Pactrail Sports,Admin - MTC,Customer order Pactrail Sports Mar 2025,Meridian Trading Co.
95252569f2,ACC-SINV-2025-00146,P1,Sales Invoice,Sales Invoice,2,2025-03-12,2025-03-12 12:57:59.873463,ar.clerk@meridian.example,4120 - Service - MTC,4120,Service,Income,0.0,8561.52,,,Pactrail Sports,Sales Ops - MTC,Customer order Pactrail Sports Mar 2025,Meridian Trading Co.
ca4a282e8b,ACC-SINV-2025-00146,P1,Sales Invoice,Sales Invoice,3,2025-03-12,2025-03-12 12:57:59.873463,ar.clerk@meridian.example,1310 - Debtors - MTC,1310,Debtors,Asset,28399.53,0.0,Customer,Pactrail Sports,"4120 - Service - MTC,4110 - Sales - MTC",,Customer order Pactrail Sports Mar 2025,Meridian Trading Co.
cbebc3e1c8,ACC-SINV-2025-00146,P1,Sales Invoice,Sales Invoice,4,2025-03-12,2025-03-12 12:57:59.873463,ar.clerk@meridian.example,4120 - Service - MTC,4120,Service,Income,0.0,18112.56,,,Pactrail Sports,Warehouse - MTC,Customer order Pactrail Sports Mar 2025,Meridian Trading Co.
e542631a95,ACC-SINV-2025-00146,P1,Sales Invoice,Sales Invoice,5,2025-03-12,2025-03-12 12:57:59.873463,ar.clerk@meridian.example,4110 - Sales - MTC,4110,Sales,Income,0.0,117.93,,,Pactrail Sports,Sales Ops - MTC,Customer order Pactrail Sports Mar 2025,Meridian Trading Co.
217f9ac855,ACC-PAY-2025-00087,P1,Payment Entry,Payment Entry,1,2025-03-13,2025-03-13 12:41:25.341709,ar.clerk@meridian.example,1210 - Primary Checking - MTC,1210,Primary Checking,Asset,1220.36,0.0,,,Pactrail Sports,,Amount USD 1220.36 received from Pactrail Sports | Transaction reference no ACH-25-00073 dated 2025-03-13 | Amount USD 1220.36 adjusted against Sales Invoice ACC-SINV-2025-00073,Meridian Trading Co.
cd4130b042,ACC-PAY-2025-00087,P1,Payment Entry,Payment Entry,2,2025-03-13,2025-03-13 12:41:25.341709,ar.clerk@meridian.example,1310 - Debtors - MTC,1310,Debtors,Asset,0.0,1220.36,Customer,Pactrail Sports,1210 - Primary Checking - MTC,,Amount USD 1220.36 received from Pactrail Sports | Transaction reference no ACH-25-00073 dated 2025-03-13 | Amount USD 1220.36 adjusted against Sales Invoice ACC-SINV-2025-00073,Meridian Trading Co.
18cf08e083,ACC-SINV-2025-00145,P1,Sales Invoice,Sales Invoice,1,2025-03-13,2025-03-13 14:55:04.974735,ar.clerk@meridian.example,4120 - Service - MTC,4120,Service,Income,0.0,3901.75,,,Marlowe Interiors,Warehouse - MTC,Customer order Marlowe Interiors Mar 2025,Meridian Trading Co.
5a3c7f34ff,ACC-SINV-2025-00145,P1,Sales Invoice,Sales Invoice,2,2025-03-13,2025-03-13 14:55:04.974735,ar.clerk@meridian.example,ST 6% - MTC,,ST 6%,Liability,0.0,254.76,,,Marlowe Interiors,Admin - MTC,Customer order Marlowe Interiors Mar 2025,Meridian Trading Co.
7d7d97bca8,ACC-SINV-2025-00145,P1,Sales Invoice,Sales Invoice,3,2025-03-13,2025-03-13 14:55:04.974735,ar.clerk@meridian.example,4110 - Sales - MTC,4110,Sales,Income,0.0,198.7,,,Marlowe Interiors,Sales Ops - MTC,Customer order Marlowe Interiors Mar 2025,Meridian Trading Co.
b73c231262,ACC-SINV-2025-00145,P1,Sales Invoice,Sales Invoice,4,2025-03-13,2025-03-13 14:55:04.974735,ar.clerk@meridian.example,4110 - Sales - MTC,4110,Sales,Income,0.0,145.53,,,Marlowe Interiors,Warehouse - MTC,Customer order Marlowe Interiors Mar 2025,Meridian Trading Co.
cd8d7a3c9b,ACC-SINV-2025-00145,P1,Sales Invoice,Sales Invoice,5,2025-03-13,2025-03-13 14:55:04.974735,ar.clerk@meridian.example,1310 - Debtors - MTC,1310,Debtors,Asset,4500.74,0.0,Customer,Marlowe Interiors,"4110 - Sales - MTC,4120 - Service - MTC",,Customer order Marlowe Interiors Mar 2025,Meridian Trading Co.
41975b76d1,ACC-SINV-2025-00158,P1,Sales Invoice,Sales Invoice,1,2025-03-13,2025-03-13 15:34:46.699366,controller@meridian.example,1310 - Debtors - MTC,1310,Debtors,Asset,645.8,0.0,Customer,Timberline Schools,4110 - Sales - MTC,,Customer order Timberline Schools Mar 2025,Meridian Trading Co.
b08aec23fe,ACC-SINV-2025-00158,P1,Sales Invoice,Sales Invoice,2,2025-03-13,2025-03-13 15:34:46.699366,controller@meridian.example,4110 - Sales - MTC,4110,Sales,Income,0.0,645.8,,,Timberline Schools,Sales Ops - MTC,Customer order Timberline Schools Mar 2025,Meridian Trading Co.
04fba63a7f,ACC-SINV-2025-00163,P1,Sales Invoice,Sales Invoice,1,2025-03-13,2025-03-24 16:57:41.792924,ar.clerk@meridian.example,4110 - Sales - MTC,4110,Sales,Income,0.0,668.64,,,Juniper & Co,Sales Ops - MTC,Customer order Juniper & Co Mar 2025,Meridian Trading Co.
16dbf5724b,ACC-SINV-2025-00163,P1,Sales Invoice,Sales Invoice,2,2025-03-13,2025-03-24 16:57:41.792924,ar.clerk@meridian.example,ST 6% - MTC,,ST 6%,Liability,0.0,40.12,,,Juniper & Co,Admin - MTC,Customer order Juniper & Co Mar 2025,Meridian Trading Co.
211b9f2528,ACC-SINV-2025-00163,P1,Sales Invoice,Sales Invoice,3,2025-03-13,2025-03-24 16:57:41.792924,ar.clerk@meridian.example,1310 - Debtors - MTC,1310,Debtors,Asset,708.76,0.0,Customer,Juniper & Co,4110 - Sales - MTC,,Customer order Juniper & Co Mar 2025,Meridian Trading Co.
29bb6fcbf1,ACC-SINV-2025-00127,P1,Sales Invoice,Sales Invoice,1,2025-03-14,2025-03-14 10:40:09.950096,ar.clerk@meridian.example,4110 - Sales - MTC,4110,Sales,Income,0.0,219.75,,,Northwind Retail,Sales Ops - MTC,Customer order Northwind Retail Mar 2025,Meridian Trading Co.
490c71ca17,ACC-SINV-2025-00127,P1,Sales Invoice,Sales Invoice,2,2025-03-14,2025-03-14 10:40:09.950096,ar.clerk@meridian.example,ST 6% - MTC,,ST 6%,Liability,0.0,46.67,,,Northwind Retail,Admin - MTC,Customer order Northwind Retail Mar 2025,Meridian Trading Co.
df332f9849,ACC-SINV-2025-00127,P1,Sales Invoice,Sales Invoice,3,2025-03-14,2025-03-14 10:40:09.950096,ar.clerk@meridian.example,1310 - Debtors - MTC,1310,Debtors,Asset,824.54,0.0,Customer,Northwind Retail,"4130 - Freight Income - MTC,4110 - Sales - MTC",,Customer order Northwind Retail Mar 2025,Meridian Trading Co.
fdf14d199c,ACC-SINV-2025-00127,P1,Sales Invoice,Sales Invoice,4,2025-03-14,2025-03-14 10:40:09.950096,ar.clerk@meridian.example,4130 - Freight Income - MTC,4130,Freight Income,Income,0.0,558.12,,,Northwind Retail,Admin - MTC,Customer order Northwind Retail Mar 2025,Meridian Trading Co.
011ca51da5,ACC-SINV-2025-00128,P1,Sales Invoice,Sales Invoice,1,2025-03-14,2025-03-14 16:37:24.322268,ar.clerk@meridian.example,4120 - Service - MTC,4120,Service,Income,0.0,27659.57,,,Pactrail Sports,Admin - MTC,Customer order Pactrail Sports Mar 2025,Meridian Trading Co.
9d7ffdfc5c,ACC-SINV-2025-00128,P1,Sales Invoice,Sales Invoice,2,2025-03-14,2025-03-14 16:37:24.322268,ar.clerk@meridian.example,4110 - Sales - MTC,4110,Sales,Income,0.0,164.5,,,Pactrail Sports,Sales Ops - MTC,Customer order Pactrail Sports Mar 2025,Meridian Trading Co.
db1ca0c930,ACC-SINV-2025-00128,P1,Sales Invoice,Sales Invoice,3,2025-03-14,2025-03-14 16:37:24.322268,ar.clerk@meridian.example,4110 - Sales - MTC,4110,Sales,Income,0.0,195.48,,,Pactrail Sports,Warehouse - MTC,Customer order Pactrail Sports Mar 2025,Meridian Trading Co.
ecd79743ab,ACC-SINV-2025-00128,P1,Sales Invoice,Sales Invoice,4,2025-03-14,2025-03-14 16:37:24.322268,ar.clerk@meridian.example,ST 6% - MTC,,ST 6%,Liability,0.0,1681.17,,,Pactrail Sports,Admin - MTC,Customer order Pactrail Sports Mar 2025,Meridian Trading Co.
ff36c10286,ACC-SINV-2025-00128,P1,Sales Invoice,Sales Invoice,5,2025-03-14,2025-03-14 16:37:24.322268,ar.clerk@meridian.example,1310 - Debtors - MTC,1310,Debtors,Asset,29700.72,0.0,Customer,Pactrail Sports,"4110 - Sales - MTC,4120 - Service - MTC",,Customer order Pactrail Sports Mar 2025,Meridian Trading Co.
62ccb0e11e,ACC-PAY-2025-00058,P1,Payment Entry,Payment Entry,1,2025-03-15,2025-03-17 16:31:00.629290,ap.clerk@meridian.example,2110 - Creditors - MTC,2110,Creditors,Liability,3623.94,0.0,Supplier,Beacon Freight,1210 - Primary Checking - MTC,,Amount USD 3623.94 paid to Beacon Freight | Transaction reference no ACH-25-00017 dated 2025-03-15 | Amount USD 3623.94 adjusted against Purchase Invoice ACC-PINV-2025-00017,Meridian Trading Co.
ec58b8d05b,ACC-PAY-2025-00058,P1,Payment Entry,Payment Entry,2,2025-03-15,2025-03-17 16:31:00.629290,ap.clerk@meridian.example,1210 - Primary Checking - MTC,1210,Primary Checking,Asset,0.0,3623.94,,,Beacon Freight,,Amount USD 3623.94 paid to Beacon Freight | Transaction reference no ACH-25-00017 dated 2025-03-15 | Amount USD 3623.94 adjusted against Purchase Invoice ACC-PINV-2025-00017,Meridian Trading Co.
59b32078a3,ACC-PAY-2025-00098,P1,Payment Entry,Payment Entry,1,2025-03-15,2025-03-17 09:10:31.225704,ar.clerk@meridian.example,1210 - Primary Checking - MTC,1210,Primary Checking,Asset,709.52,0.0,,,Juniper & Co,,Amount USD 709.52 received from Juniper & Co | Transaction reference no ACH-25-00084 dated 2025-03-15 | Amount USD 709.52 adjusted against Sales Invoice ACC-SINV-2025-00084,Meridian Trading Co.
5b33b8a9d2,ACC-PAY-2025-00098,P1,Payment Entry,Payment Entry,2,2025-03-15,2025-03-17 09:10:31.225704,ar.clerk@meridian.example,1310 - Debtors - MTC,1310,Debtors,Asset,0.0,709.52,Customer,Juniper & Co,1210 - Primary Checking - MTC,,Amount USD 709.52 received from Juniper & Co | Transaction reference no ACH-25-00084 dated 2025-03-15 | Amount USD 709.52 adjusted against Sales Invoice ACC-SINV-2025-00084,Meridian Trading Co.
3f583d2560,ACC-PAY-2025-00103,P1,Payment Entry,Payment Entry,1,2025-03-15,2025-03-17 17:52:41.309806,ar.clerk@meridian.example,1210 - Primary Checking - MTC,1210,Primary Checking,Asset,3864.18,0.0,,,Kestrel Foods,,Amount USD 3864.18 received from Kestrel Foods | Transaction reference no ACH-25-00090 dated 2025-03-15 | Amount USD 3864.18 adjusted against Sales Invoice ACC-SINV-2025-00090,Meridian Trading Co.
7f253ff2ce,ACC-PAY-2025-00103,P1,Payment Entry,Payment Entry,2,2025-03-15,2025-03-17 17:52:41.309806,ar.clerk@meridian.example,1310 - Debtors - MTC,1310,Debtors,Asset,0.0,3864.18,Customer,Kestrel Foods,1210 - Primary Checking - MTC,,Amount USD 3864.18 received from Kestrel Foods | Transaction reference no ACH-25-00090 dated 2025-03-15 | Amount USD 3864.18 adjusted against Sales Invoice ACC-SINV-2025-00090,Meridian Trading Co.
0648041078,ACC-PAY-2025-00146,P1,Payment Entry,Payment Entry,1,2025-03-15,2025-03-17 15:58:17.308497,ap.clerk@meridian.example,1210 - Primary Checking - MTC,1210,Primary Checking,Asset,0.0,18181.91,,,Fairbanks Consulting,,Amount USD 18181.91 paid to Fairbanks Consulting | Transaction reference no ACH-25-00061 dated 2025-03-15 | Amount USD 18181.91 adjusted against Purchase Invoice ACC-PINV-2025-00061,Meridian Trading Co.
29a1ae04f0,ACC-PAY-2025-00146,P1,Payment Entry,Payment Entry,2,2025-03-15,2025-03-17 15:58:17.308497,ap.clerk@meridian.example,2110 - Creditors - MTC,2110,Creditors,Liability,18181.91,0.0,Supplier,Fairbanks Consulting,1210 - Primary Checking - MTC,,Amount USD 18181.91 paid to Fairbanks Consulting | Transaction reference no ACH-25-00061 dated 2025-03-15 | Amount USD 18181.91 adjusted against Purchase Invoice ACC-PINV-2025-00061,Meridian Trading Co.
177519e207,ACC-PAY-2025-00175,P1,Payment Entry,Payment Entry,1,2025-03-15,2025-03-17 13:29:31.991219,ar.clerk@meridian.example,1210 - Primary Checking - MTC,1210,Primary Checking,Asset,1572.06,0.0,,,Kestrel Foods,,Amount USD 1572.06 received from Kestrel Foods | Transaction reference no ACH-25-00141 dated 2025-03-15 | Amount USD 1572.06 adjusted against Sales Invoice ACC-SINV-2025-00141,Meridian Trading Co.
e5cf25d627,ACC-PAY-2025-00175,P1,Payment Entry,Payment Entry,2,2025-03-15,2025-03-17 13:29:31.991219,ar.clerk@meridian.example,1310 - Debtors - MTC,1310,Debtors,Asset,0.0,1572.06,Customer,Kestrel Foods,1210 - Primary Checking - MTC,,Amount USD 1572.06 received from Kestrel Foods | Transaction reference no ACH-25-00141 dated 2025-03-15 | Amount USD 1572.06 adjusted against Sales Invoice ACC-SINV-2025-00141,Meridian Trading Co.
2c0ef6ca58,ACC-PAY-2025-00106,P1,Payment Entry,Payment Entry,1,2025-03-16,2025-03-17 10:07:11.661824,ar.clerk@meridian.example,1310 - Debtors - MTC,1310,Debtors,Asset,0.0,3483.15,Customer,Ovation Events,1210 - Primary Checking - MTC,,Amount USD 3483.15 received from Ovation Events | Transaction reference no ACH-25-00093 dated 2025-03-16 | Amount USD 3483.15 adjusted against Sales Invoice ACC-SINV-2025-00093,Meridian Trading Co.
eac0cbdbff,ACC-PAY-2025-00106,P1,Payment Entry,Payment Entry,2,2025-03-16,2025-03-17 10:07:11.661824,ar.clerk@meridian.example,1210 - Primary Checking - MTC,1210,Primary Checking,Asset,3483.15,0.0,,,Ovation Events,,Amount USD 3483.15 received from Ovation Events | Transaction reference no ACH-25-00093 dated 2025-03-16 | Amount USD 3483.15 adjusted against Sales Invoice ACC-SINV-2025-00093,Meridian Trading Co.
98880b1dc3,ACC-PAY-2025-00119,P1,Payment Entry,Payment Entry,1,2025-03-16,2025-03-17 17:40:01.430619,ar.clerk@meridian.example,1210 - Primary Checking - MTC,1210,Primary Checking,Asset,567.64,0.0,,,Brightline Offices,,Amount USD 567.64 received from Brightline Offices | Transaction reference no ACH-25-00106 dated 2025-03-16 | Amount USD 567.64 adjusted against Sales Invoice ACC-SINV-2025-00106,Meridian Trading Co.
ecb3df55f3,ACC-PAY-2025-00119,P1,Payment Entry,Payment Entry,2,2025-03-16,2025-03-17 17:40:01.430619,ar.clerk@meridian.example,1310 - Debtors - MTC,1310,Debtors,Asset,0.0,567.64,Customer,Brightline Offices,1210 - Primary Checking - MTC,,Amount USD 567.64 received from Brightline Offices | Transaction reference no ACH-25-00106 dated 2025-03-16 | Amount USD 567.64 adjusted against Sales Invoice ACC-SINV-2025-00106,Meridian Trading Co.
bb466fa170,ACC-PAY-2025-00126,P1,Payment Entry,Payment Entry,1,2025-03-16,2025-03-17 12:24:37.765052,ap.clerk@meridian.example,1210 - Primary Checking - MTC,1210,Primary Checking,Asset,0.0,699.79,,,Orchard Wholesale,,Amount USD 699.79 paid to Orchard Wholesale | Transaction reference no ACH-25-00037 dated 2025-03-16 | Amount USD 699.79 adjusted against Purchase Invoice ACC-PINV-2025-00037,Meridian Trading Co.
ce4387cb27,ACC-PAY-2025-00126,P1,Payment Entry,Payment Entry,2,2025-03-16,2025-03-17 12:24:37.765052,ap.clerk@meridian.example,2110 - Creditors - MTC,2110,Creditors,Liability,699.79,0.0,Supplier,Orchard Wholesale,1210 - Primary Checking - MTC,,Amount USD 699.79 paid to Orchard Wholesale | Transaction reference no ACH-25-00037 dated 2025-03-16 | Amount USD 699.79 adjusted against Purchase Invoice ACC-PINV-2025-00037,Meridian Trading Co.
5f60074ddf,ACC-PAY-2025-00108,P1,Payment Entry,Payment Entry,1,2025-03-17,2025-03-17 13:43:36.152682,ar.clerk@meridian.example,1210 - Primary Checking - MTC,1210,Primary Checking,Asset,6586.12,0.0,,,Halstrom Supply,,Amount USD 6586.12 received from Halstrom Supply | Transaction reference no ACH-25-00095 dated 2025-03-17 | Amount USD 6586.12 adjusted against Sales Invoice ACC-SINV-2025-00095,Meridian Trading Co.
e73eb4d027,ACC-PAY-2025-00108,P1,Payment Entry,Payment Entry,2,2025-03-17,2025-03-17 13:43:36.152682,ar.clerk@meridian.example,1310 - Debtors - MTC,1310,Debtors,Asset,0.0,6586.12,Customer,Halstrom Supply,1210 - Primary Checking - MTC,,Amount USD 6586.12 received from Halstrom Supply | Transaction reference no ACH-25-00095 dated 2025-03-17 | Amount USD 6586.12 adjusted against Sales Invoice ACC-SINV-2025-00095,Meridian Trading Co.
856f9f43ef,ACC-PAY-2025-00121,P1,Payment Entry,Payment Entry,1,2025-03-17,2025-03-17 13:25:34.641383,ap.clerk@meridian.example,1210 - Primary Checking - MTC,1210,Primary Checking,Asset,0.0,1970.52,,,Orchard Wholesale,,Amount USD 1970.52 paid to Orchard Wholesale | Transaction reference no ACH-25-00032 dated 2025-03-17 | Amount USD 1970.52 adjusted against Purchase Invoice ACC-PINV-2025-00032,Meridian Trading Co.
d1dcf3b95a,ACC-PAY-2025-00121,P1,Payment Entry,Payment Entry,2,2025-03-17,2025-03-17 13:25:34.641383,ap.clerk@meridian.example,2110 - Creditors - MTC,2110,Creditors,Liability,1970.52,0.0,Supplier,Orchard Wholesale,1210 - Primary Checking - MTC,,Amount USD 1970.52 paid to Orchard Wholesale | Transaction reference no ACH-25-00032 dated 2025-03-17 | Amount USD 1970.52 adjusted against Purchase Invoice ACC-PINV-2025-00032,Meridian Trading Co.
d47b1ef91d,ACC-PAY-2025-00153,P1,Payment Entry,Payment Entry,1,2025-03-17,2025-03-17 10:44:06.495825,ar.clerk@meridian.example,1210 - Primary Checking - MTC,1210,Primary Checking,Asset,1838.05,0.0,,,Ovation Events,,Amount USD 1838.05 received from Ovation Events | Transaction reference no ACH-25-00115 dated 2025-03-17 | Amount USD 1838.05 adjusted against Sales Invoice ACC-SINV-2025-00115,Meridian Trading Co.
eceda7abb9,ACC-PAY-2025-00153,P1,Payment Entry,Payment Entry,2,2025-03-17,2025-03-17 10:44:06.495825,ar.clerk@meridian.example,1310 - Debtors - MTC,1310,Debtors,Asset,0.0,1838.05,Customer,Ovation Events,1210 - Primary Checking - MTC,,Amount USD 1838.05 received from Ovation Events | Transaction reference no ACH-25-00115 dated 2025-03-17 | Amount USD 1838.05 adjusted against Sales Invoice ACC-SINV-2025-00115,Meridian Trading Co.
59b97a4995,ACC-SINV-2025-00126,P1,Sales Invoice,Sales Invoice,1,2025-03-17,2025-03-17 08:06:48.709796,ar.clerk@meridian.example,1310 - Debtors - MTC,1310,Debtors,Asset,7877.53,0.0,Customer,Ovation Events,"4110 - Sales - MTC,4120 - Service - MTC",,Customer order Ovation Events Mar 2025,Meridian Trading Co.
6a2b780087,ACC-SINV-2025-00126,P1,Sales Invoice,Sales Invoice,2,2025-03-17,2025-03-17 08:06:48.709796,ar.clerk@meridian.example,4110 - Sales - MTC,4110,Sales,Income,0.0,3088.51,,,Ovation Events,Sales Ops - MTC,Customer order Ovation Events Mar 2025,Meridian Trading Co.
d4f05ebaad,ACC-SINV-2025-00126,P1,Sales Invoice,Sales Invoice,3,2025-03-17,2025-03-17 08:06:48.709796,ar.clerk@meridian.example,4120 - Service - MTC,4120,Service,Income,0.0,4789.02,,,Ovation Events,Warehouse - MTC,Customer order Ovation Events Mar 2025,Meridian Trading Co.
15c826fefb,ACC-PAY-2025-00084,P1,Payment Entry,Payment Entry,1,2025-03-18,2025-03-18 15:45:24.908502,ar.clerk@meridian.example,1310 - Debtors - MTC,1310,Debtors,Asset,0.0,6210.17,Customer,Marlowe Interiors,1210 - Primary Checking - MTC,,Amount USD 6210.17 received from Marlowe Interiors | Transaction reference no ACH-25-00068 dated 2025-03-18 | Amount USD 6210.17 adjusted against Sales Invoice ACC-SINV-2025-00068,Meridian Trading Co.
ed2edab644,ACC-PAY-2025-00084,P1,Payment Entry,Payment Entry,2,2025-03-18,2025-03-18 15:45:24.908502,ar.clerk@meridian.example,1210 - Primary Checking - MTC,1210,Primary Checking,Asset,6210.17,0.0,,,Marlowe Interiors,,Amount USD 6210.17 received from Marlowe Interiors | Transaction reference no ACH-25-00068 dated 2025-03-18 | Amount USD 6210.17 adjusted against Sales Invoice ACC-SINV-2025-00068,Meridian Trading Co.
93f51c75ef,ACC-PAY-2025-00097,P1,Payment Entry,Payment Entry,1,2025-03-18,2025-03-18 14:37:47.882795,ar.clerk@meridian.example,1310 - Debtors - MTC,1310,Debtors,Asset,0.0,3208.34,Customer,Halstrom Supply,1210 - Primary Checking - MTC,,Amount USD 3208.34 received from Halstrom Supply | Transaction reference no ACH-25-00083 dated 2025-03-18 | Amount USD 3208.34 adjusted against Sales Invoice ACC-SINV-2025-00083,Meridian Trading Co.
e023952637,ACC-PAY-2025-00097,P1,Payment Entry,Payment Entry,2,2025-03-18,2025-03-18 14:37:47.882795,ar.clerk@meridian.example,1210 - Primary Checking - MTC,1210,Primary Checking,Asset,3208.34,0.0,,,Halstrom Supply,,Amount USD 3208.34 received from Halstrom Supply | Transaction reference no ACH-25-00083 dated 2025-03-18 | Amount USD 3208.34 adjusted against Sales Invoice ACC-SINV-2025-00083,Meridian Trading Co.
abff98f45b,ACC-PAY-2025-00118,P1,Payment Entry,Payment Entry,1,2025-03-18,2025-03-18 15:18:56.908023,ar.clerk@meridian.example,1310 - Debtors - MTC,1310,Debtors,Asset,0.0,857.86,Customer,Ovation Events,1210 - Primary Checking - MTC,,Amount USD 857.86 received from Ovation Events | Transaction reference no ACH-25-00105 dated 2025-03-18 | Amount USD 857.86 adjusted against Sales Invoice ACC-SINV-2025-00105,Meridian Trading Co.
ae62963c3f,ACC-PAY-2025-00118,P1,Payment Entry,Payment Entry,2,2025-03-18,2025-03-18 15:18:56.908023,ar.clerk@meridian.example,1210 - Primary Checking - MTC,1210,Primary Checking,Asset,857.86,0.0,,,Ovation Events,,Amount USD 857.86 received from Ovation Events | Transaction reference no ACH-25-00105 dated 2025-03-18 | Amount USD 857.86 adjusted against Sales Invoice ACC-SINV-2025-00105,Meridian Trading Co.
7102255e48,ACC-PAY-2025-00142,P1,Payment Entry,Payment Entry,1,2025-03-18,2025-03-18 11:57:42.981718,ap.clerk@meridian.example,1210 - Primary Checking - MTC,1210,Primary Checking,Asset,0.0,6775.33,,,Quill Marketing Group,,Amount USD 6775.33 paid to Quill Marketing Group | Transaction reference no ACH-25-00057 dated 2025-03-18 | Amount USD 6775.33 adjusted against Purchase Invoice ACC-PINV-2025-00057,Meridian Trading Co.
d4e948a3c5,ACC-PAY-2025-00142,P1,Payment Entry,Payment Entry,2,2025-03-18,2025-03-18 11:57:42.981718,ap.clerk@meridian.example,2110 - Creditors - MTC,2110,Creditors,Liability,6775.33,0.0,Supplier,Quill Marketing Group,1210 - Primary Checking - MTC,,Amount USD 6775.33 paid to Quill Marketing Group | Transaction reference no ACH-25-00057 dated 2025-03-18 | Amount USD 6775.33 adjusted against Purchase Invoice ACC-PINV-2025-00057,Meridian Trading Co.
325fc202ee,ACC-PAY-2025-00147,P1,Payment Entry,Payment Entry,1,2025-03-18,2025-03-18 15:08:46.525289,ap.clerk@meridian.example,2110 - Creditors - MTC,2110,Creditors,Liability,7703.26,0.0,Supplier,Granite Janitorial,1210 - Primary Checking - MTC,,Amount USD 7703.26 paid to Granite Janitorial | Transaction reference no ACH-25-00062 dated 2025-03-18 | Amount USD 7703.26 adjusted against Purchase Invoice ACC-PINV-2025-00062,Meridian Trading Co.
5f2798ca80,ACC-PAY-2025-00147,P1,Payment Entry,Payment Entry,2,2025-03-18,2025-03-18 15:08:46.525289,ap.clerk@meridian.example,1210 - Primary Checking - MTC,1210,Primary Checking,Asset,0.0,7703.26,,,Granite Janitorial,,Amount USD 7703.26 paid to Granite Janitorial | Transaction reference no ACH-25-00062 dated 2025-03-18 | Amount USD 7703.26 adjusted against Purchase Invoice ACC-PINV-2025-00062,Meridian Trading Co.
0fa3d4e55e,ACC-PINV-2025-00070,P1,Purchase Invoice,Purchase Invoice,1,2025-03-18,2025-03-18 13:53:48.418803,ap.clerk@meridian.example,5111 - Cost of Goods Sold - MTC,5111,Cost of Goods Sold,Expense,16496.69,0.0,,,Orchard Wholesale,Warehouse - MTC,Orchard Wholesale March 2025 billing,Meridian Trading Co.
3a0d0e7655,ACC-PINV-2025-00070,P1,Purchase Invoice,Purchase Invoice,2,2025-03-18,2025-03-18 13:53:48.418803,ap.clerk@meridian.example,2110 - Creditors - MTC,2110,Creditors,Liability,0.0,16496.69,Supplier,Orchard Wholesale,5111 - Cost of Goods Sold - MTC,,Orchard Wholesale March 2025 billing,Meridian Trading Co.
ae912dfeb4,ACC-PINV-2025-00075,P1,Purchase Invoice,Purchase Invoice,1,2025-03-18,2025-03-18 08:49:49.382802,ap.clerk@meridian.example,2110 - Creditors - MTC,2110,Creditors,Liability,0.0,15569.94,Supplier,Vulcan Materials Co,5111 - Cost of Goods Sold - MTC,,Vulcan Materials Co March 2025 billing,Meridian Trading Co.
b2a668f0ba,ACC-PINV-2025-00075,P1,Purchase Invoice,Purchase Invoice,2,2025-03-18,2025-03-18 08:49:49.382802,ap.clerk@meridian.example,5111 - Cost of Goods Sold - MTC,5111,Cost of Goods Sold,Expense,15569.94,0.0,,,Vulcan Materials Co,Warehouse - MTC,Vulcan Materials Co March 2025 billing,Meridian Trading Co.
192bd74088,ACC-SINV-2025-00136,P1,Sales Invoice,Sales Invoice,1,2025-03-18,2025-03-18 14:46:13.706805,ar.clerk@meridian.example,1310 - Debtors - MTC,1310,Debtors,Asset,4340.83,0.0,Customer,Marlowe Interiors,4110 - Sales - MTC,,Customer order Marlowe Interiors Mar 2025,Meridian Trading Co.
61dc15fa05,ACC-SINV-2025-00136,P1,Sales Invoice,Sales Invoice,2,2025-03-18,2025-03-18 14:46:13.706805,ar.clerk@meridian.example,ST 6% - MTC,,ST 6%,Liability,0.0,245.71,,,Marlowe Interiors,Admin - MTC,Customer order Marlowe Interiors Mar 2025,Meridian Trading Co.
7cb9c1ce6e,ACC-SINV-2025-00136,P1,Sales Invoice,Sales Invoice,3,2025-03-18,2025-03-18 14:46:13.706805,ar.clerk@meridian.example,4110 - Sales - MTC,4110,Sales,Income,0.0,879.73,,,Marlowe Interiors,Warehouse - MTC,Customer order Marlowe Interiors Mar 2025,Meridian Trading Co.
7d49fe32ba,ACC-SINV-2025-00136,P1,Sales Invoice,Sales Invoice,4,2025-03-18,2025-03-18 14:46:13.706805,ar.clerk@meridian.example,4110 - Sales - MTC,4110,Sales,Income,0.0,3215.39,,,Marlowe Interiors,Sales Ops - MTC,Customer order Marlowe Interiors Mar 2025,Meridian Trading Co.
18638833f7,ACC-PAY-2025-00073,P1,Payment Entry,Payment Entry,1,2025-03-19,2025-03-19 08:58:54.269967,ar.clerk@meridian.example,1310 - Debtors - MTC,1310,Debtors,Asset,0.0,44677.12,Customer,Cascade Outfitters,1210 - Primary Checking - MTC,,Amount USD 44677.12 received from Cascade Outfitters | Transaction reference no ACH-25-00057 dated 2025-03-19 | Amount USD 44677.12 adjusted against Sales Invoice ACC-SINV-2025-00057,Meridian Trading Co.
a22072ddca,ACC-PAY-2025-00073,P1,Payment Entry,Payment Entry,2,2025-03-19,2025-03-19 08:58:54.269967,ar.clerk@meridian.example,1210 - Primary Checking - MTC,1210,Primary Checking,Asset,44677.12,0.0,,,Cascade Outfitters,,Amount USD 44677.12 received from Cascade Outfitters | Transaction reference no ACH-25-00057 dated 2025-03-19 | Amount USD 44677.12 adjusted against Sales Invoice ACC-SINV-2025-00057,Meridian Trading Co.
0052bad254,ACC-PAY-2025-00078,P1,Payment Entry,Payment Entry,1,2025-03-19,2025-03-19 13:51:42.666564,ar.clerk@meridian.example,1210 - Primary Checking - MTC,1210,Primary Checking,Asset,1688.89,0.0,,,Galehouse Media,,Amount USD 1688.89 received from Galehouse Media | Transaction reference no ACH-25-00062 dated 2025-03-19 | Amount USD 1688.89 adjusted against Sales Invoice ACC-SINV-2025-00062,Meridian Trading Co.
a1e5a009af,ACC-PAY-2025-00078,P1,Payment Entry,Payment Entry,2,2025-03-19,2025-03-19 13:51:42.666564,ar.clerk@meridian.example,1310 - Debtors - MTC,1310,Debtors,Asset,0.0,1688.89,Customer,Galehouse Media,1210 - Primary Checking - MTC,,Amount USD 1688.89 received from Galehouse Media | Transaction reference no ACH-25-00062 dated 2025-03-19 | Amount USD 1688.89 adjusted against Sales Invoice ACC-SINV-2025-00062,Meridian Trading Co.
0a831092fb,ACC-PAY-2025-00086,P1,Payment Entry,Payment Entry,1,2025-03-19,2025-03-19 13:44:08.442588,ar.clerk@meridian.example,1210 - Primary Checking - MTC,1210,Primary Checking,Asset,7676.59,0.0,,,Kestrel Foods,,Amount USD 7676.59 received from Kestrel Foods | Transaction reference no ACH-25-00071 dated 2025-03-19 | Amount USD 7676.59 adjusted against Sales Invoice ACC-SINV-2025-00071,Meridian Trading Co.
3bb2fcd699,ACC-PAY-2025-00086,P1,Payment Entry,Payment Entry,2,2025-03-19,2025-03-19 13:44:08.442588,ar.clerk@meridian.example,1310 - Debtors - MTC,1310,Debtors,Asset,0.0,7676.59,Customer,Kestrel Foods,1210 - Primary Checking - MTC,,Amount USD 7676.59 received from Kestrel Foods | Transaction reference no ACH-25-00071 dated 2025-03-19 | Amount USD 7676.59 adjusted against Sales Invoice ACC-SINV-2025-00071,Meridian Trading Co.
86b2d0ba26,ACC-PAY-2025-00092,P1,Payment Entry,Payment Entry,1,2025-03-19,2025-03-19 10:02:44.939276,ar.clerk@meridian.example,1210 - Primary Checking - MTC,1210,Primary Checking,Asset,1776.62,0.0,,,Pactrail Sports,,Amount USD 1776.62 received from Pactrail Sports | Transaction reference no ACH-25-00078 dated 2025-03-19 | Amount USD 1776.62 adjusted against Sales Invoice ACC-SINV-2025-00078,Meridian Trading Co.
d03dbc822a,ACC-PAY-2025-00092,P1,Payment Entry,Payment Entry,2,2025-03-19,2025-03-19 10:02:44.939276,ar.clerk@meridian.example,1310 - Debtors - MTC,1310,Debtors,Asset,0.0,1776.62,Customer,Pactrail Sports,1210 - Primary Checking - MTC,,Amount USD 1776.62 received from Pactrail Sports | Transaction reference no ACH-25-00078 dated 2025-03-19 | Amount USD 1776.62 adjusted against Sales Invoice ACC-SINV-2025-00078,Meridian Trading Co.
75f255face,ACC-PAY-2025-00100,P1,Payment Entry,Payment Entry,1,2025-03-19,2025-03-19 09:16:43.129915,ar.clerk@meridian.example,1210 - Primary Checking - MTC,1210,Primary Checking,Asset,1489.48,0.0,,,Kestrel Foods,,Amount USD 1489.48 received from Kestrel Foods | Transaction reference no ACH-25-00087 dated 2025-03-19 | Amount USD 1489.48 adjusted against Sales Invoice ACC-SINV-2025-00087,Meridian Trading Co.
e7c9fa0dcb,ACC-PAY-2025-00100,P1,Payment Entry,Payment Entry,2,2025-03-19,2025-03-19 09:16:43.129915,ar.clerk@meridian.example,1310 - Debtors - MTC,1310,Debtors,Asset,0.0,1489.48,Customer,Kestrel Foods,1210 - Primary Checking - MTC,,Amount USD 1489.48 received from Kestrel Foods | Transaction reference no ACH-25-00087 dated 2025-03-19 | Amount USD 1489.48 adjusted against Sales Invoice ACC-SINV-2025-00087,Meridian Trading Co.
8ab8ceb667,ACC-PAY-2025-00104,P1,Payment Entry,Payment Entry,1,2025-03-19,2025-03-19 08:43:13.819537,ar.clerk@meridian.example,1310 - Debtors - MTC,1310,Debtors,Asset,0.0,1937.84,Customer,Redcedar Builders,1210 - Primary Checking - MTC,,Amount USD 1937.84 received from Redcedar Builders | Transaction reference no ACH-25-00091 dated 2025-03-19 | Amount USD 1937.84 adjusted against Sales Invoice ACC-SINV-2025-00091,Meridian Trading Co.
ee2a24d1ca,ACC-PAY-2025-00104,P1,Payment Entry,Payment Entry,2,2025-03-19,2025-03-19 08:43:13.819537,ar.clerk@meridian.example,1210 - Primary Checking - MTC,1210,Primary Checking,Asset,1937.84,0.0,,,Redcedar Builders,,Amount USD 1937.84 received from Redcedar Builders | Transaction reference no ACH-25-00091 dated 2025-03-19 | Amount USD 1937.84 adjusted against Sales Invoice ACC-SINV-2025-00091,Meridian Trading Co.
42bb083590,ACC-PAY-2025-00133,P1,Payment Entry,Payment Entry,1,2025-03-19,2025-03-19 15:59:00.673770,ap.clerk@meridian.example,2110 - Creditors - MTC,2110,Creditors,Liability,1745.97,0.0,Supplier,Beacon Freight,1210 - Primary Checking - MTC,,Amount USD 1745.97 paid to Beacon Freight | Transaction reference no ACH-25-00045 dated 2025-03-19 | Amount USD 1745.97 adjusted against Purchase Invoice ACC-PINV-2025-00045,Meridian Trading Co.
9546692e82,ACC-PAY-2025-00133,P1,Payment Entry,Payment Entry,2,2025-03-19,2025-03-19 15:59:00.673770,ap.clerk@meridian.example,1210 - Primary Checking - MTC,1210,Primary Checking,Asset,0.0,1745.97,,,Beacon Freight,,Amount USD 1745.97 paid to Beacon Freight | Transaction reference no ACH-25-00045 dated 2025-03-19 | Amount USD 1745.97 adjusted against Purchase Invoice ACC-PINV-2025-00045,Meridian Trading Co.
500c3a42d5,ACC-PINV-2025-00093,P1,Purchase Invoice,Purchase Invoice,1,2025-03-19,2025-03-19 08:09:04.003754,ap.clerk@meridian.example,5208 - Office Maintenance Expenses - MTC,5208,Office Maintenance Expenses,Expense,14455.9,0.0,,,Granite Janitorial,Admin - MTC,Granite Janitorial March 2025 billing,Meridian Trading Co.
ed4ea3bd32,ACC-PINV-2025-00093,P1,Purchase Invoice,Purchase Invoice,2,2025-03-19,2025-03-19 08:09:04.003754,ap.clerk@meridian.example,2110 - Creditors - MTC,2110,Creditors,Liability,0.0,14455.9,Supplier,Granite Janitorial,5208 - Office Maintenance Expenses - MTC,,Granite Janitorial March 2025 billing,Meridian Trading Co.
7a8d555ac1,ACC-SINV-2025-00118,P1,Sales Invoice,Sales Invoice,1,2025-03-19,2025-03-19 17:58:00.322110,ar.clerk@meridian.example,1310 - Debtors - MTC,1310,Debtors,Asset,2899.65,0.0,Customer,Halstrom Supply,4110 - Sales - MTC,,Customer order Halstrom Supply Mar 2025,Meridian Trading Co.
c248d1aed7,ACC-SINV-2025-00118,P1,Sales Invoice,Sales Invoice,2,2025-03-19,2025-03-19 17:58:00.322110,ar.clerk@meridian.example,ST 6% - MTC,,ST 6%,Liability,0.0,164.13,,,Halstrom Supply,Admin - MTC,Customer order Halstrom Supply Mar 2025,Meridian Trading Co.
d3b2cdcdc7,ACC-SINV-2025-00118,P1,Sales Invoice,Sales Invoice,3,2025-03-19,2025-03-19 17:58:00.322110,ar.clerk@meridian.example,4110 - Sales - MTC,4110,Sales,Income,0.0,2735.52,,,Halstrom Supply,Sales Ops - MTC,Customer order Halstrom Supply Mar 2025,Meridian Trading Co.
37d987482a,ACC-SINV-2025-00124,P1,Sales Invoice,Sales Invoice,1,2025-03-19,2025-03-19 09:11:40.631128,ar.clerk@meridian.example,4110 - Sales - MTC,4110,Sales,Income,0.0,1903.46,,,Northwind Retail,Sales Ops - MTC,Customer order Northwind Retail Mar 2025,Meridian Trading Co.
663567a88d,ACC-SINV-2025-00124,P1,Sales Invoice,Sales Invoice,2,2025-03-19,2025-03-19 09:11:40.631128,ar.clerk@meridian.example,4110 - Sales - MTC,4110,Sales,Income,0.0,1149.51,,,Northwind Retail,Warehouse - MTC,Customer order Northwind Retail Mar 2025,Meridian Trading Co.
81b98205b9,ACC-SINV-2025-00124,P1,Sales Invoice,Sales Invoice,3,2025-03-19,2025-03-19 09:11:40.631128,ar.clerk@meridian.example,1310 - Debtors - MTC,1310,Debtors,Asset,4171.16,0.0,Customer,Northwind Retail,"4110 - Sales - MTC,4130 - Freight Income - MTC",,Customer order Northwind Retail Mar 2025,Meridian Trading Co.
c6819afd6d,ACC-SINV-2025-00124,P1,Sales Invoice,Sales Invoice,4,2025-03-19,2025-03-19 09:11:40.631128,ar.clerk@meridian.example,ST 6% - MTC,,ST 6%,Liability,0.0,236.1,,,Northwind Retail,Admin - MTC,Customer order Northwind Retail Mar 2025,Meridian Trading Co.
f2f742cd62,ACC-SINV-2025-00124,P1,Sales Invoice,Sales Invoice,5,2025-03-19,2025-03-19 09:11:40.631128,ar.clerk@meridian.example,4130 - Freight Income - MTC,4130,Freight Income,Income,0.0,882.09,,,Northwind Retail,Admin - MTC,Customer order Northwind Retail Mar 2025,Meridian Trading Co.
049bdc2e91,ACC-SINV-2025-00144,P1,Sales Invoice,Sales Invoice,1,2025-03-19,2025-03-19 08:41:59.699289,controller@meridian.example,4110 - Sales - MTC,4110,Sales,Income,0.0,267.96,,,Halstrom Supply,Warehouse - MTC,Customer order Halstrom Supply Mar 2025,Meridian Trading Co.
0c02eca120,ACC-SINV-2025-00144,P1,Sales Invoice,Sales Invoice,2,2025-03-19,2025-03-19 08:41:59.699289,controller@meridian.example,4120 - Service - MTC,4120,Service,Income,0.0,796.44,,,Halstrom Supply,Warehouse - MTC,Customer order Halstrom Supply Mar 2025,Meridian Trading Co.
0fc5753ee6,ACC-SINV-2025-00144,P1,Sales Invoice,Sales Invoice,3,2025-03-19,2025-03-19 08:41:59.699289,controller@meridian.example,1310 - Debtors - MTC,1310,Debtors,Asset,9513.21,0.0,Customer,Halstrom Supply,"4110 - Sales - MTC,4120 - Service - MTC",,Customer order Halstrom Supply Mar 2025,Meridian Trading Co.
54be5f1431,ACC-SINV-2025-00144,P1,Sales Invoice,Sales Invoice,4,2025-03-19,2025-03-19 08:41:59.699289,controller@meridian.example,4120 - Service - MTC,4120,Service,Income,0.0,7729.05,,,Halstrom Supply,Sales Ops - MTC,Customer order Halstrom Supply Mar 2025,Meridian Trading Co.
bc4e47c212,ACC-SINV-2025-00144,P1,Sales Invoice,Sales Invoice,5,2025-03-19,2025-03-19 08:41:59.699289,controller@meridian.example,4110 - Sales - MTC,4110,Sales,Income,0.0,181.28,,,Halstrom Supply,Sales Ops - MTC,Customer order Halstrom Supply Mar 2025,Meridian Trading Co.
f702edb9fc,ACC-SINV-2025-00144,P1,Sales Invoice,Sales Invoice,6,2025-03-19,2025-03-19 08:41:59.699289,controller@meridian.example,ST 6% - MTC,,ST 6%,Liability,0.0,538.48,,,Halstrom Supply,Admin - MTC,Customer order Halstrom Supply Mar 2025,Meridian Trading Co.
32cc81ebf6,ACC-SINV-2025-00165,P1,Sales Invoice,Sales Invoice,1,2025-03-19,2025-03-19 14:11:42.805305,ar.clerk@meridian.example,4120 - Service - MTC,4120,Service,Income,0.0,14402.19,,,Summit Rentals,Warehouse - MTC,Customer order Summit Rentals Mar 2025,Meridian Trading Co.
5cfe330fce,ACC-SINV-2025-00165,P1,Sales Invoice,Sales Invoice,2,2025-03-19,2025-03-19 14:11:42.805305,ar.clerk@meridian.example,ST 6% - MTC,,ST 6%,Liability,0.0,878.23,,,Summit Rentals,Admin - MTC,Customer order Summit Rentals Mar 2025,Meridian Trading Co.
bf1cc96260,ACC-SINV-2025-00165,P1,Sales Invoice,Sales Invoice,3,2025-03-19,2025-03-19 14:11:42.805305,ar.clerk@meridian.example,4110 - Sales - MTC,4110,Sales,Income,0.0,234.9,,,Summit Rentals,Warehouse - MTC,Customer order Summit Rentals Mar 2025,Meridian Trading Co.
e6d667ac98,ACC-SINV-2025-00165,P1,Sales Invoice,Sales Invoice,4,2025-03-19,2025-03-19 14:11:42.805305,ar.clerk@meridian.example,1310 - Debtors - MTC,1310,Debtors,Asset,15515.32,0.0,Customer,Summit Rentals,"4120 - Service - MTC,4110 - Sales - MTC",,Customer order Summit Rentals Mar 2025,Meridian Trading Co.
099e042fe4,ACC-SINV-2025-00167,P1,Sales Invoice,Credit Note,1,2025-03-19,2025-03-19 08:13:25.267035,ar.clerk@meridian.example,4130 - Freight Income - MTC,4130,Freight Income,Income,279.06,0.0,,,Northwind Retail,Admin - MTC,Return against ACC-SINV-2025-00127,Meridian Trading Co.
cc7b5981e7,ACC-SINV-2025-00167,P1,Sales Invoice,Credit Note,2,2025-03-19,2025-03-19 08:13:25.267035,ar.clerk@meridian.example,1310 - Debtors - MTC,1310,Debtors,Asset,0.0,279.06,Customer,Northwind Retail,4130 - Freight Income - MTC,,Return against ACC-SINV-2025-00127,Meridian Trading Co.
805ad50e4d,ACC-JV-2025-00032,P1,Journal Entry,Cash Entry,1,2025-03-20,2025-03-20 15:03:25.541845,controller@meridian.example,5223 - Miscellaneous Expenses - MTC,5223,Miscellaneous Expenses,Expense,70.49,0.0,,,1110 - Cash - MTC,Admin - MTC,Reference #REF-20250320 dated 03-20-2025,Meridian Trading Co.
8767cc1110,ACC-JV-2025-00032,P1,Journal Entry,Cash Entry,2,2025-03-20,2025-03-20 15:03:25.541845,controller@meridian.example,1110 - Cash - MTC,1110,Cash,Asset,0.0,70.49,,,5223 - Miscellaneous Expenses - MTC,Admin - MTC,Reference #REF-20250320 dated 03-20-2025,Meridian Trading Co.
02fe6bb073,ACC-PAY-2025-00135,P1,Payment Entry,Payment Entry,1,2025-03-20,2025-03-20 11:10:13.027726,ap.clerk@meridian.example,1210 - Primary Checking - MTC,1210,Primary Checking,Asset,0.0,13685.99,,,Cobalt IT Services,,Amount USD 13685.99 paid to Cobalt IT Services | Transaction reference no ACH-25-00049 dated 2025-03-20 | Amount USD 13685.99 adjusted against Purchase Invoice ACC-PINV-2025-00049,Meridian Trading Co.
86e59e5847,ACC-PAY-2025-00135,P1,Payment Entry,Payment Entry,2,2025-03-20,2025-03-20 11:10:13.027726,ap.clerk@meridian.example,2110 - Creditors - MTC,2110,Creditors,Liability,13685.99,0.0,Supplier,Cobalt IT Services,1210 - Primary Checking - MTC,,Amount USD 13685.99 paid to Cobalt IT Services | Transaction reference no ACH-25-00049 dated 2025-03-20 | Amount USD 13685.99 adjusted against Purchase Invoice ACC-PINV-2025-00049,Meridian Trading Co.
b1a565971a,ACC-PAY-2025-00144,P1,Payment Entry,Payment Entry,1,2025-03-20,2025-03-20 11:37:30.030984,ap.clerk@meridian.example,1210 - Primary Checking - MTC,1210,Primary Checking,Asset,0.0,14720.43,,,Fairbanks Consulting,,Amount USD 14720.43 paid to Fairbanks Consulting | Transaction reference no ACH-25-00059 dated 2025-03-20 | Amount USD 14720.43 adjusted against Purchase Invoice ACC-PINV-2025-00059,Meridian Trading Co.
e75df31e5b,ACC-PAY-2025-00144,P1,Payment Entry,Payment Entry,2,2025-03-20,2025-03-20 11:37:30.030984,ap.clerk@meridian.example,2110 - Creditors - MTC,2110,Creditors,Liability,14720.43,0.0,Supplier,Fairbanks Consulting,1210 - Primary Checking - MTC,,Amount USD 14720.43 paid to Fairbanks Consulting | Transaction reference no ACH-25-00059 dated 2025-03-20 | Amount USD 14720.43 adjusted against Purchase Invoice ACC-PINV-2025-00059,Meridian Trading Co.
cfd3f8469f,ACC-PAY-2025-00204,P1,Payment Entry,Payment Entry,1,2025-03-20,2025-03-20 15:12:28.802770,ap.clerk@meridian.example,2110 - Creditors - MTC,2110,Creditors,Liability,2973.94,0.0,Supplier,Vulcan Materials Co,1210 - Primary Checking - MTC,,Amount USD 2973.94 paid to Vulcan Materials Co | Transaction reference no ACH-25-00073 dated 2025-03-20 | Amount USD 2973.94 adjusted against Purchase Invoice ACC-PINV-2025-00073,Meridian Trading Co.
d966722ad0,ACC-PAY-2025-00204,P1,Payment Entry,Payment Entry,2,2025-03-20,2025-03-20 15:12:28.802770,ap.clerk@meridian.example,1210 - Primary Checking - MTC,1210,Primary Checking,Asset,0.0,2973.94,,,Vulcan Materials Co,,Amount USD 2973.94 paid to Vulcan Materials Co | Transaction reference no ACH-25-00073 dated 2025-03-20 | Amount USD 2973.94 adjusted against Purchase Invoice ACC-PINV-2025-00073,Meridian Trading Co.
2df43f50f4,ACC-PAY-2025-00222,P1,Payment Entry,Payment Entry,1,2025-03-20,2025-03-20 18:01:16.983955,ap.clerk@meridian.example,2110 - Creditors - MTC,2110,Creditors,Liability,9222.67,0.0,Supplier,Fairbanks Consulting,1210 - Primary Checking - MTC,,Amount USD 9222.67 paid to Fairbanks Consulting | Transaction reference no ACH-25-00091 dated 2025-03-20 | Amount USD 9222.67 adjusted against Purchase Invoice ACC-PINV-2025-00091,Meridian Trading Co.
5ecba0a12e,ACC-PAY-2025-00222,P1,Payment Entry,Payment Entry,2,2025-03-20,2025-03-20 18:01:16.983955,ap.clerk@meridian.example,1210 - Primary Checking - MTC,1210,Primary Checking,Asset,0.0,9222.67,,,Fairbanks Consulting,,Amount USD 9222.67 paid to Fairbanks Consulting | Transaction reference no ACH-25-00091 dated 2025-03-20 | Amount USD 9222.67 adjusted against Purchase Invoice ACC-PINV-2025-00091,Meridian Trading Co.
5db825c00a,ACC-PINV-2025-00071,P1,Purchase Invoice,Purchase Invoice,1,2025-03-20,2025-03-20 13:15:49.712091,ap.clerk@meridian.example,5111 - Cost of Goods Sold - MTC,5111,Cost of Goods Sold,Expense,6497.38,0.0,,,Vulcan Materials Co,Warehouse - MTC,Vulcan Materials Co March 2025 billing,Meridian Trading Co.
99c5d0ad46,ACC-PINV-2025-00071,P1,Purchase Invoice,Purchase Invoice,2,2025-03-20,2025-03-20 13:15:49.712091,ap.clerk@meridian.example,2110 - Creditors - MTC,2110,Creditors,Liability,0.0,6497.38,Supplier,Vulcan Materials Co,5111 - Cost of Goods Sold - MTC,,Vulcan Materials Co March 2025 billing,Meridian Trading Co.
108701f996,ACC-PINV-2025-00090,P1,Purchase Invoice,Purchase Invoice,1,2025-03-20,2025-03-20 12:50:04.443926,ap.clerk@meridian.example,5226 - Contractor Services - MTC,5226,Contractor Services,Expense,8438.5,0.0,,,Fairbanks Consulting,Admin - MTC,Fairbanks Consulting March 2025 billing,Meridian Trading Co.
7b9f58593f,ACC-PINV-2025-00090,P1,Purchase Invoice,Purchase Invoice,2,2025-03-20,2025-03-20 12:50:04.443926,ap.clerk@meridian.example,2110 - Creditors - MTC,2110,Creditors,Liability,0.0,8438.5,Supplier,Fairbanks Consulting,5226 - Contractor Services - MTC,,Fairbanks Consulting March 2025 billing,Meridian Trading Co.
1e48dd9f80,ACC-PINV-2025-00092,P1,Purchase Invoice,Purchase Invoice,1,2025-03-20,2025-03-20 14:01:20.689726,ap.clerk@meridian.example,5226 - Contractor Services - MTC,5226,Contractor Services,Expense,6596.75,0.0,,,Fairbanks Consulting,Admin - MTC,Fairbanks Consulting March 2025 billing,Meridian Trading Co.
613c301918,ACC-PINV-2025-00092,P1,Purchase Invoice,Purchase Invoice,2,2025-03-20,2025-03-20 14:01:20.689726,ap.clerk@meridian.example,2110 - Creditors - MTC,2110,Creditors,Liability,0.0,7710.76,Supplier,Fairbanks Consulting,"5226 - Contractor Services - MTC,5215 - Telephone Expenses - MTC",,Fairbanks Consulting March 2025 billing,Meridian Trading Co.
71c13040b6,ACC-PINV-2025-00092,P1,Purchase Invoice,Purchase Invoice,3,2025-03-20,2025-03-20 14:01:20.689726,ap.clerk@meridian.example,5215 - Telephone Expenses - MTC,5215,Telephone Expenses,Expense,1114.01,0.0,,,Fairbanks Consulting,Admin - MTC,Fairbanks Consulting March 2025 billing,Meridian Trading Co.
536f1c7f4f,ACC-SINV-2025-00131,P1,Sales Invoice,Sales Invoice,1,2025-03-20,2025-03-20 13:08:24.008987,ar.clerk@meridian.example,4120 - Service - MTC,4120,Service,Income,0.0,6454.73,,,Summit Rentals,Sales Ops - MTC,Customer order Summit Rentals Mar 2025,Meridian Trading Co.
56316627f1,ACC-SINV-2025-00131,P1,Sales Invoice,Sales Invoice,2,2025-03-20,2025-03-20 13:08:24.008987,ar.clerk@meridian.example,4110 - Sales - MTC,4110,Sales,Income,0.0,72.42,,,Summit Rentals,Warehouse - MTC,Customer order Summit Rentals Mar 2025,Meridian Trading Co.
5d2791c708,ACC-SINV-2025-00131,P1,Sales Invoice,Sales Invoice,3,2025-03-20,2025-03-20 13:08:24.008987,ar.clerk@meridian.example,4120 - Service - MTC,4120,Service,Income,0.0,5866.14,,,Summit Rentals,Warehouse - MTC,Customer order Summit Rentals Mar 2025,Meridian Trading Co.
860861344b,ACC-SINV-2025-00131,P1,Sales Invoice,Sales Invoice,4,2025-03-20,2025-03-20 13:08:24.008987,ar.clerk@meridian.example,1310 - Debtors - MTC,1310,Debtors,Asset,13461.63,0.0,Customer,Summit Rentals,"4120 - Service - MTC,4110 - Sales - MTC",,Customer order Summit Rentals Mar 2025,Meridian Trading Co.
e1b45cc53e,ACC-SINV-2025-00131,P1,Sales Invoice,Sales Invoice,5,2025-03-20,2025-03-20 13:08:24.008987,ar.clerk@meridian.example,ST 6% - MTC,,ST 6%,Liability,0.0,761.98,,,Summit Rentals,Admin - MTC,Customer order Summit Rentals Mar 2025,Meridian Trading Co.
f41c9c8034,ACC-SINV-2025-00131,P1,Sales Invoice,Sales Invoice,6,2025-03-20,2025-03-20 13:08:24.008987,ar.clerk@meridian.example,4110 - Sales - MTC,4110,Sales,Income,0.0,306.36,,,Summit Rentals,Sales Ops - MTC,Customer order Summit Rentals Mar 2025,Meridian Trading Co.
dac5b20215,ACC-PAY-2025-00081,P1,Payment Entry,Payment Entry,1,2025-03-21,2025-03-21 11:52:10.535786,ar.clerk@meridian.example,1210 - Primary Checking - MTC,1210,Primary Checking,Asset,4342.35,0.0,,,Bluepine Hardware,,Amount USD 4342.35 received from Bluepine Hardware | Transaction reference no ACH-25-00065 dated 2025-03-21 | Amount USD 4342.35 adjusted against Sales Invoice ACC-SINV-2025-00065,Meridian Trading Co.
e52b37d0de,ACC-PAY-2025-00081,P1,Payment Entry,Payment Entry,2,2025-03-21,2025-03-21 11:52:10.535786,ar.clerk@meridian.example,1310 - Debtors - MTC,1310,Debtors,Asset,0.0,4342.35,Customer,Bluepine Hardware,1210 - Primary Checking - MTC,,Amount USD 4342.35 received from Bluepine Hardware | Transaction reference no ACH-25-00065 dated 2025-03-21 | Amount USD 4342.35 adjusted against Sales Invoice ACC-SINV-2025-00065,Meridian Trading Co.
a611da75fe,ACC-PAY-2025-00127,P1,Payment Entry,Payment Entry,1,2025-03-21,2025-03-21 11:47:12.800061,ap.clerk@meridian.example,1210 - Primary Checking - MTC,1210,Primary Checking,Asset,0.0,15747.91,,,Orchard Wholesale,,Amount USD 15747.91 paid to Orchard Wholesale | Transaction reference no ACH-25-00038 dated 2025-03-21 | Amount USD 15747.91 adjusted against Purchase Invoice ACC-PINV-2025-00038,Meridian Trading Co.
ffb2fb6b29,ACC-PAY-2025-00127,P1,Payment Entry,Payment Entry,2,2025-03-21,2025-03-21 11:47:12.800061,ap.clerk@meridian.example,2110 - Creditors - MTC,2110,Creditors,Liability,15747.91,0.0,Supplier,Orchard Wholesale,1210 - Primary Checking - MTC,,Amount USD 15747.91 paid to Orchard Wholesale | Transaction reference no ACH-25-00038 dated 2025-03-21 | Amount USD 15747.91 adjusted against Purchase Invoice ACC-PINV-2025-00038,Meridian Trading Co.
95214e4f63,ACC-PAY-2025-00160,P1,Payment Entry,Payment Entry,1,2025-03-21,2025-03-21 14:01:50.964773,ar.clerk@meridian.example,1210 - Primary Checking - MTC,1210,Primary Checking,Asset,292.42,0.0,,,Redcedar Builders,,Amount USD 292.42 received from Redcedar Builders | Transaction reference no ACH-25-00123 dated 2025-03-21 | Amount USD 292.42 adjusted against Sales Invoice ACC-SINV-2025-00123,Meridian Trading Co.
e51e1eb036,ACC-PAY-2025-00160,P1,Payment Entry,Payment Entry,2,2025-03-21,2025-03-21 14:01:50.964773,ar.clerk@meridian.example,1310 - Debtors - MTC,1310,Debtors,Asset,0.0,292.42,Customer,Redcedar Builders,1210 - Primary Checking - MTC,,Amount USD 292.42 received from Redcedar Builders | Transaction reference no ACH-25-00123 dated 2025-03-21 | Amount USD 292.42 adjusted against Sales Invoice ACC-SINV-2025-00123,Meridian Trading Co.
181c1e1d69,ACC-PINV-2025-00068,P1,Purchase Invoice,Purchase Invoice,1,2025-03-21,2025-03-21 11:29:05.941670,ap.clerk@meridian.example,2110 - Creditors - MTC,2110,Creditors,Liability,0.0,1438.14,Supplier,Orchard Wholesale,5111 - Cost of Goods Sold - MTC,,Orchard Wholesale March 2025 billing,Meridian Trading Co.
ee62375279,ACC-PINV-2025-00068,P1,Purchase Invoice,Purchase Invoice,2,2025-03-21,2025-03-21 11:29:05.941670,ap.clerk@meridian.example,5111 - Cost of Goods Sold - MTC,5111,Cost of Goods Sold,Expense,1438.14,0.0,,,Orchard Wholesale,Warehouse - MTC,Orchard Wholesale March 2025 billing,Meridian Trading Co.
5a0ec9a945,ACC-PINV-2025-00074,P1,Purchase Invoice,Purchase Invoice,1,2025-03-21,2025-03-21 10:40:30.598916,ap.clerk@meridian.example,2110 - Creditors - MTC,2110,Creditors,Liability,0.0,9946.07,Supplier,Vulcan Materials Co,"5111 - Cost of Goods Sold - MTC,5204 - Entertainment Expenses - MTC",,Vulcan Materials Co March 2025 billing,Meridian Trading Co.
b00ceda1bd,ACC-PINV-2025-00074,P1,Purchase Invoice,Purchase Invoice,2,2025-03-21,2025-03-21 10:40:30.598916,ap.clerk@meridian.example,5204 - Entertainment Expenses - MTC,5204,Entertainment Expenses,Expense,559.12,0.0,,,Vulcan Materials Co,Admin - MTC,Vulcan Materials Co March 2025 billing,Meridian Trading Co.
f8ddcb0ffa,ACC-PINV-2025-00074,P1,Purchase Invoice,Purchase Invoice,3,2025-03-21,2025-03-21 10:40:30.598916,ap.clerk@meridian.example,5111 - Cost of Goods Sold - MTC,5111,Cost of Goods Sold,Expense,9386.95,0.0,,,Vulcan Materials Co,Warehouse - MTC,Vulcan Materials Co March 2025 billing,Meridian Trading Co.
712dadb990,ACC-PINV-2025-00082,P1,Purchase Invoice,Purchase Invoice,1,2025-03-21,2025-03-21 17:59:40.608363,ap.clerk@meridian.example,5228 - Insurance Expense - MTC,5228,Insurance Expense,Expense,11604.9,0.0,,,Stateside Insurance,Admin - MTC,Stateside Insurance March 2025 billing,Meridian Trading Co.
f17056c3fe,ACC-PINV-2025-00082,P1,Purchase Invoice,Purchase Invoice,2,2025-03-21,2025-03-21 17:59:40.608363,ap.clerk@meridian.example,2110 - Creditors - MTC,2110,Creditors,Liability,0.0,11604.9,Supplier,Stateside Insurance,5228 - Insurance Expense - MTC,,Stateside Insurance March 2025 billing,Meridian Trading Co.
0968a59ecc,ACC-SINV-2025-00111,P1,Sales Invoice,Sales Invoice,1,2025-03-21,2025-03-21 10:30:28.338484,ar.clerk@meridian.example,1310 - Debtors - MTC,1310,Debtors,Asset,2375.09,0.0,Customer,Cascade Outfitters,"4110 - Sales - MTC,4120 - Service - MTC",,Customer order Cascade Outfitters Mar 2025,Meridian Trading Co.
54bc990622,ACC-SINV-2025-00111,P1,Sales Invoice,Sales Invoice,2,2025-03-21,2025-03-21 10:30:28.338484,ar.clerk@meridian.example,ST 6% - MTC,,ST 6%,Liability,0.0,134.44,,,Cascade Outfitters,Admin - MTC,Customer order Cascade Outfitters Mar 2025,Meridian Trading Co.
69aa74d3b8,ACC-SINV-2025-00111,P1,Sales Invoice,Sales Invoice,3,2025-03-21,2025-03-21 10:30:28.338484,ar.clerk@meridian.example,4120 - Service - MTC,4120,Service,Income,0.0,1137.9,,,Cascade Outfitters,Sales Ops - MTC,Customer order Cascade Outfitters Mar 2025,Meridian Trading Co.
924f77369b,ACC-SINV-2025-00111,P1,Sales Invoice,Sales Invoice,4,2025-03-21,2025-03-21 10:30:28.338484,ar.clerk@meridian.example,4110 - Sales - MTC,4110,Sales,Income,0.0,163.75,,,Cascade Outfitters,Warehouse - MTC,Customer order Cascade Outfitters Mar 2025,Meridian Trading Co.
9942313c35,ACC-SINV-2025-00111,P1,Sales Invoice,Sales Invoice,5,2025-03-21,2025-03-21 10:30:28.338484,ar.clerk@meridian.example,4110 - Sales - MTC,4110,Sales,Income,0.0,939.0,,,Cascade Outfitters,Sales Ops - MTC,Customer order Cascade Outfitters Mar 2025,Meridian Trading Co.
0870045662,ACC-SINV-2025-00113,P1,Sales Invoice,Sales Invoice,1,2025-03-21,2025-03-21 14:04:13.564729,ar.clerk@meridian.example,1310 - Debtors - MTC,1310,Debtors,Asset,8323.9,0.0,Customer,Halstrom Supply,4120 - Service - MTC,,Customer order Halstrom Supply Mar 2025,Meridian Trading Co.
7c25075cc1,ACC-SINV-2025-00113,P1,Sales Invoice,Sales Invoice,2,2025-03-21,2025-03-21 14:04:13.564729,ar.clerk@meridian.example,4120 - Service - MTC,4120,Service,Income,0.0,7852.74,,,Halstrom Supply,Sales Ops - MTC,Customer order Halstrom Supply Mar 2025,Meridian Trading Co.
f7e6672d20,ACC-SINV-2025-00113,P1,Sales Invoice,Sales Invoice,3,2025-03-21,2025-03-21 14:04:13.564729,ar.clerk@meridian.example,ST 6% - MTC,,ST 6%,Liability,0.0,471.16,,,Halstrom Supply,Admin - MTC,Customer order Halstrom Supply Mar 2025,Meridian Trading Co.
0de42b4e85,ACC-SINV-2025-00148,P1,Sales Invoice,Sales Invoice,1,2025-03-21,2025-03-21 10:34:35.463310,ar.clerk@meridian.example,1310 - Debtors - MTC,1310,Debtors,Asset,2359.82,0.0,Customer,Ovation Events,4110 - Sales - MTC,,Customer order Ovation Events Mar 2025,Meridian Trading Co.
601940d542,ACC-SINV-2025-00148,P1,Sales Invoice,Sales Invoice,2,2025-03-21,2025-03-21 10:34:35.463310,ar.clerk@meridian.example,4110 - Sales - MTC,4110,Sales,Income,0.0,735.22,,,Ovation Events,Sales Ops - MTC,Customer order Ovation Events Mar 2025,Meridian Trading Co.
e30ceda656,ACC-SINV-2025-00148,P1,Sales Invoice,Sales Invoice,3,2025-03-21,2025-03-21 10:34:35.463310,ar.clerk@meridian.example,4110 - Sales - MTC,4110,Sales,Income,0.0,1624.6,,,Ovation Events,Warehouse - MTC,Customer order Ovation Events Mar 2025,Meridian Trading Co.
3281154b01,ACC-SINV-2025-00162,P1,Sales Invoice,Sales Invoice,1,2025-03-21,2025-03-21 14:52:31.565272,ar.clerk@meridian.example,1310 - Debtors - MTC,1310,Debtors,Asset,6433.77,0.0,Customer,Marlowe Interiors,"4110 - Sales - MTC,4120 - Service - MTC",,Customer order Marlowe Interiors Mar 2025,Meridian Trading Co.
55ea90a88a,ACC-SINV-2025-00162,P1,Sales Invoice,Sales Invoice,2,2025-03-21,2025-03-21 14:52:31.565272,ar.clerk@meridian.example,4110 - Sales - MTC,4110,Sales,Income,0.0,878.56,,,Marlowe Interiors,Sales Ops - MTC,Customer order Marlowe Interiors Mar 2025,Meridian Trading Co.
71dd431996,ACC-SINV-2025-00162,P1,Sales Invoice,Sales Invoice,3,2025-03-21,2025-03-21 14:52:31.565272,ar.clerk@meridian.example,4120 - Service - MTC,4120,Service,Income,0.0,5030.74,,,Marlowe Interiors,Sales Ops - MTC,Customer order Marlowe Interiors Mar 2025,Meridian Trading Co.
82e49da196,ACC-SINV-2025-00162,P1,Sales Invoice,Sales Invoice,4,2025-03-21,2025-03-21 14:52:31.565272,ar.clerk@meridian.example,4110 - Sales - MTC,4110,Sales,Income,0.0,160.29,,,Marlowe Interiors,Warehouse - MTC,Customer order Marlowe Interiors Mar 2025,Meridian Trading Co.
b72f8a5742,ACC-SINV-2025-00162,P1,Sales Invoice,Sales Invoice,5,2025-03-21,2025-03-21 14:52:31.565272,ar.clerk@meridian.example,ST 6% - MTC,,ST 6%,Liability,0.0,364.18,,,Marlowe Interiors,Admin - MTC,Customer order Marlowe Interiors Mar 2025,Meridian Trading Co.
66ac3a0f25,ACC-PAY-2025-00094,P1,Payment Entry,Payment Entry,1,2025-03-22,2025-03-24 16:41:42.302514,ar.clerk@meridian.example,1210 - Primary Checking - MTC,1210,Primary Checking,Asset,3850.62,0.0,,,Timberline Schools,,Amount USD 3850.62 received from Timberline Schools | Transaction reference no ACH-25-00080 dated 2025-03-22 | Amount USD 3850.62 adjusted against Sales Invoice ACC-SINV-2025-00080,Meridian Trading Co.
c73b59cfb5,ACC-PAY-2025-00094,P1,Payment Entry,Payment Entry,2,2025-03-22,2025-03-24 16:41:42.302514,ar.clerk@meridian.example,1310 - Debtors - MTC,1310,Debtors,Asset,0.0,3850.62,Customer,Timberline Schools,1210 - Primary Checking - MTC,,Amount USD 3850.62 received from Timberline Schools | Transaction reference no ACH-25-00080 dated 2025-03-22 | Amount USD 3850.62 adjusted against Sales Invoice ACC-SINV-2025-00080,Meridian Trading Co.
7c3ddb8f4a,ACC-PAY-2025-00165,P1,Payment Entry,Payment Entry,1,2025-03-22,2025-03-24 08:59:15.733540,ar.clerk@meridian.example,1310 - Debtors - MTC,1310,Debtors,Asset,0.0,426.47,Customer,Pactrail Sports,1210 - Primary Checking - MTC,,Amount USD 426.47 received from Pactrail Sports | Transaction reference no ACH-25-00130 dated 2025-03-22 | Amount USD 426.47 adjusted against Sales Invoice ACC-SINV-2025-00130,Meridian Trading Co.
d3baadcd88,ACC-PAY-2025-00165,P1,Payment Entry,Payment Entry,2,2025-03-22,2025-03-24 08:59:15.733540,ar.clerk@meridian.example,1210 - Primary Checking - MTC,1210,Primary Checking,Asset,426.47,0.0,,,Pactrail Sports,,Amount USD 426.47 received from Pactrail Sports | Transaction reference no ACH-25-00130 dated 2025-03-22 | Amount USD 426.47 adjusted against Sales Invoice ACC-SINV-2025-00130,Meridian Trading Co.
3e4d4f6996,ACC-PAY-2025-00107,P1,Payment Entry,Payment Entry,1,2025-03-23,2025-03-24 16:11:48.569251,ar.clerk@meridian.example,1310 - Debtors - MTC,1310,Debtors,Asset,0.0,2327.06,Customer,Ovation Events,1210 - Primary Checking - MTC,,Amount USD 2327.06 received from Ovation Events | Transaction reference no ACH-25-00094 dated 2025-03-23 | Amount USD 2327.06 adjusted against Sales Invoice ACC-SINV-2025-00094,Meridian Trading Co.
7342f98c2c,ACC-PAY-2025-00107,P1,Payment Entry,Payment Entry,2,2025-03-23,2025-03-24 16:11:48.569251,ar.clerk@meridian.example,1210 - Primary Checking - MTC,1210,Primary Checking,Asset,2327.06,0.0,,,Ovation Events,,Amount USD 2327.06 received from Ovation Events | Transaction reference no ACH-25-00094 dated 2025-03-23 | Amount USD 2327.06 adjusted against Sales Invoice ACC-SINV-2025-00094,Meridian Trading Co.
1a0339076b,ACC-PAY-2025-00136,P1,Payment Entry,Payment Entry,1,2025-03-23,2025-03-24 12:51:11.038597,ap.clerk@meridian.example,1210 - Primary Checking - MTC,1210,Primary Checking,Asset,0.0,14864.03,,,Cobalt IT Services,,Amount USD 14864.03 paid to Cobalt IT Services | Transaction reference no ACH-25-00050 dated 2025-03-23 | Amount USD 14864.03 adjusted against Purchase Invoice ACC-PINV-2025-00050,Meridian Trading Co.
f3f6ac8adb,ACC-PAY-2025-00136,P1,Payment Entry,Payment Entry,2,2025-03-23,2025-03-24 12:51:11.038597,ap.clerk@meridian.example,2110 - Creditors - MTC,2110,Creditors,Liability,14864.03,0.0,Supplier,Cobalt IT Services,1210 - Primary Checking - MTC,,Amount USD 14864.03 paid to Cobalt IT Services | Transaction reference no ACH-25-00050 dated 2025-03-23 | Amount USD 14864.03 adjusted against Purchase Invoice ACC-PINV-2025-00050,Meridian Trading Co.
0974d04690,ACC-PAY-2025-00138,P1,Payment Entry,Payment Entry,1,2025-03-23,2025-03-24 10:36:55.035440,ap.clerk@meridian.example,1210 - Primary Checking - MTC,1210,Primary Checking,Asset,0.0,4115.26,,,Metro Utilities,,Amount USD 4115.26 paid to Metro Utilities | Transaction reference no ACH-25-00052 dated 2025-03-23 | Amount USD 4115.26 adjusted against Purchase Invoice ACC-PINV-2025-00052,Meridian Trading Co.
b8eef1b6ef,ACC-PAY-2025-00138,P1,Payment Entry,Payment Entry,2,2025-03-23,2025-03-24 10:36:55.035440,ap.clerk@meridian.example,2110 - Creditors - MTC,2110,Creditors,Liability,4115.26,0.0,Supplier,Metro Utilities,1210 - Primary Checking - MTC,,Amount USD 4115.26 paid to Metro Utilities | Transaction reference no ACH-25-00052 dated 2025-03-23 | Amount USD 4115.26 adjusted against Purchase Invoice ACC-PINV-2025-00052,Meridian Trading Co.
29a277f09f,ACC-PAY-2025-00211,P1,Payment Entry,Payment Entry,1,2025-03-24,2025-03-24 10:52:11.604441,ap.clerk@meridian.example,2110 - Creditors - MTC,2110,Creditors,Liability,12739.3,0.0,Supplier,Cobalt IT Services,1210 - Primary Checking - MTC,,Amount USD 12739.3 paid to Cobalt IT Services | Transaction reference no ACH-25-00080 dated 2025-03-24 | Amount USD 12739.3 adjusted against Purchase Invoice ACC-PINV-2025-00080,Meridian Trading Co.
54c845ac65,ACC-PAY-2025-00211,P1,Payment Entry,Payment Entry,2,2025-03-24,2025-03-24 10:52:11.604441,ap.clerk@meridian.example,1210 - Primary Checking - MTC,1210,Primary Checking,Asset,0.0,12739.3,,,Cobalt IT Services,,Amount USD 12739.3 paid to Cobalt IT Services | Transaction reference no ACH-25-00080 dated 2025-03-24 | Amount USD 12739.3 adjusted against Purchase Invoice ACC-PINV-2025-00080,Meridian Trading Co.
38d474e134,ACC-PINV-2025-00076,P1,Purchase Invoice,Purchase Invoice,1,2025-03-24,2025-03-24 17:10:12.965481,ap.clerk@meridian.example,5215 - Telephone Expenses - MTC,5215,Telephone Expenses,Expense,2288.15,0.0,,,Beacon Freight,Admin - MTC,Beacon Freight March 2025 billing,Meridian Trading Co.
72dca70152,ACC-PINV-2025-00076,P1,Purchase Invoice,Purchase Invoice,2,2025-03-24,2025-03-24 17:10:12.965481,ap.clerk@meridian.example,5205 - Freight and Forwarding Charges - MTC,5205,Freight and Forwarding Charges,Expense,712.93,0.0,,,Beacon Freight,Admin - MTC,Beacon Freight March 2025 billing,Meridian Trading Co.
939b9f8485,ACC-PINV-2025-00076,P1,Purchase Invoice,Purchase Invoice,3,2025-03-24,2025-03-24 17:10:12.965481,ap.clerk@meridian.example,2110 - Creditors - MTC,2110,Creditors,Liability,0.0,3293.25,Supplier,Beacon Freight,"5205 - Freight and Forwarding Charges - MTC,5215 - Telephone Expenses - MTC,5204 - Entertainment Expenses - MTC",,Beacon Freight March 2025 billing,Meridian Trading Co.
a56b4058cd,ACC-PINV-2025-00076,P1,Purchase Invoice,Purchase Invoice,4,2025-03-24,2025-03-24 17:10:12.965481,ap.clerk@meridian.example,5204 - Entertainment Expenses - MTC,5204,Entertainment Expenses,Expense,292.17,0.0,,,Beacon Freight,Admin - MTC,Beacon Freight March 2025 billing,Meridian Trading Co.
0925b731f8,ACC-SINV-2025-00164,P1,Sales Invoice,Sales Invoice,1,2025-03-24,2025-03-24 17:52:26.455059,ar.clerk@meridian.example,4110 - Sales - MTC,4110,Sales,Income,0.0,692.55,,,Northwind Retail,Sales Ops - MTC,Customer order Northwind Retail Mar 2025,Meridian Trading Co.
1d542e9bf0,ACC-SINV-2025-00164,P1,Sales Invoice,Sales Invoice,2,2025-03-24,2025-03-24 17:52:26.455059,ar.clerk@meridian.example,1310 - Debtors - MTC,1310,Debtors,Asset,1370.05,0.0,Customer,Northwind Retail,4110 - Sales - MTC,,Customer order Northwind Retail Mar 2025,Meridian Trading Co.
4bb18de040,ACC-SINV-2025-00164,P1,Sales Invoice,Sales Invoice,3,2025-03-24,2025-03-24 17:52:26.455059,ar.clerk@meridian.example,4110 - Sales - MTC,4110,Sales,Income,0.0,599.95,,,Northwind Retail,Warehouse - MTC,Customer order Northwind Retail Mar 2025,Meridian Trading Co.
4c8ad8567b,ACC-SINV-2025-00164,P1,Sales Invoice,Sales Invoice,4,2025-03-24,2025-03-24 17:52:26.455059,ar.clerk@meridian.example,ST 6% - MTC,,ST 6%,Liability,0.0,77.55,,,Northwind Retail,Admin - MTC,Customer order Northwind Retail Mar 2025,Meridian Trading Co.
5ce7964fca,ACC-JV-2025-00030,P1,Journal Entry,Cash Entry,1,2025-03-25,2025-03-25 12:29:35.268856,controller@meridian.example,1110 - Cash - MTC,1110,Cash,Asset,0.0,890.53,,,5223 - Miscellaneous Expenses - MTC,Admin - MTC,Reference #REF-20250325 dated 03-25-2025,Meridian Trading Co.
d9142c44a2,ACC-JV-2025-00030,P1,Journal Entry,Cash Entry,2,2025-03-25,2025-03-25 12:29:35.268856,controller@meridian.example,5223 - Miscellaneous Expenses - MTC,5223,Miscellaneous Expenses,Expense,890.53,0.0,,,1110 - Cash - MTC,Admin - MTC,Reference #REF-20250325 dated 03-25-2025,Meridian Trading Co.
125e635bbd,ACC-PAY-2025-00120,P1,Payment Entry,Payment Entry,1,2025-03-25,2025-03-25 15:42:56.556048,ar.clerk@meridian.example,1310 - Debtors - MTC,1310,Debtors,Asset,0.0,85.94,Customer,Bluepine Hardware,1210 - Primary Checking - MTC,,Amount USD 85.94 received from Bluepine Hardware | Transaction reference no ACH-25-00107 dated 2025-03-25 | Amount USD 85.94 adjusted against Sales Invoice ACC-SINV-2025-00107,Meridian Trading Co.
223df92394,ACC-PAY-2025-00120,P1,Payment Entry,Payment Entry,2,2025-03-25,2025-03-25 15:42:56.556048,ar.clerk@meridian.example,1210 - Primary Checking - MTC,1210,Primary Checking,Asset,85.94,0.0,,,Bluepine Hardware,,Amount USD 85.94 received from Bluepine Hardware | Transaction reference no ACH-25-00107 dated 2025-03-25 | Amount USD 85.94 adjusted against Sales Invoice ACC-SINV-2025-00107,Meridian Trading Co.
103f0816a4,ACC-PAY-2025-00163,P1,Payment Entry,Payment Entry,1,2025-03-25,2025-03-25 10:27:21.143932,ar.clerk@meridian.example,1310 - Debtors - MTC,1310,Debtors,Asset,0.0,545.48,Customer,Northwind Retail,1210 - Primary Checking - MTC,,Amount USD 545.48 received from Northwind Retail | Transaction reference no ACH-25-00127 dated 2025-03-25 | Amount USD 545.48 adjusted against Sales Invoice ACC-SINV-2025-00127,Meridian Trading Co.
a401accb55,ACC-PAY-2025-00163,P1,Payment Entry,Payment Entry,2,2025-03-25,2025-03-25 10:27:21.143932,ar.clerk@meridian.example,1210 - Primary Checking - MTC,1210,Primary Checking,Asset,545.48,0.0,,,Northwind Retail,,Amount USD 545.48 received from Northwind Retail | Transaction reference no ACH-25-00127 dated 2025-03-25 | Amount USD 545.48 adjusted against Sales Invoice ACC-SINV-2025-00127,Meridian Trading Co.
4e65390b1b,ACC-PAY-2025-00193,P1,Payment Entry,Payment Entry,1,2025-03-25,2025-03-25 16:39:34.954286,ar.clerk@meridian.example,1310 - Debtors - MTC,1310,Debtors,Asset,0.0,15515.32,Customer,Summit Rentals,1210 - Primary Checking - MTC,,Amount USD 15515.32 received from Summit Rentals | Transaction reference no ACH-25-00165 dated 2025-03-25 | Amount USD 15515.32 adjusted against Sales Invoice ACC-SINV-2025-00165,Meridian Trading Co.
e948931c65,ACC-PAY-2025-00193,P1,Payment Entry,Payment Entry,2,2025-03-25,2025-03-25 16:39:34.954286,ar.clerk@meridian.example,1210 - Primary Checking - MTC,1210,Primary Checking,Asset,15515.32,0.0,,,Summit Rentals,,Amount USD 15515.32 received from Summit Rentals | Transaction reference no ACH-25-00165 dated 2025-03-25 | Amount USD 15515.32 adjusted against Sales Invoice ACC-SINV-2025-00165,Meridian Trading Co.
244f617d42,ACC-PAY-2025-00220,P1,Payment Entry,Payment Entry,1,2025-03-25,2025-03-25 15:16:20.810223,ap.clerk@meridian.example,1210 - Primary Checking - MTC,1210,Primary Checking,Asset,0.0,8589.91,,,Ironclad Security,,Amount USD 8589.91 paid to Ironclad Security | Transaction reference no ACH-25-00089 dated 2025-03-25 | Amount USD 8589.91 adjusted against Purchase Invoice ACC-PINV-2025-00089,Meridian Trading Co.
46fafc1540,ACC-PAY-2025-00220,P1,Payment Entry,Payment Entry,2,2025-03-25,2025-03-25 15:16:20.810223,ap.clerk@meridian.example,2110 - Creditors - MTC,2110,Creditors,Liability,8589.91,0.0,Supplier,Ironclad Security,1210 - Primary Checking - MTC,,Amount USD 8589.91 paid to Ironclad Security | Transaction reference no ACH-25-00089 dated 2025-03-25 | Amount USD 8589.91 adjusted against Purchase Invoice ACC-PINV-2025-00089,Meridian Trading Co.
0680ad27e4,ACC-PINV-2025-00072,P1,Purchase Invoice,Purchase Invoice,1,2025-03-25,2025-03-25 17:26:14.909143,ap.clerk@meridian.example,2110 - Creditors - MTC,2110,Creditors,Liability,0.0,11629.05,Supplier,Vulcan Materials Co,5111 - Cost of Goods Sold - MTC,,Vulcan Materials Co March 2025 billing,Meridian Trading Co.
14413290ef,ACC-PINV-2025-00072,P1,Purchase Invoice,Purchase Invoice,2,2025-03-25,2025-03-25 17:26:14.909143,ap.clerk@meridian.example,5111 - Cost of Goods Sold - MTC,5111,Cost of Goods Sold,Expense,11629.05,0.0,,,Vulcan Materials Co,Warehouse - MTC,Vulcan Materials Co March 2025 billing,Meridian Trading Co.
0adcb18063,ACC-SINV-2025-00120,P1,Sales Invoice,Sales Invoice,1,2025-03-25,2025-03-25 15:06:06.565358,ar.clerk@meridian.example,ST 6% - MTC,,ST 6%,Liability,0.0,49.11,,,Summit Rentals,Admin - MTC,Customer order Summit Rentals Mar 2025,Meridian Trading Co.
1debdd43f2,ACC-SINV-2025-00120,P1,Sales Invoice,Sales Invoice,2,2025-03-25,2025-03-25 15:06:06.565358,ar.clerk@meridian.example,4110 - Sales - MTC,4110,Sales,Income,0.0,284.4,,,Summit Rentals,Warehouse - MTC,Customer order Summit Rentals Mar 2025,Meridian Trading Co.
ee9f20b189,ACC-SINV-2025-00120,P1,Sales Invoice,Sales Invoice,3,2025-03-25,2025-03-25 15:06:06.565358,ar.clerk@meridian.example,4110 - Sales - MTC,4110,Sales,Income,0.0,534.12,,,Summit Rentals,Sales Ops - MTC,Customer order Summit Rentals Mar 2025,Meridian Trading Co.
eebee95ec9,ACC-SINV-2025-00120,P1,Sales Invoice,Sales Invoice,4,2025-03-25,2025-03-25 15:06:06.565358,ar.clerk@meridian.example,1310 - Debtors - MTC,1310,Debtors,Asset,867.63,0.0,Customer,Summit Rentals,4110 - Sales - MTC,,Customer order Summit Rentals Mar 2025,Meridian Trading Co.
89f7f77e37,ACC-SINV-2025-00138,P1,Sales Invoice,Sales Invoice,1,2025-03-25,2025-03-25 13:32:52.493454,ar.clerk@meridian.example,4120 - Service - MTC,4120,Service,Income,0.0,2530.92,,,Northwind Retail,Warehouse - MTC,Customer order Northwind Retail Mar 2025,Meridian Trading Co.
b105a7ebc3,ACC-SINV-2025-00138,P1,Sales Invoice,Sales Invoice,2,2025-03-25,2025-03-25 13:32:52.493454,ar.clerk@meridian.example,4120 - Service - MTC,4120,Service,Income,0.0,21245.61,,,Northwind Retail,Admin - MTC,Customer order Northwind Retail Mar 2025,Meridian Trading Co.
bd256b53fb,ACC-SINV-2025-00138,P1,Sales Invoice,Sales Invoice,3,2025-03-25,2025-03-25 13:32:52.493454,ar.clerk@meridian.example,1310 - Debtors - MTC,1310,Debtors,Asset,26911.78,0.0,Customer,Northwind Retail,"4110 - Sales - MTC,4120 - Service - MTC",,Customer order Northwind Retail Mar 2025,Meridian Trading Co.
d3422a2d6b,ACC-SINV-2025-00138,P1,Sales Invoice,Sales Invoice,4,2025-03-25,2025-03-25 13:32:52.493454,ar.clerk@meridian.example,ST 6% - MTC,,ST 6%,Liability,0.0,1523.31,,,Northwind Retail,Admin - MTC,Customer order Northwind Retail Mar 2025,Meridian Trading Co.
fd2f7ea7cb,ACC-SINV-2025-00138,P1,Sales Invoice,Sales Invoice,5,2025-03-25,2025-03-25 13:32:52.493454,ar.clerk@meridian.example,4110 - Sales - MTC,4110,Sales,Income,0.0,1611.94,,,Northwind Retail,Warehouse - MTC,Customer order Northwind Retail Mar 2025,Meridian Trading Co.
0dd47d19f9,ACC-SINV-2025-00143,P1,Sales Invoice,Sales Invoice,1,2025-03-25,2025-03-25 18:12:25.688612,ar.clerk@meridian.example,1310 - Debtors - MTC,1310,Debtors,Asset,3315.89,0.0,Customer,Pactrail Sports,4110 - Sales - MTC,,Customer order Pactrail Sports Mar 2025,Meridian Trading Co.
12037e5eeb,ACC-SINV-2025-00143,P1,Sales Invoice,Sales Invoice,2,2025-03-25,2025-03-25 18:12:25.688612,ar.clerk@meridian.example,4110 - Sales - MTC,4110,Sales,Income,0.0,1268.2,,,Pactrail Sports,Sales Ops - MTC,Customer order Pactrail Sports Mar 2025,Meridian Trading Co.
233e46bf66,ACC-SINV-2025-00143,P1,Sales Invoice,Sales Invoice,3,2025-03-25,2025-03-25 18:12:25.688612,ar.clerk@meridian.example,ST 6% - MTC,,ST 6%,Liability,0.0,187.69,,,Pactrail Sports,Admin - MTC,Customer order Pactrail Sports Mar 2025,Meridian Trading Co.
23a0066366,ACC-SINV-2025-00143,P1,Sales Invoice,Sales Invoice,4,2025-03-25,2025-03-25 18:12:25.688612,ar.clerk@meridian.example,4110 - Sales - MTC,4110,Sales,Income,0.0,1860.0,,,Pactrail Sports,Warehouse - MTC,Customer order Pactrail Sports Mar 2025,Meridian Trading Co.
20259f4c74,ACC-PAY-2025-00079,P1,Payment Entry,Payment Entry,1,2025-03-26,2025-03-26 08:57:13.659235,ar.clerk@meridian.example,1210 - Primary Checking - MTC,1210,Primary Checking,Asset,12947.26,0.0,,,Juniper & Co,,Amount USD 12947.26 received from Juniper & Co | Transaction reference no ACH-25-00063 dated 2025-03-26 | Amount USD 12947.26 adjusted against Sales Invoice ACC-SINV-2025-00063,Meridian Trading Co.
8c7c696711,ACC-PAY-2025-00079,P1,Payment Entry,Payment Entry,2,2025-03-26,2025-03-26 08:57:13.659235,ar.clerk@meridian.example,1310 - Debtors - MTC,1310,Debtors,Asset,0.0,12947.26,Customer,Juniper & Co,1210 - Primary Checking - MTC,,Amount USD 12947.26 received from Juniper & Co | Transaction reference no ACH-25-00063 dated 2025-03-26 | Amount USD 12947.26 adjusted against Sales Invoice ACC-SINV-2025-00063,Meridian Trading Co.
573361c40a,ACC-PAY-2025-00091,P1,Payment Entry,Payment Entry,1,2025-03-26,2025-03-26 14:43:50.871284,ar.clerk@meridian.example,1310 - Debtors - MTC,1310,Debtors,Asset,0.0,7957.32,Customer,Kestrel Foods,1210 - Primary Checking - MTC,,Amount USD 7957.32 received from Kestrel Foods | Transaction reference no ACH-25-00077 dated 2025-03-26 | Amount USD 7957.32 adjusted against Sales Invoice ACC-SINV-2025-00077,Meridian Trading Co.
a0f35cdeab,ACC-PAY-2025-00091,P1,Payment Entry,Payment Entry,2,2025-03-26,2025-03-26 14:43:50.871284,ar.clerk@meridian.example,1210 - Primary Checking - MTC,1210,Primary Checking,Asset,7957.32,0.0,,,Kestrel Foods,,Amount USD 7957.32 received from Kestrel Foods | Transaction reference no ACH-25-00077 dated 2025-03-26 | Amount USD 7957.32 adjusted against Sales Invoice ACC-SINV-2025-00077,Meridian Trading Co.
01309b4fca,ACC-PINV-2025-00065,P1,Purchase Invoice,Purchase Invoice,1,2025-03-26,2025-03-31 08:39:00.542810,ap.clerk@meridian.example,5216 - Travel Expenses - MTC,5216,Travel Expenses,Expense,1311.92,0.0,,,Orchard Wholesale,Admin - MTC,Orchard Wholesale March 2025 billing,Meridian Trading Co.
13554c85aa,ACC-PINV-2025-00065,P1,Purchase Invoice,Purchase Invoice,2,2025-03-26,2025-03-31 08:39:00.542810,ap.clerk@meridian.example,5111 - Cost of Goods Sold - MTC,5111,Cost of Goods Sold,Expense,10483.63,0.0,,,Orchard Wholesale,Warehouse - MTC,Orchard Wholesale March 2025 billing,Meridian Trading Co.
7588eb1a23,ACC-PINV-2025-00065,P1,Purchase Invoice,Purchase Invoice,3,2025-03-26,2025-03-31 08:39:00.542810,ap.clerk@meridian.example,2110 - Creditors - MTC,2110,Creditors,Liability,0.0,11795.55,Supplier,Orchard Wholesale,"5111 - Cost of Goods Sold - MTC,5216 - Travel Expenses - MTC",,Orchard Wholesale March 2025 billing,Meridian Trading Co.
0e3b296979,ACC-PINV-2025-00079,P1,Purchase Invoice,Purchase Invoice,1,2025-03-26,2025-03-26 16:09:35.088313,ap.clerk@meridian.example,5205 - Freight and Forwarding Charges - MTC,5205,Freight and Forwarding Charges,Expense,978.31,0.0,,,Beacon Freight,Admin - MTC,Beacon Freight March 2025 billing,Meridian Trading Co.
26e5565ab2,ACC-PINV-2025-00079,P1,Purchase Invoice,Purchase Invoice,2,2025-03-26,2025-03-26 16:09:35.088313,ap.clerk@meridian.example,2110 - Creditors - MTC,2110,Creditors,Liability,0.0,978.31,Supplier,Beacon Freight,5205 - Freight and Forwarding Charges - MTC,,Beacon Freight March 2025 billing,Meridian Trading Co.
0107119caf,ACC-SINV-2025-00114,P1,Sales Invoice,Sales Invoice,1,2025-03-26,2025-03-26 12:50:13.532388,ar.clerk@meridian.example,4110 - Sales - MTC,4110,Sales,Income,0.0,682.78,,,Ferrous Works,Warehouse - MTC,Customer order Ferrous Works Mar 2025,Meridian Trading Co.
19fe3a05a5,ACC-SINV-2025-00114,P1,Sales Invoice,Sales Invoice,2,2025-03-26,2025-03-26 12:50:13.532388,ar.clerk@meridian.example,ST 6% - MTC,,ST 6%,Liability,0.0,96.41,,,Ferrous Works,Admin - MTC,Customer order Ferrous Works Mar 2025,Meridian Trading Co.
6f635262f9,ACC-SINV-2025-00114,P1,Sales Invoice,Sales Invoice,3,2025-03-26,2025-03-26 12:50:13.532388,ar.clerk@meridian.example,1310 - Debtors - MTC,1310,Debtors,Asset,1703.19,0.0,Customer,Ferrous Works,4110 - Sales - MTC,,Customer order Ferrous Works Mar 2025,Meridian Trading Co.
9bd5f58984,ACC-SINV-2025-00114,P1,Sales Invoice,Sales Invoice,4,2025-03-26,2025-03-26 12:50:13.532388,ar.clerk@meridian.example,4110 - Sales - MTC,4110,Sales,Income,0.0,924.0,,,Ferrous Works,Sales Ops - MTC,Customer order Ferrous Works Mar 2025,Meridian Trading Co.
213bd33225,ACC-SINV-2025-00125,P1,Sales Invoice,Sales Invoice,1,2025-03-26,2025-03-26 08:54:19.521364,ar.clerk@meridian.example,1310 - Debtors - MTC,1310,Debtors,Asset,10095.92,0.0,Customer,Kestrel Foods,"4120 - Service - MTC,4110 - Sales - MTC",,Customer order Kestrel Foods Mar 2025,Meridian Trading Co.
5bac2fd357,ACC-SINV-2025-00125,P1,Sales Invoice,Sales Invoice,2,2025-03-26,2025-03-26 08:54:19.521364,ar.clerk@meridian.example,4110 - Sales - MTC,4110,Sales,Income,0.0,787.44,,,Kestrel Foods,Sales Ops - MTC,Customer order Kestrel Foods Mar 2025,Meridian Trading Co.
7b4011b849,ACC-SINV-2025-00125,P1,Sales Invoice,Sales Invoice,3,2025-03-26,2025-03-26 08:54:19.521364,ar.clerk@meridian.example,4120 - Service - MTC,4120,Service,Income,0.0,8737.01,,,Kestrel Foods,Sales Ops - MTC,Customer order Kestrel Foods Mar 2025,Meridian Trading Co.
c3189ce956,ACC-SINV-2025-00125,P1,Sales Invoice,Sales Invoice,4,2025-03-26,2025-03-26 08:54:19.521364,ar.clerk@meridian.example,ST 6% - MTC,,ST 6%,Liability,0.0,571.47,,,Kestrel Foods,Admin - MTC,Customer order Kestrel Foods Mar 2025,Meridian Trading Co.
31f055bf75,ACC-SINV-2025-00129,P1,Sales Invoice,Sales Invoice,1,2025-03-26,2025-03-26 15:37:47.752759,ar.clerk@meridian.example,4110 - Sales - MTC,4110,Sales,Income,0.0,1316.28,,,Halstrom Supply,Warehouse - MTC,Customer order Halstrom Supply Mar 2025,Meridian Trading Co.
69fce08e52,ACC-SINV-2025-00129,P1,Sales Invoice,Sales Invoice,2,2025-03-26,2025-03-26 15:37:47.752759,ar.clerk@meridian.example,1310 - Debtors - MTC,1310,Debtors,Asset,1395.26,0.0,Customer,Halstrom Supply,4110 - Sales - MTC,,Customer order Halstrom Supply Mar 2025,Meridian Trading Co.
93d5a6dba2,ACC-SINV-2025-00129,P1,Sales Invoice,Sales Invoice,3,2025-03-26,2025-03-26 15:37:47.752759,ar.clerk@meridian.example,ST 6% - MTC,,ST 6%,Liability,0.0,78.98,,,Halstrom Supply,Admin - MTC,Customer order Halstrom Supply Mar 2025,Meridian Trading Co.
48201d3d3b,ACC-SINV-2025-00132,P1,Sales Invoice,Sales Invoice,1,2025-03-26,2025-03-26 12:35:47.653486,ar.clerk@meridian.example,4120 - Service - MTC,4120,Service,Income,0.0,12233.85,,,Halstrom Supply,Warehouse - MTC,Customer order Halstrom Supply Mar 2025,Meridian Trading Co.
656c3d455c,ACC-SINV-2025-00132,P1,Sales Invoice,Sales Invoice,2,2025-03-26,2025-03-26 12:35:47.653486,ar.clerk@meridian.example,1310 - Debtors - MTC,1310,Debtors,Asset,32283.41,0.0,Customer,Halstrom Supply,"4110 - Sales - MTC,4130 - Freight Income - MTC,4120 - Service - MTC",,Customer order Halstrom Supply Mar 2025,Meridian Trading Co.
6f62ce062d,ACC-SINV-2025-00132,P1,Sales Invoice,Sales Invoice,3,2025-03-26,2025-03-26 12:35:47.653486,ar.clerk@meridian.example,4120 - Service - MTC,4120,Service,Income,0.0,5346.72,,,Halstrom Supply,Sales Ops - MTC,Customer order Halstrom Supply Mar 2025,Meridian Trading Co.
a9a5202d1a,ACC-SINV-2025-00132,P1,Sales Invoice,Sales Invoice,4,2025-03-26,2025-03-26 12:35:47.653486,ar.clerk@meridian.example,4110 - Sales - MTC,4110,Sales,Income,0.0,2082.6,,,Halstrom Supply,Sales Ops - MTC,Customer order Halstrom Supply Mar 2025,Meridian Trading Co.
de85eeeee1,ACC-SINV-2025-00132,P1,Sales Invoice,Sales Invoice,5,2025-03-26,2025-03-26 12:35:47.653486,ar.clerk@meridian.example,4130 - Freight Income - MTC,4130,Freight Income,Income,0.0,363.36,,,Halstrom Supply,Admin - MTC,Customer order Halstrom Supply Mar 2025,Meridian Trading Co.
e9b33afb6f,ACC-SINV-2025-00132,P1,Sales Invoice,Sales Invoice,6,2025-03-26,2025-03-26 12:35:47.653486,ar.clerk@meridian.example,ST 6% - MTC,,ST 6%,Liability,0.0,1827.36,,,Halstrom Supply,Admin - MTC,Customer order Halstrom Supply Mar 2025,Meridian Trading Co.
faba0834f4,ACC-SINV-2025-00132,P1,Sales Invoice,Sales Invoice,7,2025-03-26,2025-03-26 12:35:47.653486,ar.clerk@meridian.example,4120 - Service - MTC,4120,Service,Income,0.0,10429.52,,,Halstrom Supply,Admin - MTC,Customer order Halstrom Supply Mar 2025,Meridian Trading Co.
01ba86bdb9,ACC-SINV-2025-00142,P1,Sales Invoice,Sales Invoice,1,2025-03-26,2025-03-26 16:39:21.608257,ar.clerk@meridian.example,1310 - Debtors - MTC,1310,Debtors,Asset,517.53,0.0,Customer,Galehouse Media,4110 - Sales - MTC,,Customer order Galehouse Media Mar 2025,Meridian Trading Co.
3e1803ca3b,ACC-SINV-2025-00142,P1,Sales Invoice,Sales Invoice,2,2025-03-26,2025-03-26 16:39:21.608257,ar.clerk@meridian.example,ST 6% - MTC,,ST 6%,Liability,0.0,29.29,,,Galehouse Media,Admin - MTC,Customer order Galehouse Media Mar 2025,Meridian Trading Co.
a3fb732a7d,ACC-SINV-2025-00142,P1,Sales Invoice,Sales Invoice,3,2025-03-26,2025-03-26 16:39:21.608257,ar.clerk@meridian.example,4110 - Sales - MTC,4110,Sales,Income,0.0,488.24,,,Galehouse Media,Warehouse - MTC,Customer order Galehouse Media Mar 2025,Meridian Trading Co.
1434ace8a7,ACC-SINV-2025-00160,P1,Sales Invoice,Sales Invoice,1,2025-03-26,2025-03-26 11:39:46.104754,ar.clerk@meridian.example,4110 - Sales - MTC,4110,Sales,Income,0.0,78.06,,,Ovation Events,Warehouse - MTC,Customer order Ovation Events Mar 2025,Meridian Trading Co.
f56d1f1cbe,ACC-SINV-2025-00160,P1,Sales Invoice,Sales Invoice,2,2025-03-26,2025-03-26 11:39:46.104754,ar.clerk@meridian.example,1310 - Debtors - MTC,1310,Debtors,Asset,78.06,0.0,Customer,Ovation Events,4110 - Sales - MTC,,Customer order Ovation Events Mar 2025,Meridian Trading Co.
5715b478fb,ACC-SINV-2025-00166,P1,Sales Invoice,Sales Invoice,1,2025-03-26,2025-03-26 17:18:00.456434,ar.clerk@meridian.example,1310 - Debtors - MTC,1310,Debtors,Asset,127.1,0.0,Customer,Brightline Offices,4110 - Sales - MTC,,Customer order Brightline Offices Mar 2025,Meridian Trading Co.
913dbcd82c,ACC-SINV-2025-00166,P1,Sales Invoice,Sales Invoice,2,2025-03-26,2025-03-26 17:18:00.456434,ar.clerk@meridian.example,ST 6% - MTC,,ST 6%,Liability,0.0,7.19,,,Brightline Offices,Admin - MTC,Customer order Brightline Offices Mar 2025,Meridian Trading Co.
e6cf4f6c95,ACC-SINV-2025-00166,P1,Sales Invoice,Sales Invoice,3,2025-03-26,2025-03-26 17:18:00.456434,ar.clerk@meridian.example,4110 - Sales - MTC,4110,Sales,Income,0.0,119.91,,,Brightline Offices,Sales Ops - MTC,Customer order Brightline Offices Mar 2025,Meridian Trading Co.
74d32f1204,ACC-JV-2025-00029,P1,Journal Entry,Journal Entry,1,2025-03-27,2025-03-27 11:01:27.504786,controller@meridian.example,5217 - Utility Expenses - MTC,5217,Utility Expenses,Expense,10000.0,0.0,,,2150 - Accrued Expenses - MTC,Admin - MTC,,Meridian Trading Co.
76878dff4f,ACC-JV-2025-00029,P1,Journal Entry,Journal Entry,2,2025-03-27,2025-03-27 11:01:27.504786,controller@meridian.example,2150 - Accrued Expenses - MTC,2150,Accrued Expenses,Liability,0.0,10000.0,,,5217 - Utility Expenses - MTC,Admin - MTC,,Meridian Trading Co.
2f4ae582f7,ACC-PINV-2025-00085,P1,Purchase Invoice,Purchase Invoice,1,2025-03-27,2025-03-27 10:36:59.737064,ap.clerk@meridian.example,5208 - Office Maintenance Expenses - MTC,5208,Office Maintenance Expenses,Expense,2342.25,0.0,,,Harlan Office Supply,Admin - MTC,Harlan Office Supply March 2025 billing,Meridian Trading Co.
e2d509493f,ACC-PINV-2025-00085,P1,Purchase Invoice,Purchase Invoice,2,2025-03-27,2025-03-27 10:36:59.737064,ap.clerk@meridian.example,2110 - Creditors - MTC,2110,Creditors,Liability,0.0,2342.25,Supplier,Harlan Office Supply,5208 - Office Maintenance Expenses - MTC,,Harlan Office Supply March 2025 billing,Meridian Trading Co.
0619a5b46b,ACC-PINV-2025-00086,P1,Purchase Invoice,Purchase Invoice,1,2025-03-27,2025-03-27 14:56:35.068937,ap.clerk@meridian.example,2110 - Creditors - MTC,2110,Creditors,Liability,0.0,12914.7,Supplier,Harlan Office Supply,5208 - Office Maintenance Expenses - MTC,,Harlan Office Supply March 2025 billing,Meridian Trading Co.
b9f79ceb8c,ACC-PINV-2025-00086,P1,Purchase Invoice,Purchase Invoice,2,2025-03-27,2025-03-27 14:56:35.068937,ap.clerk@meridian.example,5208 - Office Maintenance Expenses - MTC,5208,Office Maintenance Expenses,Expense,12914.7,0.0,,,Harlan Office Supply,Admin - MTC,Harlan Office Supply March 2025 billing,Meridian Trading Co.
90f3213140,ACC-PINV-2025-00088,P1,Purchase Invoice,Purchase Invoice,1,2025-03-27,2025-03-27 17:37:14.568335,ap.clerk@meridian.example,2110 - Creditors - MTC,2110,Creditors,Liability,0.0,12521.17,Supplier,Quill Marketing Group,5207 - Marketing Expenses - MTC,,Quill Marketing Group March 2025 billing,Meridian Trading Co.
f638bc0422,ACC-PINV-2025-00088,P1,Purchase Invoice,Purchase Invoice,2,2025-03-27,2025-03-27 17:37:14.568335,ap.clerk@meridian.example,5207 - Marketing Expenses - MTC,5207,Marketing Expenses,Expense,12521.17,0.0,,,Quill Marketing Group,Admin - MTC,Quill Marketing Group March 2025 billing,Meridian Trading Co.
2d656e4bbe,ACC-SINV-2025-00133,P1,Sales Invoice,Sales Invoice,1,2025-03-27,2025-03-27 13:35:08.122999,ar.clerk@meridian.example,4110 - Sales - MTC,4110,Sales,Income,0.0,398.16,,,Kestrel Foods,Warehouse - MTC,Customer order Kestrel Foods Mar 2025,Meridian Trading Co.
4f705f3388,ACC-SINV-2025-00133,P1,Sales Invoice,Sales Invoice,2,2025-03-27,2025-03-27 13:35:08.122999,ar.clerk@meridian.example,ST 6% - MTC,,ST 6%,Liability,0.0,148.41,,,Kestrel Foods,Admin - MTC,Customer order Kestrel Foods Mar 2025,Meridian Trading Co.
6a7eeec810,ACC-SINV-2025-00133,P1,Sales Invoice,Sales Invoice,3,2025-03-27,2025-03-27 13:35:08.122999,ar.clerk@meridian.example,1310 - Debtors - MTC,1310,Debtors,Asset,2621.86,0.0,Customer,Kestrel Foods,"4110 - Sales - MTC,4130 - Freight Income - MTC",,Customer order Kestrel Foods Mar 2025,Meridian Trading Co.
8d5f6c674f,ACC-SINV-2025-00133,P1,Sales Invoice,Sales Invoice,4,2025-03-27,2025-03-27 13:35:08.122999,ar.clerk@meridian.example,4130 - Freight Income - MTC,4130,Freight Income,Income,0.0,2075.29,,,Kestrel Foods,Admin - MTC,Customer order Kestrel Foods Mar 2025,Meridian Trading Co.
61be007821,ACC-SINV-2025-00135,P1,Sales Invoice,Sales Invoice,1,2025-03-27,2025-03-27 18:25:15.039979,ar.clerk@meridian.example,4110 - Sales - MTC,4110,Sales,Income,0.0,1149.69,,,Bluepine Hardware,Warehouse - MTC,Customer order Bluepine Hardware Mar 2025,Meridian Trading Co.
8673dd2afc,ACC-SINV-2025-00135,P1,Sales Invoice,Sales Invoice,2,2025-03-27,2025-03-27 18:25:15.039979,ar.clerk@meridian.example,ST 6% - MTC,,ST 6%,Liability,0.0,174.59,,,Bluepine Hardware,Admin - MTC,Customer order Bluepine Hardware Mar 2025,Meridian Trading Co.
9657ee1239,ACC-SINV-2025-00135,P1,Sales Invoice,Sales Invoice,3,2025-03-27,2025-03-27 18:25:15.039979,ar.clerk@meridian.example,4110 - Sales - MTC,4110,Sales,Income,0.0,1760.2,,,Bluepine Hardware,Sales Ops - MTC,Customer order Bluepine Hardware Mar 2025,Meridian Trading Co.
a2e94815cd,ACC-SINV-2025-00135,P1,Sales Invoice,Sales Invoice,4,2025-03-27,2025-03-27 18:25:15.039979,ar.clerk@meridian.example,1310 - Debtors - MTC,1310,Debtors,Asset,3084.48,0.0,Customer,Bluepine Hardware,4110 - Sales - MTC,,Customer order Bluepine Hardware Mar 2025,Meridian Trading Co.
22c4463930,ACC-SINV-2025-00137,P1,Sales Invoice,Sales Invoice,1,2025-03-27,2025-03-27 11:42:30.525004,ar.clerk@meridian.example,4110 - Sales - MTC,4110,Sales,Income,0.0,769.51,,,Redcedar Builders,Warehouse - MTC,Customer order Redcedar Builders Mar 2025,Meridian Trading Co.
687a26a316,ACC-SINV-2025-00137,P1,Sales Invoice,Sales Invoice,2,2025-03-27,2025-03-27 11:42:30.525004,ar.clerk@meridian.example,ST 6% - MTC,,ST 6%,Liability,0.0,91.04,,,Redcedar Builders,Admin - MTC,Customer order Redcedar Builders Mar 2025,Meridian Trading Co.
74907368bc,ACC-SINV-2025-00137,P1,Sales Invoice,Sales Invoice,3,2025-03-27,2025-03-27 11:42:30.525004,ar.clerk@meridian.example,1310 - Debtors - MTC,1310,Debtors,Asset,1608.36,0.0,Customer,Redcedar Builders,4110 - Sales - MTC,,Customer order Redcedar Builders Mar 2025,Meridian Trading Co.
f4ce236750,ACC-SINV-2025-00137,P1,Sales Invoice,Sales Invoice,4,2025-03-27,2025-03-27 11:42:30.525004,ar.clerk@meridian.example,4110 - Sales - MTC,4110,Sales,Income,0.0,747.81,,,Redcedar Builders,Sales Ops - MTC,Customer order Redcedar Builders Mar 2025,Meridian Trading Co.
0f2a2e1245,ACC-SINV-2025-00151,P1,Sales Invoice,Sales Invoice,1,2025-03-27,2025-03-27 08:31:21.464160,ar.clerk@meridian.example,ST 6% - MTC,,ST 6%,Liability,0.0,0.69,,,Pactrail Sports,Admin - MTC,Customer order Pactrail Sports Mar 2025,Meridian Trading Co.
d1892d2fbc,ACC-SINV-2025-00151,P1,Sales Invoice,Sales Invoice,2,2025-03-27,2025-03-27 08:31:21.464160,ar.clerk@meridian.example,1310 - Debtors - MTC,1310,Debtors,Asset,12.13,0.0,Customer,Pactrail Sports,4110 - Sales - MTC,,Customer order Pactrail Sports Mar 2025,Meridian Trading Co.
d5d42a09a6,ACC-SINV-2025-00151,P1,Sales Invoice,Sales Invoice,3,2025-03-27,2025-03-27 08:31:21.464160,ar.clerk@meridian.example,4110 - Sales - MTC,4110,Sales,Income,0.0,11.44,,,Pactrail Sports,Warehouse - MTC,Customer order Pactrail Sports Mar 2025,Meridian Trading Co.
2aa91af835,ACC-SINV-2025-00154,P1,Sales Invoice,Sales Invoice,1,2025-03-27,2025-03-27 11:31:35.399626,ar.clerk@meridian.example,4110 - Sales - MTC,4110,Sales,Income,0.0,2981.86,,,Ferrous Works,Sales Ops - MTC,Customer order Ferrous Works Mar 2025,Meridian Trading Co.
a45bf85829,ACC-SINV-2025-00154,P1,Sales Invoice,Sales Invoice,2,2025-03-27,2025-03-27 11:31:35.399626,ar.clerk@meridian.example,4120 - Service - MTC,4120,Service,Income,0.0,2557.0,,,Ferrous Works,Admin - MTC,Customer order Ferrous Works Mar 2025,Meridian Trading Co.
c22cabbe49,ACC-SINV-2025-00154,P1,Sales Invoice,Sales Invoice,3,2025-03-27,2025-03-27 11:31:35.399626,ar.clerk@meridian.example,ST 6% - MTC,,ST 6%,Liability,0.0,332.33,,,Ferrous Works,Admin - MTC,Customer order Ferrous Works Mar 2025,Meridian Trading Co.
cbd9c5f10f,ACC-SINV-2025-00154,P1,Sales Invoice,Sales Invoice,4,2025-03-27,2025-03-27 11:31:35.399626,ar.clerk@meridian.example,1310 - Debtors - MTC,1310,Debtors,Asset,5871.19,0.0,Customer,Ferrous Works,"4110 - Sales - MTC,4120 - Service - MTC",,Customer order Ferrous Works Mar 2025,Meridian Trading Co.
20321bd53d,ACC-SINV-2025-00161,P1,Sales Invoice,Sales Invoice,1,2025-03-27,2025-03-27 17:03:28.293299,ar.clerk@meridian.example,1310 - Debtors - MTC,1310,Debtors,Asset,2780.01,0.0,Customer,Pactrail Sports,"4110 - Sales - MTC,4130 - Freight Income - MTC",,Customer order Pactrail Sports Mar 2025,Meridian Trading Co.
2eee1fd503,ACC-SINV-2025-00161,P1,Sales Invoice,Sales Invoice,2,2025-03-27,2025-03-27 17:03:28.293299,ar.clerk@meridian.example,4130 - Freight Income - MTC,4130,Freight Income,Income,0.0,717.28,,,Pactrail Sports,Admin - MTC,Customer order Pactrail Sports Mar 2025,Meridian Trading Co.
82a0e039a0,ACC-SINV-2025-00161,P1,Sales Invoice,Sales Invoice,3,2025-03-27,2025-03-27 17:03:28.293299,ar.clerk@meridian.example,4110 - Sales - MTC,4110,Sales,Income,0.0,1813.77,,,Pactrail Sports,Sales Ops - MTC,Customer order Pactrail Sports Mar 2025,Meridian Trading Co.
ab202c3437,ACC-SINV-2025-00161,P1,Sales Invoice,Sales Invoice,4,2025-03-27,2025-03-27 17:03:28.293299,ar.clerk@meridian.example,ST 6% - MTC,,ST 6%,Liability,0.0,157.36,,,Pactrail Sports,Admin - MTC,Customer order Pactrail Sports Mar 2025,Meridian Trading Co.
cbadbeb792,ACC-SINV-2025-00161,P1,Sales Invoice,Sales Invoice,5,2025-03-27,2025-03-27 17:03:28.293299,ar.clerk@meridian.example,4110 - Sales - MTC,4110,Sales,Income,0.0,91.6,,,Pactrail Sports,Warehouse - MTC,Customer order Pactrail Sports Mar 2025,Meridian Trading Co.
aab69dba26,ACC-JV-2025-00031,P1,Journal Entry,Cash Entry,1,2025-03-28,2025-03-28 09:49:10.250459,controller@meridian.example,5223 - Miscellaneous Expenses - MTC,5223,Miscellaneous Expenses,Expense,267.82,0.0,,,1110 - Cash - MTC,Admin - MTC,Reference #REF-20250328 dated 03-28-2025,Meridian Trading Co.
d950a34ff7,ACC-JV-2025-00031,P1,Journal Entry,Cash Entry,2,2025-03-28,2025-03-28 09:49:10.250459,controller@meridian.example,1110 - Cash - MTC,1110,Cash,Asset,0.0,267.82,,,5223 - Miscellaneous Expenses - MTC,Admin - MTC,Reference #REF-20250328 dated 03-28-2025,Meridian Trading Co.
028f5e5c83,ACC-PAY-2025-00071,P1,Payment Entry,Payment Entry,1,2025-03-28,2025-03-28 16:27:17.718319,ar.clerk@meridian.example,1210 - Primary Checking - MTC,1210,Primary Checking,Asset,5209.71,0.0,,,Northwind Retail,,Amount USD 5209.71 received from Northwind Retail | Transaction reference no ACH-25-00054 dated 2025-03-28 | Amount USD 5209.71 adjusted against Sales Invoice ACC-SINV-2025-00054,Meridian Trading Co.
b7247708a7,ACC-PAY-2025-00071,P1,Payment Entry,Payment Entry,2,2025-03-28,2025-03-28 16:27:17.718319,ar.clerk@meridian.example,1310 - Debtors - MTC,1310,Debtors,Asset,0.0,5209.71,Customer,Northwind Retail,1210 - Primary Checking - MTC,,Amount USD 5209.71 received from Northwind Retail | Transaction reference no ACH-25-00054 dated 2025-03-28 | Amount USD 5209.71 adjusted against Sales Invoice ACC-SINV-2025-00054,Meridian Trading Co.
140ad58261,ACC-PAY-2025-00116,P1,Payment Entry,Payment Entry,1,2025-03-28,2025-03-28 18:25:09.089596,ar.clerk@meridian.example,1310 - Debtors - MTC,1310,Debtors,Asset,0.0,3033.39,Customer,Northwind Retail,1210 - Primary Checking - MTC,,Amount USD 3033.39 received from Northwind Retail | Transaction reference no ACH-25-00103 dated 2025-03-28 | Amount USD 3033.39 adjusted against Sales Invoice ACC-SINV-2025-00103,Meridian Trading Co.
20cc1b6339,ACC-PAY-2025-00116,P1,Payment Entry,Payment Entry,2,2025-03-28,2025-03-28 18:25:09.089596,ar.clerk@meridian.example,1210 - Primary Checking - MTC,1210,Primary Checking,Asset,3033.39,0.0,,,Northwind Retail,,Amount USD 3033.39 received from Northwind Retail | Transaction reference no ACH-25-00103 dated 2025-03-28 | Amount USD 3033.39 adjusted against Sales Invoice ACC-SINV-2025-00103,Meridian Trading Co.
9755a0491f,ACC-PAY-2025-00150,P1,Payment Entry,Payment Entry,1,2025-03-28,2025-03-28 10:49:37.736065,ar.clerk@meridian.example,1310 - Debtors - MTC,1310,Debtors,Asset,0.0,278.57,Customer,Pactrail Sports,1210 - Primary Checking - MTC,,Amount USD 278.57 received from Pactrail Sports | Transaction reference no ACH-25-00112 dated 2025-03-28 | Amount USD 278.57 adjusted against Sales Invoice ACC-SINV-2025-00112,Meridian Trading Co.
e124ab738b,ACC-PAY-2025-00150,P1,Payment Entry,Payment Entry,2,2025-03-28,2025-03-28 10:49:37.736065,ar.clerk@meridian.example,1210 - Primary Checking - MTC,1210,Primary Checking,Asset,278.57,0.0,,,Pactrail Sports,,Amount USD 278.57 received from Pactrail Sports | Transaction reference no ACH-25-00112 dated 2025-03-28 | Amount USD 278.57 adjusted against Sales Invoice ACC-SINV-2025-00112,Meridian Trading Co.
3c3b46dfae,ACC-PAY-2025-00215,P1,Payment Entry,Payment Entry,1,2025-03-28,2025-03-28 10:28:12.883134,ap.clerk@meridian.example,1210 - Primary Checking - MTC,1210,Primary Checking,Asset,0.0,17396.47,,,Metro Utilities,,Amount USD 17396.47 paid to Metro Utilities | Transaction reference no ACH-25-00084 dated 2025-03-28 | Amount USD 17396.47 adjusted against Purchase Invoice ACC-PINV-2025-00084,Meridian Trading Co.
6a74b07fa2,ACC-PAY-2025-00215,P1,Payment Entry,Payment Entry,2,2025-03-28,2025-03-28 10:28:12.883134,ap.clerk@meridian.example,2110 - Creditors - MTC,2110,Creditors,Liability,17396.47,0.0,Supplier,Metro Utilities,1210 - Primary Checking - MTC,,Amount USD 17396.47 paid to Metro Utilities | Transaction reference no ACH-25-00084 dated 2025-03-28 | Amount USD 17396.47 adjusted against Purchase Invoice ACC-PINV-2025-00084,Meridian Trading Co.
55c4623a66,ACC-SINV-2025-00119,P1,Sales Invoice,Sales Invoice,1,2025-03-28,2025-03-28 12:53:49.562419,ar.clerk@meridian.example,4110 - Sales - MTC,4110,Sales,Income,0.0,109.92,,,Brightline Offices,Warehouse - MTC,Customer order Brightline Offices Mar 2025,Meridian Trading Co.
c074aab585,ACC-SINV-2025-00119,P1,Sales Invoice,Sales Invoice,2,2025-03-28,2025-03-28 12:53:49.562419,ar.clerk@meridian.example,1310 - Debtors - MTC,1310,Debtors,Asset,1213.23,0.0,Customer,Brightline Offices,4110 - Sales - MTC,,Customer order Brightline Offices Mar 2025,Meridian Trading Co.
f57962fac5,ACC-SINV-2025-00119,P1,Sales Invoice,Sales Invoice,3,2025-03-28,2025-03-28 12:53:49.562419,ar.clerk@meridian.example,ST 6% - MTC,,ST 6%,Liability,0.0,68.67,,,Brightline Offices,Admin - MTC,Customer order Brightline Offices Mar 2025,Meridian Trading Co.
fd8e239960,ACC-SINV-2025-00119,P1,Sales Invoice,Sales Invoice,4,2025-03-28,2025-03-28 12:53:49.562419,ar.clerk@meridian.example,4110 - Sales - MTC,4110,Sales,Income,0.0,1034.64,,,Brightline Offices,Sales Ops - MTC,Customer order Brightline Offices Mar 2025,Meridian Trading Co.
2fe42f0578,ACC-SINV-2025-00147,P1,Sales Invoice,Sales Invoice,1,2025-03-28,2025-03-28 14:51:35.507465,ar.clerk@meridian.example,ST 6% - MTC,,ST 6%,Liability,0.0,55.28,,,Pactrail Sports,Admin - MTC,Customer order Pactrail Sports Mar 2025,Meridian Trading Co.
570fcf6766,ACC-SINV-2025-00147,P1,Sales Invoice,Sales Invoice,2,2025-03-28,2025-03-28 14:51:35.507465,ar.clerk@meridian.example,4110 - Sales - MTC,4110,Sales,Income,0.0,921.39,,,Pactrail Sports,Warehouse - MTC,Customer order Pactrail Sports Mar 2025,Meridian Trading Co.
ff4428e348,ACC-SINV-2025-00147,P1,Sales Invoice,Sales Invoice,3,2025-03-28,2025-03-28 14:51:35.507465,ar.clerk@meridian.example,1310 - Debtors - MTC,1310,Debtors,Asset,976.67,0.0,Customer,Pactrail Sports,4110 - Sales - MTC,,Customer order Pactrail Sports Mar 2025,Meridian Trading Co.
23524844c9,ACC-SINV-2025-00156,P1,Sales Invoice,Sales Invoice,1,2025-03-28,2025-03-28 08:09:55.129712,ar.clerk@meridian.example,ST 6% - MTC,,ST 6%,Liability,0.0,70.19,,,Pactrail Sports,Admin - MTC,Customer order Pactrail Sports Mar 2025,Meridian Trading Co.
551cd4a8b1,ACC-SINV-2025-00156,P1,Sales Invoice,Sales Invoice,2,2025-03-28,2025-03-28 08:09:55.129712,ar.clerk@meridian.example,1310 - Debtors - MTC,1310,Debtors,Asset,1240.02,0.0,Customer,Pactrail Sports,"4110 - Sales - MTC,4130 - Freight Income - MTC",,Customer order Pactrail Sports Mar 2025,Meridian Trading Co.
a81e59617e,ACC-SINV-2025-00156,P1,Sales Invoice,Sales Invoice,3,2025-03-28,2025-03-28 08:09:55.129712,ar.clerk@meridian.example,4130 - Freight Income - MTC,4130,Freight Income,Income,0.0,636.79,,,Pactrail Sports,Admin - MTC,Customer order Pactrail Sports Mar 2025,Meridian Trading Co.
d84e3173f5,ACC-SINV-2025-00156,P1,Sales Invoice,Sales Invoice,4,2025-03-28,2025-03-28 08:09:55.129712,ar.clerk@meridian.example,4110 - Sales - MTC,4110,Sales,Income,0.0,533.04,,,Pactrail Sports,Sales Ops - MTC,Customer order Pactrail Sports Mar 2025,Meridian Trading Co.
9e01f51f50,ACC-PAY-2025-00178,P1,Payment Entry,Payment Entry,1,2025-03-30,2025-03-31 16:12:20.744687,ar.clerk@meridian.example,1210 - Primary Checking - MTC,1210,Primary Checking,Asset,28399.53,0.0,,,Pactrail Sports,,Amount USD 28399.53 received from Pactrail Sports | Transaction reference no ACH-25-00146 dated 2025-03-30 | Amount USD 28399.53 adjusted against Sales Invoice ACC-SINV-2025-00146,Meridian Trading Co.
c9f9724bb8,ACC-PAY-2025-00178,P1,Payment Entry,Payment Entry,2,2025-03-30,2025-03-31 16:12:20.744687,ar.clerk@meridian.example,1310 - Debtors - MTC,1310,Debtors,Asset,0.0,28399.53,Customer,Pactrail Sports,1210 - Primary Checking - MTC,,Amount USD 28399.53 received from Pactrail Sports | Transaction reference no ACH-25-00146 dated 2025-03-30 | Amount USD 28399.53 adjusted against Sales Invoice ACC-SINV-2025-00146,Meridian Trading Co.
4ce056e231,ACC-JV-2025-00020,P1,Journal Entry,Journal Entry,1,2025-03-31,2025-04-01 01:20:57.750204,batch.bot@meridian.example,5213 - Salary - MTC,5213,Salary,Expense,23837.02,0.0,,,"2320 - Tax Withholding Payable - MTC, 2120 - Payroll Payable - MTC",Sales Ops - MTC,,Meridian Trading Co.
6bc294677b,ACC-JV-2025-00020,P1,Journal Entry,Journal Entry,2,2025-03-31,2025-04-01 01:20:57.750204,batch.bot@meridian.example,2320 - Tax Withholding Payable - MTC,2320,Tax Withholding Payable,Liability,0.0,13123.48,,,5213 - Salary - MTC,Admin - MTC,,Meridian Trading Co.
8d8a8dde67,ACC-JV-2025-00020,P1,Journal Entry,Journal Entry,3,2025-03-31,2025-04-01 01:20:57.750204,batch.bot@meridian.example,2120 - Payroll Payable - MTC,2120,Payroll Payable,Liability,0.0,45463.5,,,5213 - Salary - MTC,Admin - MTC,,Meridian Trading Co.
b7e98c49fc,ACC-JV-2025-00020,P1,Journal Entry,Journal Entry,4,2025-03-31,2025-04-01 01:20:57.750204,batch.bot@meridian.example,5213 - Salary - MTC,5213,Salary,Expense,18932.76,0.0,,,"2320 - Tax Withholding Payable - MTC, 2120 - Payroll Payable - MTC",Admin - MTC,,Meridian Trading Co.
c56562ab57,ACC-JV-2025-00020,P1,Journal Entry,Journal Entry,5,2025-03-31,2025-04-01 01:20:57.750204,batch.bot@meridian.example,5213 - Salary - MTC,5213,Salary,Expense,15817.2,0.0,,,"2320 - Tax Withholding Payable - MTC, 2120 - Payroll Payable - MTC",Warehouse - MTC,,Meridian Trading Co.
40b6c7bd18,ACC-JV-2025-00023,P1,Journal Entry,Depreciation Entry,1,2025-03-31,2025-04-01 03:57:35.767419,batch.bot@meridian.example,5203 - Depreciation - MTC,5203,Depreciation,Expense,1258.34,0.0,,,1780 - Accumulated Depreciation - MTC,Admin - MTC,,Meridian Trading Co.
a2571a743f,ACC-JV-2025-00023,P1,Journal Entry,Depreciation Entry,2,2025-03-31,2025-04-01 03:57:35.767419,batch.bot@meridian.example,1780 - Accumulated Depreciation - MTC,1780,Accumulated Depreciation,Asset,0.0,3416.67,,,5203 - Depreciation - MTC,Admin - MTC,,Meridian Trading Co.
fd67677028,ACC-JV-2025-00023,P1,Journal Entry,Depreciation Entry,3,2025-03-31,2025-04-01 03:57:35.767419,batch.bot@meridian.example,5203 - Depreciation - MTC,5203,Depreciation,Expense,2158.33,0.0,,,1780 - Accumulated Depreciation - MTC,Warehouse - MTC,,Meridian Trading Co.
0d99088bb4,ACC-JV-2025-00024,P1,Journal Entry,Journal Entry,1,2025-03-31,2025-04-01 01:33:53.281413,batch.bot@meridian.example,5228 - Insurance Expense - MTC,5228,Insurance Expense,Expense,1450.0,0.0,,,1660 - Prepaid Expenses - MTC,Admin - MTC,,Meridian Trading Co.
15d0398af6,ACC-JV-2025-00024,P1,Journal Entry,Journal Entry,2,2025-03-31,2025-04-01 01:33:53.281413,batch.bot@meridian.example,1660 - Prepaid Expenses - MTC,1660,Prepaid Expenses,Asset,0.0,1450.0,,,5228 - Insurance Expense - MTC,Admin - MTC,,Meridian Trading Co.
0965fad81e,ACC-JV-2025-00025,P1,Journal Entry,Journal Entry,1,2025-03-31,2025-03-31 17:43:47.898488,controller@meridian.example,5217 - Utility Expenses - MTC,5217,Utility Expenses,Expense,0.0,2706.38,,,"5215 - Telephone Expenses - MTC, 5209 - Office Rent - MTC, 5217 - Utility Expenses - MTC",Admin - MTC,,Meridian Trading Co.
18fe84afbc,ACC-JV-2025-00025,P1,Journal Entry,Journal Entry,2,2025-03-31,2025-03-31 17:43:47.898488,controller@meridian.example,5217 - Utility Expenses - MTC,5217,Utility Expenses,Expense,1522.34,0.0,,,"5215 - Telephone Expenses - MTC, 5209 - Office Rent - MTC, 5217 - Utility Expenses - MTC",Sales Ops - MTC,,Meridian Trading Co.
3106a2c48a,ACC-JV-2025-00025,P1,Journal Entry,Journal Entry,3,2025-03-31,2025-03-31 17:43:47.898488,controller@meridian.example,5215 - Telephone Expenses - MTC,5215,Telephone Expenses,Expense,468.04,0.0,,,"5215 - Telephone Expenses - MTC, 5209 - Office Rent - MTC, 5217 - Utility Expenses - MTC",Warehouse - MTC,,Meridian Trading Co.
429312a9c9,ACC-JV-2025-00025,P1,Journal Entry,Journal Entry,4,2025-03-31,2025-03-31 17:43:47.898488,controller@meridian.example,5215 - Telephone Expenses - MTC,5215,Telephone Expenses,Expense,0.0,1069.81,,,"5215 - Telephone Expenses - MTC, 5209 - Office Rent - MTC, 5217 - Utility Expenses - MTC",Admin - MTC,,Meridian Trading Co.
741e83b87a,ACC-JV-2025-00025,P1,Journal Entry,Journal Entry,5,2025-03-31,2025-03-31 17:43:47.898488,controller@meridian.example,5209 - Office Rent - MTC,5209,Office Rent,Expense,3455.16,0.0,,,"5215 - Telephone Expenses - MTC, 5209 - Office Rent - MTC, 5217 - Utility Expenses - MTC",Warehouse - MTC,,Meridian Trading Co.
7d9f427552,ACC-JV-2025-00025,P1,Journal Entry,Journal Entry,6,2025-03-31,2025-03-31 17:43:47.898488,controller@meridian.example,5215 - Telephone Expenses - MTC,5215,Telephone Expenses,Expense,601.77,0.0,,,"5215 - Telephone Expenses - MTC, 5209 - Office Rent - MTC, 5217 - Utility Expenses - MTC",Sales Ops - MTC,,Meridian Trading Co.
7f43f40d9b,ACC-JV-2025-00025,P1,Journal Entry,Journal Entry,7,2025-03-31,2025-03-31 17:43:47.898488,controller@meridian.example,5209 - Office Rent - MTC,5209,Office Rent,Expense,4442.35,0.0,,,"5215 - Telephone Expenses - MTC, 5209 - Office Rent - MTC, 5217 - Utility Expenses - MTC",Sales Ops - MTC,,Meridian Trading Co.
8a214da4be,ACC-JV-2025-00025,P1,Journal Entry,Journal Entry,8,2025-03-31,2025-03-31 17:43:47.898488,controller@meridian.example,5209 - Office Rent - MTC,5209,Office Rent,Expense,0.0,7897.51,,,"5215 - Telephone Expenses - MTC, 5209 - Office Rent - MTC, 5217 - Utility Expenses - MTC",Admin - MTC,,Meridian Trading Co.
dba568a6bc,ACC-JV-2025-00025,P1,Journal Entry,Journal Entry,9,2025-03-31,2025-03-31 17:43:47.898488,controller@meridian.example,5217 - Utility Expenses - MTC,5217,Utility Expenses,Expense,1184.04,0.0,,,"5215 - Telephone Expenses - MTC, 5209 - Office Rent - MTC, 5217 - Utility Expenses - MTC",Warehouse - MTC,,Meridian Trading Co.
1190151c77,ACC-JV-2025-00026,P1,Journal Entry,Journal Entry,1,2025-03-31,2025-04-01 02:34:19.147855,batch.bot@meridian.example,5213 - Salary - MTC,5213,Salary,Expense,7074.05,0.0,,,2150 - Accrued Expenses - MTC,Warehouse - MTC,,Meridian Trading Co.
3f46775a25,ACC-JV-2025-00026,P1,Journal Entry,Journal Entry,2,2025-03-31,2025-04-01 02:34:19.147855,batch.bot@meridian.example,5213 - Salary - MTC,5213,Salary,Expense,8024.91,0.0,,,2150 - Accrued Expenses - MTC,Sales Ops - MTC,,Meridian Trading Co.
40cc92c6c4,ACC-JV-2025-00026,P1,Journal Entry,Journal Entry,3,2025-03-31,2025-04-01 02:34:19.147855,batch.bot@meridian.example,2150 - Accrued Expenses - MTC,2150,Accrued Expenses,Liability,0.0,28884.56,,,5213 - Salary - MTC,Admin - MTC,,Meridian Trading Co.
f475a597ea,ACC-JV-2025-00026,P1,Journal Entry,Journal Entry,4,2025-03-31,2025-04-01 02:34:19.147855,batch.bot@meridian.example,5213 - Salary - MTC,5213,Salary,Expense,13785.6,0.0,,,2150 - Accrued Expenses - MTC,Admin - MTC,,Meridian Trading Co.
9d48db933c,ACC-JV-2025-00028,P1,Journal Entry,Journal Entry,1,2025-03-31,2025-03-31 12:53:35.033335,controller@meridian.example,5217 - Utility Expenses - MTC,5217,Utility Expenses,Expense,2500.0,0.0,,,2150 - Accrued Expenses - MTC,Admin - MTC,,Meridian Trading Co.
f85d17b166,ACC-JV-2025-00028,P1,Journal Entry,Journal Entry,2,2025-03-31,2025-03-31 12:53:35.033335,controller@meridian.example,2150 - Accrued Expenses - MTC,2150,Accrued Expenses,Liability,0.0,2500.0,,,5217 - Utility Expenses - MTC,Admin - MTC,,Meridian Trading Co.
2e06ddc4ad,ACC-PAY-2025-00122,P1,Payment Entry,Payment Entry,1,2025-03-31,2025-03-31 17:09:28.861465,ap.clerk@meridian.example,1210 - Primary Checking - MTC,1210,Primary Checking,Asset,0.0,6681.19,,,Orchard Wholesale,,Amount USD 6681.19 paid to Orchard Wholesale | Transaction reference no ACH-25-00033 dated 2025-03-31 | Amount USD 6681.19 adjusted against Purchase Invoice ACC-PINV-2025-00033,Meridian Trading Co.
f186bd8d42,ACC-PAY-2025-00122,P1,Payment Entry,Payment Entry,2,2025-03-31,2025-03-31 17:09:28.861465,ap.clerk@meridian.example,2110 - Creditors - MTC,2110,Creditors,Liability,6681.19,0.0,Supplier,Orchard Wholesale,1210 - Primary Checking - MTC,,Amount USD 6681.19 paid to Orchard Wholesale | Transaction reference no ACH-25-00033 dated 2025-03-31 | Amount USD 6681.19 adjusted against Purchase Invoice ACC-PINV-2025-00033,Meridian Trading Co.
120768f904,ACC-PAY-2025-00157,P1,Payment Entry,Payment Entry,1,2025-03-31,2025-03-31 16:48:16.023417,ar.clerk@meridian.example,1210 - Primary Checking - MTC,1210,Primary Checking,Asset,867.63,0.0,,,Summit Rentals,,Amount USD 867.63 received from Summit Rentals | Transaction reference no ACH-25-00120 dated 2025-03-31 | Amount USD 867.63 adjusted against Sales Invoice ACC-SINV-2025-00120,Meridian Trading Co.
48905da69a,ACC-PAY-2025-00157,P1,Payment Entry,Payment Entry,2,2025-03-31,2025-03-31 16:48:16.023417,ar.clerk@meridian.example,1310 - Debtors - MTC,1310,Debtors,Asset,0.0,867.63,Customer,Summit Rentals,1210 - Primary Checking - MTC,,Amount USD 867.63 received from Summit Rentals | Transaction reference no ACH-25-00120 dated 2025-03-31 | Amount USD 867.63 adjusted against Sales Invoice ACC-SINV-2025-00120,Meridian Trading Co.
0894de2b41,ACC-PAY-2025-00182,P1,Payment Entry,Payment Entry,1,2025-03-31,2025-03-31 17:57:23.403418,ar.clerk@meridian.example,1310 - Debtors - MTC,1310,Debtors,Asset,0.0,4669.45,Customer,Cascade Outfitters,1210 - Primary Checking - MTC,,Amount USD 4669.45 received from Cascade Outfitters | Transaction reference no ACH-25-00152 dated 2025-03-31 | Amount USD 4669.45 adjusted against Sales Invoice ACC-SINV-2025-00152,Meridian Trading Co.
c833b1544c,ACC-PAY-2025-00182,P1,Payment Entry,Payment Entry,2,2025-03-31,2025-03-31 17:57:23.403418,ar.clerk@meridian.example,1210 - Primary Checking - MTC,1210,Primary Checking,Asset,4669.45,0.0,,,Cascade Outfitters,,Amount USD 4669.45 received from Cascade Outfitters | Transaction reference no ACH-25-00152 dated 2025-03-31 | Amount USD 4669.45 adjusted against Sales Invoice ACC-SINV-2025-00152,Meridian Trading Co.
44b4248264,ACC-PINV-2025-00067,P1,Purchase Invoice,Purchase Invoice,1,2025-03-31,2025-03-31 15:10:19.774905,ap.clerk@meridian.example,5111 - Cost of Goods Sold - MTC,5111,Cost of Goods Sold,Expense,16976.16,0.0,,,Orchard Wholesale,Warehouse - MTC,Orchard Wholesale March 2025 billing,Meridian Trading Co.
6a7523d250,ACC-PINV-2025-00067,P1,Purchase Invoice,Purchase Invoice,2,2025-03-31,2025-03-31 15:10:19.774905,ap.clerk@meridian.example,2110 - Creditors - MTC,2110,Creditors,Liability,0.0,16976.16,Supplier,Orchard Wholesale,5111 - Cost of Goods Sold - MTC,,Orchard Wholesale March 2025 billing,Meridian Trading Co.
7992de2311,ACC-PINV-2025-00077,P1,Purchase Invoice,Purchase Invoice,1,2025-03-31,2025-03-31 11:56:18.158664,ap.clerk@meridian.example,5204 - Entertainment Expenses - MTC,5204,Entertainment Expenses,Expense,2090.34,0.0,,,Beacon Freight,Admin - MTC,Beacon Freight March 2025 billing,Meridian Trading Co.
9278a176e1,ACC-PINV-2025-00077,P1,Purchase Invoice,Purchase Invoice,2,2025-03-31,2025-03-31 11:56:18.158664,ap.clerk@meridian.example,2110 - Creditors - MTC,2110,Creditors,Liability,0.0,13014.69,Supplier,Beacon Freight,"5205 - Freight and Forwarding Charges - MTC,5204 - Entertainment Expenses - MTC,5209 - Office Rent - MTC",,Beacon Freight March 2025 billing,Meridian Trading Co.
a879508754,ACC-PINV-2025-00077,P1,Purchase Invoice,Purchase Invoice,3,2025-03-31,2025-03-31 11:56:18.158664,ap.clerk@meridian.example,5209 - Office Rent - MTC,5209,Office Rent,Expense,2301.01,0.0,,,Beacon Freight,Admin - MTC,Beacon Freight March 2025 billing,Meridian Trading Co.
d36a69b6e9,ACC-PINV-2025-00077,P1,Purchase Invoice,Purchase Invoice,4,2025-03-31,2025-03-31 11:56:18.158664,ap.clerk@meridian.example,5205 - Freight and Forwarding Charges - MTC,5205,Freight and Forwarding Charges,Expense,8623.34,0.0,,,Beacon Freight,Admin - MTC,Beacon Freight March 2025 billing,Meridian Trading Co.
8394db1e82,ACC-PINV-2025-00081,P1,Purchase Invoice,Purchase Invoice,1,2025-03-31,2025-03-31 12:49:27.007356,ap.clerk@meridian.example,2110 - Creditors - MTC,2110,Creditors,Liability,0.0,11669.73,Supplier,Cobalt IT Services,5230 - IT and Software Expenses - MTC,,Cobalt IT Services March 2025 billing,Meridian Trading Co.
b14aa14b69,ACC-PINV-2025-00081,P1,Purchase Invoice,Purchase Invoice,2,2025-03-31,2025-03-31 12:49:27.007356,ap.clerk@meridian.example,5230 - IT and Software Expenses - MTC,5230,IT and Software Expenses,Expense,11669.73,0.0,,,Cobalt IT Services,Admin - MTC,Cobalt IT Services March 2025 billing,Meridian Trading Co.
03c8b71e0b,ACC-SINV-2025-00134,P1,Sales Invoice,Sales Invoice,1,2025-03-31,2025-03-31 16:42:10.044448,ar.clerk@meridian.example,4110 - Sales - MTC,4110,Sales,Income,0.0,47.88,,,Brightline Offices,Sales Ops - MTC,Customer order Brightline Offices Mar 2025,Meridian Trading Co.
2e8578bed6,ACC-SINV-2025-00134,P1,Sales Invoice,Sales Invoice,2,2025-03-31,2025-03-31 16:42:10.044448,ar.clerk@meridian.example,ST 6% - MTC,,ST 6%,Liability,0.0,1563.81,,,Brightline Offices,Admin - MTC,Customer order Brightline Offices Mar 2025,Meridian Trading Co.
93f96ee9e8,ACC-SINV-2025-00134,P1,Sales Invoice,Sales Invoice,3,2025-03-31,2025-03-31 16:42:10.044448,ar.clerk@meridian.example,1310 - Debtors - MTC,1310,Debtors,Asset,27627.37,0.0,Customer,Brightline Offices,"4110 - Sales - MTC,4120 - Service - MTC,4130 - Freight Income - MTC",,Customer order Brightline Offices Mar 2025,Meridian Trading Co.
c4cf6e44eb,ACC-SINV-2025-00134,P1,Sales Invoice,Sales Invoice,4,2025-03-31,2025-03-31 16:42:10.044448,ar.clerk@meridian.example,4110 - Sales - MTC,4110,Sales,Income,0.0,308.2,,,Brightline Offices,Warehouse - MTC,Customer order Brightline Offices Mar 2025,Meridian Trading Co.
d2849b6e85,ACC-SINV-2025-00134,P1,Sales Invoice,Sales Invoice,5,2025-03-31,2025-03-31 16:42:10.044448,ar.clerk@meridian.example,4130 - Freight Income - MTC,4130,Freight Income,Income,0.0,1919.94,,,Brightline Offices,Admin - MTC,Customer order Brightline Offices Mar 2025,Meridian Trading Co.
eb8886ada1,ACC-SINV-2025-00134,P1,Sales Invoice,Sales Invoice,6,2025-03-31,2025-03-31 16:42:10.044448,ar.clerk@meridian.example,4120 - Service - MTC,4120,Service,Income,0.0,23787.54,,,Brightline Offices,Admin - MTC,Customer order Brightline Offices Mar 2025,Meridian Trading Co.
3a1eed175b,ACC-SINV-2025-00157,P1,Sales Invoice,Sales Invoice,1,2025-03-31,2025-03-31 15:47:45.164169,ar.clerk@meridian.example,4110 - Sales - MTC,4110,Sales,Income,0.0,539.76,,,Halstrom Supply,Warehouse - MTC,Customer order Halstrom Supply Mar 2025,Meridian Trading Co.
44dc50ce75,ACC-SINV-2025-00157,P1,Sales Invoice,Sales Invoice,2,2025-03-31,2025-03-31 15:47:45.164169,ar.clerk@meridian.example,1310 - Debtors - MTC,1310,Debtors,Asset,2360.51,0.0,Customer,Halstrom Supply,"4110 - Sales - MTC,4130 - Freight Income - MTC",,Customer order Halstrom Supply Mar 2025,Meridian Trading Co.
8335fe21d7,ACC-SINV-2025-00157,P1,Sales Invoice,Sales Invoice,3,2025-03-31,2025-03-31 15:47:45.164169,ar.clerk@meridian.example,ST 6% - MTC,,ST 6%,Liability,0.0,133.61,,,Halstrom Supply,Admin - MTC,Customer order Halstrom Supply Mar 2025,Meridian Trading Co.
86c5aa2f8f,ACC-SINV-2025-00157,P1,Sales Invoice,Sales Invoice,4,2025-03-31,2025-03-31 15:47:45.164169,ar.clerk@meridian.example,4130 - Freight Income - MTC,4130,Freight Income,Income,0.0,1687.14,,,Halstrom Supply,Admin - MTC,Customer order Halstrom Supply Mar 2025,Meridian Trading Co.
7041f65a91,ACC-SINV-2025-00168,P1,Sales Invoice,Credit Note,1,2025-03-31,2025-03-31 16:45:51.880305,ar.clerk@meridian.example,4120 - Service - MTC,4120,Service,Income,1676.04,0.0,,,Summit Rentals,Warehouse - MTC,Return against ACC-SINV-2025-00131,Meridian Trading Co.
cd6e7e8302,ACC-SINV-2025-00168,P1,Sales Invoice,Credit Note,2,2025-03-31,2025-03-31 16:45:51.880305,ar.clerk@meridian.example,1310 - Debtors - MTC,1310,Debtors,Asset,0.0,1676.04,Customer,Summit Rentals,4120 - Service - MTC,,Return against ACC-SINV-2025-00131,Meridian Trading Co.
187841271f,ACC-JV-2025-00027,P1,Journal Entry,Journal Entry,1,2025-04-01,2025-04-02 03:45:11.731156,batch.bot@meridian.example,2150 - Accrued Expenses - MTC,2150,Accrued Expenses,Liability,28884.56,0.0,,,5213 - Salary - MTC,Admin - MTC,,Meridian Trading Co.
5ac6f8e767,ACC-JV-2025-00027,P1,Journal Entry,Journal Entry,2,2025-04-01,2025-04-02 03:45:11.731156,batch.bot@meridian.example,5213 - Salary - MTC,5213,Salary,Expense,0.0,7074.05,,,2150 - Accrued Expenses - MTC,Warehouse - MTC,,Meridian Trading Co.
a94a37917c,ACC-JV-2025-00027,P1,Journal Entry,Journal Entry,3,2025-04-01,2025-04-02 03:45:11.731156,batch.bot@meridian.example,5213 - Salary - MTC,5213,Salary,Expense,0.0,13785.6,,,2150 - Accrued Expenses - MTC,Admin - MTC,,Meridian Trading Co.
eac3f9603e,ACC-JV-2025-00027,P1,Journal Entry,Journal Entry,4,2025-04-01,2025-04-02 03:45:11.731156,batch.bot@meridian.example,5213 - Salary - MTC,5213,Salary,Expense,0.0,8024.91,,,2150 - Accrued Expenses - MTC,Sales Ops - MTC,,Meridian Trading Co.
5f8a5c38b5,ACC-PAY-2025-00090,P1,Payment Entry,Payment Entry,1,2025-04-01,2025-04-01 16:26:59.614077,ar.clerk@meridian.example,1210 - Primary Checking - MTC,1210,Primary Checking,Asset,9072.91,0.0,,,Northwind Retail,,Amount USD 9072.91 received from Northwind Retail | Transaction reference no ACH-25-00076 dated 2025-04-01 | Amount USD 9072.91 adjusted against Sales Invoice ACC-SINV-2025-00076,Meridian Trading Co.
e3d0237924,ACC-PAY-2025-00090,P1,Payment Entry,Payment Entry,2,2025-04-01,2025-04-01 16:26:59.614077,ar.clerk@meridian.example,1310 - Debtors - MTC,1310,Debtors,Asset,0.0,9072.91,Customer,Northwind Retail,1210 - Primary Checking - MTC,,Amount USD 9072.91 received from Northwind Retail | Transaction reference no ACH-25-00076 dated 2025-04-01 | Amount USD 9072.91 adjusted against Sales Invoice ACC-SINV-2025-00076,Meridian Trading Co.
6bc81a6911,ACC-PAY-2025-00162,P1,Payment Entry,Payment Entry,1,2025-04-01,2025-04-01 09:14:55.484586,ar.clerk@meridian.example,1210 - Primary Checking - MTC,1210,Primary Checking,Asset,10095.92,0.0,,,Kestrel Foods,,Amount USD 10095.92 received from Kestrel Foods | Transaction reference no ACH-25-00125 dated 2025-04-01 | Amount USD 10095.92 adjusted against Sales Invoice ACC-SINV-2025-00125,Meridian Trading Co.
c854a28139,ACC-PAY-2025-00162,P1,Payment Entry,Payment Entry,2,2025-04-01,2025-04-01 09:14:55.484586,ar.clerk@meridian.example,1310 - Debtors - MTC,1310,Debtors,Asset,0.0,10095.92,Customer,Kestrel Foods,1210 - Primary Checking - MTC,,Amount USD 10095.92 received from Kestrel Foods | Transaction reference no ACH-25-00125 dated 2025-04-01 | Amount USD 10095.92 adjusted against Sales Invoice ACC-SINV-2025-00125,Meridian Trading Co.
e10707ad80,ACC-PAY-2025-00174,P1,Payment Entry,Payment Entry,1,2025-04-01,2025-04-01 17:18:13.959512,ar.clerk@meridian.example,1310 - Debtors - MTC,1310,Debtors,Asset,0.0,1054.69,Customer,Timberline Schools,1210 - Primary Checking - MTC,,Amount USD 1054.69 received from Timberline Schools | Transaction reference no ACH-25-00139 dated 2025-04-01 | Amount USD 1054.69 adjusted against Sales Invoice ACC-SINV-2025-00139,Meridian Trading Co.
ee60adb02d,ACC-PAY-2025-00174,P1,Payment Entry,Payment Entry,2,2025-04-01,2025-04-01 17:18:13.959512,ar.clerk@meridian.example,1210 - Primary Checking - MTC,1210,Primary Checking,Asset,1054.69,0.0,,,Timberline Schools,,Amount USD 1054.69 received from Timberline Schools | Transaction reference no ACH-25-00139 dated 2025-04-01 | Amount USD 1054.69 adjusted against Sales Invoice ACC-SINV-2025-00139,Meridian Trading Co.
0d2c31e150,ACC-PAY-2025-00195,P1,Payment Entry,Payment Entry,1,2025-04-01,2025-04-01 09:53:23.591003,ap.clerk@meridian.example,1210 - Primary Checking - MTC,1210,Primary Checking,Asset,0.0,5034.48,,,Orchard Wholesale,,Amount USD 5034.48 paid to Orchard Wholesale | Transaction reference no ACH-25-00063 dated 2025-04-01 | Amount USD 5034.48 adjusted against Purchase Invoice ACC-PINV-2025-00063,Meridian Trading Co.
cf103fdc5c,ACC-PAY-2025-00195,P1,Payment Entry,Payment Entry,2,2025-04-01,2025-04-01 09:53:23.591003,ap.clerk@meridian.example,2110 - Creditors - MTC,2110,Creditors,Liability,5034.48,0.0,Supplier,Orchard Wholesale,1210 - Primary Checking - MTC,,Amount USD 5034.48 paid to Orchard Wholesale | Transaction reference no ACH-25-00063 dated 2025-04-01 | Amount USD 5034.48 adjusted against Purchase Invoice ACC-PINV-2025-00063,Meridian Trading Co.
0c41864202,ACC-PINV-2025-00097,P1,Purchase Invoice,Purchase Invoice,1,2025-04-01,2025-04-01 08:08:40.482979,ap.clerk@meridian.example,2110 - Creditors - MTC,2110,Creditors,Liability,0.0,15409.62,Supplier,Orchard Wholesale,5111 - Cost of Goods Sold - MTC,,Orchard Wholesale April 2025 billing,Meridian Trading Co.
6862b6aefc,ACC-PINV-2025-00097,P1,Purchase Invoice,Purchase Invoice,2,2025-04-01,2025-04-01 08:08:40.482979,ap.clerk@meridian.example,5111 - Cost of Goods Sold - MTC,5111,Cost of Goods Sold,Expense,15409.62,0.0,,,Orchard Wholesale,Warehouse - MTC,Orchard Wholesale April 2025 billing,Meridian Trading Co.
2433e8a177,ACC-SINV-2025-00182,P1,Sales Invoice,Sales Invoice,1,2025-04-01,2025-04-01 11:55:54.749869,ar.clerk@meridian.example,4110 - Sales - MTC,4110,Sales,Income,0.0,150.72,,,Northwind Retail,Warehouse - MTC,Customer order Northwind Retail Apr 2025,Meridian Trading Co.
5184236cb5,ACC-SINV-2025-00182,P1,Sales Invoice,Sales Invoice,2,2025-04-01,2025-04-01 11:55:54.749869,ar.clerk@meridian.example,4110 - Sales - MTC,4110,Sales,Income,0.0,761.45,,,Northwind Retail,Sales Ops - MTC,Customer order Northwind Retail Apr 2025,Meridian Trading Co.
872f7482d3,ACC-SINV-2025-00182,P1,Sales Invoice,Sales Invoice,3,2025-04-01,2025-04-01 11:55:54.749869,ar.clerk@meridian.example,4120 - Service - MTC,4120,Service,Income,0.0,17639.85,,,Northwind Retail,Admin - MTC,Customer order Northwind Retail Apr 2025,Meridian Trading Co.
95836d4146,ACC-SINV-2025-00182,P1,Sales Invoice,Sales Invoice,4,2025-04-01,2025-04-01 11:55:54.749869,ar.clerk@meridian.example,1310 - Debtors - MTC,1310,Debtors,Asset,19665.14,0.0,Customer,Northwind Retail,"4120 - Service - MTC,4110 - Sales - MTC",,Customer order Northwind Retail Apr 2025,Meridian Trading Co.
ee9a9ffe89,ACC-SINV-2025-00182,P1,Sales Invoice,Sales Invoice,5,2025-04-01,2025-04-01 11:55:54.749869,ar.clerk@meridian.example,ST 6% - MTC,,ST 6%,Liability,0.0,1113.12,,,Northwind Retail,Admin - MTC,Customer order Northwind Retail Apr 2025,Meridian Trading Co.
092c64ceb5,ACC-SINV-2025-00202,P1,Sales Invoice,Sales Invoice,1,2025-04-01,2025-04-07 09:08:26.336038,controller@meridian.example,ST 6% - MTC,,ST 6%,Liability,0.0,36.43,,,Northwind Retail,Admin - MTC,Customer order Northwind Retail Apr 2025,Meridian Trading Co.
aad62ef6f1,ACC-SINV-2025-00202,P1,Sales Invoice,Sales Invoice,2,2025-04-01,2025-04-07 09:08:26.336038,controller@meridian.example,4130 - Freight Income - MTC,4130,Freight Income,Income,0.0,574.42,,,Northwind Retail,Admin - MTC,Customer order Northwind Retail Apr 2025,Meridian Trading Co.
c0e11a6203,ACC-SINV-2025-00202,P1,Sales Invoice,Sales Invoice,3,2025-04-01,2025-04-07 09:08:26.336038,controller@meridian.example,1310 - Debtors - MTC,1310,Debtors,Asset,643.62,0.0,Customer,Northwind Retail,"4130 - Freight Income - MTC,4110 - Sales - MTC",,Customer order Northwind Retail Apr 2025,Meridian Trading Co.
f82f714f95,ACC-SINV-2025-00202,P1,Sales Invoice,Sales Invoice,4,2025-04-01,2025-04-07 09:08:26.336038,controller@meridian.example,4110 - Sales - MTC,4110,Sales,Income,0.0,32.77,,,Northwind Retail,Warehouse - MTC,Customer order Northwind Retail Apr 2025,Meridian Trading Co.
130b0ec5d7,ACC-SINV-2025-00205,P1,Sales Invoice,Sales Invoice,1,2025-04-01,2025-04-01 13:55:19.341255,ar.clerk@meridian.example,1310 - Debtors - MTC,1310,Debtors,Asset,1299.64,0.0,Customer,Bluepine Hardware,"4110 - Sales - MTC,4130 - Freight Income - MTC",,Customer order Bluepine Hardware Apr 2025,Meridian Trading Co.
5eb64ded52,ACC-SINV-2025-00205,P1,Sales Invoice,Sales Invoice,2,2025-04-01,2025-04-01 13:55:19.341255,ar.clerk@meridian.example,ST 6% - MTC,,ST 6%,Liability,0.0,73.56,,,Bluepine Hardware,Admin - MTC,Customer order Bluepine Hardware Apr 2025,Meridian Trading Co.
8d63c21043,ACC-SINV-2025-00205,P1,Sales Invoice,Sales Invoice,3,2025-04-01,2025-04-01 13:55:19.341255,ar.clerk@meridian.example,4130 - Freight Income - MTC,4130,Freight Income,Income,0.0,797.13,,,Bluepine Hardware,Admin - MTC,Customer order Bluepine Hardware Apr 2025,Meridian Trading Co.
da7e1bb758,ACC-SINV-2025-00205,P1,Sales Invoice,Sales Invoice,4,2025-04-01,2025-04-01 13:55:19.341255,ar.clerk@meridian.example,4110 - Sales - MTC,4110,Sales,Income,0.0,428.95,,,Bluepine Hardware,Sales Ops - MTC,Customer order Bluepine Hardware Apr 2025,Meridian Trading Co.
6ddec43f13,ACC-JV-2025-00022,P1,Journal Entry,Bank Entry,1,2025-04-02,2025-04-03 02:41:11.862252,batch.bot@meridian.example,2320 - Tax Withholding Payable - MTC,2320,Tax Withholding Payable,Liability,39370.44,0.0,,,1210 - Primary Checking - MTC,Admin - MTC,Reference #REF-20250402 dated 04-02-2025,Meridian Trading Co.
f5be5c7b27,ACC-JV-2025-00022,P1,Journal Entry,Bank Entry,2,2025-04-02,2025-04-03 02:41:11.862252,batch.bot@meridian.example,1210 - Primary Checking - MTC,1210,Primary Checking,Asset,0.0,39370.44,,,2320 - Tax Withholding Payable - MTC,Admin - MTC,Reference #REF-20250402 dated 04-02-2025,Meridian Trading Co.
6557060fc0,ACC-PAY-2025-00083,P1,Payment Entry,Payment Entry,1,2025-04-02,2025-04-02 10:09:04.593538,ar.clerk@meridian.example,1310 - Debtors - MTC,1310,Debtors,Asset,0.0,962.78,Customer,Ferrous Works,1210 - Primary Checking - MTC,,Amount USD 962.78 received from Ferrous Works | Transaction reference no ACH-25-00067 dated 2025-04-02 | Amount USD 962.78 adjusted against Sales Invoice ACC-SINV-2025-00067,Meridian Trading Co.
7580cbade4,ACC-PAY-2025-00083,P1,Payment Entry,Payment Entry,2,2025-04-02,2025-04-02 10:09:04.593538,ar.clerk@meridian.example,1210 - Primary Checking - MTC,1210,Primary Checking,Asset,962.78,0.0,,,Ferrous Works,,Amount USD 962.78 received from Ferrous Works | Transaction reference no ACH-25-00067 dated 2025-04-02 | Amount USD 962.78 adjusted against Sales Invoice ACC-SINV-2025-00067,Meridian Trading Co.
0592b9db93,ACC-PAY-2025-00171,P1,Payment Entry,Payment Entry,1,2025-04-02,2025-04-02 09:32:32.909536,ar.clerk@meridian.example,1310 - Debtors - MTC,1310,Debtors,Asset,0.0,4340.83,Customer,Marlowe Interiors,1210 - Primary Checking - MTC,,Amount USD 4340.83 received from Marlowe Interiors | Transaction reference no ACH-25-00136 dated 2025-04-02 | Amount USD 4340.83 adjusted against Sales Invoice ACC-SINV-2025-00136,Meridian Trading Co.
12eb670e0c,ACC-PAY-2025-00171,P1,Payment Entry,Payment Entry,2,2025-04-02,2025-04-02 09:32:32.909536,ar.clerk@meridian.example,1210 - Primary Checking - MTC,1210,Primary Checking,Asset,4340.83,0.0,,,Marlowe Interiors,,Amount USD 4340.83 received from Marlowe Interiors | Transaction reference no ACH-25-00136 dated 2025-04-02 | Amount USD 4340.83 adjusted against Sales Invoice ACC-SINV-2025-00136,Meridian Trading Co.
69d522db26,ACC-PAY-2025-00194,P1,Payment Entry,Payment Entry,1,2025-04-02,2025-04-02 08:24:50.691242,ar.clerk@meridian.example,1310 - Debtors - MTC,1310,Debtors,Asset,0.0,127.1,Customer,Brightline Offices,1210 - Primary Checking - MTC,,Amount USD 127.1 received from Brightline Offices | Transaction reference no ACH-25-00166 dated 2025-04-02 | Amount USD 127.1 adjusted against Sales Invoice ACC-SINV-2025-00166,Meridian Trading Co.
ee6e93d2c4,ACC-PAY-2025-00194,P1,Payment Entry,Payment Entry,2,2025-04-02,2025-04-02 08:24:50.691242,ar.clerk@meridian.example,1210 - Primary Checking - MTC,1210,Primary Checking,Asset,127.1,0.0,,,Brightline Offices,,Amount USD 127.1 received from Brightline Offices | Transaction reference no ACH-25-00166 dated 2025-04-02 | Amount USD 127.1 adjusted against Sales Invoice ACC-SINV-2025-00166,Meridian Trading Co.
7bbf069d82,ACC-PAY-2025-00214,P1,Payment Entry,Payment Entry,1,2025-04-02,2025-04-02 17:18:23.516149,ap.clerk@meridian.example,1210 - Primary Checking - MTC,1210,Primary Checking,Asset,0.0,17060.48,,,Metro Utilities,,Amount USD 17060.48 paid to Metro Utilities | Transaction reference no ACH-25-00083 dated 2025-04-02 | Amount USD 17060.48 adjusted against Purchase Invoice ACC-PINV-2025-00083,Meridian Trading Co.
8c05852b0e,ACC-PAY-2025-00214,P1,Payment Entry,Payment Entry,2,2025-04-02,2025-04-02 17:18:23.516149,ap.clerk@meridian.example,2110 - Creditors - MTC,2110,Creditors,Liability,17060.48,0.0,Supplier,Metro Utilities,1210 - Primary Checking - MTC,,Amount USD 17060.48 paid to Metro Utilities | Transaction reference no ACH-25-00083 dated 2025-04-02 | Amount USD 17060.48 adjusted against Purchase Invoice ACC-PINV-2025-00083,Meridian Trading Co.
529425503d,ACC-PINV-2025-00095,P1,Purchase Invoice,Purchase Invoice,1,2025-04-02,2025-04-02 14:43:33.163457,ap.clerk@meridian.example,5211 - Print and Stationery - MTC,5211,Print and Stationery,Expense,1748.69,0.0,,,Orchard Wholesale,Admin - MTC,Orchard Wholesale April 2025 billing,Meridian Trading Co.
5945994899,ACC-PINV-2025-00095,P1,Purchase Invoice,Purchase Invoice,2,2025-04-02,2025-04-02 14:43:33.163457,ap.clerk@meridian.example,5111 - Cost of Goods Sold - MTC,5111,Cost of Goods Sold,Expense,8913.71,0.0,,,Orchard Wholesale,Warehouse - MTC,Orchard Wholesale April 2025 billing,Meridian Trading Co.
fb8d6d3a8f,ACC-PINV-2025-00095,P1,Purchase Invoice,Purchase Invoice,3,2025-04-02,2025-04-02 14:43:33.163457,ap.clerk@meridian.example,2110 - Creditors - MTC,2110,Creditors,Liability,0.0,10662.4,Supplier,Orchard Wholesale,"5111 - Cost of Goods Sold - MTC,5211 - Print and Stationery - MTC",,Orchard Wholesale April 2025 billing,Meridian Trading Co.
13370f0e32,ACC-PINV-2025-00117,P1,Purchase Invoice,Purchase Invoice,1,2025-04-02,2025-04-02 08:40:10.307520,ap.clerk@meridian.example,5208 - Office Maintenance Expenses - MTC,5208,Office Maintenance Expenses,Expense,1393.03,0.0,,,Harlan Office Supply,Admin - MTC,Harlan Office Supply April 2025 billing,Meridian Trading Co.
6c8a3a230b,ACC-PINV-2025-00117,P1,Purchase Invoice,Purchase Invoice,2,2025-04-02,2025-04-02 08:40:10.307520,ap.clerk@meridian.example,2110 - Creditors - MTC,2110,Creditors,Liability,0.0,1393.03,Supplier,Harlan Office Supply,5208 - Office Maintenance Expenses - MTC,,Harlan Office Supply April 2025 billing,Meridian Trading Co.
2e15335507,ACC-SINV-2025-00189,P1,Sales Invoice,Sales Invoice,1,2025-04-02,2025-04-07 11:04:19.471155,ar.clerk@meridian.example,4110 - Sales - MTC,4110,Sales,Income,0.0,368.82,,,Halstrom Supply,Sales Ops - MTC,Customer order Halstrom Supply Apr 2025,Meridian Trading Co.
4bd3ee38f4,ACC-SINV-2025-00189,P1,Sales Invoice,Sales Invoice,2,2025-04-02,2025-04-07 11:04:19.471155,ar.clerk@meridian.example,ST 6% - MTC,,ST 6%,Liability,0.0,22.13,,,Halstrom Supply,Admin - MTC,Customer order Halstrom Supply Apr 2025,Meridian Trading Co.
ed0d956d1e,ACC-SINV-2025-00189,P1,Sales Invoice,Sales Invoice,3,2025-04-02,2025-04-07 11:04:19.471155,ar.clerk@meridian.example,1310 - Debtors - MTC,1310,Debtors,Asset,390.95,0.0,Customer,Halstrom Supply,4110 - Sales - MTC,,Customer order Halstrom Supply Apr 2025,Meridian Trading Co.
8333874ff7,ACC-SINV-2025-00208,P1,Sales Invoice,Sales Invoice,1,2025-04-02,2025-04-02 17:58:03.717246,ar.clerk@meridian.example,4110 - Sales - MTC,4110,Sales,Income,0.0,1184.4,,,Juniper & Co,Warehouse - MTC,Customer order Juniper & Co Apr 2025,Meridian Trading Co.
98451d621b,ACC-SINV-2025-00208,P1,Sales Invoice,Sales Invoice,2,2025-04-02,2025-04-02 17:58:03.717246,ar.clerk@meridian.example,1310 - Debtors - MTC,1310,Debtors,Asset,1416.75,0.0,Customer,Juniper & Co,4110 - Sales - MTC,,Customer order Juniper & Co Apr 2025,Meridian Trading Co.
a021bbbbb1,ACC-SINV-2025-00208,P1,Sales Invoice,Sales Invoice,3,2025-04-02,2025-04-02 17:58:03.717246,ar.clerk@meridian.example,ST 6% - MTC,,ST 6%,Liability,0.0,80.19,,,Juniper & Co,Admin - MTC,Customer order Juniper & Co Apr 2025,Meridian Trading Co.
e6f25892e9,ACC-SINV-2025-00208,P1,Sales Invoice,Sales Invoice,4,2025-04-02,2025-04-02 17:58:03.717246,ar.clerk@meridian.example,4110 - Sales - MTC,4110,Sales,Income,0.0,152.16,,,Juniper & Co,Sales Ops - MTC,Customer order Juniper & Co Apr 2025,Meridian Trading Co.
4226c08eb6,ACC-JV-2025-00021,P1,Journal Entry,Bank Entry,1,2025-04-03,2025-04-04 02:55:54.512262,batch.bot@meridian.example,1210 - Primary Checking - MTC,1210,Primary Checking,Asset,0.0,45463.5,,,2120 - Payroll Payable - MTC,Admin - MTC,Reference #REF-20250403 dated 04-03-2025,Meridian Trading Co.
f74f070845,ACC-JV-2025-00021,P1,Journal Entry,Bank Entry,2,2025-04-03,2025-04-04 02:55:54.512262,batch.bot@meridian.example,2120 - Payroll Payable - MTC,2120,Payroll Payable,Liability,45463.5,0.0,,,1210 - Primary Checking - MTC,Admin - MTC,Reference #REF-20250403 dated 04-03-2025,Meridian Trading Co.
b268e37bbb,ACC-PAY-2025-00095,P1,Payment Entry,Payment Entry,1,2025-04-03,2025-04-03 18:12:38.118104,ar.clerk@meridian.example,1310 - Debtors - MTC,1310,Debtors,Asset,0.0,1270.49,Customer,Bluepine Hardware,1210 - Primary Checking - MTC,,Amount USD 1270.49 received from Bluepine Hardware | Transaction reference no ACH-25-00081 dated 2025-04-03 | Amount USD 1270.49 adjusted against Sales Invoice ACC-SINV-2025-00081,Meridian Trading Co.
de097d403c,ACC-PAY-2025-00095,P1,Payment Entry,Payment Entry,2,2025-04-03,2025-04-03 18:12:38.118104,ar.clerk@meridian.example,1210 - Primary Checking - MTC,1210,Primary Checking,Asset,1270.49,0.0,,,Bluepine Hardware,,Amount USD 1270.49 received from Bluepine Hardware | Transaction reference no ACH-25-00081 dated 2025-04-03 | Amount USD 1270.49 adjusted against Sales Invoice ACC-SINV-2025-00081,Meridian Trading Co.
13a6352963,ACC-PAY-2025-00112,P1,Payment Entry,Payment Entry,1,2025-04-03,2025-04-03 12:57:41.116186,ar.clerk@meridian.example,1210 - Primary Checking - MTC,1210,Primary Checking,Asset,1103.73,0.0,,,Brightline Offices,,Amount USD 1103.73 received from Brightline Offices | Transaction reference no ACH-25-00099 dated 2025-04-03 | Amount USD 1103.73 adjusted against Sales Invoice ACC-SINV-2025-00099,Meridian Trading Co.
57210e675b,ACC-PAY-2025-00112,P1,Payment Entry,Payment Entry,2,2025-04-03,2025-04-03 12:57:41.116186,ar.clerk@meridian.example,1310 - Debtors - MTC,1310,Debtors,Asset,0.0,1103.73,Customer,Brightline Offices,1210 - Primary Checking - MTC,,Amount USD 1103.73 received from Brightline Offices | Transaction reference no ACH-25-00099 dated 2025-04-03 | Amount USD 1103.73 adjusted against Sales Invoice ACC-SINV-2025-00099,Meridian Trading Co.
8ff363cc1f,ACC-PAY-2025-00202,P1,Payment Entry,Payment Entry,1,2025-04-03,2025-04-03 14:41:46.781985,ap.clerk@meridian.example,2110 - Creditors - MTC,2110,Creditors,Liability,6497.38,0.0,Supplier,Vulcan Materials Co,1210 - Primary Checking - MTC,,Amount USD 6497.38 paid to Vulcan Materials Co | Transaction reference no ACH-25-00071 dated 2025-04-03 | Amount USD 6497.38 adjusted against Purchase Invoice ACC-PINV-2025-00071,Meridian Trading Co.
f4072887e6,ACC-PAY-2025-00202,P1,Payment Entry,Payment Entry,2,2025-04-03,2025-04-03 14:41:46.781985,ap.clerk@meridian.example,1210 - Primary Checking - MTC,1210,Primary Checking,Asset,0.0,6497.38,,,Vulcan Materials Co,,Amount USD 6497.38 paid to Vulcan Materials Co | Transaction reference no ACH-25-00071 dated 2025-04-03 | Amount USD 6497.38 adjusted against Purchase Invoice ACC-PINV-2025-00071,Meridian Trading Co.
2feb90b985,ACC-PAY-2025-00223,P1,Payment Entry,Payment Entry,1,2025-04-03,2025-04-03 16:51:10.240281,ap.clerk@meridian.example,1210 - Primary Checking - MTC,1210,Primary Checking,Asset,0.0,7710.76,,,Fairbanks Consulting,,Amount USD 7710.76 paid to Fairbanks Consulting | Transaction reference no ACH-25-00092 dated 2025-04-03 | Amount USD 7710.76 adjusted against Purchase Invoice ACC-PINV-2025-00092,Meridian Trading Co.
69eecb170f,ACC-PAY-2025-00223,P1,Payment Entry,Payment Entry,2,2025-04-03,2025-04-03 16:51:10.240281,ap.clerk@meridian.example,2110 - Creditors - MTC,2110,Creditors,Liability,7710.76,0.0,Supplier,Fairbanks Consulting,1210 - Primary Checking - MTC,,Amount USD 7710.76 paid to Fairbanks Consulting | Transaction reference no ACH-25-00092 dated 2025-04-03 | Amount USD 7710.76 adjusted against Purchase Invoice ACC-PINV-2025-00092,Meridian Trading Co.
6a46132da7,ACC-PAY-2025-00224,P1,Payment Entry,Payment Entry,1,2025-04-03,2025-04-03 12:27:58.055979,ap.clerk@meridian.example,1210 - Primary Checking - MTC,1210,Primary Checking,Asset,0.0,14455.9,,,Granite Janitorial,,Amount USD 14455.9 paid to Granite Janitorial | Transaction reference no ACH-25-00093 dated 2025-04-03 | Amount USD 14455.9 adjusted against Purchase Invoice ACC-PINV-2025-00093,Meridian Trading Co.
9913f47292,ACC-PAY-2025-00224,P1,Payment Entry,Payment Entry,2,2025-04-03,2025-04-03 12:27:58.055979,ap.clerk@meridian.example,2110 - Creditors - MTC,2110,Creditors,Liability,14455.9,0.0,Supplier,Granite Janitorial,1210 - Primary Checking - MTC,,Amount USD 14455.9 paid to Granite Janitorial | Transaction reference no ACH-25-00093 dated 2025-04-03 | Amount USD 14455.9 adjusted against Purchase Invoice ACC-PINV-2025-00093,Meridian Trading Co.
68b6ba2e23,ACC-PINV-2025-00102,P1,Purchase Invoice,Purchase Invoice,1,2025-04-03,2025-04-03 17:07:15.639249,ap.clerk@meridian.example,5111 - Cost of Goods Sold - MTC,5111,Cost of Goods Sold,Expense,14814.9,0.0,,,Vulcan Materials Co,Warehouse - MTC,Vulcan Materials Co April 2025 billing,Meridian Trading Co.
c40ddbdb35,ACC-PINV-2025-00102,P1,Purchase Invoice,Purchase Invoice,2,2025-04-03,2025-04-03 17:07:15.639249,ap.clerk@meridian.example,5211 - Print and Stationery - MTC,5211,Print and Stationery,Expense,4330.33,0.0,,,Vulcan Materials Co,Admin - MTC,Vulcan Materials Co April 2025 billing,Meridian Trading Co.
c924c91248,ACC-PINV-2025-00102,P1,Purchase Invoice,Purchase Invoice,3,2025-04-03,2025-04-03 17:07:15.639249,ap.clerk@meridian.example,2110 - Creditors - MTC,2110,Creditors,Liability,0.0,19145.23,Supplier,Vulcan Materials Co,"5111 - Cost of Goods Sold - MTC,5211 - Print and Stationery - MTC",,Vulcan Materials Co April 2025 billing,Meridian Trading Co.
6f8edc98c5,ACC-PINV-2025-00118,P1,Purchase Invoice,Purchase Invoice,1,2025-04-03,2025-04-03 12:54:34.183561,ap.clerk@meridian.example,2110 - Creditors - MTC,2110,Creditors,Liability,0.0,8768.86,Supplier,Quill Marketing Group,"5207 - Marketing Expenses - MTC,5209 - Office Rent - MTC,5204 - Entertainment Expenses - MTC",,Quill Marketing Group April 2025 billing,Meridian Trading Co.
81f5c03f81,ACC-PINV-2025-00118,P1,Purchase Invoice,Purchase Invoice,2,2025-04-03,2025-04-03 12:54:34.183561,ap.clerk@meridian.example,5204 - Entertainment Expenses - MTC,5204,Entertainment Expenses,Expense,88.23,0.0,,,Quill Marketing Group,Admin - MTC,Quill Marketing Group April 2025 billing,Meridian Trading Co.
d601a503dd,ACC-PINV-2025-00118,P1,Purchase Invoice,Purchase Invoice,3,2025-04-03,2025-04-03 12:54:34.183561,ap.clerk@meridian.example,5207 - Marketing Expenses - MTC,5207,Marketing Expenses,Expense,7215.98,0.0,,,Quill Marketing Group,Admin - MTC,Quill Marketing Group April 2025 billing,Meridian Trading Co.
ecee41ed38,ACC-PINV-2025-00118,P1,Purchase Invoice,Purchase Invoice,4,2025-04-03,2025-04-03 12:54:34.183561,ap.clerk@meridian.example,5209 - Office Rent - MTC,5209,Office Rent,Expense,1464.65,0.0,,,Quill Marketing Group,Admin - MTC,Quill Marketing Group April 2025 billing,Meridian Trading Co.
277af7b515,ACC-SINV-2025-00195,P1,Sales Invoice,Sales Invoice,1,2025-04-03,2025-04-03 15:27:18.307458,ar.clerk@meridian.example,4110 - Sales - MTC,4110,Sales,Income,0.0,647.68,,,Pactrail Sports,Warehouse - MTC,Customer order Pactrail Sports Apr 2025,Meridian Trading Co.
63ddb3f3d4,ACC-SINV-2025-00195,P1,Sales Invoice,Sales Invoice,2,2025-04-03,2025-04-03 15:27:18.307458,ar.clerk@meridian.example,4110 - Sales - MTC,4110,Sales,Income,0.0,863.59,,,Pactrail Sports,Sales Ops - MTC,Customer order Pactrail Sports Apr 2025,Meridian Trading Co.
72a2f5c35b,ACC-SINV-2025-00195,P1,Sales Invoice,Sales Invoice,3,2025-04-03,2025-04-03 15:27:18.307458,ar.clerk@meridian.example,4120 - Service - MTC,4120,Service,Income,0.0,8807.59,,,Pactrail Sports,Warehouse - MTC,Customer order Pactrail Sports Apr 2025,Meridian Trading Co.
82217a2429,ACC-SINV-2025-00195,P1,Sales Invoice,Sales Invoice,4,2025-04-03,2025-04-03 15:27:18.307458,ar.clerk@meridian.example,ST 6% - MTC,,ST 6%,Liability,0.0,619.13,,,Pactrail Sports,Admin - MTC,Customer order Pactrail Sports Apr 2025,Meridian Trading Co.
9a4454c579,ACC-SINV-2025-00195,P1,Sales Invoice,Sales Invoice,5,2025-04-03,2025-04-03 15:27:18.307458,ar.clerk@meridian.example,1310 - Debtors - MTC,1310,Debtors,Asset,10937.99,0.0,Customer,Pactrail Sports,"4120 - Service - MTC,4110 - Sales - MTC",,Customer order Pactrail Sports Apr 2025,Meridian Trading Co.
6f3407a9a4,ACC-SINV-2025-00197,P1,Sales Invoice,Sales Invoice,1,2025-04-03,2025-04-03 18:17:29.643423,ar.clerk@meridian.example,4120 - Service - MTC,4120,Service,Income,0.0,766.54,,,Ovation Events,Warehouse - MTC,Customer order Ovation Events Apr 2025,Meridian Trading Co.
9372583250,ACC-SINV-2025-00197,P1,Sales Invoice,Sales Invoice,2,2025-04-03,2025-04-03 18:17:29.643423,ar.clerk@meridian.example,1310 - Debtors - MTC,1310,Debtors,Asset,863.35,0.0,Customer,Ovation Events,"4110 - Sales - MTC,4120 - Service - MTC",,Customer order Ovation Events Apr 2025,Meridian Trading Co.
e6665fed41,ACC-SINV-2025-00197,P1,Sales Invoice,Sales Invoice,3,2025-04-03,2025-04-03 18:17:29.643423,ar.clerk@meridian.example,4110 - Sales - MTC,4110,Sales,Income,0.0,96.81,,,Ovation Events,Warehouse - MTC,Customer order Ovation Events Apr 2025,Meridian Trading Co.
6cfa1b754c,ACC-PAY-2025-00140,P1,Payment Entry,Payment Entry,1,2025-04-04,2025-04-04 13:34:44.605417,ap.clerk@meridian.example,1210 - Primary Checking - MTC,1210,Primary Checking,Asset,0.0,15523.98,,,Harlan Office Supply,,Amount USD 15523.98 paid to Harlan Office Supply | Transaction reference no ACH-25-00054 dated 2025-04-04 | Amount USD 15523.98 adjusted against Purchase Invoice ACC-PINV-2025-00054,Meridian Trading Co.
937f1d656b,ACC-PAY-2025-00140,P1,Payment Entry,Payment Entry,2,2025-04-04,2025-04-04 13:34:44.605417,ap.clerk@meridian.example,2110 - Creditors - MTC,2110,Creditors,Liability,15523.98,0.0,Supplier,Harlan Office Supply,1210 - Primary Checking - MTC,,Amount USD 15523.98 paid to Harlan Office Supply | Transaction reference no ACH-25-00054 dated 2025-04-04 | Amount USD 15523.98 adjusted against Purchase Invoice ACC-PINV-2025-00054,Meridian Trading Co.
9ec8856bb6,ACC-PAY-2025-00148,P1,Payment Entry,Payment Entry,1,2025-04-04,2025-04-04 10:03:29.440781,ar.clerk@meridian.example,1210 - Primary Checking - MTC,1210,Primary Checking,Asset,8685.14,0.0,,,Ferrous Works,,Amount USD 8685.14 received from Ferrous Works | Transaction reference no ACH-25-00110 dated 2025-04-04 | Amount USD 8685.14 adjusted against Sales Invoice ACC-SINV-2025-00110,Meridian Trading Co.
f99b0c5ef1,ACC-PAY-2025-00148,P1,Payment Entry,Payment Entry,2,2025-04-04,2025-04-04 10:03:29.440781,ar.clerk@meridian.example,1310 - Debtors - MTC,1310,Debtors,Asset,0.0,8685.14,Customer,Ferrous Works,1210 - Primary Checking - MTC,,Amount USD 8685.14 received from Ferrous Works | Transaction reference no ACH-25-00110 dated 2025-04-04 | Amount USD 8685.14 adjusted against Sales Invoice ACC-SINV-2025-00110,Meridian Trading Co.
818b1949dd,ACC-PAY-2025-00187,P1,Payment Entry,Payment Entry,1,2025-04-04,2025-04-04 10:07:34.476595,ar.clerk@meridian.example,1210 - Primary Checking - MTC,1210,Primary Checking,Asset,3558.01,0.0,,,Summit Rentals,,Amount USD 3558.01 received from Summit Rentals | Transaction reference no ACH-25-00159 dated 2025-04-04 | Amount USD 3558.01 adjusted against Sales Invoice ACC-SINV-2025-00159,Meridian Trading Co.
d637a30531,ACC-PAY-2025-00187,P1,Payment Entry,Payment Entry,2,2025-04-04,2025-04-04 10:07:34.476595,ar.clerk@meridian.example,1310 - Debtors - MTC,1310,Debtors,Asset,0.0,3558.01,Customer,Summit Rentals,1210 - Primary Checking - MTC,,Amount USD 3558.01 received from Summit Rentals | Transaction reference no ACH-25-00159 dated 2025-04-04 | Amount USD 3558.01 adjusted against Sales Invoice ACC-SINV-2025-00159,Meridian Trading Co.
08d3137e71,ACC-PINV-2025-00098,P1,Purchase Invoice,Purchase Invoice,1,2025-04-04,2025-04-04 10:41:34.467710,ap.clerk@meridian.example,5111 - Cost of Goods Sold - MTC,5111,Cost of Goods Sold,Expense,15020.19,0.0,,,Orchard Wholesale,Warehouse - MTC,Orchard Wholesale April 2025 billing,Meridian Trading Co.
1bfb87f73c,ACC-PINV-2025-00098,P1,Purchase Invoice,Purchase Invoice,2,2025-04-04,2025-04-04 10:41:34.467710,ap.clerk@meridian.example,2110 - Creditors - MTC,2110,Creditors,Liability,0.0,15020.19,Supplier,Orchard Wholesale,5111 - Cost of Goods Sold - MTC,,Orchard Wholesale April 2025 billing,Meridian Trading Co.
114177a4d0,ACC-SINV-2025-00179,P1,Sales Invoice,Sales Invoice,1,2025-04-04,2025-04-04 10:11:22.437771,ar.clerk@meridian.example,4110 - Sales - MTC,4110,Sales,Income,0.0,980.1,,,Summit Rentals,Sales Ops - MTC,Customer order Summit Rentals Apr 2025,Meridian Trading Co.
30edf95abc,ACC-SINV-2025-00179,P1,Sales Invoice,Sales Invoice,2,2025-04-04,2025-04-04 10:11:22.437771,ar.clerk@meridian.example,ST 6% - MTC,,ST 6%,Liability,0.0,134.05,,,Summit Rentals,Admin - MTC,Customer order Summit Rentals Apr 2025,Meridian Trading Co.
4e6fe5624b,ACC-SINV-2025-00179,P1,Sales Invoice,Sales Invoice,3,2025-04-04,2025-04-04 10:11:22.437771,ar.clerk@meridian.example,4130 - Freight Income - MTC,4130,Freight Income,Income,0.0,527.4,,,Summit Rentals,Admin - MTC,Customer order Summit Rentals Apr 2025,Meridian Trading Co.
a61be4e378,ACC-SINV-2025-00179,P1,Sales Invoice,Sales Invoice,4,2025-04-04,2025-04-04 10:11:22.437771,ar.clerk@meridian.example,1310 - Debtors - MTC,1310,Debtors,Asset,2368.22,0.0,Customer,Summit Rentals,"4130 - Freight Income - MTC,4110 - Sales - MTC",,Customer order Summit Rentals Apr 2025,Meridian Trading Co.
b5894e63dc,ACC-SINV-2025-00179,P1,Sales Invoice,Sales Invoice,5,2025-04-04,2025-04-04 10:11:22.437771,ar.clerk@meridian.example,4110 - Sales - MTC,4110,Sales,Income,0.0,726.67,,,Summit Rentals,Warehouse - MTC,Customer order Summit Rentals Apr 2025,Meridian Trading Co.
01257a6cc9,ACC-SINV-2025-00204,P1,Sales Invoice,Sales Invoice,1,2025-04-04,2025-04-04 15:36:45.067888,ar.clerk@meridian.example,1310 - Debtors - MTC,1310,Debtors,Asset,602.25,0.0,Customer,Timberline Schools,4110 - Sales - MTC,,Customer order Timberline Schools Apr 2025,Meridian Trading Co.
3c9be78c2a,ACC-SINV-2025-00204,P1,Sales Invoice,Sales Invoice,2,2025-04-04,2025-04-04 15:36:45.067888,ar.clerk@meridian.example,4110 - Sales - MTC,4110,Sales,Income,0.0,602.25,,,Timberline Schools,Sales Ops - MTC,Customer order Timberline Schools Apr 2025,Meridian Trading Co.
1a90e4cbcc,ACC-PAY-2025-00154,P1,Payment Entry,Payment Entry,1,2025-04-05,2025-04-07 08:57:42.902966,ar.clerk@meridian.example,1210 - Primary Checking - MTC,1210,Primary Checking,Asset,1706.02,0.0,,,Timberline Schools,,Amount USD 1706.02 received from Timberline Schools | Transaction reference no ACH-25-00117 dated 2025-04-05 | Amount USD 1706.02 adjusted against Sales Invoice ACC-SINV-2025-00117,Meridian Trading Co.
e950d81b08,ACC-PAY-2025-00154,P1,Payment Entry,Payment Entry,2,2025-04-05,2025-04-07 08:57:42.902966,ar.clerk@meridian.example,1310 - Debtors - MTC,1310,Debtors,Asset,0.0,1706.02,Customer,Timberline Schools,1210 - Primary Checking - MTC,,Amount USD 1706.02 received from Timberline Schools | Transaction reference no ACH-25-00117 dated 2025-04-05 | Amount USD 1706.02 adjusted against Sales Invoice ACC-SINV-2025-00117,Meridian Trading Co.
de4cba838e,ACC-PAY-2025-00198,P1,Payment Entry,Payment Entry,1,2025-04-05,2025-04-07 15:01:30.182116,ap.clerk@meridian.example,1210 - Primary Checking - MTC,1210,Primary Checking,Asset,0.0,2085.53,,,Orchard Wholesale,,Amount USD 2085.53 paid to Orchard Wholesale | Transaction reference no ACH-25-00066 dated 2025-04-05 | Amount USD 2085.53 adjusted against Purchase Invoice ACC-PINV-2025-00066,Meridian Trading Co.
e8b0fe1aeb,ACC-PAY-2025-00198,P1,Payment Entry,Payment Entry,2,2025-04-05,2025-04-07 15:01:30.182116,ap.clerk@meridian.example,2110 - Creditors - MTC,2110,Creditors,Liability,2085.53,0.0,Supplier,Orchard Wholesale,1210 - Primary Checking - MTC,,Amount USD 2085.53 paid to Orchard Wholesale | Transaction reference no ACH-25-00066 dated 2025-04-05 | Amount USD 2085.53 adjusted against Purchase Invoice ACC-PINV-2025-00066,Meridian Trading Co.
ae3baaf1d8,ACC-PAY-2025-00176,P1,Payment Entry,Payment Entry,1,2025-04-06,2025-04-07 09:15:24.375915,ar.clerk@meridian.example,1210 - Primary Checking - MTC,1210,Primary Checking,Asset,517.53,0.0,,,Galehouse Media,,Amount USD 517.53 received from Galehouse Media | Transaction reference no ACH-25-00142 dated 2025-04-06 | Amount USD 517.53 adjusted against Sales Invoice ACC-SINV-2025-00142,Meridian Trading Co.
c90b9440f9,ACC-PAY-2025-00176,P1,Payment Entry,Payment Entry,2,2025-04-06,2025-04-07 09:15:24.375915,ar.clerk@meridian.example,1310 - Debtors - MTC,1310,Debtors,Asset,0.0,517.53,Customer,Galehouse Media,1210 - Primary Checking - MTC,,Amount USD 517.53 received from Galehouse Media | Transaction reference no ACH-25-00142 dated 2025-04-06 | Amount USD 517.53 adjusted against Sales Invoice ACC-SINV-2025-00142,Meridian Trading Co.
7725835e30,ACC-PAY-2025-00190,P1,Payment Entry,Payment Entry,1,2025-04-06,2025-04-07 10:34:52.520383,ar.clerk@meridian.example,1210 - Primary Checking - MTC,1210,Primary Checking,Asset,6248.81,0.0,,,Marlowe Interiors,,Amount USD 6248.81 received from Marlowe Interiors | Transaction reference no ACH-25-00162 dated 2025-04-06 | Amount USD 6248.81 adjusted against Sales Invoice ACC-SINV-2025-00162,Meridian Trading Co.
86fceaf6ef,ACC-PAY-2025-00190,P1,Payment Entry,Payment Entry,2,2025-04-06,2025-04-07 10:34:52.520383,ar.clerk@meridian.example,1310 - Debtors - MTC,1310,Debtors,Asset,0.0,6248.81,Customer,Marlowe Interiors,1210 - Primary Checking - MTC,,Amount USD 6248.81 received from Marlowe Interiors | Transaction reference no ACH-25-00162 dated 2025-04-06 | Amount USD 6248.81 adjusted against Sales Invoice ACC-SINV-2025-00162,Meridian Trading Co.
0158eda4b0,ACC-PAY-2025-00201,P1,Payment Entry,Payment Entry,1,2025-04-06,2025-04-07 13:20:08.249478,ap.clerk@meridian.example,1210 - Primary Checking - MTC,1210,Primary Checking,Asset,0.0,5065.24,,,Orchard Wholesale,,Amount USD 5065.24 paid to Orchard Wholesale | Transaction reference no ACH-25-00069 dated 2025-04-06 | Amount USD 5065.24 adjusted against Purchase Invoice ACC-PINV-2025-00069,Meridian Trading Co.
b9b80584e9,ACC-PAY-2025-00201,P1,Payment Entry,Payment Entry,2,2025-04-06,2025-04-07 13:20:08.249478,ap.clerk@meridian.example,2110 - Creditors - MTC,2110,Creditors,Liability,5065.24,0.0,Supplier,Orchard Wholesale,1210 - Primary Checking - MTC,,Amount USD 5065.24 paid to Orchard Wholesale | Transaction reference no ACH-25-00069 dated 2025-04-06 | Amount USD 5065.24 adjusted against Purchase Invoice ACC-PINV-2025-00069,Meridian Trading Co.
2b4716f77e,ACC-PAY-2025-00077,P1,Payment Entry,Payment Entry,1,2025-04-07,2025-04-07 10:39:01.170154,ar.clerk@meridian.example,1210 - Primary Checking - MTC,1210,Primary Checking,Asset,1579.44,0.0,,,Timberline Schools,,Amount USD 1579.44 received from Timberline Schools | Transaction reference no ACH-25-00061 dated 2025-04-07 | Amount USD 1579.44 adjusted against Sales Invoice ACC-SINV-2025-00061,Meridian Trading Co.
31438ddc8a,ACC-PAY-2025-00077,P1,Payment Entry,Payment Entry,2,2025-04-07,2025-04-07 10:39:01.170154,ar.clerk@meridian.example,1310 - Debtors - MTC,1310,Debtors,Asset,0.0,1579.44,Customer,Timberline Schools,1210 - Primary Checking - MTC,,Amount USD 1579.44 received from Timberline Schools | Transaction reference no ACH-25-00061 dated 2025-04-07 | Amount USD 1579.44 adjusted against Sales Invoice ACC-SINV-2025-00061,Meridian Trading Co.
280b47baa2,ACC-PAY-2025-00164,P1,Payment Entry,Payment Entry,1,2025-04-07,2025-04-07 12:39:45.763888,ar.clerk@meridian.example,1310 - Debtors - MTC,1310,Debtors,Asset,0.0,1395.26,Customer,Halstrom Supply,1210 - Primary Checking - MTC,,Amount USD 1395.26 received from Halstrom Supply | Transaction reference no ACH-25-00129 dated 2025-04-07 | Amount USD 1395.26 adjusted against Sales Invoice ACC-SINV-2025-00129,Meridian Trading Co.
de548ec291,ACC-PAY-2025-00164,P1,Payment Entry,Payment Entry,2,2025-04-07,2025-04-07 12:39:45.763888,ar.clerk@meridian.example,1210 - Primary Checking - MTC,1210,Primary Checking,Asset,1395.26,0.0,,,Halstrom Supply,,Amount USD 1395.26 received from Halstrom Supply | Transaction reference no ACH-25-00129 dated 2025-04-07 | Amount USD 1395.26 adjusted against Sales Invoice ACC-SINV-2025-00129,Meridian Trading Co.
7ee6fe9e8d,ACC-PAY-2025-00179,P1,Payment Entry,Payment Entry,1,2025-04-07,2025-04-07 15:06:07.533068,ar.clerk@meridian.example,1310 - Debtors - MTC,1310,Debtors,Asset,0.0,976.67,Customer,Pactrail Sports,1210 - Primary Checking - MTC,,Amount USD 976.67 received from Pactrail Sports | Transaction reference no ACH-25-00147 dated 2025-04-07 | Amount USD 976.67 adjusted against Sales Invoice ACC-SINV-2025-00147,Meridian Trading Co.
ecd7acb064,ACC-PAY-2025-00179,P1,Payment Entry,Payment Entry,2,2025-04-07,2025-04-07 15:06:07.533068,ar.clerk@meridian.example,1210 - Primary Checking - MTC,1210,Primary Checking,Asset,976.67,0.0,,,Pactrail Sports,,Amount USD 976.67 received from Pactrail Sports | Transaction reference no ACH-25-00147 dated 2025-04-07 | Amount USD 976.67 adjusted against Sales Invoice ACC-SINV-2025-00147,Meridian Trading Co.
72fb486246,ACC-PAY-2025-00241,P1,Payment Entry,Payment Entry,1,2025-04-07,2025-04-07 14:59:56.351939,ar.clerk@meridian.example,1310 - Debtors - MTC,1310,Debtors,Asset,0.0,390.95,Customer,Halstrom Supply,1210 - Primary Checking - MTC,,Amount USD 390.95 received from Halstrom Supply | Transaction reference no ACH-25-00189 dated 2025-04-07 | Amount USD 390.95 adjusted against Sales Invoice ACC-SINV-2025-00189,Meridian Trading Co.
ab8d71964a,ACC-PAY-2025-00241,P1,Payment Entry,Payment Entry,2,2025-04-07,2025-04-07 14:59:56.351939,ar.clerk@meridian.example,1210 - Primary Checking - MTC,1210,Primary Checking,Asset,390.95,0.0,,,Halstrom Supply,,Amount USD 390.95 received from Halstrom Supply | Transaction reference no ACH-25-00189 dated 2025-04-07 | Amount USD 390.95 adjusted against Sales Invoice ACC-SINV-2025-00189,Meridian Trading Co.
0c4d5fbe91,ACC-PINV-2025-00120,P1,Purchase Invoice,Purchase Invoice,1,2025-04-07,2025-04-14 10:21:03.958376,ap.clerk@meridian.example,5209 - Office Rent - MTC,5209,Office Rent,Expense,2206.45,0.0,,,Ironclad Security,Admin - MTC,Ironclad Security April 2025 billing,Meridian Trading Co.
2a7284fdbc,ACC-PINV-2025-00120,P1,Purchase Invoice,Purchase Invoice,2,2025-04-07,2025-04-14 10:21:03.958376,ap.clerk@meridian.example,2110 - Creditors - MTC,2110,Creditors,Liability,0.0,19984.18,Supplier,Ironclad Security,"5229 - Security Expenses - MTC,5215 - Telephone Expenses - MTC,5209 - Office Rent - MTC",,Ironclad Security April 2025 billing,Meridian Trading Co.
852b6299d9,ACC-PINV-2025-00120,P1,Purchase Invoice,Purchase Invoice,3,2025-04-07,2025-04-14 10:21:03.958376,ap.clerk@meridian.example,5229 - Security Expenses - MTC,5229,Security Expenses,Expense,16459.15,0.0,,,Ironclad Security,Admin - MTC,Ironclad Security April 2025 billing,Meridian Trading Co.
dc74d99890,ACC-PINV-2025-00120,P1,Purchase Invoice,Purchase Invoice,4,2025-04-07,2025-04-14 10:21:03.958376,ap.clerk@meridian.example,5215 - Telephone Expenses - MTC,5215,Telephone Expenses,Expense,1318.58,0.0,,,Ironclad Security,Admin - MTC,Ironclad Security April 2025 billing,Meridian Trading Co.
8ff7242f5d,ACC-SINV-2025-00222,P1,Sales Invoice,Sales Invoice,1,2025-04-07,2025-04-07 10:36:01.156201,ar.clerk@meridian.example,1310 - Debtors - MTC,1310,Debtors,Asset,99.06,0.0,Customer,Brightline Offices,4110 - Sales - MTC,,Customer order Brightline Offices Apr 2025,Meridian Trading Co.
9e71c97f01,ACC-SINV-2025-00222,P1,Sales Invoice,Sales Invoice,2,2025-04-07,2025-04-07 10:36:01.156201,ar.clerk@meridian.example,4110 - Sales - MTC,4110,Sales,Income,0.0,93.45,,,Brightline Offices,Warehouse - MTC,Customer order Brightline Offices Apr 2025,Meridian Trading Co.
adfdda71b8,ACC-SINV-2025-00222,P1,Sales Invoice,Sales Invoice,3,2025-04-07,2025-04-07 10:36:01.156201,ar.clerk@meridian.example,ST 6% - MTC,,ST 6%,Liability,0.0,5.61,,,Brightline Offices,Admin - MTC,Customer order Brightline Offices Apr 2025,Meridian Trading Co.
b35d474b9b,ACC-PAY-2025-00130,P1,Payment Entry,Payment Entry,1,2025-04-08,2025-04-08 17:55:48.482680,ap.clerk@meridian.example,1210 - Primary Checking - MTC,1210,Primary Checking,Asset,0.0,2540.39,,,Vulcan Materials Co,,Amount USD 2540.39 paid to Vulcan Materials Co | Transaction reference no ACH-25-00042 dated 2025-04-08 | Amount USD 2540.39 adjusted against Purchase Invoice ACC-PINV-2025-00042,Meridian Trading Co.
e8402593e5,ACC-PAY-2025-00130,P1,Payment Entry,Payment Entry,2,2025-04-08,2025-04-08 17:55:48.482680,ap.clerk@meridian.example,2110 - Creditors - MTC,2110,Creditors,Liability,2540.39,0.0,Supplier,Vulcan Materials Co,1210 - Primary Checking - MTC,,Amount USD 2540.39 paid to Vulcan Materials Co | Transaction reference no ACH-25-00042 dated 2025-04-08 | Amount USD 2540.39 adjusted against Purchase Invoice ACC-PINV-2025-00042,Meridian Trading Co.
1fc5bfd766,ACC-PAY-2025-00155,P1,Payment Entry,Payment Entry,1,2025-04-08,2025-04-08 14:15:29.452265,ar.clerk@meridian.example,1210 - Primary Checking - MTC,1210,Primary Checking,Asset,2899.65,0.0,,,Halstrom Supply,,Amount USD 2899.65 received from Halstrom Supply | Transaction reference no ACH-25-00118 dated 2025-04-08 | Amount USD 2899.65 adjusted against Sales Invoice ACC-SINV-2025-00118,Meridian Trading Co.
64a5aba4f4,ACC-PAY-2025-00155,P1,Payment Entry,Payment Entry,2,2025-04-08,2025-04-08 14:15:29.452265,ar.clerk@meridian.example,1310 - Debtors - MTC,1310,Debtors,Asset,0.0,2899.65,Customer,Halstrom Supply,1210 - Primary Checking - MTC,,Amount USD 2899.65 received from Halstrom Supply | Transaction reference no ACH-25-00118 dated 2025-04-08 | Amount USD 2899.65 adjusted against Sales Invoice ACC-SINV-2025-00118,Meridian Trading Co.
7af0493ce9,ACC-PAY-2025-00166,P1,Payment Entry,Payment Entry,1,2025-04-08,2025-04-08 15:55:12.513080,ar.clerk@meridian.example,1210 - Primary Checking - MTC,1210,Primary Checking,Asset,11785.59,0.0,,,Summit Rentals,,Amount USD 11785.59 received from Summit Rentals | Transaction reference no ACH-25-00131 dated 2025-04-08 | Amount USD 11785.59 adjusted against Sales Invoice ACC-SINV-2025-00131,Meridian Trading Co.
efb64a7888,ACC-PAY-2025-00166,P1,Payment Entry,Payment Entry,2,2025-04-08,2025-04-08 15:55:12.513080,ar.clerk@meridian.example,1310 - Debtors - MTC,1310,Debtors,Asset,0.0,11785.59,Customer,Summit Rentals,1210 - Primary Checking - MTC,,Amount USD 11785.59 received from Summit Rentals | Transaction reference no ACH-25-00131 dated 2025-04-08 | Amount USD 11785.59 adjusted against Sales Invoice ACC-SINV-2025-00131,Meridian Trading Co.
52f3eae6f6,ACC-PAY-2025-00253,P1,Payment Entry,Payment Entry,1,2025-04-08,2025-04-08 10:35:08.393731,ar.clerk@meridian.example,1310 - Debtors - MTC,1310,Debtors,Asset,0.0,643.62,Customer,Northwind Retail,1210 - Primary Checking - MTC,,Amount USD 643.62 received from Northwind Retail | Transaction reference no ACH-25-00202 dated 2025-04-08 | Amount USD 643.62 adjusted against Sales Invoice ACC-SINV-2025-00202,Meridian Trading Co.
d7c0ebb674,ACC-PAY-2025-00253,P1,Payment Entry,Payment Entry,2,2025-04-08,2025-04-08 10:35:08.393731,ar.clerk@meridian.example,1210 - Primary Checking - MTC,1210,Primary Checking,Asset,643.62,0.0,,,Northwind Retail,,Amount USD 643.62 received from Northwind Retail | Transaction reference no ACH-25-00202 dated 2025-04-08 | Amount USD 643.62 adjusted against Sales Invoice ACC-SINV-2025-00202,Meridian Trading Co.
1373723008,ACC-PINV-2025-00099,P1,Purchase Invoice,Purchase Invoice,1,2025-04-08,2025-04-08 13:15:51.618225,ap.clerk@meridian.example,5210 - Postal Expenses - MTC,5210,Postal Expenses,Expense,472.44,0.0,,,Orchard Wholesale,Admin - MTC,Orchard Wholesale April 2025 billing,Meridian Trading Co.
76ab00f587,ACC-PINV-2025-00099,P1,Purchase Invoice,Purchase Invoice,2,2025-04-08,2025-04-08 13:15:51.618225,ap.clerk@meridian.example,2110 - Creditors - MTC,2110,Creditors,Liability,0.0,8760.41,Supplier,Orchard Wholesale,"5111 - Cost of Goods Sold - MTC,5210 - Postal Expenses - MTC,5204 - Entertainment Expenses - MTC",,Orchard Wholesale April 2025 billing,Meridian Trading Co.
dbf316415a,ACC-PINV-2025-00099,P1,Purchase Invoice,Purchase Invoice,3,2025-04-08,2025-04-08 13:15:51.618225,ap.clerk@meridian.example,5111 - Cost of Goods Sold - MTC,5111,Cost of Goods Sold,Expense,6417.76,0.0,,,Orchard Wholesale,Warehouse - MTC,Orchard Wholesale April 2025 billing,Meridian Trading Co.
fdb4655273,ACC-PINV-2025-00099,P1,Purchase Invoice,Purchase Invoice,4,2025-04-08,2025-04-08 13:15:51.618225,ap.clerk@meridian.example,5204 - Entertainment Expenses - MTC,5204,Entertainment Expenses,Expense,1870.21,0.0,,,Orchard Wholesale,Admin - MTC,Orchard Wholesale April 2025 billing,Meridian Trading Co.
3015a6250e,ACC-PINV-2025-00111,P1,Purchase Invoice,Purchase Invoice,1,2025-04-08,2025-04-08 08:06:54.376128,ap.clerk@meridian.example,5230 - IT and Software Expenses - MTC,5230,IT and Software Expenses,Expense,13898.55,0.0,,,Cobalt IT Services,Admin - MTC,Cobalt IT Services April 2025 billing,Meridian Trading Co.
a6a899d573,ACC-PINV-2025-00111,P1,Purchase Invoice,Purchase Invoice,2,2025-04-08,2025-04-08 08:06:54.376128,ap.clerk@meridian.example,2110 - Creditors - MTC,2110,Creditors,Liability,0.0,13898.55,Supplier,Cobalt IT Services,5230 - IT and Software Expenses - MTC,,Cobalt IT Services April 2025 billing,Meridian Trading Co.
2dc8d25bef,ACC-SINV-2025-00173,P1,Sales Invoice,Sales Invoice,1,2025-04-08,2025-04-08 13:45:16.893486,ar.clerk@meridian.example,1310 - Debtors - MTC,1310,Debtors,Asset,4740.74,0.0,Customer,Pactrail Sports,"4120 - Service - MTC,4110 - Sales - MTC",,Customer order Pactrail Sports Apr 2025,Meridian Trading Co.
7d11cd7952,ACC-SINV-2025-00173,P1,Sales Invoice,Sales Invoice,2,2025-04-08,2025-04-08 13:45:16.893486,ar.clerk@meridian.example,ST 6% - MTC,,ST 6%,Liability,0.0,268.34,,,Pactrail Sports,Admin - MTC,Customer order Pactrail Sports Apr 2025,Meridian Trading Co.
bdf2868c51,ACC-SINV-2025-00173,P1,Sales Invoice,Sales Invoice,3,2025-04-08,2025-04-08 13:45:16.893486,ar.clerk@meridian.example,4110 - Sales - MTC,4110,Sales,Income,0.0,614.48,,,Pactrail Sports,Sales Ops - MTC,Customer order Pactrail Sports Apr 2025,Meridian Trading Co.
ecfa2490c5,ACC-SINV-2025-00173,P1,Sales Invoice,Sales Invoice,4,2025-04-08,2025-04-08 13:45:16.893486,ar.clerk@meridian.example,4120 - Service - MTC,4120,Service,Income,0.0,3857.92,,,Pactrail Sports,Sales Ops - MTC,Customer order Pactrail Sports Apr 2025,Meridian Trading Co.
33b6d2d5b7,ACC-SINV-2025-00188,P1,Sales Invoice,Sales Invoice,1,2025-04-08,2025-04-08 17:10:23.952943,ar.clerk@meridian.example,1310 - Debtors - MTC,1310,Debtors,Asset,13385.54,0.0,Customer,Brightline Offices,"4120 - Service - MTC,4110 - Sales - MTC",,Customer order Brightline Offices Apr 2025,Meridian Trading Co.
527caf6ea1,ACC-SINV-2025-00188,P1,Sales Invoice,Sales Invoice,2,2025-04-08,2025-04-08 17:10:23.952943,ar.clerk@meridian.example,ST 6% - MTC,,ST 6%,Liability,0.0,757.67,,,Brightline Offices,Admin - MTC,Customer order Brightline Offices Apr 2025,Meridian Trading Co.
d8a15d531d,ACC-SINV-2025-00188,P1,Sales Invoice,Sales Invoice,3,2025-04-08,2025-04-08 17:10:23.952943,ar.clerk@meridian.example,4120 - Service - MTC,4120,Service,Income,0.0,12479.7,,,Brightline Offices,Warehouse - MTC,Customer order Brightline Offices Apr 2025,Meridian Trading Co.
e3839072f4,ACC-SINV-2025-00188,P1,Sales Invoice,Sales Invoice,4,2025-04-08,2025-04-08 17:10:23.952943,ar.clerk@meridian.example,4110 - Sales - MTC,4110,Sales,Income,0.0,148.17,,,Brightline Offices,Warehouse - MTC,Customer order Brightline Offices Apr 2025,Meridian Trading Co.
376b53152e,ACC-SINV-2025-00193,P1,Sales Invoice,Sales Invoice,1,2025-04-08,2025-04-08 10:30:08.213093,ar.clerk@meridian.example,1310 - Debtors - MTC,1310,Debtors,Asset,2699.1,0.0,Customer,Brightline Offices,4110 - Sales - MTC,,Customer order Brightline Offices Apr 2025,Meridian Trading Co.
8c70492bb9,ACC-SINV-2025-00193,P1,Sales Invoice,Sales Invoice,2,2025-04-08,2025-04-08 10:30:08.213093,ar.clerk@meridian.example,ST 6% - MTC,,ST 6%,Liability,0.0,152.78,,,Brightline Offices,Admin - MTC,Customer order Brightline Offices Apr 2025,Meridian Trading Co.
c5b4c9df5c,ACC-SINV-2025-00193,P1,Sales Invoice,Sales Invoice,3,2025-04-08,2025-04-08 10:30:08.213093,ar.clerk@meridian.example,4110 - Sales - MTC,4110,Sales,Income,0.0,2546.32,,,Brightline Offices,Sales Ops - MTC,Customer order Brightline Offices Apr 2025,Meridian Trading Co.
1dc0cf0f7e,ACC-SINV-2025-00218,P1,Sales Invoice,Sales Invoice,1,2025-04-08,2025-04-08 15:55:50.423810,ar.clerk@meridian.example,4130 - Freight Income - MTC,4130,Freight Income,Income,0.0,247.41,,,Summit Rentals,Admin - MTC,Customer order Summit Rentals Apr 2025,Meridian Trading Co.
4218ed6f15,ACC-SINV-2025-00218,P1,Sales Invoice,Sales Invoice,2,2025-04-08,2025-04-08 15:55:50.423810,ar.clerk@meridian.example,1310 - Debtors - MTC,1310,Debtors,Asset,2808.24,0.0,Customer,Summit Rentals,"4130 - Freight Income - MTC,4110 - Sales - MTC",,Customer order Summit Rentals Apr 2025,Meridian Trading Co.
437bd0b6b9,ACC-SINV-2025-00218,P1,Sales Invoice,Sales Invoice,3,2025-04-08,2025-04-08 15:55:50.423810,ar.clerk@meridian.example,ST 6% - MTC,,ST 6%,Liability,0.0,158.96,,,Summit Rentals,Admin - MTC,Customer order Summit Rentals Apr 2025,Meridian Trading Co.
a099360afd,ACC-SINV-2025-00218,P1,Sales Invoice,Sales Invoice,4,2025-04-08,2025-04-08 15:55:50.423810,ar.clerk@meridian.example,4110 - Sales - MTC,4110,Sales,Income,0.0,2401.87,,,Summit Rentals,Sales Ops - MTC,Customer order Summit Rentals Apr 2025,Meridian Trading Co.
06dcd84a17,ACC-PAY-2025-00183,P1,Payment Entry,Payment Entry,1,2025-04-09,2025-04-09 11:39:03.001122,ar.clerk@meridian.example,1310 - Debtors - MTC,1310,Debtors,Asset,0.0,599.46,Customer,Timberline Schools,1210 - Primary Checking - MTC,,Amount USD 599.46 received from Timberline Schools | Transaction reference no ACH-25-00153 dated 2025-04-09 | Amount USD 599.46 adjusted against Sales Invoice ACC-SINV-2025-00153,Meridian Trading Co.
d33b8f0440,ACC-PAY-2025-00183,P1,Payment Entry,Payment Entry,2,2025-04-09,2025-04-09 11:39:03.001122,ar.clerk@meridian.example,1210 - Primary Checking - MTC,1210,Primary Checking,Asset,599.46,0.0,,,Timberline Schools,,Amount USD 599.46 received from Timberline Schools | Transaction reference no ACH-25-00153 dated 2025-04-09 | Amount USD 599.46 adjusted against Sales Invoice ACC-SINV-2025-00153,Meridian Trading Co.
3d07b44661,ACC-PAY-2025-00249,P1,Payment Entry,Payment Entry,1,2025-04-09,2025-04-09 12:47:06.587875,ar.clerk@meridian.example,1310 - Debtors - MTC,1310,Debtors,Asset,0.0,863.35,Customer,Ovation Events,1210 - Primary Checking - MTC,,Amount USD 863.35 received from Ovation Events | Transaction reference no ACH-25-00197 dated 2025-04-09 | Amount USD 863.35 adjusted against Sales Invoice ACC-SINV-2025-00197,Meridian Trading Co.
d4f355d067,ACC-PAY-2025-00249,P1,Payment Entry,Payment Entry,2,2025-04-09,2025-04-09 12:47:06.587875,ar.clerk@meridian.example,1210 - Primary Checking - MTC,1210,Primary Checking,Asset,863.35,0.0,,,Ovation Events,,Amount USD 863.35 received from Ovation Events | Transaction reference no ACH-25-00197 dated 2025-04-09 | Amount USD 863.35 adjusted against Sales Invoice ACC-SINV-2025-00197,Meridian Trading Co.
5d893aec3b,ACC-PINV-2025-00107,P1,Purchase Invoice,Purchase Invoice,1,2025-04-09,2025-04-14 16:51:27.111707,ap.clerk@meridian.example,5205 - Freight and Forwarding Charges - MTC,5205,Freight and Forwarding Charges,Expense,1028.65,0.0,,,Beacon Freight,Admin - MTC,Beacon Freight April 2025 billing,Meridian Trading Co.
61eb237e0e,ACC-PINV-2025-00107,P1,Purchase Invoice,Purchase Invoice,2,2025-04-09,2025-04-14 16:51:27.111707,ap.clerk@meridian.example,2110 - Creditors - MTC,2110,Creditors,Liability,0.0,1028.65,Supplier,Beacon Freight,5205 - Freight and Forwarding Charges - MTC,,Beacon Freight April 2025 billing,Meridian Trading Co.
07803ddfc2,ACC-PINV-2025-00124,P1,Purchase Invoice,Purchase Invoice,1,2025-04-09,2025-04-09 12:29:04.931995,ap.clerk@meridian.example,2110 - Creditors - MTC,2110,Creditors,Liability,0.0,8593.08,Supplier,Granite Janitorial,5208 - Office Maintenance Expenses - MTC,,Granite Janitorial April 2025 billing,Meridian Trading Co.
6ec9d84b2f,ACC-PINV-2025-00124,P1,Purchase Invoice,Purchase Invoice,2,2025-04-09,2025-04-09 12:29:04.931995,ap.clerk@meridian.example,5208 - Office Maintenance Expenses - MTC,5208,Office Maintenance Expenses,Expense,8593.08,0.0,,,Granite Janitorial,Admin - MTC,Granite Janitorial April 2025 billing,Meridian Trading Co.
22149e1582,ACC-PAY-2025-00141,P1,Payment Entry,Payment Entry,1,2025-04-10,2025-04-10 17:13:13.731456,ap.clerk@meridian.example,1210 - Primary Checking - MTC,1210,Primary Checking,Asset,0.0,2352.42,,,Harlan Office Supply,,Amount USD 2352.42 paid to Harlan Office Supply | Transaction reference no ACH-25-00055 dated 2025-04-10 | Amount USD 2352.42 adjusted against Purchase Invoice ACC-PINV-2025-00055,Meridian Trading Co.
6fcbe15868,ACC-PAY-2025-00141,P1,Payment Entry,Payment Entry,2,2025-04-10,2025-04-10 17:13:13.731456,ap.clerk@meridian.example,2110 - Creditors - MTC,2110,Creditors,Liability,2352.42,0.0,Supplier,Harlan Office Supply,1210 - Primary Checking - MTC,,Amount USD 2352.42 paid to Harlan Office Supply | Transaction reference no ACH-25-00055 dated 2025-04-10 | Amount USD 2352.42 adjusted against Purchase Invoice ACC-PINV-2025-00055,Meridian Trading Co.
195a977fcd,ACC-PAY-2025-00213,P1,Payment Entry,Payment Entry,1,2025-04-10,2025-04-10 16:56:51.089852,ap.clerk@meridian.example,1210 - Primary Checking - MTC,1210,Primary Checking,Asset,0.0,11604.9,,,Stateside Insurance,,Amount USD 11604.9 paid to Stateside Insurance | Transaction reference no ACH-25-00082 dated 2025-04-10 | Amount USD 11604.9 adjusted against Purchase Invoice ACC-PINV-2025-00082,Meridian Trading Co.
d629571091,ACC-PAY-2025-00213,P1,Payment Entry,Payment Entry,2,2025-04-10,2025-04-10 16:56:51.089852,ap.clerk@meridian.example,2110 - Creditors - MTC,2110,Creditors,Liability,11604.9,0.0,Supplier,Stateside Insurance,1210 - Primary Checking - MTC,,Amount USD 11604.9 paid to Stateside Insurance | Transaction reference no ACH-25-00082 dated 2025-04-10 | Amount USD 11604.9 adjusted against Purchase Invoice ACC-PINV-2025-00082,Meridian Trading Co.
38d3f54910,ACC-PAY-2025-00235,P1,Payment Entry,Payment Entry,1,2025-04-10,2025-04-10 13:06:59.646368,ar.clerk@meridian.example,1310 - Debtors - MTC,1310,Debtors,Asset,0.0,19665.14,Customer,Northwind Retail,1210 - Primary Checking - MTC,,Amount USD 19665.14 received from Northwind Retail | Transaction reference no ACH-25-00182 dated 2025-04-10 | Amount USD 19665.14 adjusted against Sales Invoice ACC-SINV-2025-00182,Meridian Trading Co.
b9921ad349,ACC-PAY-2025-00235,P1,Payment Entry,Payment Entry,2,2025-04-10,2025-04-10 13:06:59.646368,ar.clerk@meridian.example,1210 - Primary Checking - MTC,1210,Primary Checking,Asset,19665.14,0.0,,,Northwind Retail,,Amount USD 19665.14 received from Northwind Retail | Transaction reference no ACH-25-00182 dated 2025-04-10 | Amount USD 19665.14 adjusted against Sales Invoice ACC-SINV-2025-00182,Meridian Trading Co.
74b082309b,ACC-PINV-2025-00110,P1,Purchase Invoice,Purchase Invoice,1,2025-04-10,2025-04-10 09:01:49.308333,ap.clerk@meridian.example,2110 - Creditors - MTC,2110,Creditors,Liability,0.0,5894.44,Supplier,Beacon Freight,5205 - Freight and Forwarding Charges - MTC,,Beacon Freight April 2025 billing,Meridian Trading Co.
c827b3ed3f,ACC-PINV-2025-00110,P1,Purchase Invoice,Purchase Invoice,2,2025-04-10,2025-04-10 09:01:49.308333,ap.clerk@meridian.example,5205 - Freight and Forwarding Charges - MTC,5205,Freight and Forwarding Charges,Expense,5894.44,0.0,,,Beacon Freight,Admin - MTC,Beacon Freight April 2025 billing,Meridian Trading Co.
3a9b44516e,ACC-PINV-2025-00112,P1,Purchase Invoice,Purchase Invoice,1,2025-04-10,2025-04-10 09:04:06.367013,ap.clerk@meridian.example,2110 - Creditors - MTC,2110,Creditors,Liability,0.0,17248.89,Supplier,Cobalt IT Services,5230 - IT and Software Expenses - MTC,,Cobalt IT Services April 2025 billing,Meridian Trading Co.
50f0247f07,ACC-PINV-2025-00112,P1,Purchase Invoice,Purchase Invoice,2,2025-04-10,2025-04-10 09:04:06.367013,ap.clerk@meridian.example,5230 - IT and Software Expenses - MTC,5230,IT and Software Expenses,Expense,17248.89,0.0,,,Cobalt IT Services,Admin - MTC,Cobalt IT Services April 2025 billing,Meridian Trading Co.
407848cc60,ACC-PINV-2025-00115,P1,Purchase Invoice,Purchase Invoice,1,2025-04-10,2025-04-10 10:19:04.999198,ap.clerk@meridian.example,2110 - Creditors - MTC,2110,Creditors,Liability,0.0,10259.53,Supplier,Metro Utilities,5217 - Utility Expenses - MTC,,Metro Utilities April 2025 billing,Meridian Trading Co.
fca0fa1484,ACC-PINV-2025-00115,P1,Purchase Invoice,Purchase Invoice,2,2025-04-10,2025-04-10 10:19:04.999198,ap.clerk@meridian.example,5217 - Utility Expenses - MTC,5217,Utility Expenses,Expense,10259.53,0.0,,,Metro Utilities,Admin - MTC,Metro Utilities April 2025 billing,Meridian Trading Co.
4b2a116bc6,ACC-SINV-2025-00174,P1,Sales Invoice,Sales Invoice,1,2025-04-10,2025-04-10 16:36:57.086105,ar.clerk@meridian.example,ST 6% - MTC,,ST 6%,Liability,0.0,41.92,,,Galehouse Media,Admin - MTC,Customer order Galehouse Media Apr 2025,Meridian Trading Co.
b249375abe,ACC-SINV-2025-00174,P1,Sales Invoice,Sales Invoice,2,2025-04-10,2025-04-10 16:36:57.086105,ar.clerk@meridian.example,1310 - Debtors - MTC,1310,Debtors,Asset,740.53,0.0,Customer,Galehouse Media,4110 - Sales - MTC,,Customer order Galehouse Media Apr 2025,Meridian Trading Co.
cfc8180f3a,ACC-SINV-2025-00174,P1,Sales Invoice,Sales Invoice,3,2025-04-10,2025-04-10 16:36:57.086105,ar.clerk@meridian.example,4110 - Sales - MTC,4110,Sales,Income,0.0,291.31,,,Galehouse Media,Warehouse - MTC,Customer order Galehouse Media Apr 2025,Meridian Trading Co.
d31e99de21,ACC-SINV-2025-00174,P1,Sales Invoice,Sales Invoice,4,2025-04-10,2025-04-10 16:36:57.086105,ar.clerk@meridian.example,4110 - Sales - MTC,4110,Sales,Income,0.0,407.3,,,Galehouse Media,Sales Ops - MTC,Customer order Galehouse Media Apr 2025,Meridian Trading Co.
1b76944c2c,ACC-SINV-2025-00187,P1,Sales Invoice,Sales Invoice,1,2025-04-10,2025-04-10 11:37:42.529891,ar.clerk@meridian.example,1310 - Debtors - MTC,1310,Debtors,Asset,1969.85,0.0,Customer,Brightline Offices,"4110 - Sales - MTC,4130 - Freight Income - MTC",,Customer order Brightline Offices Apr 2025,Meridian Trading Co.
2199dff425,ACC-SINV-2025-00187,P1,Sales Invoice,Sales Invoice,2,2025-04-10,2025-04-10 11:37:42.529891,ar.clerk@meridian.example,4110 - Sales - MTC,4110,Sales,Income,0.0,160.8,,,Brightline Offices,Sales Ops - MTC,Customer order Brightline Offices Apr 2025,Meridian Trading Co.
922d359125,ACC-SINV-2025-00187,P1,Sales Invoice,Sales Invoice,3,2025-04-10,2025-04-10 11:37:42.529891,ar.clerk@meridian.example,4130 - Freight Income - MTC,4130,Freight Income,Income,0.0,273.27,,,Brightline Offices,Admin - MTC,Customer order Brightline Offices Apr 2025,Meridian Trading Co.
ae3521f590,ACC-SINV-2025-00187,P1,Sales Invoice,Sales Invoice,4,2025-04-10,2025-04-10 11:37:42.529891,ar.clerk@meridian.example,4110 - Sales - MTC,4110,Sales,Income,0.0,1424.28,,,Brightline Offices,Warehouse - MTC,Customer order Brightline Offices Apr 2025,Meridian Trading Co.
f19a6aec27,ACC-SINV-2025-00187,P1,Sales Invoice,Sales Invoice,5,2025-04-10,2025-04-10 11:37:42.529891,ar.clerk@meridian.example,ST 6% - MTC,,ST 6%,Liability,0.0,111.5,,,Brightline Offices,Admin - MTC,Customer order Brightline Offices Apr 2025,Meridian Trading Co.
2f8b1954e6,ACC-PAY-2025-00184,P1,Payment Entry,Payment Entry,1,2025-04-11,2025-04-11 13:59:36.477390,ar.clerk@meridian.example,1310 - Debtors - MTC,1310,Debtors,Asset,0.0,5871.19,Customer,Ferrous Works,1210 - Primary Checking - MTC,,Amount USD 5871.19 received from Ferrous Works | Transaction reference no ACH-25-00154 dated 2025-04-11 | Amount USD 5871.19 adjusted against Sales Invoice ACC-SINV-2025-00154,Meridian Trading Co.
94a9976b0d,ACC-PAY-2025-00184,P1,Payment Entry,Payment Entry,2,2025-04-11,2025-04-11 13:59:36.477390,ar.clerk@meridian.example,1210 - Primary Checking - MTC,1210,Primary Checking,Asset,5871.19,0.0,,,Ferrous Works,,Amount USD 5871.19 received from Ferrous Works | Transaction reference no ACH-25-00154 dated 2025-04-11 | Amount USD 5871.19 adjusted against Sales Invoice ACC-SINV-2025-00154,Meridian Trading Co.
382a43b26a,ACC-PAY-2025-00186,P1,Payment Entry,Payment Entry,1,2025-04-11,2025-04-11 17:55:26.954760,ar.clerk@meridian.example,1310 - Debtors - MTC,1310,Debtors,Asset,0.0,645.8,Customer,Timberline Schools,1210 - Primary Checking - MTC,,Amount USD 645.8 received from Timberline Schools | Transaction reference no ACH-25-00158 dated 2025-04-11 | Amount USD 645.8 adjusted against Sales Invoice ACC-SINV-2025-00158,Meridian Trading Co.
a730454ab9,ACC-PAY-2025-00186,P1,Payment Entry,Payment Entry,2,2025-04-11,2025-04-11 17:55:26.954760,ar.clerk@meridian.example,1210 - Primary Checking - MTC,1210,Primary Checking,Asset,645.8,0.0,,,Timberline Schools,,Amount USD 645.8 received from Timberline Schools | Transaction reference no ACH-25-00158 dated 2025-04-11 | Amount USD 645.8 adjusted against Sales Invoice ACC-SINV-2025-00158,Meridian Trading Co.
22f73364f0,ACC-PAY-2025-00207,P1,Payment Entry,Payment Entry,1,2025-04-11,2025-04-11 16:30:42.621026,ap.clerk@meridian.example,1210 - Primary Checking - MTC,1210,Primary Checking,Asset,0.0,3293.25,,,Beacon Freight,,Amount USD 3293.25 paid to Beacon Freight | Transaction reference no ACH-25-00076 dated 2025-04-11 | Amount USD 3293.25 adjusted against Purchase Invoice ACC-PINV-2025-00076,Meridian Trading Co.
a85eabcada,ACC-PAY-2025-00207,P1,Payment Entry,Payment Entry,2,2025-04-11,2025-04-11 16:30:42.621026,ap.clerk@meridian.example,2110 - Creditors - MTC,2110,Creditors,Liability,3293.25,0.0,Supplier,Beacon Freight,1210 - Primary Checking - MTC,,Amount USD 3293.25 paid to Beacon Freight | Transaction reference no ACH-25-00076 dated 2025-04-11 | Amount USD 3293.25 adjusted against Purchase Invoice ACC-PINV-2025-00076,Meridian Trading Co.
7be334e07f,ACC-PINV-2025-00100,P1,Purchase Invoice,Purchase Invoice,1,2025-04-11,2025-04-11 12:20:22.280264,ap.clerk@meridian.example,5111 - Cost of Goods Sold - MTC,5111,Cost of Goods Sold,Expense,10592.18,0.0,,,Orchard Wholesale,Warehouse - MTC,Orchard Wholesale April 2025 billing,Meridian Trading Co.
aa36bfe57a,ACC-PINV-2025-00100,P1,Purchase Invoice,Purchase Invoice,2,2025-04-11,2025-04-11 12:20:22.280264,ap.clerk@meridian.example,2110 - Creditors - MTC,2110,Creditors,Liability,0.0,10592.18,Supplier,Orchard Wholesale,5111 - Cost of Goods Sold - MTC,,Orchard Wholesale April 2025 billing,Meridian Trading Co.
87206ecac4,ACC-PINV-2025-00104,P1,Purchase Invoice,Purchase Invoice,1,2025-04-11,2025-04-11 16:47:49.524952,ap.clerk@meridian.example,5210 - Postal Expenses - MTC,5210,Postal Expenses,Expense,474.59,0.0,,,Vulcan Materials Co,Admin - MTC,Vulcan Materials Co April 2025 billing,Meridian Trading Co.
8a17f6c1ca,ACC-PINV-2025-00104,P1,Purchase Invoice,Purchase Invoice,2,2025-04-11,2025-04-11 16:47:49.524952,ap.clerk@meridian.example,2110 - Creditors - MTC,2110,Creditors,Liability,0.0,1209.51,Supplier,Vulcan Materials Co,"5111 - Cost of Goods Sold - MTC,5210 - Postal Expenses - MTC",,Vulcan Materials Co April 2025 billing,Meridian Trading Co.
975e020b56,ACC-PINV-2025-00104,P1,Purchase Invoice,Purchase Invoice,3,2025-04-11,2025-04-11 16:47:49.524952,ap.clerk@meridian.example,5111 - Cost of Goods Sold - MTC,5111,Cost of Goods Sold,Expense,734.92,0.0,,,Vulcan Materials Co,Warehouse - MTC,Vulcan Materials Co April 2025 billing,Meridian Trading Co.
6efaef0154,ACC-PINV-2025-00123,P1,Purchase Invoice,Purchase Invoice,1,2025-04-11,2025-04-11 13:08:12.998907,ap.clerk@meridian.example,2110 - Creditors - MTC,2110,Creditors,Liability,0.0,2446.64,Supplier,Fairbanks Consulting,5226 - Contractor Services - MTC,,Fairbanks Consulting April 2025 billing,Meridian Trading Co.
6f1b114d0c,ACC-PINV-2025-00123,P1,Purchase Invoice,Purchase Invoice,2,2025-04-11,2025-04-11 13:08:12.998907,ap.clerk@meridian.example,5226 - Contractor Services - MTC,5226,Contractor Services,Expense,2446.64,0.0,,,Fairbanks Consulting,Admin - MTC,Fairbanks Consulting April 2025 billing,Meridian Trading Co.
835e223e55,ACC-SINV-2025-00183,P1,Sales Invoice,Sales Invoice,1,2025-04-11,2025-04-11 16:47:40.734144,ar.clerk@meridian.example,ST 6% - MTC,,ST 6%,Liability,0.0,50.81,,,Halstrom Supply,Admin - MTC,Customer order Halstrom Supply Apr 2025,Meridian Trading Co.
8f2b8830fe,ACC-SINV-2025-00183,P1,Sales Invoice,Sales Invoice,2,2025-04-11,2025-04-11 16:47:40.734144,ar.clerk@meridian.example,1310 - Debtors - MTC,1310,Debtors,Asset,897.61,0.0,Customer,Halstrom Supply,"4130 - Freight Income - MTC,4110 - Sales - MTC",,Customer order Halstrom Supply Apr 2025,Meridian Trading Co.
9896822b42,ACC-SINV-2025-00183,P1,Sales Invoice,Sales Invoice,3,2025-04-11,2025-04-11 16:47:40.734144,ar.clerk@meridian.example,4110 - Sales - MTC,4110,Sales,Income,0.0,461.34,,,Halstrom Supply,Sales Ops - MTC,Customer order Halstrom Supply Apr 2025,Meridian Trading Co.
bf379fdbaa,ACC-SINV-2025-00183,P1,Sales Invoice,Sales Invoice,4,2025-04-11,2025-04-11 16:47:40.734144,ar.clerk@meridian.example,4110 - Sales - MTC,4110,Sales,Income,0.0,208.32,,,Halstrom Supply,Warehouse - MTC,Customer order Halstrom Supply Apr 2025,Meridian Trading Co.
c8e292256f,ACC-SINV-2025-00183,P1,Sales Invoice,Sales Invoice,5,2025-04-11,2025-04-11 16:47:40.734144,ar.clerk@meridian.example,4130 - Freight Income - MTC,4130,Freight Income,Income,0.0,177.14,,,Halstrom Supply,Admin - MTC,Customer order Halstrom Supply Apr 2025,Meridian Trading Co.
3295538d07,ACC-SINV-2025-00201,P1,Sales Invoice,Sales Invoice,1,2025-04-11,2025-04-11 09:10:33.231456,ar.clerk@meridian.example,4120 - Service - MTC,4120,Service,Income,0.0,12733.44,,,Redcedar Builders,Warehouse - MTC,Customer order Redcedar Builders Apr 2025,Meridian Trading Co.
543bb99728,ACC-SINV-2025-00201,P1,Sales Invoice,Sales Invoice,2,2025-04-11,2025-04-11 09:10:33.231456,ar.clerk@meridian.example,ST 6% - MTC,,ST 6%,Liability,0.0,764.01,,,Redcedar Builders,Admin - MTC,Customer order Redcedar Builders Apr 2025,Meridian Trading Co.
8683c46027,ACC-SINV-2025-00201,P1,Sales Invoice,Sales Invoice,3,2025-04-11,2025-04-11 09:10:33.231456,ar.clerk@meridian.example,1310 - Debtors - MTC,1310,Debtors,Asset,13497.45,0.0,Customer,Redcedar Builders,4120 - Service - MTC,,Customer order Redcedar Builders Apr 2025,Meridian Trading Co.
1feb43da4c,ACC-SINV-2025-00206,P1,Sales Invoice,Sales Invoice,1,2025-04-11,2025-04-11 15:20:03.152784,ar.clerk@meridian.example,1310 - Debtors - MTC,1310,Debtors,Asset,877.04,0.0,Customer,Pactrail Sports,4110 - Sales - MTC,,Customer order Pactrail Sports Apr 2025,Meridian Trading Co.
bc96474b2f,ACC-SINV-2025-00206,P1,Sales Invoice,Sales Invoice,2,2025-04-11,2025-04-11 15:20:03.152784,ar.clerk@meridian.example,ST 6% - MTC,,ST 6%,Liability,0.0,49.64,,,Pactrail Sports,Admin - MTC,Customer order Pactrail Sports Apr 2025,Meridian Trading Co.
c723331d3c,ACC-SINV-2025-00206,P1,Sales Invoice,Sales Invoice,3,2025-04-11,2025-04-11 15:20:03.152784,ar.clerk@meridian.example,4110 - Sales - MTC,4110,Sales,Income,0.0,827.4,,,Pactrail Sports,Sales Ops - MTC,Customer order Pactrail Sports Apr 2025,Meridian Trading Co.
40d5685359,ACC-SINV-2025-00221,P1,Sales Invoice,Sales Invoice,1,2025-04-11,2025-04-11 13:43:39.466031,ar.clerk@meridian.example,ST 6% - MTC,,ST 6%,Liability,0.0,2.68,,,Pactrail Sports,Admin - MTC,Customer order Pactrail Sports Apr 2025,Meridian Trading Co.
98f86fac36,ACC-SINV-2025-00221,P1,Sales Invoice,Sales Invoice,2,2025-04-11,2025-04-11 13:43:39.466031,ar.clerk@meridian.example,4110 - Sales - MTC,4110,Sales,Income,0.0,44.62,,,Pactrail Sports,Sales Ops - MTC,Customer order Pactrail Sports Apr 2025,Meridian Trading Co.
f1df23b78f,ACC-SINV-2025-00221,P1,Sales Invoice,Sales Invoice,3,2025-04-11,2025-04-11 13:43:39.466031,ar.clerk@meridian.example,1310 - Debtors - MTC,1310,Debtors,Asset,47.3,0.0,Customer,Pactrail Sports,4110 - Sales - MTC,,Customer order Pactrail Sports Apr 2025,Meridian Trading Co.
912e38b807,ACC-PAY-2025-00180,P1,Payment Entry,Payment Entry,1,2025-04-12,2025-04-14 10:39:48.845174,ar.clerk@meridian.example,1310 - Debtors - MTC,1310,Debtors,Asset,0.0,1166.54,Customer,Redcedar Builders,1210 - Primary Checking - MTC,,Amount USD 1166.54 received from Redcedar Builders | Transaction reference no ACH-25-00150 dated 2025-04-12 | Amount USD 1166.54 adjusted against Sales Invoice ACC-SINV-2025-00150,Meridian Trading Co.
95e7c851ad,ACC-PAY-2025-00180,P1,Payment Entry,Payment Entry,2,2025-04-12,2025-04-14 10:39:48.845174,ar.clerk@meridian.example,1210 - Primary Checking - MTC,1210,Primary Checking,Asset,1166.54,0.0,,,Redcedar Builders,,Amount USD 1166.54 received from Redcedar Builders | Transaction reference no ACH-25-00150 dated 2025-04-12 | Amount USD 1166.54 adjusted against Sales Invoice ACC-SINV-2025-00150,Meridian Trading Co.
820c035722,ACC-PAY-2025-00181,P1,Payment Entry,Payment Entry,1,2025-04-12,2025-04-14 16:00:44.593993,ar.clerk@meridian.example,1210 - Primary Checking - MTC,1210,Primary Checking,Asset,12.13,0.0,,,Pactrail Sports,,Amount USD 12.13 received from Pactrail Sports | Transaction reference no ACH-25-00151 dated 2025-04-12 | Amount USD 12.13 adjusted against Sales Invoice ACC-SINV-2025-00151,Meridian Trading Co.
85cabd23d6,ACC-PAY-2025-00181,P1,Payment Entry,Payment Entry,2,2025-04-12,2025-04-14 16:00:44.593993,ar.clerk@meridian.example,1310 - Debtors - MTC,1310,Debtors,Asset,0.0,12.13,Customer,Pactrail Sports,1210 - Primary Checking - MTC,,Amount USD 12.13 received from Pactrail Sports | Transaction reference no ACH-25-00151 dated 2025-04-12 | Amount USD 12.13 adjusted against Sales Invoice ACC-SINV-2025-00151,Meridian Trading Co.
8232a3fc57,ACC-PAY-2025-00256,P1,Payment Entry,Payment Entry,1,2025-04-12,2025-04-14 13:51:56.494783,ar.clerk@meridian.example,1210 - Primary Checking - MTC,1210,Primary Checking,Asset,1299.64,0.0,,,Bluepine Hardware,,Amount USD 1299.64 received from Bluepine Hardware | Transaction reference no ACH-25-00205 dated 2025-04-12 | Amount USD 1299.64 adjusted against Sales Invoice ACC-SINV-2025-00205,Meridian Trading Co.
e40bfe7f53,ACC-PAY-2025-00256,P1,Payment Entry,Payment Entry,2,2025-04-12,2025-04-14 13:51:56.494783,ar.clerk@meridian.example,1310 - Debtors - MTC,1310,Debtors,Asset,0.0,1299.64,Customer,Bluepine Hardware,1210 - Primary Checking - MTC,,Amount USD 1299.64 received from Bluepine Hardware | Transaction reference no ACH-25-00205 dated 2025-04-12 | Amount USD 1299.64 adjusted against Sales Invoice ACC-SINV-2025-00205,Meridian Trading Co.
1ae94e8961,ACC-PAY-2025-00209,P1,Payment Entry,Payment Entry,1,2025-04-13,2025-04-14 15:38:37.945748,ap.clerk@meridian.example,2110 - Creditors - MTC,2110,Creditors,Liability,6509.74,0.0,Supplier,Beacon Freight,1210 - Primary Checking - MTC,,Amount USD 6509.74 paid to Beacon Freight | Transaction reference no ACH-25-00078 dated 2025-04-13 | Amount USD 6509.74 adjusted against Purchase Invoice ACC-PINV-2025-00078,Meridian Trading Co.
8085cab117,ACC-PAY-2025-00209,P1,Payment Entry,Payment Entry,2,2025-04-13,2025-04-14 15:38:37.945748,ap.clerk@meridian.example,1210 - Primary Checking - MTC,1210,Primary Checking,Asset,0.0,6509.74,,,Beacon Freight,,Amount USD 6509.74 paid to Beacon Freight | Transaction reference no ACH-25-00078 dated 2025-04-13 | Amount USD 6509.74 adjusted against Purchase Invoice ACC-PINV-2025-00078,Meridian Trading Co.
6feb3e0548,ACC-PAY-2025-00218,P1,Payment Entry,Payment Entry,1,2025-04-14,2025-04-14 10:43:46.528751,ap.clerk@meridian.example,2110 - Creditors - MTC,2110,Creditors,Liability,4173.66,0.0,Supplier,Quill Marketing Group,1210 - Primary Checking - MTC,,Amount USD 4173.66 paid to Quill Marketing Group | Transaction reference no ACH-25-00087 dated 2025-04-14 | Amount USD 4173.66 adjusted against Purchase Invoice ACC-PINV-2025-00087,Meridian Trading Co.
f0a1da6354,ACC-PAY-2025-00218,P1,Payment Entry,Payment Entry,2,2025-04-14,2025-04-14 10:43:46.528751,ap.clerk@meridian.example,1210 - Primary Checking - MTC,1210,Primary Checking,Asset,0.0,4173.66,,,Quill Marketing Group,,Amount USD 4173.66 paid to Quill Marketing Group | Transaction reference no ACH-25-00087 dated 2025-04-14 | Amount USD 4173.66 adjusted against Purchase Invoice ACC-PINV-2025-00087,Meridian Trading Co.
0d09829b01,ACC-PINV-2025-00108,P1,Purchase Invoice,Purchase Invoice,1,2025-04-14,2025-04-14 09:01:03.831454,ap.clerk@meridian.example,5205 - Freight and Forwarding Charges - MTC,5205,Freight and Forwarding Charges,Expense,17399.33,0.0,,,Beacon Freight,Admin - MTC,Beacon Freight April 2025 billing,Meridian Trading Co.
a17082ee15,ACC-PINV-2025-00108,P1,Purchase Invoice,Purchase Invoice,2,2025-04-14,2025-04-14 09:01:03.831454,ap.clerk@meridian.example,5204 - Entertainment Expenses - MTC,5204,Entertainment Expenses,Expense,1972.36,0.0,,,Beacon Freight,Admin - MTC,Beacon Freight April 2025 billing,Meridian Trading Co.
a4da89f503,ACC-PINV-2025-00108,P1,Purchase Invoice,Purchase Invoice,3,2025-04-14,2025-04-14 09:01:03.831454,ap.clerk@meridian.example,2110 - Creditors - MTC,2110,Creditors,Liability,0.0,19371.69,Supplier,Beacon Freight,"5205 - Freight and Forwarding Charges - MTC,5204 - Entertainment Expenses - MTC",,Beacon Freight April 2025 billing,Meridian Trading Co.
01b4b97bb9,ACC-SINV-2025-00169,P1,Sales Invoice,Credit Note,1,2025-04-14,2025-04-14 16:51:53.168621,ar.clerk@meridian.example,1310 - Debtors - MTC,1310,Debtors,Asset,0.0,184.96,Customer,Marlowe Interiors,4110 - Sales - MTC,,Return against ACC-SINV-2025-00162,Meridian Trading Co.
6fce1bbd8d,ACC-SINV-2025-00169,P1,Sales Invoice,Credit Note,2,2025-04-14,2025-04-14 16:51:53.168621,ar.clerk@meridian.example,4110 - Sales - MTC,4110,Sales,Income,184.96,0.0,,,Marlowe Interiors,Sales Ops - MTC,Return against ACC-SINV-2025-00162,Meridian Trading Co.
6469963e54,ACC-PAY-2025-00295,P1,Payment Entry,Payment Entry,1,2025-04-15,2025-04-15 09:57:48.972635,ap.clerk@meridian.example,2110 - Creditors - MTC,2110,Creditors,Liability,1393.03,0.0,Supplier,Harlan Office Supply,1210 - Primary Checking - MTC,,Amount USD 1393.03 paid to Harlan Office Supply | Transaction reference no ACH-25-00117 dated 2025-04-15 | Amount USD 1393.03 adjusted against Purchase Invoice ACC-PINV-2025-00117,Meridian Trading Co.
aeba1f2cfd,ACC-PAY-2025-00295,P1,Payment Entry,Payment Entry,2,2025-04-15,2025-04-15 09:57:48.972635,ap.clerk@meridian.example,1210 - Primary Checking - MTC,1210,Primary Checking,Asset,0.0,1393.03,,,Harlan Office Supply,,Amount USD 1393.03 paid to Harlan Office Supply | Transaction reference no ACH-25-00117 dated 2025-04-15 | Amount USD 1393.03 adjusted against Purchase Invoice ACC-PINV-2025-00117,Meridian Trading Co.
1f91a570b7,ACC-PINV-2025-00101,P1,Purchase Invoice,Purchase Invoice,1,2025-04-15,2025-04-15 10:26:24.283277,ap.clerk@meridian.example,2110 - Creditors - MTC,2110,Creditors,Liability,0.0,6167.97,Supplier,Orchard Wholesale,5111 - Cost of Goods Sold - MTC,,Orchard Wholesale April 2025 billing,Meridian Trading Co.
a82ecbebf8,ACC-PINV-2025-00101,P1,Purchase Invoice,Purchase Invoice,2,2025-04-15,2025-04-15 10:26:24.283277,ap.clerk@meridian.example,5111 - Cost of Goods Sold - MTC,5111,Cost of Goods Sold,Expense,6167.97,0.0,,,Orchard Wholesale,Warehouse - MTC,Orchard Wholesale April 2025 billing,Meridian Trading Co.
12ad033c4e,ACC-SINV-2025-00181,P1,Sales Invoice,Sales Invoice,1,2025-04-15,2025-04-15 11:28:54.499513,ar.clerk@meridian.example,ST 6% - MTC,,ST 6%,Liability,0.0,13.1,,,Northwind Retail,Admin - MTC,Customer order Northwind Retail Apr 2025,Meridian Trading Co.
397c8bad4e,ACC-SINV-2025-00181,P1,Sales Invoice,Sales Invoice,2,2025-04-15,2025-04-15 11:28:54.499513,ar.clerk@meridian.example,4130 - Freight Income - MTC,4130,Freight Income,Income,0.0,87.37,,,Northwind Retail,Admin - MTC,Customer order Northwind Retail Apr 2025,Meridian Trading Co.
9c6fb184ae,ACC-SINV-2025-00181,P1,Sales Invoice,Sales Invoice,3,2025-04-15,2025-04-15 11:28:54.499513,ar.clerk@meridian.example,4110 - Sales - MTC,4110,Sales,Income,0.0,131.01,,,Northwind Retail,Warehouse - MTC,Customer order Northwind Retail Apr 2025,Meridian Trading Co.
f223a513b0,ACC-SINV-2025-00181,P1,Sales Invoice,Sales Invoice,4,2025-04-15,2025-04-15 11:28:54.499513,ar.clerk@meridian.example,1310 - Debtors - MTC,1310,Debtors,Asset,231.48,0.0,Customer,Northwind Retail,"4110 - Sales - MTC,4130 - Freight Income - MTC",,Customer order Northwind Retail Apr 2025,Meridian Trading Co.
255a953e47,ACC-SINV-2025-00219,P1,Sales Invoice,Sales Invoice,1,2025-04-15,2025-04-15 18:29:24.365476,ar.clerk@meridian.example,4120 - Service - MTC,4120,Service,Income,0.0,15711.66,,,Galehouse Media,Warehouse - MTC,Customer order Galehouse Media Apr 2025,Meridian Trading Co.
5091a3731b,ACC-SINV-2025-00219,P1,Sales Invoice,Sales Invoice,2,2025-04-15,2025-04-15 18:29:24.365476,ar.clerk@meridian.example,1310 - Debtors - MTC,1310,Debtors,Asset,17301.49,0.0,Customer,Galehouse Media,"4120 - Service - MTC,4110 - Sales - MTC",,Customer order Galehouse Media Apr 2025,Meridian Trading Co.
6cb3c28c33,ACC-SINV-2025-00219,P1,Sales Invoice,Sales Invoice,3,2025-04-15,2025-04-15 18:29:24.365476,ar.clerk@meridian.example,ST 6% - MTC,,ST 6%,Liability,0.0,979.33,,,Galehouse Media,Admin - MTC,Customer order Galehouse Media Apr 2025,Meridian Trading Co.
98a9df76d0,ACC-SINV-2025-00219,P1,Sales Invoice,Sales Invoice,4,2025-04-15,2025-04-15 18:29:24.365476,ar.clerk@meridian.example,4110 - Sales - MTC,4110,Sales,Income,0.0,610.5,,,Galehouse Media,Warehouse - MTC,Customer order Galehouse Media Apr 2025,Meridian Trading Co.
b75e1d3788,ACC-PAY-2025-00152,P1,Payment Entry,Payment Entry,1,2025-04-16,2025-04-16 16:32:35.541985,ar.clerk@meridian.example,1210 - Primary Checking - MTC,1210,Primary Checking,Asset,1703.19,0.0,,,Ferrous Works,,Amount USD 1703.19 received from Ferrous Works | Transaction reference no ACH-25-00114 dated 2025-04-16 | Amount USD 1703.19 adjusted against Sales Invoice ACC-SINV-2025-00114,Meridian Trading Co.
d49317293c,ACC-PAY-2025-00152,P1,Payment Entry,Payment Entry,2,2025-04-16,2025-04-16 16:32:35.541985,ar.clerk@meridian.example,1310 - Debtors - MTC,1310,Debtors,Asset,0.0,1703.19,Customer,Ferrous Works,1210 - Primary Checking - MTC,,Amount USD 1703.19 received from Ferrous Works | Transaction reference no ACH-25-00114 dated 2025-04-16 | Amount USD 1703.19 adjusted against Sales Invoice ACC-SINV-2025-00114,Meridian Trading Co.
864fceaaad,ACC-PAY-2025-00173,P1,Payment Entry,Payment Entry,1,2025-04-16,2025-04-16 14:26:21.266715,ar.clerk@meridian.example,1210 - Primary Checking - MTC,1210,Primary Checking,Asset,26911.78,0.0,,,Northwind Retail,,Amount USD 26911.78 received from Northwind Retail | Transaction reference no ACH-25-00138 dated 2025-04-16 | Amount USD 26911.78 adjusted against Sales Invoice ACC-SINV-2025-00138,Meridian Trading Co.
e8de5e15a5,ACC-PAY-2025-00173,P1,Payment Entry,Payment Entry,2,2025-04-16,2025-04-16 14:26:21.266715,ar.clerk@meridian.example,1310 - Debtors - MTC,1310,Debtors,Asset,0.0,26911.78,Customer,Northwind Retail,1210 - Primary Checking - MTC,,Amount USD 26911.78 received from Northwind Retail | Transaction reference no ACH-25-00138 dated 2025-04-16 | Amount USD 26911.78 adjusted against Sales Invoice ACC-SINV-2025-00138,Meridian Trading Co.
904550f853,ACC-PAY-2025-00196,P1,Payment Entry,Payment Entry,1,2025-04-16,2025-04-16 09:39:56.552319,ap.clerk@meridian.example,2110 - Creditors - MTC,2110,Creditors,Liability,753.57,0.0,Supplier,Orchard Wholesale,1210 - Primary Checking - MTC,,Amount USD 753.57 paid to Orchard Wholesale | Transaction reference no ACH-25-00064 dated 2025-04-16 | Amount USD 753.57 adjusted against Purchase Invoice ACC-PINV-2025-00064,Meridian Trading Co.
ca7b57836a,ACC-PAY-2025-00196,P1,Payment Entry,Payment Entry,2,2025-04-16,2025-04-16 09:39:56.552319,ap.clerk@meridian.example,1210 - Primary Checking - MTC,1210,Primary Checking,Asset,0.0,753.57,,,Orchard Wholesale,,Amount USD 753.57 paid to Orchard Wholesale | Transaction reference no ACH-25-00064 dated 2025-04-16 | Amount USD 753.57 adjusted against Purchase Invoice ACC-PINV-2025-00064,Meridian Trading Co.
9a886b47cb,ACC-PAY-2025-00199,P1,Payment Entry,Payment Entry,1,2025-04-16,2025-04-16 15:02:44.005768,ap.clerk@meridian.example,2110 - Creditors - MTC,2110,Creditors,Liability,16976.16,0.0,Supplier,Orchard Wholesale,1210 - Primary Checking - MTC,,Amount USD 16976.16 paid to Orchard Wholesale | Transaction reference no ACH-25-00067 dated 2025-04-16 | Amount USD 16976.16 adjusted against Purchase Invoice ACC-PINV-2025-00067,Meridian Trading Co.
e403e921bf,ACC-PAY-2025-00199,P1,Payment Entry,Payment Entry,2,2025-04-16,2025-04-16 15:02:44.005768,ap.clerk@meridian.example,1210 - Primary Checking - MTC,1210,Primary Checking,Asset,0.0,16976.16,,,Orchard Wholesale,,Amount USD 16976.16 paid to Orchard Wholesale | Transaction reference no ACH-25-00067 dated 2025-04-16 | Amount USD 16976.16 adjusted against Purchase Invoice ACC-PINV-2025-00067,Meridian Trading Co.
336ab97806,ACC-PAY-2025-00200,P1,Payment Entry,Payment Entry,1,2025-04-16,2025-04-16 16:43:33.762115,ap.clerk@meridian.example,1210 - Primary Checking - MTC,1210,Primary Checking,Asset,0.0,1438.14,,,Orchard Wholesale,,Amount USD 1438.14 paid to Orchard Wholesale | Transaction reference no ACH-25-00068 dated 2025-04-16 | Amount USD 1438.14 adjusted against Purchase Invoice ACC-PINV-2025-00068,Meridian Trading Co.
e9f66fb635,ACC-PAY-2025-00200,P1,Payment Entry,Payment Entry,2,2025-04-16,2025-04-16 16:43:33.762115,ap.clerk@meridian.example,2110 - Creditors - MTC,2110,Creditors,Liability,1438.14,0.0,Supplier,Orchard Wholesale,1210 - Primary Checking - MTC,,Amount USD 1438.14 paid to Orchard Wholesale | Transaction reference no ACH-25-00068 dated 2025-04-16 | Amount USD 1438.14 adjusted against Purchase Invoice ACC-PINV-2025-00068,Meridian Trading Co.
5b07ba0ac2,ACC-PAY-2025-00240,P1,Payment Entry,Payment Entry,1,2025-04-16,2025-04-16 11:58:23.257213,ar.clerk@meridian.example,1310 - Debtors - MTC,1310,Debtors,Asset,0.0,13385.54,Customer,Brightline Offices,1210 - Primary Checking - MTC,,Amount USD 13385.54 received from Brightline Offices | Transaction reference no ACH-25-00188 dated 2025-04-16 | Amount USD 13385.54 adjusted against Sales Invoice ACC-SINV-2025-00188,Meridian Trading Co.
e8b642e528,ACC-PAY-2025-00240,P1,Payment Entry,Payment Entry,2,2025-04-16,2025-04-16 11:58:23.257213,ar.clerk@meridian.example,1210 - Primary Checking - MTC,1210,Primary Checking,Asset,13385.54,0.0,,,Brightline Offices,,Amount USD 13385.54 received from Brightline Offices | Transaction reference no ACH-25-00188 dated 2025-04-16 | Amount USD 13385.54 adjusted against Sales Invoice ACC-SINV-2025-00188,Meridian Trading Co.
3f19465124,ACC-PAY-2025-00296,P1,Payment Entry,Payment Entry,1,2025-04-16,2025-04-16 17:48:53.374790,ap.clerk@meridian.example,2110 - Creditors - MTC,2110,Creditors,Liability,8768.86,0.0,Supplier,Quill Marketing Group,1210 - Primary Checking - MTC,,Amount USD 8768.86 paid to Quill Marketing Group | Transaction reference no ACH-25-00118 dated 2025-04-16 | Amount USD 8768.86 adjusted against Purchase Invoice ACC-PINV-2025-00118,Meridian Trading Co.
b3bb0d099d,ACC-PAY-2025-00296,P1,Payment Entry,Payment Entry,2,2025-04-16,2025-04-16 17:48:53.374790,ap.clerk@meridian.example,1210 - Primary Checking - MTC,1210,Primary Checking,Asset,0.0,8768.86,,,Quill Marketing Group,,Amount USD 8768.86 paid to Quill Marketing Group | Transaction reference no ACH-25-00118 dated 2025-04-16 | Amount USD 8768.86 adjusted against Purchase Invoice ACC-PINV-2025-00118,Meridian Trading Co.
78996b090e,ACC-SINV-2025-00175,P1,Sales Invoice,Sales Invoice,1,2025-04-16,2025-04-21 14:24:35.108283,ar.clerk@meridian.example,ST 6% - MTC,,ST 6%,Liability,0.0,73.15,,,Pactrail Sports,Admin - MTC,Customer order Pactrail Sports Apr 2025,Meridian Trading Co.
a155471fd6,ACC-SINV-2025-00175,P1,Sales Invoice,Sales Invoice,2,2025-04-16,2025-04-21 14:24:35.108283,ar.clerk@meridian.example,4110 - Sales - MTC,4110,Sales,Income,0.0,922.24,,,Pactrail Sports,Sales Ops - MTC,Customer order Pactrail Sports Apr 2025,Meridian Trading Co.
cd457a611a,ACC-SINV-2025-00175,P1,Sales Invoice,Sales Invoice,3,2025-04-16,2025-04-21 14:24:35.108283,ar.clerk@meridian.example,4110 - Sales - MTC,4110,Sales,Income,0.0,297.0,,,Pactrail Sports,Warehouse - MTC,Customer order Pactrail Sports Apr 2025,Meridian Trading Co.
fcf5b985f7,ACC-SINV-2025-00175,P1,Sales Invoice,Sales Invoice,4,2025-04-16,2025-04-21 14:24:35.108283,ar.clerk@meridian.example,1310 - Debtors - MTC,1310,Debtors,Asset,1292.39,0.0,Customer,Pactrail Sports,4110 - Sales - MTC,,Customer order Pactrail Sports Apr 2025,Meridian Trading Co.
2132f25ca3,ACC-SINV-2025-00186,P1,Sales Invoice,Sales Invoice,1,2025-04-16,2025-04-16 09:18:43.397050,ar.clerk@meridian.example,ST 6% - MTC,,ST 6%,Liability,0.0,113.86,,,Halstrom Supply,Admin - MTC,Customer order Halstrom Supply Apr 2025,Meridian Trading Co.
2a9ae0b58d,ACC-SINV-2025-00186,P1,Sales Invoice,Sales Invoice,2,2025-04-16,2025-04-16 09:18:43.397050,ar.clerk@meridian.example,4110 - Sales - MTC,4110,Sales,Income,0.0,1514.26,,,Halstrom Supply,Warehouse - MTC,Customer order Halstrom Supply Apr 2025,Meridian Trading Co.
8151e23cd6,ACC-SINV-2025-00186,P1,Sales Invoice,Sales Invoice,3,2025-04-16,2025-04-16 09:18:43.397050,ar.clerk@meridian.example,1310 - Debtors - MTC,1310,Debtors,Asset,2011.55,0.0,Customer,Halstrom Supply,4110 - Sales - MTC,,Customer order Halstrom Supply Apr 2025,Meridian Trading Co.
ccc448c1e3,ACC-SINV-2025-00186,P1,Sales Invoice,Sales Invoice,4,2025-04-16,2025-04-16 09:18:43.397050,ar.clerk@meridian.example,4110 - Sales - MTC,4110,Sales,Income,0.0,383.43,,,Halstrom Supply,Sales Ops - MTC,Customer order Halstrom Supply Apr 2025,Meridian Trading Co.
40e557a80a,ACC-SINV-2025-00203,P1,Sales Invoice,Sales Invoice,1,2025-04-16,2025-04-16 16:16:53.479034,ar.clerk@meridian.example,1310 - Debtors - MTC,1310,Debtors,Asset,33000.05,0.0,Customer,Pactrail Sports,"4120 - Service - MTC,4110 - Sales - MTC,4130 - Freight Income - MTC",,Customer order Pactrail Sports Apr 2025,Meridian Trading Co.
5628752100,ACC-SINV-2025-00203,P1,Sales Invoice,Sales Invoice,2,2025-04-16,2025-04-16 16:16:53.479034,ar.clerk@meridian.example,4120 - Service - MTC,4120,Service,Income,0.0,19613.04,,,Pactrail Sports,Warehouse - MTC,Customer order Pactrail Sports Apr 2025,Meridian Trading Co.
62328d2dd6,ACC-SINV-2025-00203,P1,Sales Invoice,Sales Invoice,3,2025-04-16,2025-04-16 16:16:53.479034,ar.clerk@meridian.example,4120 - Service - MTC,4120,Service,Income,0.0,8616.96,,,Pactrail Sports,Sales Ops - MTC,Customer order Pactrail Sports Apr 2025,Meridian Trading Co.
72a9944c06,ACC-SINV-2025-00203,P1,Sales Invoice,Sales Invoice,4,2025-04-16,2025-04-16 16:16:53.479034,ar.clerk@meridian.example,4130 - Freight Income - MTC,4130,Freight Income,Income,0.0,1593.53,,,Pactrail Sports,Admin - MTC,Customer order Pactrail Sports Apr 2025,Meridian Trading Co.
99d146bed0,ACC-SINV-2025-00203,P1,Sales Invoice,Sales Invoice,5,2025-04-16,2025-04-16 16:16:53.479034,ar.clerk@meridian.example,4110 - Sales - MTC,4110,Sales,Income,0.0,1308.59,,,Pactrail Sports,Warehouse - MTC,Customer order Pactrail Sports Apr 2025,Meridian Trading Co.
d6e58965a0,ACC-SINV-2025-00203,P1,Sales Invoice,Sales Invoice,6,2025-04-16,2025-04-16 16:16:53.479034,ar.clerk@meridian.example,ST 6% - MTC,,ST 6%,Liability,0.0,1867.93,,,Pactrail Sports,Admin - MTC,Customer order Pactrail Sports Apr 2025,Meridian Trading Co.
25e9658d1f,ACC-SINV-2025-00207,P1,Sales Invoice,Sales Invoice,1,2025-04-16,2025-04-16 16:02:12.992115,ar.clerk@meridian.example,1310 - Debtors - MTC,1310,Debtors,Asset,2483.48,0.0,Customer,Galehouse Media,"4130 - Freight Income - MTC,4110 - Sales - MTC",,Customer order Galehouse Media Apr 2025,Meridian Trading Co.
34da91a353,ACC-SINV-2025-00207,P1,Sales Invoice,Sales Invoice,2,2025-04-16,2025-04-16 16:02:12.992115,ar.clerk@meridian.example,4130 - Freight Income - MTC,4130,Freight Income,Income,0.0,2011.2,,,Galehouse Media,Admin - MTC,Customer order Galehouse Media Apr 2025,Meridian Trading Co.
9d2fbe4692,ACC-SINV-2025-00207,P1,Sales Invoice,Sales Invoice,3,2025-04-16,2025-04-16 16:02:12.992115,ar.clerk@meridian.example,4110 - Sales - MTC,4110,Sales,Income,0.0,331.71,,,Galehouse Media,Sales Ops - MTC,Customer order Galehouse Media Apr 2025,Meridian Trading Co.
dbbd019f3d,ACC-SINV-2025-00207,P1,Sales Invoice,Sales Invoice,4,2025-04-16,2025-04-16 16:02:12.992115,ar.clerk@meridian.example,ST 6% - MTC,,ST 6%,Liability,0.0,140.57,,,Galehouse Media,Admin - MTC,Customer order Galehouse Media Apr 2025,Meridian Trading Co.
37840dcea8,ACC-SINV-2025-00212,P1,Sales Invoice,Sales Invoice,1,2025-04-16,2025-04-16 11:29:34.797580,ar.clerk@meridian.example,4120 - Service - MTC,4120,Service,Income,0.0,6114.24,,,Marlowe Interiors,Sales Ops - MTC,Customer order Marlowe Interiors Apr 2025,Meridian Trading Co.
3dec366740,ACC-SINV-2025-00212,P1,Sales Invoice,Sales Invoice,2,2025-04-16,2025-04-16 11:29:34.797580,ar.clerk@meridian.example,1310 - Debtors - MTC,1310,Debtors,Asset,6715.48,0.0,Customer,Marlowe Interiors,"4110 - Sales - MTC,4120 - Service - MTC",,Customer order Marlowe Interiors Apr 2025,Meridian Trading Co.
c288cdf4a0,ACC-SINV-2025-00212,P1,Sales Invoice,Sales Invoice,3,2025-04-16,2025-04-16 11:29:34.797580,ar.clerk@meridian.example,4110 - Sales - MTC,4110,Sales,Income,0.0,221.12,,,Marlowe Interiors,Warehouse - MTC,Customer order Marlowe Interiors Apr 2025,Meridian Trading Co.
fbb0ef5890,ACC-SINV-2025-00212,P1,Sales Invoice,Sales Invoice,4,2025-04-16,2025-04-16 11:29:34.797580,ar.clerk@meridian.example,ST 6% - MTC,,ST 6%,Liability,0.0,380.12,,,Marlowe Interiors,Admin - MTC,Customer order Marlowe Interiors Apr 2025,Meridian Trading Co.
6d1a4af765,ACC-PAY-2025-00161,P1,Payment Entry,Payment Entry,1,2025-04-17,2025-04-17 10:47:52.951115,ar.clerk@meridian.example,1310 - Debtors - MTC,1310,Debtors,Asset,0.0,4171.16,Customer,Northwind Retail,1210 - Primary Checking - MTC,,Amount USD 4171.16 received from Northwind Retail | Transaction reference no ACH-25-00124 dated 2025-04-17 | Amount USD 4171.16 adjusted against Sales Invoice ACC-SINV-2025-00124,Meridian Trading Co.
7634248b8b,ACC-PAY-2025-00161,P1,Payment Entry,Payment Entry,2,2025-04-17,2025-04-17 10:47:52.951115,ar.clerk@meridian.example,1210 - Primary Checking - MTC,1210,Primary Checking,Asset,4171.16,0.0,,,Northwind Retail,,Amount USD 4171.16 received from Northwind Retail | Transaction reference no ACH-25-00124 dated 2025-04-17 | Amount USD 4171.16 adjusted against Sales Invoice ACC-SINV-2025-00124,Meridian Trading Co.
3557ad2547,ACC-PAY-2025-00185,P1,Payment Entry,Payment Entry,1,2025-04-17,2025-04-17 16:13:55.396017,ar.clerk@meridian.example,1210 - Primary Checking - MTC,1210,Primary Checking,Asset,2360.51,0.0,,,Halstrom Supply,,Amount USD 2360.51 received from Halstrom Supply | Transaction reference no ACH-25-00157 dated 2025-04-17 | Amount USD 2360.51 adjusted against Sales Invoice ACC-SINV-2025-00157,Meridian Trading Co.
7158f51461,ACC-PAY-2025-00185,P1,Payment Entry,Payment Entry,2,2025-04-17,2025-04-17 16:13:55.396017,ar.clerk@meridian.example,1310 - Debtors - MTC,1310,Debtors,Asset,0.0,2360.51,Customer,Halstrom Supply,1210 - Primary Checking - MTC,,Amount USD 2360.51 received from Halstrom Supply | Transaction reference no ACH-25-00157 dated 2025-04-17 | Amount USD 2360.51 adjusted against Sales Invoice ACC-SINV-2025-00157,Meridian Trading Co.
33fd07310a,ACC-PAY-2025-00208,P1,Payment Entry,Payment Entry,1,2025-04-17,2025-04-17 11:46:46.925231,ap.clerk@meridian.example,1210 - Primary Checking - MTC,1210,Primary Checking,Asset,0.0,13014.69,,,Beacon Freight,,Amount USD 13014.69 paid to Beacon Freight | Transaction reference no ACH-25-00077 dated 2025-04-17 | Amount USD 13014.69 adjusted against Purchase Invoice ACC-PINV-2025-00077,Meridian Trading Co.
c03e715cd5,ACC-PAY-2025-00208,P1,Payment Entry,Payment Entry,2,2025-04-17,2025-04-17 11:46:46.925231,ap.clerk@meridian.example,2110 - Creditors - MTC,2110,Creditors,Liability,13014.69,0.0,Supplier,Beacon Freight,1210 - Primary Checking - MTC,,Amount USD 13014.69 paid to Beacon Freight | Transaction reference no ACH-25-00077 dated 2025-04-17 | Amount USD 13014.69 adjusted against Purchase Invoice ACC-PINV-2025-00077,Meridian Trading Co.
581c6dbd1c,ACC-PAY-2025-00252,P1,Payment Entry,Payment Entry,1,2025-04-17,2025-04-17 18:24:58.520897,ar.clerk@meridian.example,1310 - Debtors - MTC,1310,Debtors,Asset,0.0,13497.45,Customer,Redcedar Builders,1210 - Primary Checking - MTC,,Amount USD 13497.45 received from Redcedar Builders | Transaction reference no ACH-25-00201 dated 2025-04-17 | Amount USD 13497.45 adjusted against Sales Invoice ACC-SINV-2025-00201,Meridian Trading Co.
7d68459b6b,ACC-PAY-2025-00252,P1,Payment Entry,Payment Entry,2,2025-04-17,2025-04-17 18:24:58.520897,ar.clerk@meridian.example,1210 - Primary Checking - MTC,1210,Primary Checking,Asset,13497.45,0.0,,,Redcedar Builders,,Amount USD 13497.45 received from Redcedar Builders | Transaction reference no ACH-25-00201 dated 2025-04-17 | Amount USD 13497.45 adjusted against Sales Invoice ACC-SINV-2025-00201,Meridian Trading Co.
14e7a1f02e,ACC-PINV-2025-00096,P1,Purchase Invoice,Purchase Invoice,1,2025-04-17,2025-04-17 18:23:16.462189,ap.clerk@meridian.example,5210 - Postal Expenses - MTC,5210,Postal Expenses,Expense,1616.52,0.0,,,Orchard Wholesale,Admin - MTC,Orchard Wholesale April 2025 billing,Meridian Trading Co.
1c0d7acfda,ACC-PINV-2025-00096,P1,Purchase Invoice,Purchase Invoice,2,2025-04-17,2025-04-17 18:23:16.462189,ap.clerk@meridian.example,2110 - Creditors - MTC,2110,Creditors,Liability,0.0,9647.28,Supplier,Orchard Wholesale,"5111 - Cost of Goods Sold - MTC,5210 - Postal Expenses - MTC",,Orchard Wholesale April 2025 billing,Meridian Trading Co.
6011625ce1,ACC-PINV-2025-00096,P1,Purchase Invoice,Purchase Invoice,3,2025-04-17,2025-04-17 18:23:16.462189,ap.clerk@meridian.example,5111 - Cost of Goods Sold - MTC,5111,Cost of Goods Sold,Expense,8030.76,0.0,,,Orchard Wholesale,Warehouse - MTC,Orchard Wholesale April 2025 billing,Meridian Trading Co.
2e8898c6c4,ACC-SINV-2025-00180,P1,Sales Invoice,Sales Invoice,1,2025-04-17,2025-04-17 18:16:32.113449,ar.clerk@meridian.example,1310 - Debtors - MTC,1310,Debtors,Asset,126.02,0.0,Customer,Pactrail Sports,4110 - Sales - MTC,,Customer order Pactrail Sports Apr 2025,Meridian Trading Co.
450450f69f,ACC-SINV-2025-00180,P1,Sales Invoice,Sales Invoice,2,2025-04-17,2025-04-17 18:16:32.113449,ar.clerk@meridian.example,ST 6% - MTC,,ST 6%,Liability,0.0,7.13,,,Pactrail Sports,Admin - MTC,Customer order Pactrail Sports Apr 2025,Meridian Trading Co.
58b7edbffa,ACC-SINV-2025-00180,P1,Sales Invoice,Sales Invoice,3,2025-04-17,2025-04-17 18:16:32.113449,ar.clerk@meridian.example,4110 - Sales - MTC,4110,Sales,Income,0.0,118.89,,,Pactrail Sports,Warehouse - MTC,Customer order Pactrail Sports Apr 2025,Meridian Trading Co.
0cbbd998e4,ACC-SINV-2025-00185,P1,Sales Invoice,Sales Invoice,1,2025-04-17,2025-04-17 08:22:45.851226,ar.clerk@meridian.example,4130 - Freight Income - MTC,4130,Freight Income,Income,0.0,1628.68,,,Marlowe Interiors,Admin - MTC,Customer order Marlowe Interiors Apr 2025,Meridian Trading Co.
1e30d0b19a,ACC-SINV-2025-00185,P1,Sales Invoice,Sales Invoice,2,2025-04-17,2025-04-17 08:22:45.851226,ar.clerk@meridian.example,ST 6% - MTC,,ST 6%,Liability,0.0,128.48,,,Marlowe Interiors,Admin - MTC,Customer order Marlowe Interiors Apr 2025,Meridian Trading Co.
48179277f3,ACC-SINV-2025-00185,P1,Sales Invoice,Sales Invoice,3,2025-04-17,2025-04-17 08:22:45.851226,ar.clerk@meridian.example,4110 - Sales - MTC,4110,Sales,Income,0.0,175.2,,,Marlowe Interiors,Sales Ops - MTC,Customer order Marlowe Interiors Apr 2025,Meridian Trading Co.
de6a7896c3,ACC-SINV-2025-00185,P1,Sales Invoice,Sales Invoice,4,2025-04-17,2025-04-17 08:22:45.851226,ar.clerk@meridian.example,4110 - Sales - MTC,4110,Sales,Income,0.0,337.44,,,Marlowe Interiors,Warehouse - MTC,Customer order Marlowe Interiors Apr 2025,Meridian Trading Co.
df6a520433,ACC-SINV-2025-00185,P1,Sales Invoice,Sales Invoice,5,2025-04-17,2025-04-17 08:22:45.851226,ar.clerk@meridian.example,1310 - Debtors - MTC,1310,Debtors,Asset,2269.8,0.0,Customer,Marlowe Interiors,"4110 - Sales - MTC,4130 - Freight Income - MTC",,Customer order Marlowe Interiors Apr 2025,Meridian Trading Co.
0acd43e35a,ACC-SINV-2025-00209,P1,Sales Invoice,Sales Invoice,1,2025-04-17,2025-04-17 11:17:41.129907,ar.clerk@meridian.example,4110 - Sales - MTC,4110,Sales,Income,0.0,300.58,,,Northwind Retail,Sales Ops - MTC,Customer order Northwind Retail Apr 2025,Meridian Trading Co.
44c209741f,ACC-SINV-2025-00209,P1,Sales Invoice,Sales Invoice,2,2025-04-17,2025-04-17 11:17:41.129907,ar.clerk@meridian.example,ST 6% - MTC,,ST 6%,Liability,0.0,107.8,,,Northwind Retail,Admin - MTC,Customer order Northwind Retail Apr 2025,Meridian Trading Co.
4cc12a8dfc,ACC-SINV-2025-00209,P1,Sales Invoice,Sales Invoice,3,2025-04-17,2025-04-17 11:17:41.129907,ar.clerk@meridian.example,1310 - Debtors - MTC,1310,Debtors,Asset,1904.53,0.0,Customer,Northwind Retail,4110 - Sales - MTC,,Customer order Northwind Retail Apr 2025,Meridian Trading Co.
9465e14aa0,ACC-SINV-2025-00209,P1,Sales Invoice,Sales Invoice,4,2025-04-17,2025-04-17 11:17:41.129907,ar.clerk@meridian.example,4110 - Sales - MTC,4110,Sales,Income,0.0,1496.15,,,Northwind Retail,Warehouse - MTC,Customer order Northwind Retail Apr 2025,Meridian Trading Co.
1df456c231,ACC-SINV-2025-00213,P1,Sales Invoice,Sales Invoice,1,2025-04-17,2025-04-17 17:46:35.751439,ar.clerk@meridian.example,4130 - Freight Income - MTC,4130,Freight Income,Income,0.0,432.9,,,Cascade Outfitters,Admin - MTC,Customer order Cascade Outfitters Apr 2025,Meridian Trading Co.
318f80d5ba,ACC-SINV-2025-00213,P1,Sales Invoice,Sales Invoice,2,2025-04-17,2025-04-17 17:46:35.751439,ar.clerk@meridian.example,4110 - Sales - MTC,4110,Sales,Income,0.0,440.45,,,Cascade Outfitters,Warehouse - MTC,Customer order Cascade Outfitters Apr 2025,Meridian Trading Co.
95b853c8f0,ACC-SINV-2025-00213,P1,Sales Invoice,Sales Invoice,3,2025-04-17,2025-04-17 17:46:35.751439,ar.clerk@meridian.example,ST 6% - MTC,,ST 6%,Liability,0.0,52.4,,,Cascade Outfitters,Admin - MTC,Customer order Cascade Outfitters Apr 2025,Meridian Trading Co.
d3fe55dcb0,ACC-SINV-2025-00213,P1,Sales Invoice,Sales Invoice,4,2025-04-17,2025-04-17 17:46:35.751439,ar.clerk@meridian.example,1310 - Debtors - MTC,1310,Debtors,Asset,925.75,0.0,Customer,Cascade Outfitters,"4110 - Sales - MTC,4130 - Freight Income - MTC",,Customer order Cascade Outfitters Apr 2025,Meridian Trading Co.
22a649fe91,ACC-SINV-2025-00220,P1,Sales Invoice,Sales Invoice,1,2025-04-17,2025-04-17 17:02:56.260759,ar.clerk@meridian.example,1310 - Debtors - MTC,1310,Debtors,Asset,871.32,0.0,Customer,Northwind Retail,4110 - Sales - MTC,,Customer order Northwind Retail Apr 2025,Meridian Trading Co.
580cae4b5b,ACC-SINV-2025-00220,P1,Sales Invoice,Sales Invoice,2,2025-04-17,2025-04-17 17:02:56.260759,ar.clerk@meridian.example,4110 - Sales - MTC,4110,Sales,Income,0.0,822.0,,,Northwind Retail,Warehouse - MTC,Customer order Northwind Retail Apr 2025,Meridian Trading Co.
59b9acabcc,ACC-SINV-2025-00220,P1,Sales Invoice,Sales Invoice,3,2025-04-17,2025-04-17 17:02:56.260759,ar.clerk@meridian.example,ST 6% - MTC,,ST 6%,Liability,0.0,49.32,,,Northwind Retail,Admin - MTC,Customer order Northwind Retail Apr 2025,Meridian Trading Co.
5620a166aa,ACC-PAY-2025-00159,P1,Payment Entry,Payment Entry,1,2025-04-18,2025-04-18 10:06:01.200072,ar.clerk@meridian.example,1310 - Debtors - MTC,1310,Debtors,Asset,0.0,728.11,Customer,Halstrom Supply,1210 - Primary Checking - MTC,,Amount USD 728.11 received from Halstrom Supply | Transaction reference no ACH-25-00122 dated 2025-04-18 | Amount USD 728.11 adjusted against Sales Invoice ACC-SINV-2025-00122,Meridian Trading Co.
69ddfb7701,ACC-PAY-2025-00159,P1,Payment Entry,Payment Entry,2,2025-04-18,2025-04-18 10:06:01.200072,ar.clerk@meridian.example,1210 - Primary Checking - MTC,1210,Primary Checking,Asset,728.11,0.0,,,Halstrom Supply,,Amount USD 728.11 received from Halstrom Supply | Transaction reference no ACH-25-00122 dated 2025-04-18 | Amount USD 728.11 adjusted against Sales Invoice ACC-SINV-2025-00122,Meridian Trading Co.
2d3036a7a4,ACC-PAY-2025-00168,P1,Payment Entry,Payment Entry,1,2025-04-18,2025-04-18 16:06:58.582443,ar.clerk@meridian.example,1310 - Debtors - MTC,1310,Debtors,Asset,0.0,2621.86,Customer,Kestrel Foods,1210 - Primary Checking - MTC,,Amount USD 2621.86 received from Kestrel Foods | Transaction reference no ACH-25-00133 dated 2025-04-18 | Amount USD 2621.86 adjusted against Sales Invoice ACC-SINV-2025-00133,Meridian Trading Co.
fe194fa29f,ACC-PAY-2025-00168,P1,Payment Entry,Payment Entry,2,2025-04-18,2025-04-18 16:06:58.582443,ar.clerk@meridian.example,1210 - Primary Checking - MTC,1210,Primary Checking,Asset,2621.86,0.0,,,Kestrel Foods,,Amount USD 2621.86 received from Kestrel Foods | Transaction reference no ACH-25-00133 dated 2025-04-18 | Amount USD 2621.86 adjusted against Sales Invoice ACC-SINV-2025-00133,Meridian Trading Co.
073e80ef90,ACC-PAY-2025-00191,P1,Payment Entry,Payment Entry,1,2025-04-18,2025-04-18 11:39:53.378642,ar.clerk@meridian.example,1210 - Primary Checking - MTC,1210,Primary Checking,Asset,708.76,0.0,,,Juniper & Co,,Amount USD 708.76 received from Juniper & Co | Transaction reference no ACH-25-00163 dated 2025-04-18 | Amount USD 708.76 adjusted against Sales Invoice ACC-SINV-2025-00163,Meridian Trading Co.
6bd78aaf35,ACC-PAY-2025-00191,P1,Payment Entry,Payment Entry,2,2025-04-18,2025-04-18 11:39:53.378642,ar.clerk@meridian.example,1310 - Debtors - MTC,1310,Debtors,Asset,0.0,708.76,Customer,Juniper & Co,1210 - Primary Checking - MTC,,Amount USD 708.76 received from Juniper & Co | Transaction reference no ACH-25-00163 dated 2025-04-18 | Amount USD 708.76 adjusted against Sales Invoice ACC-SINV-2025-00163,Meridian Trading Co.
1cb7c329eb,ACC-PAY-2025-00221,P1,Payment Entry,Payment Entry,1,2025-04-18,2025-04-18 10:36:09.097957,ap.clerk@meridian.example,1210 - Primary Checking - MTC,1210,Primary Checking,Asset,0.0,8438.5,,,Fairbanks Consulting,,Amount USD 8438.5 paid to Fairbanks Consulting | Transaction reference no ACH-25-00090 dated 2025-04-18 | Amount USD 8438.5 adjusted against Purchase Invoice ACC-PINV-2025-00090,Meridian Trading Co.
9f57147fdc,ACC-PAY-2025-00221,P1,Payment Entry,Payment Entry,2,2025-04-18,2025-04-18 10:36:09.097957,ap.clerk@meridian.example,2110 - Creditors - MTC,2110,Creditors,Liability,8438.5,0.0,Supplier,Fairbanks Consulting,1210 - Primary Checking - MTC,,Amount USD 8438.5 paid to Fairbanks Consulting | Transaction reference no ACH-25-00090 dated 2025-04-18 | Amount USD 8438.5 adjusted against Purchase Invoice ACC-PINV-2025-00090,Meridian Trading Co.
089479a76e,ACC-SINV-2025-00171,P1,Sales Invoice,Sales Invoice,1,2025-04-18,2025-04-18 14:22:40.544486,ar.clerk@meridian.example,4110 - Sales - MTC,4110,Sales,Income,0.0,506.88,,,Timberline Schools,Sales Ops - MTC,Customer order Timberline Schools Apr 2025,Meridian Trading Co.
59bf937e43,ACC-SINV-2025-00171,P1,Sales Invoice,Sales Invoice,2,2025-04-18,2025-04-18 14:22:40.544486,ar.clerk@meridian.example,4120 - Service - MTC,4120,Service,Income,0.0,1549.58,,,Timberline Schools,Warehouse - MTC,Customer order Timberline Schools Apr 2025,Meridian Trading Co.
9d3576b5fd,ACC-SINV-2025-00171,P1,Sales Invoice,Sales Invoice,3,2025-04-18,2025-04-18 14:22:40.544486,ar.clerk@meridian.example,1310 - Debtors - MTC,1310,Debtors,Asset,2056.46,0.0,Customer,Timberline Schools,"4120 - Service - MTC,4110 - Sales - MTC",,Customer order Timberline Schools Apr 2025,Meridian Trading Co.
2ff8c4a7e5,ACC-PAY-2025-00156,P1,Payment Entry,Payment Entry,1,2025-04-19,2025-04-21 11:50:49.401355,ar.clerk@meridian.example,1310 - Debtors - MTC,1310,Debtors,Asset,0.0,1213.23,Customer,Brightline Offices,1210 - Primary Checking - MTC,,Amount USD 1213.23 received from Brightline Offices | Transaction reference no ACH-25-00119 dated 2025-04-19 | Amount USD 1213.23 adjusted against Sales Invoice ACC-SINV-2025-00119,Meridian Trading Co.
4731ecc75b,ACC-PAY-2025-00156,P1,Payment Entry,Payment Entry,2,2025-04-19,2025-04-21 11:50:49.401355,ar.clerk@meridian.example,1210 - Primary Checking - MTC,1210,Primary Checking,Asset,1213.23,0.0,,,Brightline Offices,,Amount USD 1213.23 received from Brightline Offices | Transaction reference no ACH-25-00119 dated 2025-04-19 | Amount USD 1213.23 adjusted against Sales Invoice ACC-SINV-2025-00119,Meridian Trading Co.
061c4458ec,ACC-PAY-2025-00177,P1,Payment Entry,Payment Entry,1,2025-04-21,2025-04-21 14:38:40.471126,ar.clerk@meridian.example,1210 - Primary Checking - MTC,1210,Primary Checking,Asset,9513.21,0.0,,,Halstrom Supply,,Amount USD 9513.21 received from Halstrom Supply | Transaction reference no ACH-25-00144 dated 2025-04-21 | Amount USD 9513.21 adjusted against Sales Invoice ACC-SINV-2025-00144,Meridian Trading Co.
481136baf5,ACC-PAY-2025-00177,P1,Payment Entry,Payment Entry,2,2025-04-21,2025-04-21 14:38:40.471126,ar.clerk@meridian.example,1310 - Debtors - MTC,1310,Debtors,Asset,0.0,9513.21,Customer,Halstrom Supply,1210 - Primary Checking - MTC,,Amount USD 9513.21 received from Halstrom Supply | Transaction reference no ACH-25-00144 dated 2025-04-21 | Amount USD 9513.21 adjusted against Sales Invoice ACC-SINV-2025-00144,Meridian Trading Co.
2daea95b62,ACC-PAY-2025-00203,P1,Payment Entry,Payment Entry,1,2025-04-21,2025-04-21 14:37:32.969487,ap.clerk@meridian.example,2110 - Creditors - MTC,2110,Creditors,Liability,11629.05,0.0,Supplier,Vulcan Materials Co,1210 - Primary Checking - MTC,,Amount USD 11629.05 paid to Vulcan Materials Co | Transaction reference no ACH-25-00072 dated 2025-04-21 | Amount USD 11629.05 adjusted against Purchase Invoice ACC-PINV-2025-00072,Meridian Trading Co.
7290c21d5f,ACC-PAY-2025-00203,P1,Payment Entry,Payment Entry,2,2025-04-21,2025-04-21 14:37:32.969487,ap.clerk@meridian.example,1210 - Primary Checking - MTC,1210,Primary Checking,Asset,0.0,11629.05,,,Vulcan Materials Co,,Amount USD 11629.05 paid to Vulcan Materials Co | Transaction reference no ACH-25-00072 dated 2025-04-21 | Amount USD 11629.05 adjusted against Purchase Invoice ACC-PINV-2025-00072,Meridian Trading Co.
24bad4002c,ACC-PAY-2025-00212,P1,Payment Entry,Payment Entry,1,2025-04-21,2025-04-21 16:21:08.140528,ap.clerk@meridian.example,1210 - Primary Checking - MTC,1210,Primary Checking,Asset,0.0,11669.73,,,Cobalt IT Services,,Amount USD 11669.73 paid to Cobalt IT Services | Transaction reference no ACH-25-00081 dated 2025-04-21 | Amount USD 11669.73 adjusted against Purchase Invoice ACC-PINV-2025-00081,Meridian Trading Co.
583227d3a2,ACC-PAY-2025-00212,P1,Payment Entry,Payment Entry,2,2025-04-21,2025-04-21 16:21:08.140528,ap.clerk@meridian.example,2110 - Creditors - MTC,2110,Creditors,Liability,11669.73,0.0,Supplier,Cobalt IT Services,1210 - Primary Checking - MTC,,Amount USD 11669.73 paid to Cobalt IT Services | Transaction reference no ACH-25-00081 dated 2025-04-21 | Amount USD 11669.73 adjusted against Purchase Invoice ACC-PINV-2025-00081,Meridian Trading Co.
c2314ff56f,ACC-PAY-2025-00239,P1,Payment Entry,Payment Entry,1,2025-04-21,2025-04-21 10:50:33.968907,ar.clerk@meridian.example,1210 - Primary Checking - MTC,1210,Primary Checking,Asset,2011.55,0.0,,,Halstrom Supply,,Amount USD 2011.55 received from Halstrom Supply | Transaction reference no ACH-25-00186 dated 2025-04-21 | Amount USD 2011.55 adjusted against Sales Invoice ACC-SINV-2025-00186,Meridian Trading Co.
f649b24366,ACC-PAY-2025-00239,P1,Payment Entry,Payment Entry,2,2025-04-21,2025-04-21 10:50:33.968907,ar.clerk@meridian.example,1310 - Debtors - MTC,1310,Debtors,Asset,0.0,2011.55,Customer,Halstrom Supply,1210 - Primary Checking - MTC,,Amount USD 2011.55 received from Halstrom Supply | Transaction reference no ACH-25-00186 dated 2025-04-21 | Amount USD 2011.55 adjusted against Sales Invoice ACC-SINV-2025-00186,Meridian Trading Co.
2248d54518,ACC-PAY-2025-00245,P1,Payment Entry,Payment Entry,1,2025-04-21,2025-04-21 13:19:38.723574,ar.clerk@meridian.example,1210 - Primary Checking - MTC,1210,Primary Checking,Asset,2699.1,0.0,,,Brightline Offices,,Amount USD 2699.1 received from Brightline Offices | Transaction reference no ACH-25-00193 dated 2025-04-21 | Amount USD 2699.1 adjusted against Sales Invoice ACC-SINV-2025-00193,Meridian Trading Co.
e2ab8344fd,ACC-PAY-2025-00245,P1,Payment Entry,Payment Entry,2,2025-04-21,2025-04-21 13:19:38.723574,ar.clerk@meridian.example,1310 - Debtors - MTC,1310,Debtors,Asset,0.0,2699.1,Customer,Brightline Offices,1210 - Primary Checking - MTC,,Amount USD 2699.1 received from Brightline Offices | Transaction reference no ACH-25-00193 dated 2025-04-21 | Amount USD 2699.1 adjusted against Sales Invoice ACC-SINV-2025-00193,Meridian Trading Co.
5c467f864a,ACC-PINV-2025-00103,P1,Purchase Invoice,Purchase Invoice,1,2025-04-21,2025-04-21 17:39:44.716533,ap.clerk@meridian.example,2110 - Creditors - MTC,2110,Creditors,Liability,0.0,5039.18,Supplier,Vulcan Materials Co,5111 - Cost of Goods Sold - MTC,,Vulcan Materials Co April 2025 billing,Meridian Trading Co.
7fef5506df,ACC-PINV-2025-00103,P1,Purchase Invoice,Purchase Invoice,2,2025-04-21,2025-04-21 17:39:44.716533,ap.clerk@meridian.example,5111 - Cost of Goods Sold - MTC,5111,Cost of Goods Sold,Expense,5039.18,0.0,,,Vulcan Materials Co,Warehouse - MTC,Vulcan Materials Co April 2025 billing,Meridian Trading Co.
7b2986235c,ACC-PINV-2025-00119,P1,Purchase Invoice,Purchase Invoice,1,2025-04-21,2025-04-21 08:26:20.055566,ap.clerk@meridian.example,2110 - Creditors - MTC,2110,Creditors,Liability,0.0,9355.5,Supplier,Quill Marketing Group,"5207 - Marketing Expenses - MTC,5215 - Telephone Expenses - MTC",,Quill Marketing Group April 2025 billing,Meridian Trading Co.
8f7451fe58,ACC-PINV-2025-00119,P1,Purchase Invoice,Purchase Invoice,2,2025-04-21,2025-04-21 08:26:20.055566,ap.clerk@meridian.example,5215 - Telephone Expenses - MTC,5215,Telephone Expenses,Expense,1012.71,0.0,,,Quill Marketing Group,Admin - MTC,Quill Marketing Group April 2025 billing,Meridian Trading Co.
bde8d21735,ACC-PINV-2025-00119,P1,Purchase Invoice,Purchase Invoice,3,2025-04-21,2025-04-21 08:26:20.055566,ap.clerk@meridian.example,5207 - Marketing Expenses - MTC,5207,Marketing Expenses,Expense,8342.79,0.0,,,Quill Marketing Group,Admin - MTC,Quill Marketing Group April 2025 billing,Meridian Trading Co.
3b25f81502,ACC-SINV-2025-00178,P1,Sales Invoice,Sales Invoice,1,2025-04-21,2025-04-21 10:52:28.402985,ar.clerk@meridian.example,1310 - Debtors - MTC,1310,Debtors,Asset,481.58,0.0,Customer,Ovation Events,4110 - Sales - MTC,,Customer order Ovation Events Apr 2025,Meridian Trading Co.
4ee1bd78f6,ACC-SINV-2025-00178,P1,Sales Invoice,Sales Invoice,2,2025-04-21,2025-04-21 10:52:28.402985,ar.clerk@meridian.example,4110 - Sales - MTC,4110,Sales,Income,0.0,353.1,,,Ovation Events,Warehouse - MTC,Customer order Ovation Events Apr 2025,Meridian Trading Co.
af26dc6943,ACC-SINV-2025-00178,P1,Sales Invoice,Sales Invoice,3,2025-04-21,2025-04-21 10:52:28.402985,ar.clerk@meridian.example,4110 - Sales - MTC,4110,Sales,Income,0.0,128.48,,,Ovation Events,Sales Ops - MTC,Customer order Ovation Events Apr 2025,Meridian Trading Co.
0927060995,ACC-SINV-2025-00190,P1,Sales Invoice,Sales Invoice,1,2025-04-21,2025-04-21 18:37:05.679904,controller@meridian.example,1310 - Debtors - MTC,1310,Debtors,Asset,409.37,0.0,Customer,Kestrel Foods,4110 - Sales - MTC,,Customer order Kestrel Foods Apr 2025,Meridian Trading Co.
7493e24181,ACC-SINV-2025-00190,P1,Sales Invoice,Sales Invoice,2,2025-04-21,2025-04-21 18:37:05.679904,controller@meridian.example,ST 6% - MTC,,ST 6%,Liability,0.0,23.17,,,Kestrel Foods,Admin - MTC,Customer order Kestrel Foods Apr 2025,Meridian Trading Co.
9255770b7f,ACC-SINV-2025-00190,P1,Sales Invoice,Sales Invoice,3,2025-04-21,2025-04-21 18:37:05.679904,controller@meridian.example,4110 - Sales - MTC,4110,Sales,Income,0.0,386.2,,,Kestrel Foods,Sales Ops - MTC,Customer order Kestrel Foods Apr 2025,Meridian Trading Co.
47e32059cb,ACC-SINV-2025-00192,P1,Sales Invoice,Sales Invoice,1,2025-04-21,2025-04-21 16:35:25.402999,ar.clerk@meridian.example,1310 - Debtors - MTC,1310,Debtors,Asset,379.18,0.0,Customer,Marlowe Interiors,4110 - Sales - MTC,,Customer order Marlowe Interiors Apr 2025,Meridian Trading Co.
6852812df4,ACC-SINV-2025-00192,P1,Sales Invoice,Sales Invoice,2,2025-04-21,2025-04-21 16:35:25.402999,ar.clerk@meridian.example,4110 - Sales - MTC,4110,Sales,Income,0.0,357.72,,,Marlowe Interiors,Sales Ops - MTC,Customer order Marlowe Interiors Apr 2025,Meridian Trading Co.
c7ac4acf84,ACC-SINV-2025-00192,P1,Sales Invoice,Sales Invoice,3,2025-04-21,2025-04-21 16:35:25.402999,ar.clerk@meridian.example,ST 6% - MTC,,ST 6%,Liability,0.0,21.46,,,Marlowe Interiors,Admin - MTC,Customer order Marlowe Interiors Apr 2025,Meridian Trading Co.
cfa9fb3012,ACC-JV-2025-00039,P1,Journal Entry,Journal Entry,1,2025-04-22,2025-04-22 18:17:08.640586,controller@meridian.example,2150 - Accrued Expenses - MTC,2150,Accrued Expenses,Liability,0.0,5000.0,,,5217 - Utility Expenses - MTC,Admin - MTC,,Meridian Trading Co.
d94d29c628,ACC-JV-2025-00039,P1,Journal Entry,Journal Entry,2,2025-04-22,2025-04-22 18:17:08.640586,controller@meridian.example,5217 - Utility Expenses - MTC,5217,Utility Expenses,Expense,5000.0,0.0,,,2150 - Accrued Expenses - MTC,Admin - MTC,,Meridian Trading Co.
26165b50d7,ACC-PAY-2025-00149,P1,Payment Entry,Payment Entry,1,2025-04-22,2025-04-22 15:05:39.121359,ar.clerk@meridian.example,1210 - Primary Checking - MTC,1210,Primary Checking,Asset,2375.09,0.0,,,Cascade Outfitters,,Amount USD 2375.09 received from Cascade Outfitters | Transaction reference no ACH-25-00111 dated 2025-04-22 | Amount USD 2375.09 adjusted against Sales Invoice ACC-SINV-2025-00111,Meridian Trading Co.
f9a587316d,ACC-PAY-2025-00149,P1,Payment Entry,Payment Entry,2,2025-04-22,2025-04-22 15:05:39.121359,ar.clerk@meridian.example,1310 - Debtors - MTC,1310,Debtors,Asset,0.0,2375.09,Customer,Cascade Outfitters,1210 - Primary Checking - MTC,,Amount USD 2375.09 received from Cascade Outfitters | Transaction reference no ACH-25-00111 dated 2025-04-22 | Amount USD 2375.09 adjusted against Sales Invoice ACC-SINV-2025-00111,Meridian Trading Co.
2530882bae,ACC-PAY-2025-00273,P1,Payment Entry,Payment Entry,1,2025-04-22,2025-04-22 10:15:06.182634,ap.clerk@meridian.example,1210 - Primary Checking - MTC,1210,Primary Checking,Asset,0.0,10662.4,,,Orchard Wholesale,,Amount USD 10662.4 paid to Orchard Wholesale | Transaction reference no ACH-25-00095 dated 2025-04-22 | Amount USD 10662.4 adjusted against Purchase Invoice ACC-PINV-2025-00095,Meridian Trading Co.
c1a29cba6e,ACC-PAY-2025-00273,P1,Payment Entry,Payment Entry,2,2025-04-22,2025-04-22 10:15:06.182634,ap.clerk@meridian.example,2110 - Creditors - MTC,2110,Creditors,Liability,10662.4,0.0,Supplier,Orchard Wholesale,1210 - Primary Checking - MTC,,Amount USD 10662.4 paid to Orchard Wholesale | Transaction reference no ACH-25-00095 dated 2025-04-22 | Amount USD 10662.4 adjusted against Purchase Invoice ACC-PINV-2025-00095,Meridian Trading Co.
06175f9b5d,ACC-PAY-2025-00298,P1,Payment Entry,Payment Entry,1,2025-04-22,2025-04-22 17:21:49.629804,ap.clerk@meridian.example,1210 - Primary Checking - MTC,1210,Primary Checking,Asset,0.0,19984.18,,,Ironclad Security,,Amount USD 19984.18 paid to Ironclad Security | Transaction reference no ACH-25-00120 dated 2025-04-22 | Amount USD 19984.18 adjusted against Purchase Invoice ACC-PINV-2025-00120,Meridian Trading Co.
c2a5976714,ACC-PAY-2025-00298,P1,Payment Entry,Payment Entry,2,2025-04-22,2025-04-22 17:21:49.629804,ap.clerk@meridian.example,2110 - Creditors - MTC,2110,Creditors,Liability,19984.18,0.0,Supplier,Ironclad Security,1210 - Primary Checking - MTC,,Amount USD 19984.18 paid to Ironclad Security | Transaction reference no ACH-25-00120 dated 2025-04-22 | Amount USD 19984.18 adjusted against Purchase Invoice ACC-PINV-2025-00120,Meridian Trading Co.
868446ff8b,ACC-PINV-2025-00105,P1,Purchase Invoice,Purchase Invoice,1,2025-04-22,2025-04-22 15:07:18.836510,ap.clerk@meridian.example,2110 - Creditors - MTC,2110,Creditors,Liability,0.0,6453.98,Supplier,Vulcan Materials Co,5111 - Cost of Goods Sold - MTC,,Vulcan Materials Co April 2025 billing,Meridian Trading Co.
d7d9eb9078,ACC-PINV-2025-00105,P1,Purchase Invoice,Purchase Invoice,2,2025-04-22,2025-04-22 15:07:18.836510,ap.clerk@meridian.example,5111 - Cost of Goods Sold - MTC,5111,Cost of Goods Sold,Expense,6453.98,0.0,,,Vulcan Materials Co,Warehouse - MTC,Vulcan Materials Co April 2025 billing,Meridian Trading Co.
37a803285a,ACC-PINV-2025-00106,P1,Purchase Invoice,Purchase Invoice,1,2025-04-22,2025-04-22 13:08:50.744762,ap.clerk@meridian.example,5111 - Cost of Goods Sold - MTC,5111,Cost of Goods Sold,Expense,1546.16,0.0,,,Vulcan Materials Co,Warehouse - MTC,Vulcan Materials Co April 2025 billing,Meridian Trading Co.
64e7b9f0ba,ACC-PINV-2025-00106,P1,Purchase Invoice,Purchase Invoice,2,2025-04-22,2025-04-22 13:08:50.744762,ap.clerk@meridian.example,5216 - Travel Expenses - MTC,5216,Travel Expenses,Expense,992.73,0.0,,,Vulcan Materials Co,Admin - MTC,Vulcan Materials Co April 2025 billing,Meridian Trading Co.
728c34fec5,ACC-PINV-2025-00106,P1,Purchase Invoice,Purchase Invoice,3,2025-04-22,2025-04-22 13:08:50.744762,ap.clerk@meridian.example,2110 - Creditors - MTC,2110,Creditors,Liability,0.0,2538.89,Supplier,Vulcan Materials Co,"5111 - Cost of Goods Sold - MTC,5216 - Travel Expenses - MTC",,Vulcan Materials Co April 2025 billing,Meridian Trading Co.
3b36887057,ACC-PINV-2025-00114,P1,Purchase Invoice,Purchase Invoice,1,2025-04-22,2025-04-22 16:29:13.045883,ap.clerk@meridian.example,2110 - Creditors - MTC,2110,Creditors,Liability,0.0,13744.37,Supplier,Metro Utilities,"5217 - Utility Expenses - MTC,5211 - Print and Stationery - MTC",,Metro Utilities April 2025 billing,Meridian Trading Co.
42be9a83ec,ACC-PINV-2025-00114,P1,Purchase Invoice,Purchase Invoice,2,2025-04-22,2025-04-22 16:29:13.045883,ap.clerk@meridian.example,5211 - Print and Stationery - MTC,5211,Print and Stationery,Expense,349.22,0.0,,,Metro Utilities,Admin - MTC,Metro Utilities April 2025 billing,Meridian Trading Co.
98a4e53410,ACC-PINV-2025-00114,P1,Purchase Invoice,Purchase Invoice,3,2025-04-22,2025-04-22 16:29:13.045883,ap.clerk@meridian.example,5217 - Utility Expenses - MTC,5217,Utility Expenses,Expense,13395.15,0.0,,,Metro Utilities,Admin - MTC,Metro Utilities April 2025 billing,Meridian Trading Co.
3604b30050,ACC-SINV-2025-00198,P1,Sales Invoice,Sales Invoice,1,2025-04-22,2025-04-22 13:57:53.193050,ar.clerk@meridian.example,4110 - Sales - MTC,4110,Sales,Income,0.0,578.34,,,Pactrail Sports,Warehouse - MTC,Customer order Pactrail Sports Apr 2025,Meridian Trading Co.
6dcf53b618,ACC-SINV-2025-00198,P1,Sales Invoice,Sales Invoice,2,2025-04-22,2025-04-22 13:57:53.193050,ar.clerk@meridian.example,1310 - Debtors - MTC,1310,Debtors,Asset,901.36,0.0,Customer,Pactrail Sports,4110 - Sales - MTC,,Customer order Pactrail Sports Apr 2025,Meridian Trading Co.
814e2d8bf3,ACC-SINV-2025-00198,P1,Sales Invoice,Sales Invoice,3,2025-04-22,2025-04-22 13:57:53.193050,ar.clerk@meridian.example,4110 - Sales - MTC,4110,Sales,Income,0.0,272.0,,,Pactrail Sports,Sales Ops - MTC,Customer order Pactrail Sports Apr 2025,Meridian Trading Co.
fdc8521c0a,ACC-SINV-2025-00198,P1,Sales Invoice,Sales Invoice,4,2025-04-22,2025-04-22 13:57:53.193050,ar.clerk@meridian.example,ST 6% - MTC,,ST 6%,Liability,0.0,51.02,,,Pactrail Sports,Admin - MTC,Customer order Pactrail Sports Apr 2025,Meridian Trading Co.
41c9bc14eb,ACC-PAY-2025-00192,P1,Payment Entry,Payment Entry,1,2025-04-23,2025-04-23 11:11:14.948040,ar.clerk@meridian.example,1210 - Primary Checking - MTC,1210,Primary Checking,Asset,1370.05,0.0,,,Northwind Retail,,Amount USD 1370.05 received from Northwind Retail | Transaction reference no ACH-25-00164 dated 2025-04-23 | Amount USD 1370.05 adjusted against Sales Invoice ACC-SINV-2025-00164,Meridian Trading Co.
8b58f33c07,ACC-PAY-2025-00192,P1,Payment Entry,Payment Entry,2,2025-04-23,2025-04-23 11:11:14.948040,ar.clerk@meridian.example,1310 - Debtors - MTC,1310,Debtors,Asset,0.0,1370.05,Customer,Northwind Retail,1210 - Primary Checking - MTC,,Amount USD 1370.05 received from Northwind Retail | Transaction reference no ACH-25-00164 dated 2025-04-23 | Amount USD 1370.05 adjusted against Sales Invoice ACC-SINV-2025-00164,Meridian Trading Co.
5232cede24,ACC-PAY-2025-00236,P1,Payment Entry,Payment Entry,1,2025-04-23,2025-04-23 12:15:48.483719,ar.clerk@meridian.example,1210 - Primary Checking - MTC,1210,Primary Checking,Asset,897.61,0.0,,,Halstrom Supply,,Amount USD 897.61 received from Halstrom Supply | Transaction reference no ACH-25-00183 dated 2025-04-23 | Amount USD 897.61 adjusted against Sales Invoice ACC-SINV-2025-00183,Meridian Trading Co.
7dae6e7f2c,ACC-PAY-2025-00236,P1,Payment Entry,Payment Entry,2,2025-04-23,2025-04-23 12:15:48.483719,ar.clerk@meridian.example,1310 - Debtors - MTC,1310,Debtors,Asset,0.0,897.61,Customer,Halstrom Supply,1210 - Primary Checking - MTC,,Amount USD 897.61 received from Halstrom Supply | Transaction reference no ACH-25-00183 dated 2025-04-23 | Amount USD 897.61 adjusted against Sales Invoice ACC-SINV-2025-00183,Meridian Trading Co.
302f494029,ACC-PINV-2025-00113,P1,Purchase Invoice,Purchase Invoice,1,2025-04-23,2025-04-23 15:56:23.005656,ap.clerk@meridian.example,5228 - Insurance Expense - MTC,5228,Insurance Expense,Expense,3163.6,0.0,,,Stateside Insurance,Admin - MTC,Stateside Insurance April 2025 billing,Meridian Trading Co.
6e0f20370e,ACC-PINV-2025-00113,P1,Purchase Invoice,Purchase Invoice,2,2025-04-23,2025-04-23 15:56:23.005656,ap.clerk@meridian.example,2110 - Creditors - MTC,2110,Creditors,Liability,0.0,3163.6,Supplier,Stateside Insurance,5228 - Insurance Expense - MTC,,Stateside Insurance April 2025 billing,Meridian Trading Co.
073298d186,ACC-SINV-2025-00194,P1,Sales Invoice,Sales Invoice,1,2025-04-23,2025-04-23 12:57:39.815915,ar.clerk@meridian.example,1310 - Debtors - MTC,1310,Debtors,Asset,675.08,0.0,Customer,Brightline Offices,4110 - Sales - MTC,,Customer order Brightline Offices Apr 2025,Meridian Trading Co.
59addd66d0,ACC-SINV-2025-00194,P1,Sales Invoice,Sales Invoice,2,2025-04-23,2025-04-23 12:57:39.815915,ar.clerk@meridian.example,ST 6% - MTC,,ST 6%,Liability,0.0,38.21,,,Brightline Offices,Admin - MTC,Customer order Brightline Offices Apr 2025,Meridian Trading Co.
affe05df1b,ACC-SINV-2025-00194,P1,Sales Invoice,Sales Invoice,3,2025-04-23,2025-04-23 12:57:39.815915,ar.clerk@meridian.example,4110 - Sales - MTC,4110,Sales,Income,0.0,456.66,,,Brightline Offices,Sales Ops - MTC,Customer order Brightline Offices Apr 2025,Meridian Trading Co.
dea450a70d,ACC-SINV-2025-00194,P1,Sales Invoice,Sales Invoice,4,2025-04-23,2025-04-23 12:57:39.815915,ar.clerk@meridian.example,4110 - Sales - MTC,4110,Sales,Income,0.0,180.21,,,Brightline Offices,Warehouse - MTC,Customer order Brightline Offices Apr 2025,Meridian Trading Co.
06ec194dbc,ACC-SINV-2025-00210,P1,Sales Invoice,Sales Invoice,1,2025-04-23,2025-04-28 12:04:46.441386,ar.clerk@meridian.example,4110 - Sales - MTC,4110,Sales,Income,0.0,43.75,,,Summit Rentals,Sales Ops - MTC,Customer order Summit Rentals Apr 2025,Meridian Trading Co.
766bc8fe44,ACC-SINV-2025-00210,P1,Sales Invoice,Sales Invoice,2,2025-04-23,2025-04-28 12:04:46.441386,ar.clerk@meridian.example,ST 6% - MTC,,ST 6%,Liability,0.0,2.62,,,Summit Rentals,Admin - MTC,Customer order Summit Rentals Apr 2025,Meridian Trading Co.
9b137fc2a6,ACC-SINV-2025-00210,P1,Sales Invoice,Sales Invoice,3,2025-04-23,2025-04-28 12:04:46.441386,ar.clerk@meridian.example,1310 - Debtors - MTC,1310,Debtors,Asset,46.37,0.0,Customer,Summit Rentals,4110 - Sales - MTC,,Customer order Summit Rentals Apr 2025,Meridian Trading Co.
172401bf64,ACC-SINV-2025-00215,P1,Sales Invoice,Sales Invoice,1,2025-04-23,2025-04-23 13:32:14.564930,ar.clerk@meridian.example,4110 - Sales - MTC,4110,Sales,Income,0.0,803.0,,,Ferrous Works,Sales Ops - MTC,Customer order Ferrous Works Apr 2025,Meridian Trading Co.
72362d8acd,ACC-SINV-2025-00215,P1,Sales Invoice,Sales Invoice,2,2025-04-23,2025-04-23 13:32:14.564930,ar.clerk@meridian.example,4110 - Sales - MTC,4110,Sales,Income,0.0,268.38,,,Ferrous Works,Warehouse - MTC,Customer order Ferrous Works Apr 2025,Meridian Trading Co.
d7fa8358d3,ACC-SINV-2025-00215,P1,Sales Invoice,Sales Invoice,3,2025-04-23,2025-04-23 13:32:14.564930,ar.clerk@meridian.example,1310 - Debtors - MTC,1310,Debtors,Asset,1135.66,0.0,Customer,Ferrous Works,4110 - Sales - MTC,,Customer order Ferrous Works Apr 2025,Meridian Trading Co.
ee0b3c9d73,ACC-SINV-2025-00215,P1,Sales Invoice,Sales Invoice,4,2025-04-23,2025-04-23 13:32:14.564930,ar.clerk@meridian.example,ST 6% - MTC,,ST 6%,Liability,0.0,64.28,,,Ferrous Works,Admin - MTC,Customer order Ferrous Works Apr 2025,Meridian Trading Co.
4fdccd7238,ACC-PAY-2025-00206,P1,Payment Entry,Payment Entry,1,2025-04-24,2025-04-24 13:00:17.248177,ap.clerk@meridian.example,1210 - Primary Checking - MTC,1210,Primary Checking,Asset,0.0,15569.94,,,Vulcan Materials Co,,Amount USD 15569.94 paid to Vulcan Materials Co | Transaction reference no ACH-25-00075 dated 2025-04-24 | Amount USD 15569.94 adjusted against Purchase Invoice ACC-PINV-2025-00075,Meridian Trading Co.
c280cb0c99,ACC-PAY-2025-00206,P1,Payment Entry,Payment Entry,2,2025-04-24,2025-04-24 13:00:17.248177,ap.clerk@meridian.example,2110 - Creditors - MTC,2110,Creditors,Liability,15569.94,0.0,Supplier,Vulcan Materials Co,1210 - Primary Checking - MTC,,Amount USD 15569.94 paid to Vulcan Materials Co | Transaction reference no ACH-25-00075 dated 2025-04-24 | Amount USD 15569.94 adjusted against Purchase Invoice ACC-PINV-2025-00075,Meridian Trading Co.
4ae52fbf03,ACC-PAY-2025-00216,P1,Payment Entry,Payment Entry,1,2025-04-24,2025-04-24 09:59:20.758596,ap.clerk@meridian.example,2110 - Creditors - MTC,2110,Creditors,Liability,2342.25,0.0,Supplier,Harlan Office Supply,1210 - Primary Checking - MTC,,Amount USD 2342.25 paid to Harlan Office Supply | Transaction reference no ACH-25-00085 dated 2025-04-24 | Amount USD 2342.25 adjusted against Purchase Invoice ACC-PINV-2025-00085,Meridian Trading Co.
d90ab9aecb,ACC-PAY-2025-00216,P1,Payment Entry,Payment Entry,2,2025-04-24,2025-04-24 09:59:20.758596,ap.clerk@meridian.example,1210 - Primary Checking - MTC,1210,Primary Checking,Asset,0.0,2342.25,,,Harlan Office Supply,,Amount USD 2342.25 paid to Harlan Office Supply | Transaction reference no ACH-25-00085 dated 2025-04-24 | Amount USD 2342.25 adjusted against Purchase Invoice ACC-PINV-2025-00085,Meridian Trading Co.
74ef7abca9,ACC-PAY-2025-00271,P1,Payment Entry,Payment Entry,1,2025-04-24,2025-04-24 15:15:02.506777,ar.clerk@meridian.example,1310 - Debtors - MTC,1310,Debtors,Asset,0.0,47.3,Customer,Pactrail Sports,1210 - Primary Checking - MTC,,Amount USD 47.3 received from Pactrail Sports | Transaction reference no ACH-25-00221 dated 2025-04-24 | Amount USD 47.3 adjusted against Sales Invoice ACC-SINV-2025-00221,Meridian Trading Co.
c1540d48e8,ACC-PAY-2025-00271,P1,Payment Entry,Payment Entry,2,2025-04-24,2025-04-24 15:15:02.506777,ar.clerk@meridian.example,1210 - Primary Checking - MTC,1210,Primary Checking,Asset,47.3,0.0,,,Pactrail Sports,,Amount USD 47.3 received from Pactrail Sports | Transaction reference no ACH-25-00221 dated 2025-04-24 | Amount USD 47.3 adjusted against Sales Invoice ACC-SINV-2025-00221,Meridian Trading Co.
dcdab66029,ACC-PAY-2025-00293,P1,Payment Entry,Payment Entry,1,2025-04-24,2025-04-24 09:07:08.194214,ap.clerk@meridian.example,2110 - Creditors - MTC,2110,Creditors,Liability,5129.77,0.0,Supplier,Metro Utilities,1210 - Primary Checking - MTC,,Amount USD 5129.77 paid to Metro Utilities | Transaction reference no ACH-25-00115 dated 2025-04-24 | Amount USD 5129.77 adjusted against Purchase Invoice ACC-PINV-2025-00115,Meridian Trading Co.
e420189888,ACC-PAY-2025-00293,P1,Payment Entry,Payment Entry,2,2025-04-24,2025-04-24 09:07:08.194214,ap.clerk@meridian.example,1210 - Primary Checking - MTC,1210,Primary Checking,Asset,0.0,5129.77,,,Metro Utilities,,Amount USD 5129.77 paid to Metro Utilities | Transaction reference no ACH-25-00115 dated 2025-04-24 | Amount USD 5129.77 adjusted against Purchase Invoice ACC-PINV-2025-00115,Meridian Trading Co.
43b335b388,ACC-PINV-2025-00109,P1,Purchase Invoice,Purchase Invoice,1,2025-04-24,2025-04-24 11:14:57.717635,ap.clerk@meridian.example,2110 - Creditors - MTC,2110,Creditors,Liability,0.0,12575.42,Supplier,Beacon Freight,5205 - Freight and Forwarding Charges - MTC,,Beacon Freight April 2025 billing,Meridian Trading Co.
7cba236a02,ACC-PINV-2025-00109,P1,Purchase Invoice,Purchase Invoice,2,2025-04-24,2025-04-24 11:14:57.717635,ap.clerk@meridian.example,5205 - Freight and Forwarding Charges - MTC,5205,Freight and Forwarding Charges,Expense,12575.42,0.0,,,Beacon Freight,Admin - MTC,Beacon Freight April 2025 billing,Meridian Trading Co.
0669c2326b,ACC-SINV-2025-00176,P1,Sales Invoice,Sales Invoice,1,2025-04-24,2025-04-24 17:49:17.795511,ar.clerk@meridian.example,ST 6% - MTC,,ST 6%,Liability,0.0,87.28,,,Halstrom Supply,Admin - MTC,Customer order Halstrom Supply Apr 2025,Meridian Trading Co.
42364898c6,ACC-SINV-2025-00176,P1,Sales Invoice,Sales Invoice,2,2025-04-24,2025-04-24 17:49:17.795511,ar.clerk@meridian.example,4110 - Sales - MTC,4110,Sales,Income,0.0,327.2,,,Halstrom Supply,Warehouse - MTC,Customer order Halstrom Supply Apr 2025,Meridian Trading Co.
6c037a4e50,ACC-SINV-2025-00176,P1,Sales Invoice,Sales Invoice,3,2025-04-24,2025-04-24 17:49:17.795511,ar.clerk@meridian.example,1310 - Debtors - MTC,1310,Debtors,Asset,1541.97,0.0,Customer,Halstrom Supply,"4110 - Sales - MTC,4130 - Freight Income - MTC",,Customer order Halstrom Supply Apr 2025,Meridian Trading Co.
a72dd0c565,ACC-SINV-2025-00176,P1,Sales Invoice,Sales Invoice,4,2025-04-24,2025-04-24 17:49:17.795511,ar.clerk@meridian.example,4130 - Freight Income - MTC,4130,Freight Income,Income,0.0,1127.49,,,Halstrom Supply,Admin - MTC,Customer order Halstrom Supply Apr 2025,Meridian Trading Co.
28ffa23899,ACC-SINV-2025-00177,P1,Sales Invoice,Sales Invoice,1,2025-04-24,2025-04-24 08:55:44.889536,controller@meridian.example,ST 6% - MTC,,ST 6%,Liability,0.0,73.37,,,Northwind Retail,Admin - MTC,Customer order Northwind Retail Apr 2025,Meridian Trading Co.
3201ca8cd9,ACC-SINV-2025-00177,P1,Sales Invoice,Sales Invoice,2,2025-04-24,2025-04-24 08:55:44.889536,controller@meridian.example,4110 - Sales - MTC,4110,Sales,Income,0.0,245.29,,,Northwind Retail,Warehouse - MTC,Customer order Northwind Retail Apr 2025,Meridian Trading Co.
5607c9493f,ACC-SINV-2025-00177,P1,Sales Invoice,Sales Invoice,3,2025-04-24,2025-04-24 08:55:44.889536,controller@meridian.example,1310 - Debtors - MTC,1310,Debtors,Asset,1296.22,0.0,Customer,Northwind Retail,4110 - Sales - MTC,,Customer order Northwind Retail Apr 2025,Meridian Trading Co.
7080efb535,ACC-SINV-2025-00177,P1,Sales Invoice,Sales Invoice,4,2025-04-24,2025-04-24 08:55:44.889536,controller@meridian.example,4110 - Sales - MTC,4110,Sales,Income,0.0,977.56,,,Northwind Retail,Sales Ops - MTC,Customer order Northwind Retail Apr 2025,Meridian Trading Co.
2dc09caf9c,ACC-SINV-2025-00184,P1,Sales Invoice,Sales Invoice,1,2025-04-24,2025-04-24 17:54:37.170835,ar.clerk@meridian.example,ST 6% - MTC,,ST 6%,Liability,0.0,12.61,,,Pactrail Sports,Admin - MTC,Customer order Pactrail Sports Apr 2025,Meridian Trading Co.
709e272e28,ACC-SINV-2025-00184,P1,Sales Invoice,Sales Invoice,2,2025-04-24,2025-04-24 17:54:37.170835,ar.clerk@meridian.example,4110 - Sales - MTC,4110,Sales,Income,0.0,210.24,,,Pactrail Sports,Warehouse - MTC,Customer order Pactrail Sports Apr 2025,Meridian Trading Co.
f4feed8786,ACC-SINV-2025-00184,P1,Sales Invoice,Sales Invoice,3,2025-04-24,2025-04-24 17:54:37.170835,ar.clerk@meridian.example,1310 - Debtors - MTC,1310,Debtors,Asset,222.85,0.0,Customer,Pactrail Sports,4110 - Sales - MTC,,Customer order Pactrail Sports Apr 2025,Meridian Trading Co.
93cdbb5a87,ACC-PAY-2025-00169,P1,Payment Entry,Payment Entry,1,2025-04-25,2025-04-25 12:00:28.299944,ar.clerk@meridian.example,1310 - Debtors - MTC,1310,Debtors,Asset,0.0,27627.37,Customer,Brightline Offices,1210 - Primary Checking - MTC,,Amount USD 27627.37 received from Brightline Offices | Transaction reference no ACH-25-00134 dated 2025-04-25 | Amount USD 27627.37 adjusted against Sales Invoice ACC-SINV-2025-00134,Meridian Trading Co.
cc2852f39e,ACC-PAY-2025-00169,P1,Payment Entry,Payment Entry,2,2025-04-25,2025-04-25 12:00:28.299944,ar.clerk@meridian.example,1210 - Primary Checking - MTC,1210,Primary Checking,Asset,27627.37,0.0,,,Brightline Offices,,Amount USD 27627.37 received from Brightline Offices | Transaction reference no ACH-25-00134 dated 2025-04-25 | Amount USD 27627.37 adjusted against Sales Invoice ACC-SINV-2025-00134,Meridian Trading Co.
1daab239a4,ACC-PAY-2025-00290,P1,Payment Entry,Payment Entry,1,2025-04-25,2025-04-25 14:42:45.194027,ap.clerk@meridian.example,2110 - Creditors - MTC,2110,Creditors,Liability,17248.89,0.0,Supplier,Cobalt IT Services,1210 - Primary Checking - MTC,,Amount USD 17248.89 paid to Cobalt IT Services | Transaction reference no ACH-25-00112 dated 2025-04-25 | Amount USD 17248.89 adjusted against Purchase Invoice ACC-PINV-2025-00112,Meridian Trading Co.
6eba8ae387,ACC-PAY-2025-00290,P1,Payment Entry,Payment Entry,2,2025-04-25,2025-04-25 14:42:45.194027,ap.clerk@meridian.example,1210 - Primary Checking - MTC,1210,Primary Checking,Asset,0.0,17248.89,,,Cobalt IT Services,,Amount USD 17248.89 paid to Cobalt IT Services | Transaction reference no ACH-25-00112 dated 2025-04-25 | Amount USD 17248.89 adjusted against Purchase Invoice ACC-PINV-2025-00112,Meridian Trading Co.
0708e3b7f6,ACC-PINV-2025-00122,P1,Purchase Invoice,Purchase Invoice,1,2025-04-25,2025-04-25 08:46:31.393986,ap.clerk@meridian.example,5204 - Entertainment Expenses - MTC,5204,Entertainment Expenses,Expense,2397.38,0.0,,,Fairbanks Consulting,Admin - MTC,Fairbanks Consulting April 2025 billing,Meridian Trading Co.
441bcd0d77,ACC-PINV-2025-00122,P1,Purchase Invoice,Purchase Invoice,2,2025-04-25,2025-04-25 08:46:31.393986,ap.clerk@meridian.example,2110 - Creditors - MTC,2110,Creditors,Liability,0.0,11389.66,Supplier,Fairbanks Consulting,"5226 - Contractor Services - MTC,5204 - Entertainment Expenses - MTC",,Fairbanks Consulting April 2025 billing,Meridian Trading Co.
de29b8e936,ACC-PINV-2025-00122,P1,Purchase Invoice,Purchase Invoice,3,2025-04-25,2025-04-25 08:46:31.393986,ap.clerk@meridian.example,5226 - Contractor Services - MTC,5226,Contractor Services,Expense,8992.28,0.0,,,Fairbanks Consulting,Admin - MTC,Fairbanks Consulting April 2025 billing,Meridian Trading Co.
052b5a37fc,ACC-SINV-2025-00199,P1,Sales Invoice,Sales Invoice,1,2025-04-25,2025-04-25 09:03:39.823879,ar.clerk@meridian.example,1310 - Debtors - MTC,1310,Debtors,Asset,3361.42,0.0,Customer,Galehouse Media,4110 - Sales - MTC,,Customer order Galehouse Media Apr 2025,Meridian Trading Co.
9a9e3a8189,ACC-SINV-2025-00199,P1,Sales Invoice,Sales Invoice,2,2025-04-25,2025-04-25 09:03:39.823879,ar.clerk@meridian.example,ST 6% - MTC,,ST 6%,Liability,0.0,190.27,,,Galehouse Media,Admin - MTC,Customer order Galehouse Media Apr 2025,Meridian Trading Co.
9bd6c47699,ACC-SINV-2025-00199,P1,Sales Invoice,Sales Invoice,3,2025-04-25,2025-04-25 09:03:39.823879,ar.clerk@meridian.example,4110 - Sales - MTC,4110,Sales,Income,0.0,2928.55,,,Galehouse Media,Sales Ops - MTC,Customer order Galehouse Media Apr 2025,Meridian Trading Co.
b4ff30352b,ACC-SINV-2025-00199,P1,Sales Invoice,Sales Invoice,4,2025-04-25,2025-04-25 09:03:39.823879,ar.clerk@meridian.example,4110 - Sales - MTC,4110,Sales,Income,0.0,242.6,,,Galehouse Media,Warehouse - MTC,Customer order Galehouse Media Apr 2025,Meridian Trading Co.
4fab0461e2,ACC-SINV-2025-00200,P1,Sales Invoice,Sales Invoice,1,2025-04-25,2025-04-25 10:53:36.537573,ar.clerk@meridian.example,4130 - Freight Income - MTC,4130,Freight Income,Income,0.0,704.32,,,Ovation Events,Admin - MTC,Customer order Ovation Events Apr 2025,Meridian Trading Co.
d9329f1d03,ACC-SINV-2025-00200,P1,Sales Invoice,Sales Invoice,2,2025-04-25,2025-04-25 10:53:36.537573,ar.clerk@meridian.example,1310 - Debtors - MTC,1310,Debtors,Asset,2145.76,0.0,Customer,Ovation Events,"4130 - Freight Income - MTC,4110 - Sales - MTC",,Customer order Ovation Events Apr 2025,Meridian Trading Co.
f4ff73e88d,ACC-SINV-2025-00200,P1,Sales Invoice,Sales Invoice,3,2025-04-25,2025-04-25 10:53:36.537573,ar.clerk@meridian.example,4110 - Sales - MTC,4110,Sales,Income,0.0,1441.44,,,Ovation Events,Warehouse - MTC,Customer order Ovation Events Apr 2025,Meridian Trading Co.
1b7ffe209a,ACC-SINV-2025-00217,P1,Sales Invoice,Sales Invoice,1,2025-04-25,2025-04-25 11:57:59.200739,ar.clerk@meridian.example,1310 - Debtors - MTC,1310,Debtors,Asset,5187.22,0.0,Customer,Marlowe Interiors,"4120 - Service - MTC,4110 - Sales - MTC",,Customer order Marlowe Interiors Apr 2025,Meridian Trading Co.
69c5ce895d,ACC-SINV-2025-00217,P1,Sales Invoice,Sales Invoice,2,2025-04-25,2025-04-25 11:57:59.200739,ar.clerk@meridian.example,4110 - Sales - MTC,4110,Sales,Income,0.0,70.8,,,Marlowe Interiors,Sales Ops - MTC,Customer order Marlowe Interiors Apr 2025,Meridian Trading Co.
6af63aa2ea,ACC-SINV-2025-00217,P1,Sales Invoice,Sales Invoice,3,2025-04-25,2025-04-25 11:57:59.200739,ar.clerk@meridian.example,4110 - Sales - MTC,4110,Sales,Income,0.0,495.75,,,Marlowe Interiors,Warehouse - MTC,Customer order Marlowe Interiors Apr 2025,Meridian Trading Co.
b41d9f5856,ACC-SINV-2025-00217,P1,Sales Invoice,Sales Invoice,4,2025-04-25,2025-04-25 11:57:59.200739,ar.clerk@meridian.example,4120 - Service - MTC,4120,Service,Income,0.0,4327.05,,,Marlowe Interiors,Sales Ops - MTC,Customer order Marlowe Interiors Apr 2025,Meridian Trading Co.
e592103c2e,ACC-SINV-2025-00217,P1,Sales Invoice,Sales Invoice,5,2025-04-25,2025-04-25 11:57:59.200739,ar.clerk@meridian.example,ST 6% - MTC,,ST 6%,Liability,0.0,293.62,,,Marlowe Interiors,Admin - MTC,Customer order Marlowe Interiors Apr 2025,Meridian Trading Co.
276222a5bf,ACC-PAY-2025-00189,P1,Payment Entry,Payment Entry,1,2025-04-26,2025-04-28 10:20:41.016511,ar.clerk@meridian.example,1210 - Primary Checking - MTC,1210,Primary Checking,Asset,2780.01,0.0,,,Pactrail Sports,,Amount USD 2780.01 received from Pactrail Sports | Transaction reference no ACH-25-00161 dated 2025-04-26 | Amount USD 2780.01 adjusted against Sales Invoice ACC-SINV-2025-00161,Meridian Trading Co.
d4ab800b33,ACC-PAY-2025-00189,P1,Payment Entry,Payment Entry,2,2025-04-26,2025-04-28 10:20:41.016511,ar.clerk@meridian.example,1310 - Debtors - MTC,1310,Debtors,Asset,0.0,2780.01,Customer,Pactrail Sports,1210 - Primary Checking - MTC,,Amount USD 2780.01 received from Pactrail Sports | Transaction reference no ACH-25-00161 dated 2025-04-26 | Amount USD 2780.01 adjusted against Sales Invoice ACC-SINV-2025-00161,Meridian Trading Co.
84180f56c2,ACC-PAY-2025-00197,P1,Payment Entry,Payment Entry,1,2025-04-26,2025-04-28 18:10:10.562249,ap.clerk@meridian.example,2110 - Creditors - MTC,2110,Creditors,Liability,11795.55,0.0,Supplier,Orchard Wholesale,1210 - Primary Checking - MTC,,Amount USD 11795.55 paid to Orchard Wholesale | Transaction reference no ACH-25-00065 dated 2025-04-26 | Amount USD 11795.55 adjusted against Purchase Invoice ACC-PINV-2025-00065,Meridian Trading Co.
9feed4134f,ACC-PAY-2025-00197,P1,Payment Entry,Payment Entry,2,2025-04-26,2025-04-28 18:10:10.562249,ap.clerk@meridian.example,1210 - Primary Checking - MTC,1210,Primary Checking,Asset,0.0,11795.55,,,Orchard Wholesale,,Amount USD 11795.55 paid to Orchard Wholesale | Transaction reference no ACH-25-00065 dated 2025-04-26 | Amount USD 11795.55 adjusted against Purchase Invoice ACC-PINV-2025-00065,Meridian Trading Co.
01e8ba04b1,ACC-PAY-2025-00288,P1,Payment Entry,Payment Entry,1,2025-04-26,2025-04-28 17:26:04.070081,ap.clerk@meridian.example,1210 - Primary Checking - MTC,1210,Primary Checking,Asset,0.0,5894.44,,,Beacon Freight,,Amount USD 5894.44 paid to Beacon Freight | Transaction reference no ACH-25-00110 dated 2025-04-26 | Amount USD 5894.44 adjusted against Purchase Invoice ACC-PINV-2025-00110,Meridian Trading Co.
cca5b0d496,ACC-PAY-2025-00288,P1,Payment Entry,Payment Entry,2,2025-04-26,2025-04-28 17:26:04.070081,ap.clerk@meridian.example,2110 - Creditors - MTC,2110,Creditors,Liability,5894.44,0.0,Supplier,Beacon Freight,1210 - Primary Checking - MTC,,Amount USD 5894.44 paid to Beacon Freight | Transaction reference no ACH-25-00110 dated 2025-04-26 | Amount USD 5894.44 adjusted against Purchase Invoice ACC-PINV-2025-00110,Meridian Trading Co.
668b8e72e4,ACC-PAY-2025-00270,P1,Payment Entry,Payment Entry,1,2025-04-27,2025-04-28 09:45:18.685443,ar.clerk@meridian.example,1210 - Primary Checking - MTC,1210,Primary Checking,Asset,871.32,0.0,,,Northwind Retail,,Amount USD 871.32 received from Northwind Retail | Transaction reference no ACH-25-00220 dated 2025-04-27 | Amount USD 871.32 adjusted against Sales Invoice ACC-SINV-2025-00220,Meridian Trading Co.
78849fd277,ACC-PAY-2025-00270,P1,Payment Entry,Payment Entry,2,2025-04-27,2025-04-28 09:45:18.685443,ar.clerk@meridian.example,1310 - Debtors - MTC,1310,Debtors,Asset,0.0,871.32,Customer,Northwind Retail,1210 - Primary Checking - MTC,,Amount USD 871.32 received from Northwind Retail | Transaction reference no ACH-25-00220 dated 2025-04-27 | Amount USD 871.32 adjusted against Sales Invoice ACC-SINV-2025-00220,Meridian Trading Co.
652bd71de6,ACC-PAY-2025-00280,P1,Payment Entry,Payment Entry,1,2025-04-27,2025-04-28 13:18:55.897446,ap.clerk@meridian.example,1210 - Primary Checking - MTC,1210,Primary Checking,Asset,0.0,19145.23,,,Vulcan Materials Co,,Amount USD 19145.23 paid to Vulcan Materials Co | Transaction reference no ACH-25-00102 dated 2025-04-27 | Amount USD 19145.23 adjusted against Purchase Invoice ACC-PINV-2025-00102,Meridian Trading Co.
a3c3713d80,ACC-PAY-2025-00280,P1,Payment Entry,Payment Entry,2,2025-04-27,2025-04-28 13:18:55.897446,ap.clerk@meridian.example,2110 - Creditors - MTC,2110,Creditors,Liability,19145.23,0.0,Supplier,Vulcan Materials Co,1210 - Primary Checking - MTC,,Amount USD 19145.23 paid to Vulcan Materials Co | Transaction reference no ACH-25-00102 dated 2025-04-27 | Amount USD 19145.23 adjusted against Purchase Invoice ACC-PINV-2025-00102,Meridian Trading Co.
faedb6cded,ACC-JV-2025-00038,P1,Journal Entry,Journal Entry,1,2025-04-28,2025-04-28 15:24:28.512223,controller@meridian.example,5207 - Marketing Expenses - MTC,5207,Marketing Expenses,Expense,3375.67,0.0,,,5223 - Miscellaneous Expenses - MTC,Admin - MTC,,Meridian Trading Co.
ff094246f0,ACC-JV-2025-00038,P1,Journal Entry,Journal Entry,2,2025-04-28,2025-04-28 15:24:28.512223,controller@meridian.example,5223 - Miscellaneous Expenses - MTC,5223,Miscellaneous Expenses,Expense,0.0,3375.67,,,5207 - Marketing Expenses - MTC,Admin - MTC,,Meridian Trading Co.
633ff75cda,ACC-PAY-2025-00257,P1,Payment Entry,Payment Entry,1,2025-04-28,2025-04-28 09:27:45.672944,ar.clerk@meridian.example,1310 - Debtors - MTC,1310,Debtors,Asset,0.0,877.04,Customer,Pactrail Sports,1210 - Primary Checking - MTC,,Amount USD 877.04 received from Pactrail Sports | Transaction reference no ACH-25-00206 dated 2025-04-28 | Amount USD 877.04 adjusted against Sales Invoice ACC-SINV-2025-00206,Meridian Trading Co.
6d6027dcf5,ACC-PAY-2025-00257,P1,Payment Entry,Payment Entry,2,2025-04-28,2025-04-28 09:27:45.672944,ar.clerk@meridian.example,1210 - Primary Checking - MTC,1210,Primary Checking,Asset,877.04,0.0,,,Pactrail Sports,,Amount USD 877.04 received from Pactrail Sports | Transaction reference no ACH-25-00206 dated 2025-04-28 | Amount USD 877.04 adjusted against Sales Invoice ACC-SINV-2025-00206,Meridian Trading Co.
703e6998d0,ACC-PAY-2025-00269,P1,Payment Entry,Payment Entry,1,2025-04-28,2025-04-28 17:41:26.528634,ar.clerk@meridian.example,1310 - Debtors - MTC,1310,Debtors,Asset,0.0,17301.49,Customer,Galehouse Media,1210 - Primary Checking - MTC,,Amount USD 17301.49 received from Galehouse Media | Transaction reference no ACH-25-00219 dated 2025-04-28 | Amount USD 17301.49 adjusted against Sales Invoice ACC-SINV-2025-00219,Meridian Trading Co.
7575110de6,ACC-PAY-2025-00269,P1,Payment Entry,Payment Entry,2,2025-04-28,2025-04-28 17:41:26.528634,ar.clerk@meridian.example,1210 - Primary Checking - MTC,1210,Primary Checking,Asset,17301.49,0.0,,,Galehouse Media,,Amount USD 17301.49 received from Galehouse Media | Transaction reference no ACH-25-00219 dated 2025-04-28 | Amount USD 17301.49 adjusted against Sales Invoice ACC-SINV-2025-00219,Meridian Trading Co.
6661289292,ACC-SINV-2025-00172,P1,Sales Invoice,Sales Invoice,1,2025-04-28,2025-04-28 13:51:52.533816,ar.clerk@meridian.example,ST 6% - MTC,,ST 6%,Liability,0.0,108.49,,,Summit Rentals,Admin - MTC,Customer order Summit Rentals Apr 2025,Meridian Trading Co.
71820a504f,ACC-SINV-2025-00172,P1,Sales Invoice,Sales Invoice,2,2025-04-28,2025-04-28 13:51:52.533816,ar.clerk@meridian.example,4110 - Sales - MTC,4110,Sales,Income,0.0,264.8,,,Summit Rentals,Sales Ops - MTC,Customer order Summit Rentals Apr 2025,Meridian Trading Co.
c64c47143f,ACC-SINV-2025-00172,P1,Sales Invoice,Sales Invoice,3,2025-04-28,2025-04-28 13:51:52.533816,ar.clerk@meridian.example,4120 - Service - MTC,4120,Service,Income,0.0,1139.76,,,Summit Rentals,Sales Ops - MTC,Customer order Summit Rentals Apr 2025,Meridian Trading Co.
f1d8c06859,ACC-SINV-2025-00172,P1,Sales Invoice,Sales Invoice,4,2025-04-28,2025-04-28 13:51:52.533816,ar.clerk@meridian.example,1310 - Debtors - MTC,1310,Debtors,Asset,1916.6,0.0,Customer,Summit Rentals,"4120 - Service - MTC,4110 - Sales - MTC,4130 - Freight Income - MTC",,Customer order Summit Rentals Apr 2025,Meridian Trading Co.
fbd7ce2558,ACC-SINV-2025-00172,P1,Sales Invoice,Sales Invoice,5,2025-04-28,2025-04-28 13:51:52.533816,ar.clerk@meridian.example,4130 - Freight Income - MTC,4130,Freight Income,Income,0.0,403.55,,,Summit Rentals,Admin - MTC,Customer order Summit Rentals Apr 2025,Meridian Trading Co.
0f023a7522,ACC-SINV-2025-00196,P1,Sales Invoice,Sales Invoice,1,2025-04-28,2025-04-28 09:08:15.662665,ar.clerk@meridian.example,4110 - Sales - MTC,4110,Sales,Income,0.0,377.16,,,Ovation Events,Sales Ops - MTC,Customer order Ovation Events Apr 2025,Meridian Trading Co.
32f87d342c,ACC-SINV-2025-00196,P1,Sales Invoice,Sales Invoice,2,2025-04-28,2025-04-28 09:08:15.662665,ar.clerk@meridian.example,4110 - Sales - MTC,4110,Sales,Income,0.0,212.16,,,Ovation Events,Warehouse - MTC,Customer order Ovation Events Apr 2025,Meridian Trading Co.
c885d4fdf2,ACC-SINV-2025-00196,P1,Sales Invoice,Sales Invoice,3,2025-04-28,2025-04-28 09:08:15.662665,ar.clerk@meridian.example,1310 - Debtors - MTC,1310,Debtors,Asset,1329.84,0.0,Customer,Ovation Events,"4130 - Freight Income - MTC,4110 - Sales - MTC",,Customer order Ovation Events Apr 2025,Meridian Trading Co.
ddc58e5ec1,ACC-SINV-2025-00196,P1,Sales Invoice,Sales Invoice,4,2025-04-28,2025-04-28 09:08:15.662665,ar.clerk@meridian.example,4130 - Freight Income - MTC,4130,Freight Income,Income,0.0,740.52,,,Ovation Events,Admin - MTC,Customer order Ovation Events Apr 2025,Meridian Trading Co.
22860942e4,ACC-SINV-2025-00216,P1,Sales Invoice,Sales Invoice,1,2025-04-28,2025-04-28 11:11:36.625438,controller@meridian.example,1310 - Debtors - MTC,1310,Debtors,Asset,2595.08,0.0,Customer,Ferrous Works,"4130 - Freight Income - MTC,4110 - Sales - MTC",,Customer order Ferrous Works Apr 2025,Meridian Trading Co.
3a88fc673b,ACC-SINV-2025-00216,P1,Sales Invoice,Sales Invoice,2,2025-04-28,2025-04-28 11:11:36.625438,controller@meridian.example,ST 6% - MTC,,ST 6%,Liability,0.0,146.89,,,Ferrous Works,Admin - MTC,Customer order Ferrous Works Apr 2025,Meridian Trading Co.
63ff88faf0,ACC-SINV-2025-00216,P1,Sales Invoice,Sales Invoice,3,2025-04-28,2025-04-28 11:11:36.625438,controller@meridian.example,4110 - Sales - MTC,4110,Sales,Income,0.0,1494.16,,,Ferrous Works,Sales Ops - MTC,Customer order Ferrous Works Apr 2025,Meridian Trading Co.
b04dff8891,ACC-SINV-2025-00216,P1,Sales Invoice,Sales Invoice,4,2025-04-28,2025-04-28 11:11:36.625438,controller@meridian.example,4130 - Freight Income - MTC,4130,Freight Income,Income,0.0,954.03,,,Ferrous Works,Admin - MTC,Customer order Ferrous Works Apr 2025,Meridian Trading Co.
19a8905828,ACC-PAY-2025-00205,P1,Payment Entry,Payment Entry,1,2025-04-29,2025-04-29 09:07:56.619846,ap.clerk@meridian.example,2110 - Creditors - MTC,2110,Creditors,Liability,9946.07,0.0,Supplier,Vulcan Materials Co,1210 - Primary Checking - MTC,,Amount USD 9946.07 paid to Vulcan Materials Co | Transaction reference no ACH-25-00074 dated 2025-04-29 | Amount USD 9946.07 adjusted against Purchase Invoice ACC-PINV-2025-00074,Meridian Trading Co.
a799037b21,ACC-PAY-2025-00205,P1,Payment Entry,Payment Entry,2,2025-04-29,2025-04-29 09:07:56.619846,ap.clerk@meridian.example,1210 - Primary Checking - MTC,1210,Primary Checking,Asset,0.0,9946.07,,,Vulcan Materials Co,,Amount USD 9946.07 paid to Vulcan Materials Co | Transaction reference no ACH-25-00074 dated 2025-04-29 | Amount USD 9946.07 adjusted against Purchase Invoice ACC-PINV-2025-00074,Meridian Trading Co.
74babf04a2,ACC-PAY-2025-00282,P1,Payment Entry,Payment Entry,1,2025-04-29,2025-04-29 12:43:56.997805,ap.clerk@meridian.example,2110 - Creditors - MTC,2110,Creditors,Liability,1209.51,0.0,Supplier,Vulcan Materials Co,1210 - Primary Checking - MTC,,Amount USD 1209.51 paid to Vulcan Materials Co | Transaction reference no ACH-25-00104 dated 2025-04-29 | Amount USD 1209.51 adjusted against Purchase Invoice ACC-PINV-2025-00104,Meridian Trading Co.
f1da3a0e17,ACC-PAY-2025-00282,P1,Payment Entry,Payment Entry,2,2025-04-29,2025-04-29 12:43:56.997805,ap.clerk@meridian.example,1210 - Primary Checking - MTC,1210,Primary Checking,Asset,0.0,1209.51,,,Vulcan Materials Co,,Amount USD 1209.51 paid to Vulcan Materials Co | Transaction reference no ACH-25-00104 dated 2025-04-29 | Amount USD 1209.51 adjusted against Purchase Invoice ACC-PINV-2025-00104,Meridian Trading Co.
017487ae73,ACC-PAY-2025-00286,P1,Payment Entry,Payment Entry,1,2025-04-29,2025-04-29 14:36:07.433668,ap.clerk@meridian.example,2110 - Creditors - MTC,2110,Creditors,Liability,19371.69,0.0,Supplier,Beacon Freight,1210 - Primary Checking - MTC,,Amount USD 19371.69 paid to Beacon Freight | Transaction reference no ACH-25-00108 dated 2025-04-29 | Amount USD 19371.69 adjusted against Purchase Invoice ACC-PINV-2025-00108,Meridian Trading Co.
dc2425453e,ACC-PAY-2025-00286,P1,Payment Entry,Payment Entry,2,2025-04-29,2025-04-29 14:36:07.433668,ap.clerk@meridian.example,1210 - Primary Checking - MTC,1210,Primary Checking,Asset,0.0,19371.69,,,Beacon Freight,,Amount USD 19371.69 paid to Beacon Freight | Transaction reference no ACH-25-00108 dated 2025-04-29 | Amount USD 19371.69 adjusted against Purchase Invoice ACC-PINV-2025-00108,Meridian Trading Co.
11a70a0ca5,ACC-PINV-2025-00116,P1,Purchase Invoice,Purchase Invoice,1,2025-04-29,2025-04-29 18:14:10.706088,ap.clerk@meridian.example,2110 - Creditors - MTC,2110,Creditors,Liability,0.0,14417.04,Supplier,Harlan Office Supply,"5208 - Office Maintenance Expenses - MTC,5216 - Travel Expenses - MTC",,Harlan Office Supply April 2025 billing,Meridian Trading Co.
3a74b12006,ACC-PINV-2025-00116,P1,Purchase Invoice,Purchase Invoice,2,2025-04-29,2025-04-29 18:14:10.706088,ap.clerk@meridian.example,5208 - Office Maintenance Expenses - MTC,5208,Office Maintenance Expenses,Expense,14125.93,0.0,,,Harlan Office Supply,Admin - MTC,Harlan Office Supply April 2025 billing,Meridian Trading Co.
d79560f022,ACC-PINV-2025-00116,P1,Purchase Invoice,Purchase Invoice,3,2025-04-29,2025-04-29 18:14:10.706088,ap.clerk@meridian.example,5216 - Travel Expenses - MTC,5216,Travel Expenses,Expense,291.11,0.0,,,Harlan Office Supply,Admin - MTC,Harlan Office Supply April 2025 billing,Meridian Trading Co.
473c8d996b,ACC-SINV-2025-00170,P1,Sales Invoice,Sales Invoice,1,2025-04-29,2025-04-29 10:19:12.928349,ar.clerk@meridian.example,1310 - Debtors - MTC,1310,Debtors,Asset,816.89,0.0,Customer,Bluepine Hardware,4110 - Sales - MTC,,Customer order Bluepine Hardware Apr 2025,Meridian Trading Co.
8166d09ef8,ACC-SINV-2025-00170,P1,Sales Invoice,Sales Invoice,2,2025-04-29,2025-04-29 10:19:12.928349,ar.clerk@meridian.example,4110 - Sales - MTC,4110,Sales,Income,0.0,757.2,,,Bluepine Hardware,Sales Ops - MTC,Customer order Bluepine Hardware Apr 2025,Meridian Trading Co.
b83486f57a,ACC-SINV-2025-00170,P1,Sales Invoice,Sales Invoice,3,2025-04-29,2025-04-29 10:19:12.928349,ar.clerk@meridian.example,4110 - Sales - MTC,4110,Sales,Income,0.0,13.45,,,Bluepine Hardware,Warehouse - MTC,Customer order Bluepine Hardware Apr 2025,Meridian Trading Co.
ecef098a54,ACC-SINV-2025-00170,P1,Sales Invoice,Sales Invoice,4,2025-04-29,2025-04-29 10:19:12.928349,ar.clerk@meridian.example,ST 6% - MTC,,ST 6%,Liability,0.0,46.24,,,Bluepine Hardware,Admin - MTC,Customer order Bluepine Hardware Apr 2025,Meridian Trading Co.
039de8f493,ACC-SINV-2025-00211,P1,Sales Invoice,Sales Invoice,1,2025-04-29,2025-04-29 17:17:16.131154,ar.clerk@meridian.example,ST 6% - MTC,,ST 6%,Liability,0.0,185.33,,,Kestrel Foods,Admin - MTC,Customer order Kestrel Foods Apr 2025,Meridian Trading Co.
04ed2ee611,ACC-SINV-2025-00211,P1,Sales Invoice,Sales Invoice,2,2025-04-29,2025-04-29 17:17:16.131154,ar.clerk@meridian.example,1310 - Debtors - MTC,1310,Debtors,Asset,3274.11,0.0,Customer,Kestrel Foods,"4110 - Sales - MTC,4130 - Freight Income - MTC",,Customer order Kestrel Foods Apr 2025,Meridian Trading Co.
b79c191d65,ACC-SINV-2025-00211,P1,Sales Invoice,Sales Invoice,3,2025-04-29,2025-04-29 17:17:16.131154,ar.clerk@meridian.example,4130 - Freight Income - MTC,4130,Freight Income,Income,0.0,1187.9,,,Kestrel Foods,Admin - MTC,Customer order Kestrel Foods Apr 2025,Meridian Trading Co.
d813e33d29,ACC-SINV-2025-00211,P1,Sales Invoice,Sales Invoice,4,2025-04-29,2025-04-29 17:17:16.131154,ar.clerk@meridian.example,4110 - Sales - MTC,4110,Sales,Income,0.0,1170.05,,,Kestrel Foods,Warehouse - MTC,Customer order Kestrel Foods Apr 2025,Meridian Trading Co.
e49491b491,ACC-SINV-2025-00211,P1,Sales Invoice,Sales Invoice,5,2025-04-29,2025-04-29 17:17:16.131154,ar.clerk@meridian.example,4110 - Sales - MTC,4110,Sales,Income,0.0,730.83,,,Kestrel Foods,Sales Ops - MTC,Customer order Kestrel Foods Apr 2025,Meridian Trading Co.
857cc9d610,ACC-SINV-2025-00214,P1,Sales Invoice,Sales Invoice,1,2025-04-29,2025-04-29 11:00:47.929487,ar.clerk@meridian.example,1310 - Debtors - MTC,1310,Debtors,Asset,1503.59,0.0,Customer,Redcedar Builders,4110 - Sales - MTC,,Customer order Redcedar Builders Apr 2025,Meridian Trading Co.
a3ee325e13,ACC-SINV-2025-00214,P1,Sales Invoice,Sales Invoice,2,2025-04-29,2025-04-29 11:00:47.929487,ar.clerk@meridian.example,ST 6% - MTC,,ST 6%,Liability,0.0,85.11,,,Redcedar Builders,Admin - MTC,Customer order Redcedar Builders Apr 2025,Meridian Trading Co.
a613a6ad99,ACC-SINV-2025-00214,P1,Sales Invoice,Sales Invoice,3,2025-04-29,2025-04-29 11:00:47.929487,ar.clerk@meridian.example,4110 - Sales - MTC,4110,Sales,Income,0.0,1418.48,,,Redcedar Builders,Sales Ops - MTC,Customer order Redcedar Builders Apr 2025,Meridian Trading Co.
2dd146d96d,ACC-JV-2025-00033,P1,Journal Entry,Journal Entry,1,2025-04-30,2025-05-01 01:56:33.676330,batch.bot@meridian.example,5213 - Salary - MTC,5213,Salary,Expense,15446.29,0.0,,,"2320 - Tax Withholding Payable - MTC, 2120 - Payroll Payable - MTC",Warehouse - MTC,,Meridian Trading Co.
44b57b5b76,ACC-JV-2025-00033,P1,Journal Entry,Journal Entry,2,2025-04-30,2025-05-01 01:56:33.676330,batch.bot@meridian.example,2320 - Tax Withholding Payable - MTC,2320,Tax Withholding Payable,Liability,0.0,12428.81,,,5213 - Salary - MTC,Admin - MTC,,Meridian Trading Co.
7d3dc987db,ACC-JV-2025-00033,P1,Journal Entry,Journal Entry,3,2025-04-30,2025-05-01 01:56:33.676330,batch.bot@meridian.example,5213 - Salary - MTC,5213,Salary,Expense,18292.12,0.0,,,"2320 - Tax Withholding Payable - MTC, 2120 - Payroll Payable - MTC",Admin - MTC,,Meridian Trading Co.
93ac43a01b,ACC-JV-2025-00033,P1,Journal Entry,Journal Entry,4,2025-04-30,2025-05-01 01:56:33.676330,batch.bot@meridian.example,5213 - Salary - MTC,5213,Salary,Expense,21747.37,0.0,,,"2320 - Tax Withholding Payable - MTC, 2120 - Payroll Payable - MTC",Sales Ops - MTC,,Meridian Trading Co.
9fea737544,ACC-JV-2025-00033,P1,Journal Entry,Journal Entry,5,2025-04-30,2025-05-01 01:56:33.676330,batch.bot@meridian.example,2120 - Payroll Payable - MTC,2120,Payroll Payable,Liability,0.0,43056.97,,,5213 - Salary - MTC,Admin - MTC,,Meridian Trading Co.
2fe3895305,ACC-JV-2025-00035,P1,Journal Entry,Depreciation Entry,1,2025-04-30,2025-05-01 01:50:34.927152,batch.bot@meridian.example,5203 - Depreciation - MTC,5203,Depreciation,Expense,1258.34,0.0,,,1780 - Accumulated Depreciation - MTC,Admin - MTC,,Meridian Trading Co.
3a6b4553ca,ACC-JV-2025-00035,P1,Journal Entry,Depreciation Entry,2,2025-04-30,2025-05-01 01:50:34.927152,batch.bot@meridian.example,5203 - Depreciation - MTC,5203,Depreciation,Expense,2158.33,0.0,,,1780 - Accumulated Depreciation - MTC,Warehouse - MTC,,Meridian Trading Co.
4f1ada61d5,ACC-JV-2025-00035,P1,Journal Entry,Depreciation Entry,3,2025-04-30,2025-05-01 01:50:34.927152,batch.bot@meridian.example,1780 - Accumulated Depreciation - MTC,1780,Accumulated Depreciation,Asset,0.0,3416.67,,,5203 - Depreciation - MTC,Admin - MTC,,Meridian Trading Co.
3cc43f8e4f,ACC-JV-2025-00036,P1,Journal Entry,Journal Entry,1,2025-04-30,2025-05-01 01:40:25.205842,batch.bot@meridian.example,1660 - Prepaid Expenses - MTC,1660,Prepaid Expenses,Asset,0.0,1450.0,,,5228 - Insurance Expense - MTC,Admin - MTC,,Meridian Trading Co.
52828e0029,ACC-JV-2025-00036,P1,Journal Entry,Journal Entry,2,2025-04-30,2025-05-01 01:40:25.205842,batch.bot@meridian.example,5228 - Insurance Expense - MTC,5228,Insurance Expense,Expense,1450.0,0.0,,,1660 - Prepaid Expenses - MTC,Admin - MTC,,Meridian Trading Co.
0232b5f790,ACC-JV-2025-00037,P1,Journal Entry,Journal Entry,1,2025-04-30,2025-04-30 12:16:37.981397,controller@meridian.example,5209 - Office Rent - MTC,5209,Office Rent,Expense,3225.99,0.0,,,"5215 - Telephone Expenses - MTC, 5209 - Office Rent - MTC, 5217 - Utility Expenses - MTC",Warehouse - MTC,,Meridian Trading Co.
2df277e80a,ACC-JV-2025-00037,P1,Journal Entry,Journal Entry,2,2025-04-30,2025-04-30 12:16:37.981397,controller@meridian.example,5215 - Telephone Expenses - MTC,5215,Telephone Expenses,Expense,0.0,888.57,,,"5215 - Telephone Expenses - MTC, 5209 - Office Rent - MTC, 5217 - Utility Expenses - MTC",Admin - MTC,,Meridian Trading Co.
5e4c9c7088,ACC-JV-2025-00037,P1,Journal Entry,Journal Entry,3,2025-04-30,2025-04-30 12:16:37.981397,controller@meridian.example,5217 - Utility Expenses - MTC,5217,Utility Expenses,Expense,1468.66,0.0,,,"5215 - Telephone Expenses - MTC, 5209 - Office Rent - MTC, 5217 - Utility Expenses - MTC",Sales Ops - MTC,,Meridian Trading Co.
6748beecc4,ACC-JV-2025-00037,P1,Journal Entry,Journal Entry,4,2025-04-30,2025-04-30 12:16:37.981397,controller@meridian.example,5209 - Office Rent - MTC,5209,Office Rent,Expense,0.0,7373.69,,,"5215 - Telephone Expenses - MTC, 5209 - Office Rent - MTC, 5217 - Utility Expenses - MTC",Admin - MTC,,Meridian Trading Co.
6cd2e52af2,ACC-JV-2025-00037,P1,Journal Entry,Journal Entry,5,2025-04-30,2025-04-30 12:16:37.981397,controller@meridian.example,5215 - Telephone Expenses - MTC,5215,Telephone Expenses,Expense,499.82,0.0,,,"5215 - Telephone Expenses - MTC, 5209 - Office Rent - MTC, 5217 - Utility Expenses - MTC",Sales Ops - MTC,,Meridian Trading Co.
ad76780062,ACC-JV-2025-00037,P1,Journal Entry,Journal Entry,6,2025-04-30,2025-04-30 12:16:37.981397,controller@meridian.example,5209 - Office Rent - MTC,5209,Office Rent,Expense,4147.7,0.0,,,"5215 - Telephone Expenses - MTC, 5209 - Office Rent - MTC, 5217 - Utility Expenses - MTC",Sales Ops - MTC,,Meridian Trading Co.
c3339cb62b,ACC-JV-2025-00037,P1,Journal Entry,Journal Entry,7,2025-04-30,2025-04-30 12:16:37.981397,controller@meridian.example,5217 - Utility Expenses - MTC,5217,Utility Expenses,Expense,0.0,2610.95,,,"5215 - Telephone Expenses - MTC, 5209 - Office Rent - MTC, 5217 - Utility Expenses - MTC",Admin - MTC,,Meridian Trading Co.
c5cecc10e7,ACC-JV-2025-00037,P1,Journal Entry,Journal Entry,8,2025-04-30,2025-04-30 12:16:37.981397,controller@meridian.example,5217 - Utility Expenses - MTC,5217,Utility Expenses,Expense,1142.29,0.0,,,"5215 - Telephone Expenses - MTC, 5209 - Office Rent - MTC, 5217 - Utility Expenses - MTC",Warehouse - MTC,,Meridian Trading Co.
f93c74c7f9,ACC-JV-2025-00037,P1,Journal Entry,Journal Entry,9,2025-04-30,2025-04-30 12:16:37.981397,controller@meridian.example,5215 - Telephone Expenses - MTC,5215,Telephone Expenses,Expense,388.75,0.0,,,"5215 - Telephone Expenses - MTC, 5209 - Office Rent - MTC, 5217 - Utility Expenses - MTC",Warehouse - MTC,,Meridian Trading Co.
290dcb6563,ACC-PAY-2025-00151,P1,Payment Entry,Payment Entry,1,2025-04-30,2025-04-30 12:29:44.987351,ar.clerk@meridian.example,1210 - Primary Checking - MTC,1210,Primary Checking,Asset,8323.9,0.0,,,Halstrom Supply,,Amount USD 8323.9 received from Halstrom Supply | Transaction reference no ACH-25-00113 dated 2025-04-30 | Amount USD 8323.9 adjusted against Sales Invoice ACC-SINV-2025-00113,Meridian Trading Co.
f3320f89aa,ACC-PAY-2025-00151,P1,Payment Entry,Payment Entry,2,2025-04-30,2025-04-30 12:29:44.987351,ar.clerk@meridian.example,1310 - Debtors - MTC,1310,Debtors,Asset,0.0,8323.9,Customer,Halstrom Supply,1210 - Primary Checking - MTC,,Amount USD 8323.9 received from Halstrom Supply | Transaction reference no ACH-25-00113 dated 2025-04-30 | Amount USD 8323.9 adjusted against Sales Invoice ACC-SINV-2025-00113,Meridian Trading Co.
54522bfa1f,ACC-PAY-2025-00217,P1,Payment Entry,Payment Entry,1,2025-04-30,2025-04-30 17:35:58.384418,ap.clerk@meridian.example,2110 - Creditors - MTC,2110,Creditors,Liability,12914.7,0.0,Supplier,Harlan Office Supply,1210 - Primary Checking - MTC,,Amount USD 12914.7 paid to Harlan Office Supply | Transaction reference no ACH-25-00086 dated 2025-04-30 | Amount USD 12914.7 adjusted against Purchase Invoice ACC-PINV-2025-00086,Meridian Trading Co.
6dba6d3fa3,ACC-PAY-2025-00217,P1,Payment Entry,Payment Entry,2,2025-04-30,2025-04-30 17:35:58.384418,ap.clerk@meridian.example,1210 - Primary Checking - MTC,1210,Primary Checking,Asset,0.0,12914.7,,,Harlan Office Supply,,Amount USD 12914.7 paid to Harlan Office Supply | Transaction reference no ACH-25-00086 dated 2025-04-30 | Amount USD 12914.7 adjusted against Purchase Invoice ACC-PINV-2025-00086,Meridian Trading Co.
373aeb38e0,ACC-PAY-2025-00219,P1,Payment Entry,Payment Entry,1,2025-04-30,2025-04-30 10:24:00.810180,ap.clerk@meridian.example,1210 - Primary Checking - MTC,1210,Primary Checking,Asset,0.0,12521.17,,,Quill Marketing Group,,Amount USD 12521.17 paid to Quill Marketing Group | Transaction reference no ACH-25-00088 dated 2025-04-30 | Amount USD 12521.17 adjusted against Purchase Invoice ACC-PINV-2025-00088,Meridian Trading Co.
fcd4514362,ACC-PAY-2025-00219,P1,Payment Entry,Payment Entry,2,2025-04-30,2025-04-30 10:24:00.810180,ap.clerk@meridian.example,2110 - Creditors - MTC,2110,Creditors,Liability,12521.17,0.0,Supplier,Quill Marketing Group,1210 - Primary Checking - MTC,,Amount USD 12521.17 paid to Quill Marketing Group | Transaction reference no ACH-25-00088 dated 2025-04-30 | Amount USD 12521.17 adjusted against Purchase Invoice ACC-PINV-2025-00088,Meridian Trading Co.
3ed9b05cec,ACC-PAY-2025-00274,P1,Payment Entry,Payment Entry,1,2025-04-30,2025-04-30 10:30:59.561984,ap.clerk@meridian.example,2110 - Creditors - MTC,2110,Creditors,Liability,9647.28,0.0,Supplier,Orchard Wholesale,1210 - Primary Checking - MTC,,Amount USD 9647.28 paid to Orchard Wholesale | Transaction reference no ACH-25-00096 dated 2025-04-30 | Amount USD 9647.28 adjusted against Purchase Invoice ACC-PINV-2025-00096,Meridian Trading Co.
78b1d3f216,ACC-PAY-2025-00274,P1,Payment Entry,Payment Entry,2,2025-04-30,2025-04-30 10:30:59.561984,ap.clerk@meridian.example,1210 - Primary Checking - MTC,1210,Primary Checking,Asset,0.0,9647.28,,,Orchard Wholesale,,Amount USD 9647.28 paid to Orchard Wholesale | Transaction reference no ACH-25-00096 dated 2025-04-30 | Amount USD 9647.28 adjusted against Purchase Invoice ACC-PINV-2025-00096,Meridian Trading Co.
66a725b90c,ACC-PINV-2025-00094,P1,Purchase Invoice,Purchase Invoice,1,2025-04-30,2025-04-30 09:04:16.525446,ap.clerk@meridian.example,5111 - Cost of Goods Sold - MTC,5111,Cost of Goods Sold,Expense,10656.02,0.0,,,Orchard Wholesale,Warehouse - MTC,Orchard Wholesale April 2025 billing,Meridian Trading Co.
aee32753ec,ACC-PINV-2025-00094,P1,Purchase Invoice,Purchase Invoice,2,2025-04-30,2025-04-30 09:04:16.525446,ap.clerk@meridian.example,2110 - Creditors - MTC,2110,Creditors,Liability,0.0,10656.02,Supplier,Orchard Wholesale,5111 - Cost of Goods Sold - MTC,,Orchard Wholesale April 2025 billing,Meridian Trading Co.
00b5640822,ACC-PINV-2025-00121,P1,Purchase Invoice,Purchase Invoice,1,2025-04-30,2025-04-30 15:32:02.222966,ap.clerk@meridian.example,5211 - Print and Stationery - MTC,5211,Print and Stationery,Expense,1930.41,0.0,,,Fairbanks Consulting,Admin - MTC,Fairbanks Consulting April 2025 billing,Meridian Trading Co.
5b47c79070,ACC-PINV-2025-00121,P1,Purchase Invoice,Purchase Invoice,2,2025-04-30,2025-04-30 15:32:02.222966,ap.clerk@meridian.example,5215 - Telephone Expenses - MTC,5215,Telephone Expenses,Expense,488.1,0.0,,,Fairbanks Consulting,Admin - MTC,Fairbanks Consulting April 2025 billing,Meridian Trading Co.
6b75b9da1c,ACC-PINV-2025-00121,P1,Purchase Invoice,Purchase Invoice,3,2025-04-30,2025-04-30 15:32:02.222966,ap.clerk@meridian.example,2110 - Creditors - MTC,2110,Creditors,Liability,0.0,6163.44,Supplier,Fairbanks Consulting,"5226 - Contractor Services - MTC,5215 - Telephone Expenses - MTC,5211 - Print and Stationery - MTC",,Fairbanks Consulting April 2025 billing,Meridian Trading Co.
95bad41977,ACC-PINV-2025-00121,P1,Purchase Invoice,Purchase Invoice,4,2025-04-30,2025-04-30 15:32:02.222966,ap.clerk@meridian.example,5226 - Contractor Services - MTC,5226,Contractor Services,Expense,3744.93,0.0,,,Fairbanks Consulting,Admin - MTC,Fairbanks Consulting April 2025 billing,Meridian Trading Co.
0a6038ef10,ACC-SINV-2025-00191,P1,Sales Invoice,Sales Invoice,1,2025-04-30,2025-04-30 16:16:19.956064,ar.clerk@meridian.example,4110 - Sales - MTC,4110,Sales,Income,0.0,1497.8,,,Galehouse Media,Warehouse - MTC,Customer order Galehouse Media Apr 2025,Meridian Trading Co.
46f0ea9517,ACC-SINV-2025-00191,P1,Sales Invoice,Sales Invoice,2,2025-04-30,2025-04-30 16:16:19.956064,ar.clerk@meridian.example,4120 - Service - MTC,4120,Service,Income,0.0,6573.25,,,Galehouse Media,Admin - MTC,Customer order Galehouse Media Apr 2025,Meridian Trading Co.
830e4ff5b1,ACC-SINV-2025-00191,P1,Sales Invoice,Sales Invoice,3,2025-04-30,2025-04-30 16:16:19.956064,ar.clerk@meridian.example,ST 6% - MTC,,ST 6%,Liability,0.0,484.26,,,Galehouse Media,Admin - MTC,Customer order Galehouse Media Apr 2025,Meridian Trading Co.
e85ff27475,ACC-SINV-2025-00191,P1,Sales Invoice,Sales Invoice,4,2025-04-30,2025-04-30 16:16:19.956064,ar.clerk@meridian.example,1310 - Debtors - MTC,1310,Debtors,Asset,8555.31,0.0,Customer,Galehouse Media,"4110 - Sales - MTC,4120 - Service - MTC",,Customer order Galehouse Media Apr 2025,Meridian Trading Co.
b618d650b8,ACC-PAY-2025-00210,P1,Payment Entry,Payment Entry,1,2025-05-01,2025-05-01 18:20:50.195380,ap.clerk@meridian.example,1210 - Primary Checking - MTC,1210,Primary Checking,Asset,0.0,498.94,,,Beacon Freight,,Amount USD 498.94 paid to Beacon Freight | Transaction reference no ACH-25-00079 dated 2025-05-01 | Amount USD 498.94 adjusted against Purchase Invoice ACC-PINV-2025-00079,Meridian Trading Co.
cd3d898579,ACC-PAY-2025-00210,P1,Payment Entry,Payment Entry,2,2025-05-01,2025-05-01 18:20:50.195380,ap.clerk@meridian.example,2110 - Creditors - MTC,2110,Creditors,Liability,498.94,0.0,Supplier,Beacon Freight,1210 - Primary Checking - MTC,,Amount USD 498.94 paid to Beacon Freight | Transaction reference no ACH-25-00079 dated 2025-05-01 | Amount USD 498.94 adjusted against Purchase Invoice ACC-PINV-2025-00079,Meridian Trading Co.
9273e24104,ACC-PAY-2025-00233,P1,Payment Entry,Payment Entry,1,2025-05-01,2025-05-01 10:14:11.390479,ar.clerk@meridian.example,1310 - Debtors - MTC,1310,Debtors,Asset,0.0,2368.22,Customer,Summit Rentals,1210 - Primary Checking - MTC,,Amount USD 2368.22 received from Summit Rentals | Transaction reference no ACH-25-00179 dated 2025-05-01 | Amount USD 2368.22 adjusted against Sales Invoice ACC-SINV-2025-00179,Meridian Trading Co.
c643e90f32,ACC-PAY-2025-00233,P1,Payment Entry,Payment Entry,2,2025-05-01,2025-05-01 10:14:11.390479,ar.clerk@meridian.example,1210 - Primary Checking - MTC,1210,Primary Checking,Asset,2368.22,0.0,,,Summit Rentals,,Amount USD 2368.22 received from Summit Rentals | Transaction reference no ACH-25-00179 dated 2025-05-01 | Amount USD 2368.22 adjusted against Sales Invoice ACC-SINV-2025-00179,Meridian Trading Co.
07f1c42e62,ACC-SINV-2025-00257,P1,Sales Invoice,Sales Invoice,1,2025-05-01,2025-05-07 14:21:33.337188,ar.clerk@meridian.example,1310 - Debtors - MTC,1310,Debtors,Asset,789.2,0.0,Customer,Pactrail Sports,4110 - Sales - MTC,,Customer order Pactrail Sports May 2025,Meridian Trading Co.
4b35b843dd,ACC-SINV-2025-00257,P1,Sales Invoice,Sales Invoice,2,2025-05-01,2025-05-07 14:21:33.337188,ar.clerk@meridian.example,4110 - Sales - MTC,4110,Sales,Income,0.0,744.53,,,Pactrail Sports,Warehouse - MTC,Customer order Pactrail Sports May 2025,Meridian Trading Co.
8393801417,ACC-SINV-2025-00257,P1,Sales Invoice,Sales Invoice,3,2025-05-01,2025-05-07 14:21:33.337188,ar.clerk@meridian.example,ST 6% - MTC,,ST 6%,Liability,0.0,44.67,,,Pactrail Sports,Admin - MTC,Customer order Pactrail Sports May 2025,Meridian Trading Co.
23c9814ce4,ACC-PAY-2025-00226,P1,Payment Entry,Payment Entry,1,2025-05-02,2025-05-02 08:34:59.442830,ar.clerk@meridian.example,1210 - Primary Checking - MTC,1210,Primary Checking,Asset,2056.46,0.0,,,Timberline Schools,,Amount USD 2056.46 received from Timberline Schools | Transaction reference no ACH-25-00171 dated 2025-05-02 | Amount USD 2056.46 adjusted against Sales Invoice ACC-SINV-2025-00171,Meridian Trading Co.
a7703975fa,ACC-PAY-2025-00226,P1,Payment Entry,Payment Entry,2,2025-05-02,2025-05-02 08:34:59.442830,ar.clerk@meridian.example,1310 - Debtors - MTC,1310,Debtors,Asset,0.0,2056.46,Customer,Timberline Schools,1210 - Primary Checking - MTC,,Amount USD 2056.46 received from Timberline Schools | Transaction reference no ACH-25-00171 dated 2025-05-02 | Amount USD 2056.46 adjusted against Sales Invoice ACC-SINV-2025-00171,Meridian Trading Co.
3f5dbbd334,ACC-PAY-2025-00279,P1,Payment Entry,Payment Entry,1,2025-05-02,2025-05-02 08:21:35.225966,ap.clerk@meridian.example,2110 - Creditors - MTC,2110,Creditors,Liability,6167.97,0.0,Supplier,Orchard Wholesale,1210 - Primary Checking - MTC,,Amount USD 6167.97 paid to Orchard Wholesale | Transaction reference no ACH-25-00101 dated 2025-05-02 | Amount USD 6167.97 adjusted against Purchase Invoice ACC-PINV-2025-00101,Meridian Trading Co.
ceaba830e7,ACC-PAY-2025-00279,P1,Payment Entry,Payment Entry,2,2025-05-02,2025-05-02 08:21:35.225966,ap.clerk@meridian.example,1210 - Primary Checking - MTC,1210,Primary Checking,Asset,0.0,6167.97,,,Orchard Wholesale,,Amount USD 6167.97 paid to Orchard Wholesale | Transaction reference no ACH-25-00101 dated 2025-05-02 | Amount USD 6167.97 adjusted against Purchase Invoice ACC-PINV-2025-00101,Meridian Trading Co.
0a8815f211,ACC-SINV-2025-00237,P1,Sales Invoice,Sales Invoice,1,2025-05-02,2025-05-02 08:47:03.641441,ar.clerk@meridian.example,ST 6% - MTC,,ST 6%,Liability,0.0,506.67,,,Brightline Offices,Admin - MTC,Customer order Brightline Offices May 2025,Meridian Trading Co.
1cf94ff4a3,ACC-SINV-2025-00237,P1,Sales Invoice,Sales Invoice,2,2025-05-02,2025-05-02 08:47:03.641441,ar.clerk@meridian.example,4120 - Service - MTC,4120,Service,Income,0.0,6631.8,,,Brightline Offices,Sales Ops - MTC,Customer order Brightline Offices May 2025,Meridian Trading Co.
3d55b1e2a5,ACC-SINV-2025-00237,P1,Sales Invoice,Sales Invoice,3,2025-05-02,2025-05-02 08:47:03.641441,ar.clerk@meridian.example,1310 - Debtors - MTC,1310,Debtors,Asset,8951.2,0.0,Customer,Brightline Offices,"4110 - Sales - MTC,4120 - Service - MTC",,Customer order Brightline Offices May 2025,Meridian Trading Co.
75905e049b,ACC-SINV-2025-00237,P1,Sales Invoice,Sales Invoice,4,2025-05-02,2025-05-02 08:47:03.641441,ar.clerk@meridian.example,4110 - Sales - MTC,4110,Sales,Income,0.0,947.1,,,Brightline Offices,Warehouse - MTC,Customer order Brightline Offices May 2025,Meridian Trading Co.
c73599253d,ACC-SINV-2025-00237,P1,Sales Invoice,Sales Invoice,5,2025-05-02,2025-05-02 08:47:03.641441,ar.clerk@meridian.example,4110 - Sales - MTC,4110,Sales,Income,0.0,865.63,,,Brightline Offices,Sales Ops - MTC,Customer order Brightline Offices May 2025,Meridian Trading Co.
197ee221bd,ACC-SINV-2025-00247,P1,Sales Invoice,Sales Invoice,1,2025-05-02,2025-05-02 13:00:40.889563,ar.clerk@meridian.example,4130 - Freight Income - MTC,4130,Freight Income,Income,0.0,513.9,,,Ferrous Works,Admin - MTC,Customer order Ferrous Works May 2025,Meridian Trading Co.
255ef69490,ACC-SINV-2025-00247,P1,Sales Invoice,Sales Invoice,2,2025-05-02,2025-05-02 13:00:40.889563,ar.clerk@meridian.example,1310 - Debtors - MTC,1310,Debtors,Asset,1689.88,0.0,Customer,Ferrous Works,"4110 - Sales - MTC,4130 - Freight Income - MTC",,Customer order Ferrous Works May 2025,Meridian Trading Co.
a42c418b36,ACC-SINV-2025-00247,P1,Sales Invoice,Sales Invoice,3,2025-05-02,2025-05-02 13:00:40.889563,ar.clerk@meridian.example,4110 - Sales - MTC,4110,Sales,Income,0.0,1080.33,,,Ferrous Works,Sales Ops - MTC,Customer order Ferrous Works May 2025,Meridian Trading Co.
d2a5969bb0,ACC-SINV-2025-00247,P1,Sales Invoice,Sales Invoice,4,2025-05-02,2025-05-02 13:00:40.889563,ar.clerk@meridian.example,ST 6% - MTC,,ST 6%,Liability,0.0,95.65,,,Ferrous Works,Admin - MTC,Customer order Ferrous Works May 2025,Meridian Trading Co.
4b7308f692,ACC-JV-2025-00034,P1,Journal Entry,Bank Entry,1,2025-05-03,2025-05-04 02:12:28.654403,batch.bot@meridian.example,2120 - Payroll Payable - MTC,2120,Payroll Payable,Liability,43056.97,0.0,,,1210 - Primary Checking - MTC,Admin - MTC,Reference #REF-20250503 dated 05-03-2025,Meridian Trading Co.
d4d005ac83,ACC-JV-2025-00034,P1,Journal Entry,Bank Entry,2,2025-05-03,2025-05-04 02:12:28.654403,batch.bot@meridian.example,1210 - Primary Checking - MTC,1210,Primary Checking,Asset,0.0,43056.97,,,2120 - Payroll Payable - MTC,Admin - MTC,Reference #REF-20250503 dated 05-03-2025,Meridian Trading Co.
8d69158056,ACC-PAY-2025-00167,P1,Payment Entry,Payment Entry,1,2025-05-03,2025-05-05 09:41:05.013124,ar.clerk@meridian.example,1210 - Primary Checking - MTC,1210,Primary Checking,Asset,32283.41,0.0,,,Halstrom Supply,,Amount USD 32283.41 received from Halstrom Supply | Transaction reference no ACH-25-00132 dated 2025-05-03 | Amount USD 32283.41 adjusted against Sales Invoice ACC-SINV-2025-00132,Meridian Trading Co.
9bc5093e83,ACC-PAY-2025-00167,P1,Payment Entry,Payment Entry,2,2025-05-03,2025-05-05 09:41:05.013124,ar.clerk@meridian.example,1310 - Debtors - MTC,1310,Debtors,Asset,0.0,32283.41,Customer,Halstrom Supply,1210 - Primary Checking - MTC,,Amount USD 32283.41 received from Halstrom Supply | Transaction reference no ACH-25-00132 dated 2025-05-03 | Amount USD 32283.41 adjusted against Sales Invoice ACC-SINV-2025-00132,Meridian Trading Co.
1f426d31a9,ACC-PAY-2025-00172,P1,Payment Entry,Payment Entry,1,2025-05-03,2025-05-05 12:23:14.476566,ar.clerk@meridian.example,1310 - Debtors - MTC,1310,Debtors,Asset,0.0,804.18,Customer,Redcedar Builders,1210 - Primary Checking - MTC,,Amount USD 804.18 received from Redcedar Builders | Transaction reference no ACH-25-00137 dated 2025-05-03 | Amount USD 804.18 adjusted against Sales Invoice ACC-SINV-2025-00137,Meridian Trading Co.
2f61fb964c,ACC-PAY-2025-00172,P1,Payment Entry,Payment Entry,2,2025-05-03,2025-05-05 12:23:14.476566,ar.clerk@meridian.example,1210 - Primary Checking - MTC,1210,Primary Checking,Asset,804.18,0.0,,,Redcedar Builders,,Amount USD 804.18 received from Redcedar Builders | Transaction reference no ACH-25-00137 dated 2025-05-03 | Amount USD 804.18 adjusted against Sales Invoice ACC-SINV-2025-00137,Meridian Trading Co.
1a47741e36,ACC-PAY-2025-00230,P1,Payment Entry,Payment Entry,1,2025-05-03,2025-05-05 08:18:19.953310,ar.clerk@meridian.example,1310 - Debtors - MTC,1310,Debtors,Asset,0.0,1541.97,Customer,Halstrom Supply,1210 - Primary Checking - MTC,,Amount USD 1541.97 received from Halstrom Supply | Transaction reference no ACH-25-00176 dated 2025-05-03 | Amount USD 1541.97 adjusted against Sales Invoice ACC-SINV-2025-00176,Meridian Trading Co.
2e1e0513ce,ACC-PAY-2025-00230,P1,Payment Entry,Payment Entry,2,2025-05-03,2025-05-05 08:18:19.953310,ar.clerk@meridian.example,1210 - Primary Checking - MTC,1210,Primary Checking,Asset,1541.97,0.0,,,Halstrom Supply,,Amount USD 1541.97 received from Halstrom Supply | Transaction reference no ACH-25-00176 dated 2025-05-03 | Amount USD 1541.97 adjusted against Sales Invoice ACC-SINV-2025-00176,Meridian Trading Co.
72f0256cb4,ACC-PAY-2025-00264,P1,Payment Entry,Payment Entry,1,2025-05-03,2025-05-05 11:31:11.128139,ar.clerk@meridian.example,1210 - Primary Checking - MTC,1210,Primary Checking,Asset,925.75,0.0,,,Cascade Outfitters,,Amount USD 925.75 received from Cascade Outfitters | Transaction reference no ACH-25-00213 dated 2025-05-03 | Amount USD 925.75 adjusted against Sales Invoice ACC-SINV-2025-00213,Meridian Trading Co.
a2f0a75bb7,ACC-PAY-2025-00264,P1,Payment Entry,Payment Entry,2,2025-05-03,2025-05-05 11:31:11.128139,ar.clerk@meridian.example,1310 - Debtors - MTC,1310,Debtors,Asset,0.0,925.75,Customer,Cascade Outfitters,1210 - Primary Checking - MTC,,Amount USD 925.75 received from Cascade Outfitters | Transaction reference no ACH-25-00213 dated 2025-05-03 | Amount USD 925.75 adjusted against Sales Invoice ACC-SINV-2025-00213,Meridian Trading Co.
2c7499237b,ACC-PAY-2025-00277,P1,Payment Entry,Payment Entry,1,2025-05-03,2025-05-05 11:18:56.050722,ap.clerk@meridian.example,1210 - Primary Checking - MTC,1210,Primary Checking,Asset,0.0,8760.41,,,Orchard Wholesale,,Amount USD 8760.41 paid to Orchard Wholesale | Transaction reference no ACH-25-00099 dated 2025-05-03 | Amount USD 8760.41 adjusted against Purchase Invoice ACC-PINV-2025-00099,Meridian Trading Co.
cbbc6dfb6d,ACC-PAY-2025-00277,P1,Payment Entry,Payment Entry,2,2025-05-03,2025-05-05 11:18:56.050722,ap.clerk@meridian.example,2110 - Creditors - MTC,2110,Creditors,Liability,8760.41,0.0,Supplier,Orchard Wholesale,1210 - Primary Checking - MTC,,Amount USD 8760.41 paid to Orchard Wholesale | Transaction reference no ACH-25-00099 dated 2025-05-03 | Amount USD 8760.41 adjusted against Purchase Invoice ACC-PINV-2025-00099,Meridian Trading Co.
136bc127d7,ACC-PAY-2025-00188,P1,Payment Entry,Payment Entry,1,2025-05-05,2025-05-05 09:06:31.362996,ar.clerk@meridian.example,1210 - Primary Checking - MTC,1210,Primary Checking,Asset,78.06,0.0,,,Ovation Events,,Amount USD 78.06 received from Ovation Events | Transaction reference no ACH-25-00160 dated 2025-05-05 | Amount USD 78.06 adjusted against Sales Invoice ACC-SINV-2025-00160,Meridian Trading Co.
ec10c69485,ACC-PAY-2025-00188,P1,Payment Entry,Payment Entry,2,2025-05-05,2025-05-05 09:06:31.362996,ar.clerk@meridian.example,1310 - Debtors - MTC,1310,Debtors,Asset,0.0,78.06,Customer,Ovation Events,1210 - Primary Checking - MTC,,Amount USD 78.06 received from Ovation Events | Transaction reference no ACH-25-00160 dated 2025-05-05 | Amount USD 78.06 adjusted against Sales Invoice ACC-SINV-2025-00160,Meridian Trading Co.
16bc5a3f83,ACC-PAY-2025-00276,P1,Payment Entry,Payment Entry,1,2025-05-05,2025-05-05 11:32:18.435757,ap.clerk@meridian.example,2110 - Creditors - MTC,2110,Creditors,Liability,15020.19,0.0,Supplier,Orchard Wholesale,1210 - Primary Checking - MTC,,Amount USD 15020.19 paid to Orchard Wholesale | Transaction reference no ACH-25-00098 dated 2025-05-05 | Amount USD 15020.19 adjusted against Purchase Invoice ACC-PINV-2025-00098,Meridian Trading Co.
78e14e937c,ACC-PAY-2025-00276,P1,Payment Entry,Payment Entry,2,2025-05-05,2025-05-05 11:32:18.435757,ap.clerk@meridian.example,1210 - Primary Checking - MTC,1210,Primary Checking,Asset,0.0,15020.19,,,Orchard Wholesale,,Amount USD 15020.19 paid to Orchard Wholesale | Transaction reference no ACH-25-00098 dated 2025-05-05 | Amount USD 15020.19 adjusted against Purchase Invoice ACC-PINV-2025-00098,Meridian Trading Co.
24fdfa8d7e,ACC-PAY-2025-00292,P1,Payment Entry,Payment Entry,1,2025-05-05,2025-05-05 15:41:52.064138,ap.clerk@meridian.example,2110 - Creditors - MTC,2110,Creditors,Liability,13744.37,0.0,Supplier,Metro Utilities,1210 - Primary Checking - MTC,,Amount USD 13744.37 paid to Metro Utilities | Transaction reference no ACH-25-00114 dated 2025-05-05 | Amount USD 13744.37 adjusted against Purchase Invoice ACC-PINV-2025-00114,Meridian Trading Co.
63abba6583,ACC-PAY-2025-00292,P1,Payment Entry,Payment Entry,2,2025-05-05,2025-05-05 15:41:52.064138,ap.clerk@meridian.example,1210 - Primary Checking - MTC,1210,Primary Checking,Asset,0.0,13744.37,,,Metro Utilities,,Amount USD 13744.37 paid to Metro Utilities | Transaction reference no ACH-25-00114 dated 2025-05-05 | Amount USD 13744.37 adjusted against Purchase Invoice ACC-PINV-2025-00114,Meridian Trading Co.
bfc58f2018,ACC-PAY-2025-00302,P1,Payment Entry,Payment Entry,1,2025-05-05,2025-05-05 13:10:32.160078,ap.clerk@meridian.example,1210 - Primary Checking - MTC,1210,Primary Checking,Asset,0.0,8593.08,,,Granite Janitorial,,Amount USD 8593.08 paid to Granite Janitorial | Transaction reference no ACH-25-00124 dated 2025-05-05 | Amount USD 8593.08 adjusted against Purchase Invoice ACC-PINV-2025-00124,Meridian Trading Co.
e7dba091fa,ACC-PAY-2025-00302,P1,Payment Entry,Payment Entry,2,2025-05-05,2025-05-05 13:10:32.160078,ap.clerk@meridian.example,2110 - Creditors - MTC,2110,Creditors,Liability,8593.08,0.0,Supplier,Granite Janitorial,1210 - Primary Checking - MTC,,Amount USD 8593.08 paid to Granite Janitorial | Transaction reference no ACH-25-00124 dated 2025-05-05 | Amount USD 8593.08 adjusted against Purchase Invoice ACC-PINV-2025-00124,Meridian Trading Co.
20ee91e65d,ACC-PINV-2025-00151,P1,Purchase Invoice,Purchase Invoice,1,2025-05-05,2025-05-05 08:58:34.940784,ap.clerk@meridian.example,5229 - Security Expenses - MTC,5229,Security Expenses,Expense,9067.78,0.0,,,Ironclad Security,Admin - MTC,Ironclad Security May 2025 billing,Meridian Trading Co.
a7f8e02cee,ACC-PINV-2025-00151,P1,Purchase Invoice,Purchase Invoice,2,2025-05-05,2025-05-05 08:58:34.940784,ap.clerk@meridian.example,2110 - Creditors - MTC,2110,Creditors,Liability,0.0,9067.78,Supplier,Ironclad Security,5229 - Security Expenses - MTC,,Ironclad Security May 2025 billing,Meridian Trading Co.
101fb4da2c,ACC-SINV-2025-00224,P1,Sales Invoice,Sales Invoice,1,2025-05-05,2025-05-05 16:43:02.925430,ar.clerk@meridian.example,ST 6% - MTC,,ST 6%,Liability,0.0,234.58,,,Summit Rentals,Admin - MTC,Customer order Summit Rentals May 2025,Meridian Trading Co.
95bdcefd16,ACC-SINV-2025-00224,P1,Sales Invoice,Sales Invoice,2,2025-05-05,2025-05-05 16:43:02.925430,ar.clerk@meridian.example,1310 - Debtors - MTC,1310,Debtors,Asset,4144.2,0.0,Customer,Summit Rentals,4120 - Service - MTC,,Customer order Summit Rentals May 2025,Meridian Trading Co.
c2ccc916f7,ACC-SINV-2025-00224,P1,Sales Invoice,Sales Invoice,3,2025-05-05,2025-05-05 16:43:02.925430,ar.clerk@meridian.example,4120 - Service - MTC,4120,Service,Income,0.0,3909.62,,,Summit Rentals,Sales Ops - MTC,Customer order Summit Rentals May 2025,Meridian Trading Co.
61322c8808,ACC-SINV-2025-00241,P1,Sales Invoice,Sales Invoice,1,2025-05-05,2025-05-05 18:18:33.088230,ar.clerk@meridian.example,4110 - Sales - MTC,4110,Sales,Income,0.0,99.15,,,Ovation Events,Warehouse - MTC,Customer order Ovation Events May 2025,Meridian Trading Co.
d5f5010bc5,ACC-SINV-2025-00241,P1,Sales Invoice,Sales Invoice,2,2025-05-05,2025-05-05 18:18:33.088230,ar.clerk@meridian.example,1310 - Debtors - MTC,1310,Debtors,Asset,460.5,0.0,Customer,Ovation Events,4110 - Sales - MTC,,Customer order Ovation Events May 2025,Meridian Trading Co.
dd8cbceac6,ACC-SINV-2025-00241,P1,Sales Invoice,Sales Invoice,3,2025-05-05,2025-05-05 18:18:33.088230,ar.clerk@meridian.example,4110 - Sales - MTC,4110,Sales,Income,0.0,361.35,,,Ovation Events,Sales Ops - MTC,Customer order Ovation Events May 2025,Meridian Trading Co.
23e19b076e,ACC-SINV-2025-00255,P1,Sales Invoice,Sales Invoice,1,2025-05-05,2025-05-05 17:51:56.116731,ar.clerk@meridian.example,1310 - Debtors - MTC,1310,Debtors,Asset,263.94,0.0,Customer,Halstrom Supply,4110 - Sales - MTC,,Customer order Halstrom Supply May 2025,Meridian Trading Co.
69ccb1addd,ACC-SINV-2025-00255,P1,Sales Invoice,Sales Invoice,2,2025-05-05,2025-05-05 17:51:56.116731,ar.clerk@meridian.example,4110 - Sales - MTC,4110,Sales,Income,0.0,249.0,,,Halstrom Supply,Sales Ops - MTC,Customer order Halstrom Supply May 2025,Meridian Trading Co.
a2c1f43fb1,ACC-SINV-2025-00255,P1,Sales Invoice,Sales Invoice,3,2025-05-05,2025-05-05 17:51:56.116731,ar.clerk@meridian.example,ST 6% - MTC,,ST 6%,Liability,0.0,14.94,,,Halstrom Supply,Admin - MTC,Customer order Halstrom Supply May 2025,Meridian Trading Co.
69359d05f3,ACC-PAY-2025-00170,P1,Payment Entry,Payment Entry,1,2025-05-06,2025-05-06 14:54:30.381713,ar.clerk@meridian.example,1310 - Debtors - MTC,1310,Debtors,Asset,0.0,3084.48,Customer,Bluepine Hardware,1210 - Primary Checking - MTC,,Amount USD 3084.48 received from Bluepine Hardware | Transaction reference no ACH-25-00135 dated 2025-05-06 | Amount USD 3084.48 adjusted against Sales Invoice ACC-SINV-2025-00135,Meridian Trading Co.
993c32f1b4,ACC-PAY-2025-00170,P1,Payment Entry,Payment Entry,2,2025-05-06,2025-05-06 14:54:30.381713,ar.clerk@meridian.example,1210 - Primary Checking - MTC,1210,Primary Checking,Asset,3084.48,0.0,,,Bluepine Hardware,,Amount USD 3084.48 received from Bluepine Hardware | Transaction reference no ACH-25-00135 dated 2025-05-06 | Amount USD 3084.48 adjusted against Sales Invoice ACC-SINV-2025-00135,Meridian Trading Co.
2460f2157a,ACC-PINV-2025-00133,P1,Purchase Invoice,Purchase Invoice,1,2025-05-06,2025-05-06 10:29:01.335918,ap.clerk@meridian.example,2110 - Creditors - MTC,2110,Creditors,Liability,0.0,2664.7,Supplier,Vulcan Materials Co,"5111 - Cost of Goods Sold - MTC,5204 - Entertainment Expenses - MTC",,Vulcan Materials Co May 2025 billing,Meridian Trading Co.
caba510399,ACC-PINV-2025-00133,P1,Purchase Invoice,Purchase Invoice,2,2025-05-06,2025-05-06 10:29:01.335918,ap.clerk@meridian.example,5111 - Cost of Goods Sold - MTC,5111,Cost of Goods Sold,Expense,2306.09,0.0,,,Vulcan Materials Co,Warehouse - MTC,Vulcan Materials Co May 2025 billing,Meridian Trading Co.
ee9f7f6763,ACC-PINV-2025-00133,P1,Purchase Invoice,Purchase Invoice,3,2025-05-06,2025-05-06 10:29:01.335918,ap.clerk@meridian.example,5204 - Entertainment Expenses - MTC,5204,Entertainment Expenses,Expense,358.61,0.0,,,Vulcan Materials Co,Admin - MTC,Vulcan Materials Co May 2025 billing,Meridian Trading Co.
23c42460ec,ACC-PINV-2025-00144,P1,Purchase Invoice,Purchase Invoice,1,2025-05-06,2025-05-06 10:42:14.231320,ap.clerk@meridian.example,2110 - Creditors - MTC,2110,Creditors,Liability,0.0,5567.92,Supplier,Stateside Insurance,5228 - Insurance Expense - MTC,,Stateside Insurance May 2025 billing,Meridian Trading Co.
28bc6aff31,ACC-PINV-2025-00144,P1,Purchase Invoice,Purchase Invoice,2,2025-05-06,2025-05-06 10:42:14.231320,ap.clerk@meridian.example,5228 - Insurance Expense - MTC,5228,Insurance Expense,Expense,5567.92,0.0,,,Stateside Insurance,Admin - MTC,Stateside Insurance May 2025 billing,Meridian Trading Co.
465ff90e80,ACC-SINV-2025-00223,P1,Sales Invoice,Credit Note,1,2025-05-06,2025-05-06 12:33:10.991405,ar.clerk@meridian.example,4110 - Sales - MTC,4110,Sales,Income,43.75,0.0,,,Summit Rentals,Sales Ops - MTC,Return against ACC-SINV-2025-00210,Meridian Trading Co.
9e7af2123c,ACC-SINV-2025-00223,P1,Sales Invoice,Credit Note,2,2025-05-06,2025-05-06 12:33:10.991405,ar.clerk@meridian.example,1310 - Debtors - MTC,1310,Debtors,Asset,0.0,43.75,Customer,Summit Rentals,4110 - Sales - MTC,,Return against ACC-SINV-2025-00210,Meridian Trading Co.
5c04a72998,ACC-SINV-2025-00272,P1,Sales Invoice,Sales Invoice,1,2025-05-06,2025-05-06 14:26:13.512035,ar.clerk@meridian.example,4110 - Sales - MTC,4110,Sales,Income,0.0,1188.53,,,Juniper & Co,Warehouse - MTC,Customer order Juniper & Co May 2025,Meridian Trading Co.
8c25f901d5,ACC-SINV-2025-00272,P1,Sales Invoice,Sales Invoice,2,2025-05-06,2025-05-06 14:26:13.512035,ar.clerk@meridian.example,4110 - Sales - MTC,4110,Sales,Income,0.0,141.93,,,Juniper & Co,Sales Ops - MTC,Customer order Juniper & Co May 2025,Meridian Trading Co.
991708c8cf,ACC-SINV-2025-00272,P1,Sales Invoice,Sales Invoice,3,2025-05-06,2025-05-06 14:26:13.512035,ar.clerk@meridian.example,1310 - Debtors - MTC,1310,Debtors,Asset,10353.07,0.0,Customer,Juniper & Co,"4130 - Freight Income - MTC,4110 - Sales - MTC,4120 - Service - MTC",,Customer order Juniper & Co May 2025,Meridian Trading Co.
aee2b8cd95,ACC-SINV-2025-00272,P1,Sales Invoice,Sales Invoice,4,2025-05-06,2025-05-06 14:26:13.512035,ar.clerk@meridian.example,ST 6% - MTC,,ST 6%,Liability,0.0,586.02,,,Juniper & Co,Admin - MTC,Customer order Juniper & Co May 2025,Meridian Trading Co.
b22f38bc7e,ACC-SINV-2025-00272,P1,Sales Invoice,Sales Invoice,5,2025-05-06,2025-05-06 14:26:13.512035,ar.clerk@meridian.example,4120 - Service - MTC,4120,Service,Income,0.0,8032.09,,,Juniper & Co,Warehouse - MTC,Customer order Juniper & Co May 2025,Meridian Trading Co.
b3e628453c,ACC-SINV-2025-00272,P1,Sales Invoice,Sales Invoice,6,2025-05-06,2025-05-06 14:26:13.512035,ar.clerk@meridian.example,4130 - Freight Income - MTC,4130,Freight Income,Income,0.0,404.5,,,Juniper & Co,Admin - MTC,Customer order Juniper & Co May 2025,Meridian Trading Co.
0987fdb43b,ACC-PAY-2025-00255,P1,Payment Entry,Payment Entry,1,2025-05-07,2025-05-07 09:25:16.641411,ar.clerk@meridian.example,1210 - Primary Checking - MTC,1210,Primary Checking,Asset,283.06,0.0,,,Timberline Schools,,Amount USD 283.06 received from Timberline Schools | Transaction reference no ACH-25-00204 dated 2025-05-07 | Amount USD 283.06 adjusted against Sales Invoice ACC-SINV-2025-00204,Meridian Trading Co.
27a5064bb5,ACC-PAY-2025-00255,P1,Payment Entry,Payment Entry,2,2025-05-07,2025-05-07 09:25:16.641411,ar.clerk@meridian.example,1310 - Debtors - MTC,1310,Debtors,Asset,0.0,283.06,Customer,Timberline Schools,1210 - Primary Checking - MTC,,Amount USD 283.06 received from Timberline Schools | Transaction reference no ACH-25-00204 dated 2025-05-07 | Amount USD 283.06 adjusted against Sales Invoice ACC-SINV-2025-00204,Meridian Trading Co.
998aafdfef,ACC-PINV-2025-00127,P1,Purchase Invoice,Purchase Invoice,1,2025-05-07,2025-05-07 10:46:50.043146,ap.clerk@meridian.example,5111 - Cost of Goods Sold - MTC,5111,Cost of Goods Sold,Expense,1959.78,0.0,,,Orchard Wholesale,Warehouse - MTC,Orchard Wholesale May 2025 billing,Meridian Trading Co.
fa43f32134,ACC-PINV-2025-00127,P1,Purchase Invoice,Purchase Invoice,2,2025-05-07,2025-05-07 10:46:50.043146,ap.clerk@meridian.example,2110 - Creditors - MTC,2110,Creditors,Liability,0.0,1959.78,Supplier,Orchard Wholesale,5111 - Cost of Goods Sold - MTC,,Orchard Wholesale May 2025 billing,Meridian Trading Co.
388c24e50c,ACC-PINV-2025-00146,P1,Purchase Invoice,Purchase Invoice,1,2025-05-07,2025-05-16 09:04:33.005934,ap.clerk@meridian.example,5217 - Utility Expenses - MTC,5217,Utility Expenses,Expense,17094.7,0.0,,,Metro Utilities,Admin - MTC,Metro Utilities May 2025 billing,Meridian Trading Co.
9d41b0fc46,ACC-PINV-2025-00146,P1,Purchase Invoice,Purchase Invoice,2,2025-05-07,2025-05-16 09:04:33.005934,ap.clerk@meridian.example,2110 - Creditors - MTC,2110,Creditors,Liability,0.0,17094.7,Supplier,Metro Utilities,5217 - Utility Expenses - MTC,,Metro Utilities May 2025 billing,Meridian Trading Co.
854ce87ecd,ACC-PINV-2025-00148,P1,Purchase Invoice,Purchase Invoice,1,2025-05-07,2025-05-19 16:50:39.748421,ap.clerk@meridian.example,5208 - Office Maintenance Expenses - MTC,5208,Office Maintenance Expenses,Expense,3713.94,0.0,,,Harlan Office Supply,Admin - MTC,Harlan Office Supply May 2025 billing,Meridian Trading Co.
98656c895c,ACC-PINV-2025-00148,P1,Purchase Invoice,Purchase Invoice,2,2025-05-07,2025-05-19 16:50:39.748421,ap.clerk@meridian.example,2110 - Creditors - MTC,2110,Creditors,Liability,0.0,5038.85,Supplier,Harlan Office Supply,"5208 - Office Maintenance Expenses - MTC,5215 - Telephone Expenses - MTC",,Harlan Office Supply May 2025 billing,Meridian Trading Co.
c863c64ba9,ACC-PINV-2025-00148,P1,Purchase Invoice,Purchase Invoice,3,2025-05-07,2025-05-19 16:50:39.748421,ap.clerk@meridian.example,5215 - Telephone Expenses - MTC,5215,Telephone Expenses,Expense,1324.91,0.0,,,Harlan Office Supply,Admin - MTC,Harlan Office Supply May 2025 billing,Meridian Trading Co.
0a9ea415e8,ACC-SINV-2025-00244,P1,Sales Invoice,Sales Invoice,1,2025-05-07,2025-05-07 14:30:51.591932,ar.clerk@meridian.example,ST 6% - MTC,,ST 6%,Liability,0.0,7.79,,,Marlowe Interiors,Admin - MTC,Customer order Marlowe Interiors May 2025,Meridian Trading Co.
0fe6f8b4a5,ACC-SINV-2025-00244,P1,Sales Invoice,Sales Invoice,2,2025-05-07,2025-05-07 14:30:51.591932,ar.clerk@meridian.example,4110 - Sales - MTC,4110,Sales,Income,0.0,129.9,,,Marlowe Interiors,Warehouse - MTC,Customer order Marlowe Interiors May 2025,Meridian Trading Co.
d82ac185c2,ACC-SINV-2025-00244,P1,Sales Invoice,Sales Invoice,3,2025-05-07,2025-05-07 14:30:51.591932,ar.clerk@meridian.example,1310 - Debtors - MTC,1310,Debtors,Asset,137.69,0.0,Customer,Marlowe Interiors,4110 - Sales - MTC,,Customer order Marlowe Interiors May 2025,Meridian Trading Co.
4a86b416a9,ACC-SINV-2025-00268,P1,Sales Invoice,Sales Invoice,1,2025-05-07,2025-05-07 16:26:36.575883,ar.clerk@meridian.example,1310 - Debtors - MTC,1310,Debtors,Asset,1300.14,0.0,Customer,Timberline Schools,4110 - Sales - MTC,,Customer order Timberline Schools May 2025,Meridian Trading Co.
a5b8b7ff5f,ACC-SINV-2025-00268,P1,Sales Invoice,Sales Invoice,2,2025-05-07,2025-05-07 16:26:36.575883,ar.clerk@meridian.example,4110 - Sales - MTC,4110,Sales,Income,0.0,1300.14,,,Timberline Schools,Sales Ops - MTC,Customer order Timberline Schools May 2025,Meridian Trading Co.
11fd88fc43,ACC-PAY-2025-00278,P1,Payment Entry,Payment Entry,1,2025-05-08,2025-05-08 08:30:44.603786,ap.clerk@meridian.example,1210 - Primary Checking - MTC,1210,Primary Checking,Asset,0.0,10592.18,,,Orchard Wholesale,,Amount USD 10592.18 paid to Orchard Wholesale | Transaction reference no ACH-25-00100 dated 2025-05-08 | Amount USD 10592.18 adjusted against Purchase Invoice ACC-PINV-2025-00100,Meridian Trading Co.
f0c4b554f3,ACC-PAY-2025-00278,P1,Payment Entry,Payment Entry,2,2025-05-08,2025-05-08 08:30:44.603786,ap.clerk@meridian.example,2110 - Creditors - MTC,2110,Creditors,Liability,10592.18,0.0,Supplier,Orchard Wholesale,1210 - Primary Checking - MTC,,Amount USD 10592.18 paid to Orchard Wholesale | Transaction reference no ACH-25-00100 dated 2025-05-08 | Amount USD 10592.18 adjusted against Purchase Invoice ACC-PINV-2025-00100,Meridian Trading Co.
3b006fd6b9,ACC-SINV-2025-00232,P1,Sales Invoice,Sales Invoice,1,2025-05-08,2025-05-08 13:00:04.156612,ar.clerk@meridian.example,4110 - Sales - MTC,4110,Sales,Income,0.0,171.72,,,Bluepine Hardware,Sales Ops - MTC,Customer order Bluepine Hardware May 2025,Meridian Trading Co.
6a68d8ceed,ACC-SINV-2025-00232,P1,Sales Invoice,Sales Invoice,2,2025-05-08,2025-05-08 13:00:04.156612,ar.clerk@meridian.example,ST 6% - MTC,,ST 6%,Liability,0.0,12.53,,,Bluepine Hardware,Admin - MTC,Customer order Bluepine Hardware May 2025,Meridian Trading Co.
ceb3e6c5cb,ACC-SINV-2025-00232,P1,Sales Invoice,Sales Invoice,3,2025-05-08,2025-05-08 13:00:04.156612,ar.clerk@meridian.example,4110 - Sales - MTC,4110,Sales,Income,0.0,37.05,,,Bluepine Hardware,Warehouse - MTC,Customer order Bluepine Hardware May 2025,Meridian Trading Co.
f318801ea6,ACC-SINV-2025-00232,P1,Sales Invoice,Sales Invoice,4,2025-05-08,2025-05-08 13:00:04.156612,ar.clerk@meridian.example,1310 - Debtors - MTC,1310,Debtors,Asset,221.3,0.0,Customer,Bluepine Hardware,4110 - Sales - MTC,,Customer order Bluepine Hardware May 2025,Meridian Trading Co.
14f02c951d,ACC-SINV-2025-00256,P1,Sales Invoice,Sales Invoice,1,2025-05-08,2025-05-08 08:29:10.095121,ar.clerk@meridian.example,ST 6% - MTC,,ST 6%,Liability,0.0,25.65,,,Summit Rentals,Admin - MTC,Customer order Summit Rentals May 2025,Meridian Trading Co.
5d58d0faa6,ACC-SINV-2025-00256,P1,Sales Invoice,Sales Invoice,2,2025-05-08,2025-05-08 08:29:10.095121,ar.clerk@meridian.example,4110 - Sales - MTC,4110,Sales,Income,0.0,427.5,,,Summit Rentals,Warehouse - MTC,Customer order Summit Rentals May 2025,Meridian Trading Co.
6ce6bf8ec2,ACC-SINV-2025-00256,P1,Sales Invoice,Sales Invoice,3,2025-05-08,2025-05-08 08:29:10.095121,ar.clerk@meridian.example,1310 - Debtors - MTC,1310,Debtors,Asset,453.15,0.0,Customer,Summit Rentals,4110 - Sales - MTC,,Customer order Summit Rentals May 2025,Meridian Trading Co.
0c5952a8cb,ACC-SINV-2025-00259,P1,Sales Invoice,Sales Invoice,1,2025-05-08,2025-05-08 08:27:16.979076,ar.clerk@meridian.example,4110 - Sales - MTC,4110,Sales,Income,0.0,775.68,,,Ferrous Works,Warehouse - MTC,Customer order Ferrous Works May 2025,Meridian Trading Co.
64d83973f5,ACC-SINV-2025-00259,P1,Sales Invoice,Sales Invoice,2,2025-05-08,2025-05-08 08:27:16.979076,ar.clerk@meridian.example,1310 - Debtors - MTC,1310,Debtors,Asset,822.22,0.0,Customer,Ferrous Works,4110 - Sales - MTC,,Customer order Ferrous Works May 2025,Meridian Trading Co.
cdf90934e4,ACC-SINV-2025-00259,P1,Sales Invoice,Sales Invoice,3,2025-05-08,2025-05-08 08:27:16.979076,ar.clerk@meridian.example,ST 6% - MTC,,ST 6%,Liability,0.0,46.54,,,Ferrous Works,Admin - MTC,Customer order Ferrous Works May 2025,Meridian Trading Co.
0da7bd2a1b,ACC-PINV-2025-00139,P1,Purchase Invoice,Purchase Invoice,1,2025-05-09,2025-05-09 09:42:00.715442,ap.clerk@meridian.example,5205 - Freight and Forwarding Charges - MTC,5205,Freight and Forwarding Charges,Expense,3365.8,0.0,,,Beacon Freight,Admin - MTC,Beacon Freight May 2025 billing,Meridian Trading Co.
e4c1603a3a,ACC-PINV-2025-00139,P1,Purchase Invoice,Purchase Invoice,2,2025-05-09,2025-05-09 09:42:00.715442,ap.clerk@meridian.example,2110 - Creditors - MTC,2110,Creditors,Liability,0.0,3365.8,Supplier,Beacon Freight,5205 - Freight and Forwarding Charges - MTC,,Beacon Freight May 2025 billing,Meridian Trading Co.
7fda99fc84,ACC-PINV-2025-00149,P1,Purchase Invoice,Purchase Invoice,1,2025-05-09,2025-05-09 10:12:46.487512,ap.clerk@meridian.example,2110 - Creditors - MTC,2110,Creditors,Liability,0.0,14201.8,Supplier,Quill Marketing Group,5207 - Marketing Expenses - MTC,,Quill Marketing Group May 2025 billing,Meridian Trading Co.
a5d185ba3a,ACC-PINV-2025-00149,P1,Purchase Invoice,Purchase Invoice,2,2025-05-09,2025-05-09 10:12:46.487512,ap.clerk@meridian.example,5207 - Marketing Expenses - MTC,5207,Marketing Expenses,Expense,14201.8,0.0,,,Quill Marketing Group,Admin - MTC,Quill Marketing Group May 2025 billing,Meridian Trading Co.
25d241c01f,ACC-PINV-2025-00155,P1,Purchase Invoice,Purchase Invoice,1,2025-05-09,2025-05-09 12:37:16.246625,ap.clerk@meridian.example,5208 - Office Maintenance Expenses - MTC,5208,Office Maintenance Expenses,Expense,2518.14,0.0,,,Granite Janitorial,Admin - MTC,Granite Janitorial May 2025 billing,Meridian Trading Co.
cdff9c1e87,ACC-PINV-2025-00155,P1,Purchase Invoice,Purchase Invoice,2,2025-05-09,2025-05-09 12:37:16.246625,ap.clerk@meridian.example,2110 - Creditors - MTC,2110,Creditors,Liability,0.0,2518.14,Supplier,Granite Janitorial,5208 - Office Maintenance Expenses - MTC,,Granite Janitorial May 2025 billing,Meridian Trading Co.
2672e1eb02,ACC-SINV-2025-00254,P1,Sales Invoice,Sales Invoice,1,2025-05-09,2025-05-09 12:22:01.938739,ar.clerk@meridian.example,1310 - Debtors - MTC,1310,Debtors,Asset,1713.19,0.0,Customer,Redcedar Builders,"4110 - Sales - MTC,4130 - Freight Income - MTC",,Customer order Redcedar Builders May 2025,Meridian Trading Co.
5bff9a0044,ACC-SINV-2025-00254,P1,Sales Invoice,Sales Invoice,2,2025-05-09,2025-05-09 12:22:01.938739,ar.clerk@meridian.example,4130 - Freight Income - MTC,4130,Freight Income,Income,0.0,1590.48,,,Redcedar Builders,Admin - MTC,Customer order Redcedar Builders May 2025,Meridian Trading Co.
6a3083e0a3,ACC-SINV-2025-00254,P1,Sales Invoice,Sales Invoice,3,2025-05-09,2025-05-09 12:22:01.938739,ar.clerk@meridian.example,ST 6% - MTC,,ST 6%,Liability,0.0,96.97,,,Redcedar Builders,Admin - MTC,Customer order Redcedar Builders May 2025,Meridian Trading Co.
961222fbba,ACC-SINV-2025-00254,P1,Sales Invoice,Sales Invoice,4,2025-05-09,2025-05-09 12:22:01.938739,ar.clerk@meridian.example,4110 - Sales - MTC,4110,Sales,Income,0.0,25.74,,,Redcedar Builders,Warehouse - MTC,Customer order Redcedar Builders May 2025,Meridian Trading Co.
7328c89bfe,ACC-SINV-2025-00266,P1,Sales Invoice,Sales Invoice,1,2025-05-09,2025-05-09 14:35:44.490482,ar.clerk@meridian.example,4110 - Sales - MTC,4110,Sales,Income,0.0,1377.28,,,Halstrom Supply,Sales Ops - MTC,Customer order Halstrom Supply May 2025,Meridian Trading Co.
90b443b6e8,ACC-SINV-2025-00266,P1,Sales Invoice,Sales Invoice,2,2025-05-09,2025-05-09 14:35:44.490482,ar.clerk@meridian.example,1310 - Debtors - MTC,1310,Debtors,Asset,1510.63,0.0,Customer,Halstrom Supply,4110 - Sales - MTC,,Customer order Halstrom Supply May 2025,Meridian Trading Co.
b800dd0fc8,ACC-SINV-2025-00266,P1,Sales Invoice,Sales Invoice,3,2025-05-09,2025-05-09 14:35:44.490482,ar.clerk@meridian.example,4110 - Sales - MTC,4110,Sales,Income,0.0,47.84,,,Halstrom Supply,Warehouse - MTC,Customer order Halstrom Supply May 2025,Meridian Trading Co.
c881ed5331,ACC-SINV-2025-00266,P1,Sales Invoice,Sales Invoice,4,2025-05-09,2025-05-09 14:35:44.490482,ar.clerk@meridian.example,ST 6% - MTC,,ST 6%,Liability,0.0,85.51,,,Halstrom Supply,Admin - MTC,Customer order Halstrom Supply May 2025,Meridian Trading Co.
5e399c1636,ACC-PAY-2025-00237,P1,Payment Entry,Payment Entry,1,2025-05-10,2025-05-12 17:03:55.843088,ar.clerk@meridian.example,1210 - Primary Checking - MTC,1210,Primary Checking,Asset,222.85,0.0,,,Pactrail Sports,,Amount USD 222.85 received from Pactrail Sports | Transaction reference no ACH-25-00184 dated 2025-05-10 | Amount USD 222.85 adjusted against Sales Invoice ACC-SINV-2025-00184,Meridian Trading Co.
91d49d4d7f,ACC-PAY-2025-00237,P1,Payment Entry,Payment Entry,2,2025-05-10,2025-05-12 17:03:55.843088,ar.clerk@meridian.example,1310 - Debtors - MTC,1310,Debtors,Asset,0.0,222.85,Customer,Pactrail Sports,1210 - Primary Checking - MTC,,Amount USD 222.85 received from Pactrail Sports | Transaction reference no ACH-25-00184 dated 2025-05-10 | Amount USD 222.85 adjusted against Sales Invoice ACC-SINV-2025-00184,Meridian Trading Co.
a255d2541a,ACC-PAY-2025-00238,P1,Payment Entry,Payment Entry,1,2025-05-10,2025-05-12 09:34:45.177304,ar.clerk@meridian.example,1210 - Primary Checking - MTC,1210,Primary Checking,Asset,2269.8,0.0,,,Marlowe Interiors,,Amount USD 2269.8 received from Marlowe Interiors | Transaction reference no ACH-25-00185 dated 2025-05-10 | Amount USD 2269.8 adjusted against Sales Invoice ACC-SINV-2025-00185,Meridian Trading Co.
ecea7bcb81,ACC-PAY-2025-00238,P1,Payment Entry,Payment Entry,2,2025-05-10,2025-05-12 09:34:45.177304,ar.clerk@meridian.example,1310 - Debtors - MTC,1310,Debtors,Asset,0.0,2269.8,Customer,Marlowe Interiors,1210 - Primary Checking - MTC,,Amount USD 2269.8 received from Marlowe Interiors | Transaction reference no ACH-25-00185 dated 2025-05-10 | Amount USD 2269.8 adjusted against Sales Invoice ACC-SINV-2025-00185,Meridian Trading Co.
87b52d883b,ACC-PAY-2025-00268,P1,Payment Entry,Payment Entry,1,2025-05-10,2025-05-12 08:54:01.960565,ar.clerk@meridian.example,1310 - Debtors - MTC,1310,Debtors,Asset,0.0,2808.24,Customer,Summit Rentals,1210 - Primary Checking - MTC,,Amount USD 2808.24 received from Summit Rentals | Transaction reference no ACH-25-00218 dated 2025-05-10 | Amount USD 2808.24 adjusted against Sales Invoice ACC-SINV-2025-00218,Meridian Trading Co.
b266817470,ACC-PAY-2025-00268,P1,Payment Entry,Payment Entry,2,2025-05-10,2025-05-12 08:54:01.960565,ar.clerk@meridian.example,1210 - Primary Checking - MTC,1210,Primary Checking,Asset,2808.24,0.0,,,Summit Rentals,,Amount USD 2808.24 received from Summit Rentals | Transaction reference no ACH-25-00218 dated 2025-05-10 | Amount USD 2808.24 adjusted against Sales Invoice ACC-SINV-2025-00218,Meridian Trading Co.
6e0048e72b,ACC-PAY-2025-00291,P1,Payment Entry,Payment Entry,1,2025-05-10,2025-05-12 12:06:37.365387,ap.clerk@meridian.example,1210 - Primary Checking - MTC,1210,Primary Checking,Asset,0.0,3163.6,,,Stateside Insurance,,Amount USD 3163.6 paid to Stateside Insurance | Transaction reference no ACH-25-00113 dated 2025-05-10 | Amount USD 3163.6 adjusted against Purchase Invoice ACC-PINV-2025-00113,Meridian Trading Co.
84a2724df8,ACC-PAY-2025-00291,P1,Payment Entry,Payment Entry,2,2025-05-10,2025-05-12 12:06:37.365387,ap.clerk@meridian.example,2110 - Creditors - MTC,2110,Creditors,Liability,3163.6,0.0,Supplier,Stateside Insurance,1210 - Primary Checking - MTC,,Amount USD 3163.6 paid to Stateside Insurance | Transaction reference no ACH-25-00113 dated 2025-05-10 | Amount USD 3163.6 adjusted against Purchase Invoice ACC-PINV-2025-00113,Meridian Trading Co.
60218f5be1,ACC-PAY-2025-00259,P1,Payment Entry,Payment Entry,1,2025-05-11,2025-05-12 15:01:18.870053,ar.clerk@meridian.example,1210 - Primary Checking - MTC,1210,Primary Checking,Asset,1416.75,0.0,,,Juniper & Co,,Amount USD 1416.75 received from Juniper & Co | Transaction reference no ACH-25-00208 dated 2025-05-11 | Amount USD 1416.75 adjusted against Sales Invoice ACC-SINV-2025-00208,Meridian Trading Co.
6060d485d1,ACC-PAY-2025-00259,P1,Payment Entry,Payment Entry,2,2025-05-11,2025-05-12 15:01:18.870053,ar.clerk@meridian.example,1310 - Debtors - MTC,1310,Debtors,Asset,0.0,1416.75,Customer,Juniper & Co,1210 - Primary Checking - MTC,,Amount USD 1416.75 received from Juniper & Co | Transaction reference no ACH-25-00208 dated 2025-05-11 | Amount USD 1416.75 adjusted against Sales Invoice ACC-SINV-2025-00208,Meridian Trading Co.
1d60b62fc3,ACC-PAY-2025-00275,P1,Payment Entry,Payment Entry,1,2025-05-11,2025-05-12 13:12:23.320502,ap.clerk@meridian.example,2110 - Creditors - MTC,2110,Creditors,Liability,15409.62,0.0,Supplier,Orchard Wholesale,1210 - Primary Checking - MTC,,Amount USD 15409.62 paid to Orchard Wholesale | Transaction reference no ACH-25-00097 dated 2025-05-11 | Amount USD 15409.62 adjusted against Purchase Invoice ACC-PINV-2025-00097,Meridian Trading Co.
501fa3ff3b,ACC-PAY-2025-00275,P1,Payment Entry,Payment Entry,2,2025-05-11,2025-05-12 13:12:23.320502,ap.clerk@meridian.example,1210 - Primary Checking - MTC,1210,Primary Checking,Asset,0.0,15409.62,,,Orchard Wholesale,,Amount USD 15409.62 paid to Orchard Wholesale | Transaction reference no ACH-25-00097 dated 2025-05-11 | Amount USD 15409.62 adjusted against Purchase Invoice ACC-PINV-2025-00097,Meridian Trading Co.
def9d44fcf,ACC-PAY-2025-00244,P1,Payment Entry,Payment Entry,1,2025-05-12,2025-05-12 09:21:48.293418,ar.clerk@meridian.example,1310 - Debtors - MTC,1310,Debtors,Asset,0.0,379.18,Customer,Marlowe Interiors,1210 - Primary Checking - MTC,,Amount USD 379.18 received from Marlowe Interiors | Transaction reference no ACH-25-00192 dated 2025-05-12 | Amount USD 379.18 adjusted against Sales Invoice ACC-SINV-2025-00192,Meridian Trading Co.
f36cc18eb0,ACC-PAY-2025-00244,P1,Payment Entry,Payment Entry,2,2025-05-12,2025-05-12 09:21:48.293418,ar.clerk@meridian.example,1210 - Primary Checking - MTC,1210,Primary Checking,Asset,379.18,0.0,,,Marlowe Interiors,,Amount USD 379.18 received from Marlowe Interiors | Transaction reference no ACH-25-00192 dated 2025-05-12 | Amount USD 379.18 adjusted against Sales Invoice ACC-SINV-2025-00192,Meridian Trading Co.
6f979e7fae,ACC-PINV-2025-00126,P1,Purchase Invoice,Purchase Invoice,1,2025-05-12,2025-05-19 09:04:15.874670,ap.clerk@meridian.example,5111 - Cost of Goods Sold - MTC,5111,Cost of Goods Sold,Expense,2755.81,0.0,,,Orchard Wholesale,Warehouse - MTC,Orchard Wholesale May 2025 billing,Meridian Trading Co.
d7037a0106,ACC-PINV-2025-00126,P1,Purchase Invoice,Purchase Invoice,2,2025-05-12,2025-05-19 09:04:15.874670,ap.clerk@meridian.example,2110 - Creditors - MTC,2110,Creditors,Liability,0.0,2755.81,Supplier,Orchard Wholesale,5111 - Cost of Goods Sold - MTC,,Orchard Wholesale May 2025 billing,Meridian Trading Co.
48c936bb05,ACC-PAY-2025-00247,P1,Payment Entry,Payment Entry,1,2025-05-13,2025-05-13 16:56:03.623934,ar.clerk@meridian.example,1310 - Debtors - MTC,1310,Debtors,Asset,0.0,10937.99,Customer,Pactrail Sports,1210 - Primary Checking - MTC,,Amount USD 10937.99 received from Pactrail Sports | Transaction reference no ACH-25-00195 dated 2025-05-13 | Amount USD 10937.99 adjusted against Sales Invoice ACC-SINV-2025-00195,Meridian Trading Co.
ab2710db22,ACC-PAY-2025-00247,P1,Payment Entry,Payment Entry,2,2025-05-13,2025-05-13 16:56:03.623934,ar.clerk@meridian.example,1210 - Primary Checking - MTC,1210,Primary Checking,Asset,10937.99,0.0,,,Pactrail Sports,,Amount USD 10937.99 received from Pactrail Sports | Transaction reference no ACH-25-00195 dated 2025-05-13 | Amount USD 10937.99 adjusted against Sales Invoice ACC-SINV-2025-00195,Meridian Trading Co.
600f7a9669,ACC-PAY-2025-00254,P1,Payment Entry,Payment Entry,1,2025-05-13,2025-05-13 10:08:05.125706,ar.clerk@meridian.example,1210 - Primary Checking - MTC,1210,Primary Checking,Asset,33000.05,0.0,,,Pactrail Sports,,Amount USD 33000.05 received from Pactrail Sports | Transaction reference no ACH-25-00203 dated 2025-05-13 | Amount USD 33000.05 adjusted against Sales Invoice ACC-SINV-2025-00203,Meridian Trading Co.
7e321c5d90,ACC-PAY-2025-00254,P1,Payment Entry,Payment Entry,2,2025-05-13,2025-05-13 10:08:05.125706,ar.clerk@meridian.example,1310 - Debtors - MTC,1310,Debtors,Asset,0.0,33000.05,Customer,Pactrail Sports,1210 - Primary Checking - MTC,,Amount USD 33000.05 received from Pactrail Sports | Transaction reference no ACH-25-00203 dated 2025-05-13 | Amount USD 33000.05 adjusted against Sales Invoice ACC-SINV-2025-00203,Meridian Trading Co.
0213d54e36,ACC-PAY-2025-00281,P1,Payment Entry,Payment Entry,1,2025-05-13,2025-05-13 16:51:49.387763,ap.clerk@meridian.example,2110 - Creditors - MTC,2110,Creditors,Liability,5039.18,0.0,Supplier,Vulcan Materials Co,1210 - Primary Checking - MTC,,Amount USD 5039.18 paid to Vulcan Materials Co | Transaction reference no ACH-25-00103 dated 2025-05-13 | Amount USD 5039.18 adjusted against Purchase Invoice ACC-PINV-2025-00103,Meridian Trading Co.
f3ba7f9245,ACC-PAY-2025-00281,P1,Payment Entry,Payment Entry,2,2025-05-13,2025-05-13 16:51:49.387763,ap.clerk@meridian.example,1210 - Primary Checking - MTC,1210,Primary Checking,Asset,0.0,5039.18,,,Vulcan Materials Co,,Amount USD 5039.18 paid to Vulcan Materials Co | Transaction reference no ACH-25-00103 dated 2025-05-13 | Amount USD 5039.18 adjusted against Purchase Invoice ACC-PINV-2025-00103,Meridian Trading Co.
683857f8af,ACC-PAY-2025-00289,P1,Payment Entry,Payment Entry,1,2025-05-13,2025-05-13 11:49:06.752071,ap.clerk@meridian.example,1210 - Primary Checking - MTC,1210,Primary Checking,Asset,0.0,13898.55,,,Cobalt IT Services,,Amount USD 13898.55 paid to Cobalt IT Services | Transaction reference no ACH-25-00111 dated 2025-05-13 | Amount USD 13898.55 adjusted against Purchase Invoice ACC-PINV-2025-00111,Meridian Trading Co.
f816690b97,ACC-PAY-2025-00289,P1,Payment Entry,Payment Entry,2,2025-05-13,2025-05-13 11:49:06.752071,ap.clerk@meridian.example,2110 - Creditors - MTC,2110,Creditors,Liability,13898.55,0.0,Supplier,Cobalt IT Services,1210 - Primary Checking - MTC,,Amount USD 13898.55 paid to Cobalt IT Services | Transaction reference no ACH-25-00111 dated 2025-05-13 | Amount USD 13898.55 adjusted against Purchase Invoice ACC-PINV-2025-00111,Meridian Trading Co.
ea77264aeb,ACC-PAY-2025-00329,P1,Payment Entry,Payment Entry,1,2025-05-13,2025-05-13 11:46:35.336941,ar.clerk@meridian.example,1210 - Primary Checking - MTC,1210,Primary Checking,Asset,457.74,0.0,,,Pactrail Sports,,Amount USD 457.74 received from Pactrail Sports | Transaction reference no ACH-25-00257 dated 2025-05-13 | Amount USD 457.74 adjusted against Sales Invoice ACC-SINV-2025-00257,Meridian Trading Co.
eedb72fa3b,ACC-PAY-2025-00329,P1,Payment Entry,Payment Entry,2,2025-05-13,2025-05-13 11:46:35.336941,ar.clerk@meridian.example,1310 - Debtors - MTC,1310,Debtors,Asset,0.0,457.74,Customer,Pactrail Sports,1210 - Primary Checking - MTC,,Amount USD 457.74 received from Pactrail Sports | Transaction reference no ACH-25-00257 dated 2025-05-13 | Amount USD 457.74 adjusted against Sales Invoice ACC-SINV-2025-00257,Meridian Trading Co.
1b15b646ce,ACC-PINV-2025-00129,P1,Purchase Invoice,Purchase Invoice,1,2025-05-13,2025-05-21 17:21:55.950856,ap.clerk@meridian.example,2110 - Creditors - MTC,2110,Creditors,Liability,0.0,16130.31,Supplier,Orchard Wholesale,"5111 - Cost of Goods Sold - MTC,5204 - Entertainment Expenses - MTC",,Orchard Wholesale May 2025 billing,Meridian Trading Co.
4d01a39090,ACC-PINV-2025-00129,P1,Purchase Invoice,Purchase Invoice,2,2025-05-13,2025-05-21 17:21:55.950856,ap.clerk@meridian.example,5111 - Cost of Goods Sold - MTC,5111,Cost of Goods Sold,Expense,15781.42,0.0,,,Orchard Wholesale,Warehouse - MTC,Orchard Wholesale May 2025 billing,Meridian Trading Co.
55644ff7b9,ACC-PINV-2025-00129,P1,Purchase Invoice,Purchase Invoice,3,2025-05-13,2025-05-21 17:21:55.950856,ap.clerk@meridian.example,5204 - Entertainment Expenses - MTC,5204,Entertainment Expenses,Expense,348.89,0.0,,,Orchard Wholesale,Admin - MTC,Orchard Wholesale May 2025 billing,Meridian Trading Co.
858d1c11de,ACC-PINV-2025-00137,P1,Purchase Invoice,Purchase Invoice,1,2025-05-13,2025-05-13 08:56:01.281107,ap.clerk@meridian.example,5209 - Office Rent - MTC,5209,Office Rent,Expense,1327.3,0.0,,,Vulcan Materials Co,Admin - MTC,Vulcan Materials Co May 2025 billing,Meridian Trading Co.
a808c75233,ACC-PINV-2025-00137,P1,Purchase Invoice,Purchase Invoice,2,2025-05-13,2025-05-13 08:56:01.281107,ap.clerk@meridian.example,5204 - Entertainment Expenses - MTC,5204,Entertainment Expenses,Expense,836.78,0.0,,,Vulcan Materials Co,Admin - MTC,Vulcan Materials Co May 2025 billing,Meridian Trading Co.
c281c823c5,ACC-PINV-2025-00137,P1,Purchase Invoice,Purchase Invoice,3,2025-05-13,2025-05-13 08:56:01.281107,ap.clerk@meridian.example,2110 - Creditors - MTC,2110,Creditors,Liability,0.0,16233.38,Supplier,Vulcan Materials Co,"5111 - Cost of Goods Sold - MTC,5204 - Entertainment Expenses - MTC,5209 - Office Rent - MTC",,Vulcan Materials Co May 2025 billing,Meridian Trading Co.
e9f0d9e899,ACC-PINV-2025-00137,P1,Purchase Invoice,Purchase Invoice,4,2025-05-13,2025-05-13 08:56:01.281107,ap.clerk@meridian.example,5111 - Cost of Goods Sold - MTC,5111,Cost of Goods Sold,Expense,14069.3,0.0,,,Vulcan Materials Co,Warehouse - MTC,Vulcan Materials Co May 2025 billing,Meridian Trading Co.
042692e53b,ACC-PINV-2025-00143,P1,Purchase Invoice,Purchase Invoice,1,2025-05-13,2025-05-13 14:11:15.269290,ap.clerk@meridian.example,2110 - Creditors - MTC,2110,Creditors,Liability,0.0,19145.57,Supplier,Cobalt IT Services,"5230 - IT and Software Expenses - MTC,5215 - Telephone Expenses - MTC,5204 - Entertainment Expenses - MTC",,Cobalt IT Services May 2025 billing,Meridian Trading Co.
4372f0762e,ACC-PINV-2025-00143,P1,Purchase Invoice,Purchase Invoice,2,2025-05-13,2025-05-13 14:11:15.269290,ap.clerk@meridian.example,5230 - IT and Software Expenses - MTC,5230,IT and Software Expenses,Expense,15149.29,0.0,,,Cobalt IT Services,Admin - MTC,Cobalt IT Services May 2025 billing,Meridian Trading Co.
b6d220b8e4,ACC-PINV-2025-00143,P1,Purchase Invoice,Purchase Invoice,3,2025-05-13,2025-05-13 14:11:15.269290,ap.clerk@meridian.example,5204 - Entertainment Expenses - MTC,5204,Entertainment Expenses,Expense,2333.5,0.0,,,Cobalt IT Services,Admin - MTC,Cobalt IT Services May 2025 billing,Meridian Trading Co.
c07a20e674,ACC-PINV-2025-00143,P1,Purchase Invoice,Purchase Invoice,4,2025-05-13,2025-05-13 14:11:15.269290,ap.clerk@meridian.example,5215 - Telephone Expenses - MTC,5215,Telephone Expenses,Expense,1662.78,0.0,,,Cobalt IT Services,Admin - MTC,Cobalt IT Services May 2025 billing,Meridian Trading Co.
05516c72e2,ACC-PINV-2025-00150,P1,Purchase Invoice,Purchase Invoice,1,2025-05-13,2025-05-13 11:33:47.951245,ap.clerk@meridian.example,5209 - Office Rent - MTC,5209,Office Rent,Expense,1392.35,0.0,,,Quill Marketing Group,Admin - MTC,Quill Marketing Group May 2025 billing,Meridian Trading Co.
2b441715a3,ACC-PINV-2025-00150,P1,Purchase Invoice,Purchase Invoice,2,2025-05-13,2025-05-13 11:33:47.951245,ap.clerk@meridian.example,5207 - Marketing Expenses - MTC,5207,Marketing Expenses,Expense,7044.73,0.0,,,Quill Marketing Group,Admin - MTC,Quill Marketing Group May 2025 billing,Meridian Trading Co.
851b37aab1,ACC-PINV-2025-00150,P1,Purchase Invoice,Purchase Invoice,3,2025-05-13,2025-05-13 11:33:47.951245,ap.clerk@meridian.example,2110 - Creditors - MTC,2110,Creditors,Liability,0.0,8437.08,Supplier,Quill Marketing Group,"5207 - Marketing Expenses - MTC,5209 - Office Rent - MTC",,Quill Marketing Group May 2025 billing,Meridian Trading Co.
0ac467c76d,ACC-SINV-2025-00264,P1,Sales Invoice,Sales Invoice,1,2025-05-13,2025-05-21 16:23:21.687311,ar.clerk@meridian.example,1310 - Debtors - MTC,1310,Debtors,Asset,86.75,0.0,Customer,Cascade Outfitters,4110 - Sales - MTC,,Customer order Cascade Outfitters May 2025,Meridian Trading Co.
3ba91b0611,ACC-SINV-2025-00264,P1,Sales Invoice,Sales Invoice,2,2025-05-13,2025-05-21 16:23:21.687311,ar.clerk@meridian.example,ST 6% - MTC,,ST 6%,Liability,0.0,4.91,,,Cascade Outfitters,Admin - MTC,Customer order Cascade Outfitters May 2025,Meridian Trading Co.
873f12dff8,ACC-SINV-2025-00264,P1,Sales Invoice,Sales Invoice,3,2025-05-13,2025-05-21 16:23:21.687311,ar.clerk@meridian.example,4110 - Sales - MTC,4110,Sales,Income,0.0,81.84,,,Cascade Outfitters,Warehouse - MTC,Customer order Cascade Outfitters May 2025,Meridian Trading Co.
293fd6b657,ACC-PAY-2025-00232,P1,Payment Entry,Payment Entry,1,2025-05-14,2025-05-14 16:29:07.505410,ar.clerk@meridian.example,1210 - Primary Checking - MTC,1210,Primary Checking,Asset,481.58,0.0,,,Ovation Events,,Amount USD 481.58 received from Ovation Events | Transaction reference no ACH-25-00178 dated 2025-05-14 | Amount USD 481.58 adjusted against Sales Invoice ACC-SINV-2025-00178,Meridian Trading Co.
2fe0ceefdf,ACC-PAY-2025-00232,P1,Payment Entry,Payment Entry,2,2025-05-14,2025-05-14 16:29:07.505410,ar.clerk@meridian.example,1310 - Debtors - MTC,1310,Debtors,Asset,0.0,481.58,Customer,Ovation Events,1210 - Primary Checking - MTC,,Amount USD 481.58 received from Ovation Events | Transaction reference no ACH-25-00178 dated 2025-05-14 | Amount USD 481.58 adjusted against Sales Invoice ACC-SINV-2025-00178,Meridian Trading Co.
072f66eedf,ACC-PAY-2025-00262,P1,Payment Entry,Payment Entry,1,2025-05-14,2025-05-14 17:18:23.042356,ar.clerk@meridian.example,1310 - Debtors - MTC,1310,Debtors,Asset,0.0,3274.11,Customer,Kestrel Foods,1210 - Primary Checking - MTC,,Amount USD 3274.11 received from Kestrel Foods | Transaction reference no ACH-25-00211 dated 2025-05-14 | Amount USD 3274.11 adjusted against Sales Invoice ACC-SINV-2025-00211,Meridian Trading Co.
a4d03951a6,ACC-PAY-2025-00262,P1,Payment Entry,Payment Entry,2,2025-05-14,2025-05-14 17:18:23.042356,ar.clerk@meridian.example,1210 - Primary Checking - MTC,1210,Primary Checking,Asset,3274.11,0.0,,,Kestrel Foods,,Amount USD 3274.11 received from Kestrel Foods | Transaction reference no ACH-25-00211 dated 2025-05-14 | Amount USD 3274.11 adjusted against Sales Invoice ACC-SINV-2025-00211,Meridian Trading Co.
5f70f650a6,ACC-PINV-2025-00125,P1,Purchase Invoice,Purchase Invoice,1,2025-05-14,2025-05-14 08:53:30.144048,ap.clerk@meridian.example,5211 - Print and Stationery - MTC,5211,Print and Stationery,Expense,1296.01,0.0,,,Orchard Wholesale,Admin - MTC,Orchard Wholesale May 2025 billing,Meridian Trading Co.
79e7e53f89,ACC-PINV-2025-00125,P1,Purchase Invoice,Purchase Invoice,2,2025-05-14,2025-05-14 08:53:30.144048,ap.clerk@meridian.example,5111 - Cost of Goods Sold - MTC,5111,Cost of Goods Sold,Expense,14506.91,0.0,,,Orchard Wholesale,Warehouse - MTC,Orchard Wholesale May 2025 billing,Meridian Trading Co.
cd47e3a533,ACC-PINV-2025-00125,P1,Purchase Invoice,Purchase Invoice,3,2025-05-14,2025-05-14 08:53:30.144048,ap.clerk@meridian.example,2110 - Creditors - MTC,2110,Creditors,Liability,0.0,15802.92,Supplier,Orchard Wholesale,"5111 - Cost of Goods Sold - MTC,5211 - Print and Stationery - MTC",,Orchard Wholesale May 2025 billing,Meridian Trading Co.
0cb0c62c50,ACC-SINV-2025-00242,P1,Sales Invoice,Sales Invoice,1,2025-05-14,2025-05-14 13:48:12.541776,ar.clerk@meridian.example,4130 - Freight Income - MTC,4130,Freight Income,Income,0.0,1758.26,,,Halstrom Supply,Admin - MTC,Customer order Halstrom Supply May 2025,Meridian Trading Co.
50e5364c59,ACC-SINV-2025-00242,P1,Sales Invoice,Sales Invoice,2,2025-05-14,2025-05-14 13:48:12.541776,ar.clerk@meridian.example,4110 - Sales - MTC,4110,Sales,Income,0.0,665.07,,,Halstrom Supply,Warehouse - MTC,Customer order Halstrom Supply May 2025,Meridian Trading Co.
c0dc6ee313,ACC-SINV-2025-00242,P1,Sales Invoice,Sales Invoice,3,2025-05-14,2025-05-14 13:48:12.541776,ar.clerk@meridian.example,4110 - Sales - MTC,4110,Sales,Income,0.0,399.74,,,Halstrom Supply,Sales Ops - MTC,Customer order Halstrom Supply May 2025,Meridian Trading Co.
eb0dfc936d,ACC-SINV-2025-00242,P1,Sales Invoice,Sales Invoice,4,2025-05-14,2025-05-14 13:48:12.541776,ar.clerk@meridian.example,1310 - Debtors - MTC,1310,Debtors,Asset,2992.45,0.0,Customer,Halstrom Supply,"4130 - Freight Income - MTC,4110 - Sales - MTC",,Customer order Halstrom Supply May 2025,Meridian Trading Co.
f447d87577,ACC-SINV-2025-00242,P1,Sales Invoice,Sales Invoice,5,2025-05-14,2025-05-14 13:48:12.541776,ar.clerk@meridian.example,ST 6% - MTC,,ST 6%,Liability,0.0,169.38,,,Halstrom Supply,Admin - MTC,Customer order Halstrom Supply May 2025,Meridian Trading Co.
6cf2e2bcbe,ACC-SINV-2025-00267,P1,Sales Invoice,Sales Invoice,1,2025-05-14,2025-05-14 09:52:44.890260,ar.clerk@meridian.example,4130 - Freight Income - MTC,4130,Freight Income,Income,0.0,998.4,,,Kestrel Foods,Admin - MTC,Customer order Kestrel Foods May 2025,Meridian Trading Co.
a4bab8dd68,ACC-SINV-2025-00267,P1,Sales Invoice,Sales Invoice,2,2025-05-14,2025-05-14 09:52:44.890260,ar.clerk@meridian.example,4110 - Sales - MTC,4110,Sales,Income,0.0,1382.26,,,Kestrel Foods,Warehouse - MTC,Customer order Kestrel Foods May 2025,Meridian Trading Co.
a587d0b8d4,ACC-SINV-2025-00267,P1,Sales Invoice,Sales Invoice,3,2025-05-14,2025-05-14 09:52:44.890260,ar.clerk@meridian.example,1310 - Debtors - MTC,1310,Debtors,Asset,2523.5,0.0,Customer,Kestrel Foods,"4110 - Sales - MTC,4130 - Freight Income - MTC",,Customer order Kestrel Foods May 2025,Meridian Trading Co.
df087cab3a,ACC-SINV-2025-00267,P1,Sales Invoice,Sales Invoice,4,2025-05-14,2025-05-14 09:52:44.890260,ar.clerk@meridian.example,ST 6% - MTC,,ST 6%,Liability,0.0,142.84,,,Kestrel Foods,Admin - MTC,Customer order Kestrel Foods May 2025,Meridian Trading Co.
b1a3b85ca1,ACC-SINV-2025-00274,P1,Sales Invoice,Credit Note,1,2025-05-14,2025-05-14 09:47:45.276858,ar.clerk@meridian.example,1310 - Debtors - MTC,1310,Debtors,Asset,0.0,176.85,Customer,Pactrail Sports,4110 - Sales - MTC,,Return against ACC-SINV-2025-00257,Meridian Trading Co.
e541040eb6,ACC-SINV-2025-00274,P1,Sales Invoice,Credit Note,2,2025-05-14,2025-05-14 09:47:45.276858,ar.clerk@meridian.example,4110 - Sales - MTC,4110,Sales,Income,176.85,0.0,,,Pactrail Sports,Warehouse - MTC,Return against ACC-SINV-2025-00257,Meridian Trading Co.
0978cbe730,ACC-PAY-2025-00337,P1,Payment Entry,Payment Entry,1,2025-05-15,2025-05-15 09:06:05.916186,ar.clerk@meridian.example,1210 - Primary Checking - MTC,1210,Primary Checking,Asset,1510.63,0.0,,,Halstrom Supply,,Amount USD 1510.63 received from Halstrom Supply | Transaction reference no ACH-25-00266 dated 2025-05-15 | Amount USD 1510.63 adjusted against Sales Invoice ACC-SINV-2025-00266,Meridian Trading Co.
f6f410e766,ACC-PAY-2025-00337,P1,Payment Entry,Payment Entry,2,2025-05-15,2025-05-15 09:06:05.916186,ar.clerk@meridian.example,1310 - Debtors - MTC,1310,Debtors,Asset,0.0,1510.63,Customer,Halstrom Supply,1210 - Primary Checking - MTC,,Amount USD 1510.63 received from Halstrom Supply | Transaction reference no ACH-25-00266 dated 2025-05-15 | Amount USD 1510.63 adjusted against Sales Invoice ACC-SINV-2025-00266,Meridian Trading Co.
35881ce0f7,ACC-PINV-2025-00132,P1,Purchase Invoice,Purchase Invoice,1,2025-05-15,2025-05-15 16:20:52.857735,ap.clerk@meridian.example,5204 - Entertainment Expenses - MTC,5204,Entertainment Expenses,Expense,982.19,0.0,,,Orchard Wholesale,Admin - MTC,Orchard Wholesale May 2025 billing,Meridian Trading Co.
5430f8d111,ACC-PINV-2025-00132,P1,Purchase Invoice,Purchase Invoice,2,2025-05-15,2025-05-15 16:20:52.857735,ap.clerk@meridian.example,2110 - Creditors - MTC,2110,Creditors,Liability,0.0,4383.93,Supplier,Orchard Wholesale,"5111 - Cost of Goods Sold - MTC,5204 - Entertainment Expenses - MTC",,Orchard Wholesale May 2025 billing,Meridian Trading Co.
bc15dbdcc3,ACC-PINV-2025-00132,P1,Purchase Invoice,Purchase Invoice,3,2025-05-15,2025-05-15 16:20:52.857735,ap.clerk@meridian.example,5111 - Cost of Goods Sold - MTC,5111,Cost of Goods Sold,Expense,3401.74,0.0,,,Orchard Wholesale,Warehouse - MTC,Orchard Wholesale May 2025 billing,Meridian Trading Co.
4b893cfb8d,ACC-SINV-2025-00240,P1,Sales Invoice,Sales Invoice,1,2025-05-15,2025-05-15 18:05:44.656873,ar.clerk@meridian.example,4110 - Sales - MTC,4110,Sales,Income,0.0,1162.81,,,Northwind Retail,Sales Ops - MTC,Customer order Northwind Retail May 2025,Meridian Trading Co.
bf5b97c9c7,ACC-SINV-2025-00240,P1,Sales Invoice,Sales Invoice,2,2025-05-15,2025-05-15 18:05:44.656873,ar.clerk@meridian.example,ST 6% - MTC,,ST 6%,Liability,0.0,256.2,,,Northwind Retail,Admin - MTC,Customer order Northwind Retail May 2025,Meridian Trading Co.
e8376ae00e,ACC-SINV-2025-00240,P1,Sales Invoice,Sales Invoice,3,2025-05-15,2025-05-15 18:05:44.656873,ar.clerk@meridian.example,4110 - Sales - MTC,4110,Sales,Income,0.0,1257.99,,,Northwind Retail,Warehouse - MTC,Customer order Northwind Retail May 2025,Meridian Trading Co.
ecc80fc6f3,ACC-SINV-2025-00240,P1,Sales Invoice,Sales Invoice,4,2025-05-15,2025-05-15 18:05:44.656873,ar.clerk@meridian.example,4130 - Freight Income - MTC,4130,Freight Income,Income,0.0,1849.26,,,Northwind Retail,Admin - MTC,Customer order Northwind Retail May 2025,Meridian Trading Co.
f710e02969,ACC-SINV-2025-00240,P1,Sales Invoice,Sales Invoice,5,2025-05-15,2025-05-15 18:05:44.656873,ar.clerk@meridian.example,1310 - Debtors - MTC,1310,Debtors,Asset,4526.26,0.0,Customer,Northwind Retail,"4110 - Sales - MTC,4130 - Freight Income - MTC",,Customer order Northwind Retail May 2025,Meridian Trading Co.
277fca1a0a,ACC-SINV-2025-00245,P1,Sales Invoice,Sales Invoice,1,2025-05-15,2025-05-15 09:54:00.658124,ar.clerk@meridian.example,1310 - Debtors - MTC,1310,Debtors,Asset,764.15,0.0,Customer,Summit Rentals,4120 - Service - MTC,,Customer order Summit Rentals May 2025,Meridian Trading Co.
4cac3489b9,ACC-SINV-2025-00245,P1,Sales Invoice,Sales Invoice,2,2025-05-15,2025-05-15 09:54:00.658124,ar.clerk@meridian.example,ST 6% - MTC,,ST 6%,Liability,0.0,43.25,,,Summit Rentals,Admin - MTC,Customer order Summit Rentals May 2025,Meridian Trading Co.
c6ce390215,ACC-SINV-2025-00245,P1,Sales Invoice,Sales Invoice,3,2025-05-15,2025-05-15 09:54:00.658124,ar.clerk@meridian.example,4120 - Service - MTC,4120,Service,Income,0.0,720.9,,,Summit Rentals,Sales Ops - MTC,Customer order Summit Rentals May 2025,Meridian Trading Co.
3a84679f2e,ACC-SINV-2025-00248,P1,Sales Invoice,Sales Invoice,1,2025-05-15,2025-05-15 16:59:45.172044,ar.clerk@meridian.example,1310 - Debtors - MTC,1310,Debtors,Asset,1008.91,0.0,Customer,Juniper & Co,4110 - Sales - MTC,,Customer order Juniper & Co May 2025,Meridian Trading Co.
90a3388cd0,ACC-SINV-2025-00248,P1,Sales Invoice,Sales Invoice,2,2025-05-15,2025-05-15 16:59:45.172044,ar.clerk@meridian.example,4110 - Sales - MTC,4110,Sales,Income,0.0,951.8,,,Juniper & Co,Sales Ops - MTC,Customer order Juniper & Co May 2025,Meridian Trading Co.
b211f18cbc,ACC-SINV-2025-00248,P1,Sales Invoice,Sales Invoice,3,2025-05-15,2025-05-15 16:59:45.172044,ar.clerk@meridian.example,ST 6% - MTC,,ST 6%,Liability,0.0,57.11,,,Juniper & Co,Admin - MTC,Customer order Juniper & Co May 2025,Meridian Trading Co.
50214d3127,ACC-PAY-2025-00242,P1,Payment Entry,Payment Entry,1,2025-05-16,2025-05-16 12:02:31.456755,ar.clerk@meridian.example,1310 - Debtors - MTC,1310,Debtors,Asset,0.0,409.37,Customer,Kestrel Foods,1210 - Primary Checking - MTC,,Amount USD 409.37 received from Kestrel Foods | Transaction reference no ACH-25-00190 dated 2025-05-16 | Amount USD 409.37 adjusted against Sales Invoice ACC-SINV-2025-00190,Meridian Trading Co.
7abe94f582,ACC-PAY-2025-00242,P1,Payment Entry,Payment Entry,2,2025-05-16,2025-05-16 12:02:31.456755,ar.clerk@meridian.example,1210 - Primary Checking - MTC,1210,Primary Checking,Asset,409.37,0.0,,,Kestrel Foods,,Amount USD 409.37 received from Kestrel Foods | Transaction reference no ACH-25-00190 dated 2025-05-16 | Amount USD 409.37 adjusted against Sales Invoice ACC-SINV-2025-00190,Meridian Trading Co.
7d09da3da0,ACC-PINV-2025-00147,P1,Purchase Invoice,Purchase Invoice,1,2025-05-16,2025-05-16 13:31:31.992109,ap.clerk@meridian.example,5208 - Office Maintenance Expenses - MTC,5208,Office Maintenance Expenses,Expense,12580.36,0.0,,,Harlan Office Supply,Admin - MTC,Harlan Office Supply May 2025 billing,Meridian Trading Co.
ba8030be98,ACC-PINV-2025-00147,P1,Purchase Invoice,Purchase Invoice,2,2025-05-16,2025-05-16 13:31:31.992109,ap.clerk@meridian.example,2110 - Creditors - MTC,2110,Creditors,Liability,0.0,12580.36,Supplier,Harlan Office Supply,5208 - Office Maintenance Expenses - MTC,,Harlan Office Supply May 2025 billing,Meridian Trading Co.
028038476b,ACC-SINV-2025-00225,P1,Sales Invoice,Sales Invoice,1,2025-05-16,2025-05-16 09:47:48.633829,ar.clerk@meridian.example,4110 - Sales - MTC,4110,Sales,Income,0.0,231.66,,,Summit Rentals,Warehouse - MTC,Customer order Summit Rentals May 2025,Meridian Trading Co.
9c0b5e69f7,ACC-SINV-2025-00225,P1,Sales Invoice,Sales Invoice,2,2025-05-16,2025-05-16 09:47:48.633829,ar.clerk@meridian.example,1310 - Debtors - MTC,1310,Debtors,Asset,245.56,0.0,Customer,Summit Rentals,4110 - Sales - MTC,,Customer order Summit Rentals May 2025,Meridian Trading Co.
f2529e124b,ACC-SINV-2025-00225,P1,Sales Invoice,Sales Invoice,3,2025-05-16,2025-05-16 09:47:48.633829,ar.clerk@meridian.example,ST 6% - MTC,,ST 6%,Liability,0.0,13.9,,,Summit Rentals,Admin - MTC,Customer order Summit Rentals May 2025,Meridian Trading Co.
569d44513a,ACC-SINV-2025-00229,P1,Sales Invoice,Sales Invoice,1,2025-05-16,2025-05-16 10:32:17.031565,ar.clerk@meridian.example,ST 6% - MTC,,ST 6%,Liability,0.0,47.94,,,Northwind Retail,Admin - MTC,Customer order Northwind Retail May 2025,Meridian Trading Co.
c14beff195,ACC-SINV-2025-00229,P1,Sales Invoice,Sales Invoice,2,2025-05-16,2025-05-16 10:32:17.031565,ar.clerk@meridian.example,4110 - Sales - MTC,4110,Sales,Income,0.0,799.0,,,Northwind Retail,Sales Ops - MTC,Customer order Northwind Retail May 2025,Meridian Trading Co.
ebcb3b831f,ACC-SINV-2025-00229,P1,Sales Invoice,Sales Invoice,3,2025-05-16,2025-05-16 10:32:17.031565,ar.clerk@meridian.example,1310 - Debtors - MTC,1310,Debtors,Asset,846.94,0.0,Customer,Northwind Retail,4110 - Sales - MTC,,Customer order Northwind Retail May 2025,Meridian Trading Co.
2098234445,ACC-PAY-2025-00251,P1,Payment Entry,Payment Entry,1,2025-05-17,2025-05-19 11:29:07.078880,ar.clerk@meridian.example,1210 - Primary Checking - MTC,1210,Primary Checking,Asset,2145.76,0.0,,,Ovation Events,,Amount USD 2145.76 received from Ovation Events | Transaction reference no ACH-25-00200 dated 2025-05-17 | Amount USD 2145.76 adjusted against Sales Invoice ACC-SINV-2025-00200,Meridian Trading Co.
76c5b6b8ac,ACC-PAY-2025-00251,P1,Payment Entry,Payment Entry,2,2025-05-17,2025-05-19 11:29:07.078880,ar.clerk@meridian.example,1310 - Debtors - MTC,1310,Debtors,Asset,0.0,2145.76,Customer,Ovation Events,1210 - Primary Checking - MTC,,Amount USD 2145.76 received from Ovation Events | Transaction reference no ACH-25-00200 dated 2025-05-17 | Amount USD 2145.76 adjusted against Sales Invoice ACC-SINV-2025-00200,Meridian Trading Co.
063c0e9bc2,ACC-PAY-2025-00266,P1,Payment Entry,Payment Entry,1,2025-05-17,2025-05-19 15:47:29.491705,ar.clerk@meridian.example,1210 - Primary Checking - MTC,1210,Primary Checking,Asset,1135.66,0.0,,,Ferrous Works,,Amount USD 1135.66 received from Ferrous Works | Transaction reference no ACH-25-00215 dated 2025-05-17 | Amount USD 1135.66 adjusted against Sales Invoice ACC-SINV-2025-00215,Meridian Trading Co.
eaff551ace,ACC-PAY-2025-00266,P1,Payment Entry,Payment Entry,2,2025-05-17,2025-05-19 15:47:29.491705,ar.clerk@meridian.example,1310 - Debtors - MTC,1310,Debtors,Asset,0.0,1135.66,Customer,Ferrous Works,1210 - Primary Checking - MTC,,Amount USD 1135.66 received from Ferrous Works | Transaction reference no ACH-25-00215 dated 2025-05-17 | Amount USD 1135.66 adjusted against Sales Invoice ACC-SINV-2025-00215,Meridian Trading Co.
9c856405f0,ACC-PAY-2025-00299,P1,Payment Entry,Payment Entry,1,2025-05-17,2025-05-19 10:05:18.638397,ap.clerk@meridian.example,1210 - Primary Checking - MTC,1210,Primary Checking,Asset,0.0,6163.44,,,Fairbanks Consulting,,Amount USD 6163.44 paid to Fairbanks Consulting | Transaction reference no ACH-25-00121 dated 2025-05-17 | Amount USD 6163.44 adjusted against Purchase Invoice ACC-PINV-2025-00121,Meridian Trading Co.
fa07d3e636,ACC-PAY-2025-00299,P1,Payment Entry,Payment Entry,2,2025-05-17,2025-05-19 10:05:18.638397,ap.clerk@meridian.example,2110 - Creditors - MTC,2110,Creditors,Liability,6163.44,0.0,Supplier,Fairbanks Consulting,1210 - Primary Checking - MTC,,Amount USD 6163.44 paid to Fairbanks Consulting | Transaction reference no ACH-25-00121 dated 2025-05-17 | Amount USD 6163.44 adjusted against Purchase Invoice ACC-PINV-2025-00121,Meridian Trading Co.
519d64905c,ACC-PAY-2025-00294,P1,Payment Entry,Payment Entry,1,2025-05-18,2025-05-19 16:04:50.624593,ap.clerk@meridian.example,1210 - Primary Checking - MTC,1210,Primary Checking,Asset,0.0,14417.04,,,Harlan Office Supply,,Amount USD 14417.04 paid to Harlan Office Supply | Transaction reference no ACH-25-00116 dated 2025-05-18 | Amount USD 14417.04 adjusted against Purchase Invoice ACC-PINV-2025-00116,Meridian Trading Co.
ba00ca93ae,ACC-PAY-2025-00294,P1,Payment Entry,Payment Entry,2,2025-05-18,2025-05-19 16:04:50.624593,ap.clerk@meridian.example,2110 - Creditors - MTC,2110,Creditors,Liability,14417.04,0.0,Supplier,Harlan Office Supply,1210 - Primary Checking - MTC,,Amount USD 14417.04 paid to Harlan Office Supply | Transaction reference no ACH-25-00116 dated 2025-05-18 | Amount USD 14417.04 adjusted against Purchase Invoice ACC-PINV-2025-00116,Meridian Trading Co.
44fc4a7fcc,ACC-PAY-2025-00327,P1,Payment Entry,Payment Entry,1,2025-05-18,2025-05-19 16:30:18.983644,ar.clerk@meridian.example,1310 - Debtors - MTC,1310,Debtors,Asset,0.0,263.94,Customer,Halstrom Supply,1210 - Primary Checking - MTC,,Amount USD 263.94 received from Halstrom Supply | Transaction reference no ACH-25-00255 dated 2025-05-18 | Amount USD 263.94 adjusted against Sales Invoice ACC-SINV-2025-00255,Meridian Trading Co.
cc420e177b,ACC-PAY-2025-00327,P1,Payment Entry,Payment Entry,2,2025-05-18,2025-05-19 16:30:18.983644,ar.clerk@meridian.example,1210 - Primary Checking - MTC,1210,Primary Checking,Asset,263.94,0.0,,,Halstrom Supply,,Amount USD 263.94 received from Halstrom Supply | Transaction reference no ACH-25-00255 dated 2025-05-18 | Amount USD 263.94 adjusted against Sales Invoice ACC-SINV-2025-00255,Meridian Trading Co.
36aada10b1,ACC-PAY-2025-00228,P1,Payment Entry,Payment Entry,1,2025-05-19,2025-05-19 12:07:52.649448,ar.clerk@meridian.example,1210 - Primary Checking - MTC,1210,Primary Checking,Asset,740.53,0.0,,,Galehouse Media,,Amount USD 740.53 received from Galehouse Media | Transaction reference no ACH-25-00174 dated 2025-05-19 | Amount USD 740.53 adjusted against Sales Invoice ACC-SINV-2025-00174,Meridian Trading Co.
479320ec3a,ACC-PAY-2025-00228,P1,Payment Entry,Payment Entry,2,2025-05-19,2025-05-19 12:07:52.649448,ar.clerk@meridian.example,1310 - Debtors - MTC,1310,Debtors,Asset,0.0,740.53,Customer,Galehouse Media,1210 - Primary Checking - MTC,,Amount USD 740.53 received from Galehouse Media | Transaction reference no ACH-25-00174 dated 2025-05-19 | Amount USD 740.53 adjusted against Sales Invoice ACC-SINV-2025-00174,Meridian Trading Co.
1f14cf3c3c,ACC-PAY-2025-00260,P1,Payment Entry,Payment Entry,1,2025-05-19,2025-05-19 09:40:56.528324,ar.clerk@meridian.example,1310 - Debtors - MTC,1310,Debtors,Asset,0.0,1904.53,Customer,Northwind Retail,1210 - Primary Checking - MTC,,Amount USD 1904.53 received from Northwind Retail | Transaction reference no ACH-25-00209 dated 2025-05-19 | Amount USD 1904.53 adjusted against Sales Invoice ACC-SINV-2025-00209,Meridian Trading Co.
c3e0f157fb,ACC-PAY-2025-00260,P1,Payment Entry,Payment Entry,2,2025-05-19,2025-05-19 09:40:56.528324,ar.clerk@meridian.example,1210 - Primary Checking - MTC,1210,Primary Checking,Asset,1904.53,0.0,,,Northwind Retail,,Amount USD 1904.53 received from Northwind Retail | Transaction reference no ACH-25-00209 dated 2025-05-19 | Amount USD 1904.53 adjusted against Sales Invoice ACC-SINV-2025-00209,Meridian Trading Co.
b17962bc0f,ACC-PAY-2025-00285,P1,Payment Entry,Payment Entry,1,2025-05-19,2025-05-19 10:20:41.008627,ap.clerk@meridian.example,2110 - Creditors - MTC,2110,Creditors,Liability,1028.65,0.0,Supplier,Beacon Freight,1210 - Primary Checking - MTC,,Amount USD 1028.65 paid to Beacon Freight | Transaction reference no ACH-25-00107 dated 2025-05-19 | Amount USD 1028.65 adjusted against Purchase Invoice ACC-PINV-2025-00107,Meridian Trading Co.
c474103e79,ACC-PAY-2025-00285,P1,Payment Entry,Payment Entry,2,2025-05-19,2025-05-19 10:20:41.008627,ap.clerk@meridian.example,1210 - Primary Checking - MTC,1210,Primary Checking,Asset,0.0,1028.65,,,Beacon Freight,,Amount USD 1028.65 paid to Beacon Freight | Transaction reference no ACH-25-00107 dated 2025-05-19 | Amount USD 1028.65 adjusted against Purchase Invoice ACC-PINV-2025-00107,Meridian Trading Co.
95a1c15f22,ACC-PAY-2025-00315,P1,Payment Entry,Payment Entry,1,2025-05-19,2025-05-19 17:14:22.007652,ar.clerk@meridian.example,1210 - Primary Checking - MTC,1210,Primary Checking,Asset,299.32,0.0,,,Ovation Events,,Amount USD 299.32 received from Ovation Events | Transaction reference no ACH-25-00241 dated 2025-05-19 | Amount USD 299.32 adjusted against Sales Invoice ACC-SINV-2025-00241,Meridian Trading Co.
9e289f6a9f,ACC-PAY-2025-00315,P1,Payment Entry,Payment Entry,2,2025-05-19,2025-05-19 17:14:22.007652,ar.clerk@meridian.example,1310 - Debtors - MTC,1310,Debtors,Asset,0.0,299.32,Customer,Ovation Events,1210 - Primary Checking - MTC,,Amount USD 299.32 received from Ovation Events | Transaction reference no ACH-25-00241 dated 2025-05-19 | Amount USD 299.32 adjusted against Sales Invoice ACC-SINV-2025-00241,Meridian Trading Co.
6987c7ea78,ACC-PAY-2025-00338,P1,Payment Entry,Payment Entry,1,2025-05-19,2025-05-19 10:44:42.301994,ar.clerk@meridian.example,1310 - Debtors - MTC,1310,Debtors,Asset,0.0,2523.5,Customer,Kestrel Foods,1210 - Primary Checking - MTC,,Amount USD 2523.5 received from Kestrel Foods | Transaction reference no ACH-25-00267 dated 2025-05-19 | Amount USD 2523.5 adjusted against Sales Invoice ACC-SINV-2025-00267,Meridian Trading Co.
82f44dbcb7,ACC-PAY-2025-00338,P1,Payment Entry,Payment Entry,2,2025-05-19,2025-05-19 10:44:42.301994,ar.clerk@meridian.example,1210 - Primary Checking - MTC,1210,Primary Checking,Asset,2523.5,0.0,,,Kestrel Foods,,Amount USD 2523.5 received from Kestrel Foods | Transaction reference no ACH-25-00267 dated 2025-05-19 | Amount USD 2523.5 adjusted against Sales Invoice ACC-SINV-2025-00267,Meridian Trading Co.
6efd0e865c,ACC-PAY-2025-00361,P1,Payment Entry,Payment Entry,1,2025-05-19,2025-05-19 16:26:12.688501,ap.clerk@meridian.example,2110 - Creditors - MTC,2110,Creditors,Liability,5038.85,0.0,Supplier,Harlan Office Supply,1210 - Primary Checking - MTC,,Amount USD 5038.85 paid to Harlan Office Supply | Transaction reference no ACH-25-00148 dated 2025-05-19 | Amount USD 5038.85 adjusted against Purchase Invoice ACC-PINV-2025-00148,Meridian Trading Co.
c6661e755f,ACC-PAY-2025-00361,P1,Payment Entry,Payment Entry,2,2025-05-19,2025-05-19 16:26:12.688501,ap.clerk@meridian.example,1210 - Primary Checking - MTC,1210,Primary Checking,Asset,0.0,5038.85,,,Harlan Office Supply,,Amount USD 5038.85 paid to Harlan Office Supply | Transaction reference no ACH-25-00148 dated 2025-05-19 | Amount USD 5038.85 adjusted against Purchase Invoice ACC-PINV-2025-00148,Meridian Trading Co.
2fe071c728,ACC-PINV-2025-00142,P1,Purchase Invoice,Purchase Invoice,1,2025-05-19,2025-05-19 09:22:05.081942,ap.clerk@meridian.example,2110 - Creditors - MTC,2110,Creditors,Liability,0.0,13629.66,Supplier,Cobalt IT Services,"5230 - IT and Software Expenses - MTC,5209 - Office Rent - MTC",,Cobalt IT Services May 2025 billing,Meridian Trading Co.
d9ed1daeba,ACC-PINV-2025-00142,P1,Purchase Invoice,Purchase Invoice,2,2025-05-19,2025-05-19 09:22:05.081942,ap.clerk@meridian.example,5209 - Office Rent - MTC,5209,Office Rent,Expense,929.15,0.0,,,Cobalt IT Services,Admin - MTC,Cobalt IT Services May 2025 billing,Meridian Trading Co.
e068d0c724,ACC-PINV-2025-00142,P1,Purchase Invoice,Purchase Invoice,3,2025-05-19,2025-05-19 09:22:05.081942,ap.clerk@meridian.example,5230 - IT and Software Expenses - MTC,5230,IT and Software Expenses,Expense,12700.51,0.0,,,Cobalt IT Services,Admin - MTC,Cobalt IT Services May 2025 billing,Meridian Trading Co.
166d6b0cab,ACC-PINV-2025-00152,P1,Purchase Invoice,Purchase Invoice,1,2025-05-19,2025-05-19 10:12:16.865164,ap.clerk@meridian.example,2110 - Creditors - MTC,2110,Creditors,Liability,0.0,9174.64,Supplier,Fairbanks Consulting,"5226 - Contractor Services - MTC,5216 - Travel Expenses - MTC",,Fairbanks Consulting May 2025 billing,Meridian Trading Co.
89f0712975,ACC-PINV-2025-00152,P1,Purchase Invoice,Purchase Invoice,2,2025-05-19,2025-05-19 10:12:16.865164,ap.clerk@meridian.example,5226 - Contractor Services - MTC,5226,Contractor Services,Expense,8111.72,0.0,,,Fairbanks Consulting,Admin - MTC,Fairbanks Consulting May 2025 billing,Meridian Trading Co.
ff1a0ef328,ACC-PINV-2025-00152,P1,Purchase Invoice,Purchase Invoice,3,2025-05-19,2025-05-19 10:12:16.865164,ap.clerk@meridian.example,5216 - Travel Expenses - MTC,5216,Travel Expenses,Expense,1062.92,0.0,,,Fairbanks Consulting,Admin - MTC,Fairbanks Consulting May 2025 billing,Meridian Trading Co.
0dfae827ea,ACC-SINV-2025-00226,P1,Sales Invoice,Sales Invoice,1,2025-05-19,2025-05-19 10:19:43.708879,ar.clerk@meridian.example,1310 - Debtors - MTC,1310,Debtors,Asset,473.99,0.0,Customer,Kestrel Foods,4110 - Sales - MTC,,Customer order Kestrel Foods May 2025,Meridian Trading Co.
19aa4a7525,ACC-SINV-2025-00226,P1,Sales Invoice,Sales Invoice,2,2025-05-19,2025-05-19 10:19:43.708879,ar.clerk@meridian.example,4110 - Sales - MTC,4110,Sales,Income,0.0,447.16,,,Kestrel Foods,Warehouse - MTC,Customer order Kestrel Foods May 2025,Meridian Trading Co.
fe18ca25e4,ACC-SINV-2025-00226,P1,Sales Invoice,Sales Invoice,3,2025-05-19,2025-05-19 10:19:43.708879,ar.clerk@meridian.example,ST 6% - MTC,,ST 6%,Liability,0.0,26.83,,,Kestrel Foods,Admin - MTC,Customer order Kestrel Foods May 2025,Meridian Trading Co.
7872e64558,ACC-SINV-2025-00239,P1,Sales Invoice,Sales Invoice,1,2025-05-19,2025-05-19 12:42:29.038776,ar.clerk@meridian.example,4110 - Sales - MTC,4110,Sales,Income,0.0,166.56,,,Bluepine Hardware,Warehouse - MTC,Customer order Bluepine Hardware May 2025,Meridian Trading Co.
8c8971e496,ACC-SINV-2025-00239,P1,Sales Invoice,Sales Invoice,2,2025-05-19,2025-05-19 12:42:29.038776,ar.clerk@meridian.example,1310 - Debtors - MTC,1310,Debtors,Asset,2788.67,0.0,Customer,Bluepine Hardware,4110 - Sales - MTC,,Customer order Bluepine Hardware May 2025,Meridian Trading Co.
d35b53aa4a,ACC-SINV-2025-00239,P1,Sales Invoice,Sales Invoice,3,2025-05-19,2025-05-19 12:42:29.038776,ar.clerk@meridian.example,ST 6% - MTC,,ST 6%,Liability,0.0,157.85,,,Bluepine Hardware,Admin - MTC,Customer order Bluepine Hardware May 2025,Meridian Trading Co.
f552e9ba07,ACC-SINV-2025-00239,P1,Sales Invoice,Sales Invoice,4,2025-05-19,2025-05-19 12:42:29.038776,ar.clerk@meridian.example,4110 - Sales - MTC,4110,Sales,Income,0.0,2464.26,,,Bluepine Hardware,Sales Ops - MTC,Customer order Bluepine Hardware May 2025,Meridian Trading Co.
53be5ccf02,ACC-SINV-2025-00258,P1,Sales Invoice,Sales Invoice,1,2025-05-19,2025-05-19 16:07:16.716415,ar.clerk@meridian.example,ST 6% - MTC,,ST 6%,Liability,0.0,7.24,,,Ferrous Works,Admin - MTC,Customer order Ferrous Works May 2025,Meridian Trading Co.
67238da238,ACC-SINV-2025-00258,P1,Sales Invoice,Sales Invoice,2,2025-05-19,2025-05-19 16:07:16.716415,ar.clerk@meridian.example,4110 - Sales - MTC,4110,Sales,Income,0.0,120.66,,,Ferrous Works,Warehouse - MTC,Customer order Ferrous Works May 2025,Meridian Trading Co.
f8351fc991,ACC-SINV-2025-00258,P1,Sales Invoice,Sales Invoice,3,2025-05-19,2025-05-19 16:07:16.716415,ar.clerk@meridian.example,1310 - Debtors - MTC,1310,Debtors,Asset,127.9,0.0,Customer,Ferrous Works,4110 - Sales - MTC,,Customer order Ferrous Works May 2025,Meridian Trading Co.
e03592f46a,ACC-PAY-2025-00321,P1,Payment Entry,Payment Entry,1,2025-05-20,2025-05-20 17:32:04.900436,ar.clerk@meridian.example,1210 - Primary Checking - MTC,1210,Primary Checking,Asset,1689.88,0.0,,,Ferrous Works,,Amount USD 1689.88 received from Ferrous Works | Transaction reference no ACH-25-00247 dated 2025-05-20 | Amount USD 1689.88 adjusted against Sales Invoice ACC-SINV-2025-00247,Meridian Trading Co.
e2b9ad01fd,ACC-PAY-2025-00321,P1,Payment Entry,Payment Entry,2,2025-05-20,2025-05-20 17:32:04.900436,ar.clerk@meridian.example,1310 - Debtors - MTC,1310,Debtors,Asset,0.0,1689.88,Customer,Ferrous Works,1210 - Primary Checking - MTC,,Amount USD 1689.88 received from Ferrous Works | Transaction reference no ACH-25-00247 dated 2025-05-20 | Amount USD 1689.88 adjusted against Sales Invoice ACC-SINV-2025-00247,Meridian Trading Co.
4b127bade2,ACC-SINV-2025-00260,P1,Sales Invoice,Sales Invoice,1,2025-05-20,2025-05-20 10:20:21.351462,ar.clerk@meridian.example,ST 6% - MTC,,ST 6%,Liability,0.0,253.44,,,Bluepine Hardware,Admin - MTC,Customer order Bluepine Hardware May 2025,Meridian Trading Co.
554e03df46,ACC-SINV-2025-00260,P1,Sales Invoice,Sales Invoice,2,2025-05-20,2025-05-20 10:20:21.351462,ar.clerk@meridian.example,4110 - Sales - MTC,4110,Sales,Income,0.0,1019.48,,,Bluepine Hardware,Sales Ops - MTC,Customer order Bluepine Hardware May 2025,Meridian Trading Co.
7db83da7c9,ACC-SINV-2025-00260,P1,Sales Invoice,Sales Invoice,3,2025-05-20,2025-05-20 10:20:21.351462,ar.clerk@meridian.example,4110 - Sales - MTC,4110,Sales,Income,0.0,333.63,,,Bluepine Hardware,Warehouse - MTC,Customer order Bluepine Hardware May 2025,Meridian Trading Co.
ad1ee4e12f,ACC-SINV-2025-00260,P1,Sales Invoice,Sales Invoice,4,2025-05-20,2025-05-20 10:20:21.351462,ar.clerk@meridian.example,4120 - Service - MTC,4120,Service,Income,0.0,2870.88,,,Bluepine Hardware,Sales Ops - MTC,Customer order Bluepine Hardware May 2025,Meridian Trading Co.
ea60a72c77,ACC-SINV-2025-00260,P1,Sales Invoice,Sales Invoice,5,2025-05-20,2025-05-20 10:20:21.351462,ar.clerk@meridian.example,1310 - Debtors - MTC,1310,Debtors,Asset,4477.43,0.0,Customer,Bluepine Hardware,"4110 - Sales - MTC,4120 - Service - MTC",,Customer order Bluepine Hardware May 2025,Meridian Trading Co.
34b43c43b7,ACC-SINV-2025-00270,P1,Sales Invoice,Sales Invoice,1,2025-05-20,2025-05-20 10:12:47.147722,ar.clerk@meridian.example,4110 - Sales - MTC,4110,Sales,Income,0.0,631.83,,,Halstrom Supply,Sales Ops - MTC,Customer order Halstrom Supply May 2025,Meridian Trading Co.
435bb852fd,ACC-SINV-2025-00270,P1,Sales Invoice,Sales Invoice,2,2025-05-20,2025-05-20 10:12:47.147722,ar.clerk@meridian.example,4130 - Freight Income - MTC,4130,Freight Income,Income,0.0,1677.6,,,Halstrom Supply,Admin - MTC,Customer order Halstrom Supply May 2025,Meridian Trading Co.
55a4a347f2,ACC-SINV-2025-00270,P1,Sales Invoice,Sales Invoice,3,2025-05-20,2025-05-20 10:12:47.147722,ar.clerk@meridian.example,1310 - Debtors - MTC,1310,Debtors,Asset,2448.0,0.0,Customer,Halstrom Supply,"4110 - Sales - MTC,4130 - Freight Income - MTC",,Customer order Halstrom Supply May 2025,Meridian Trading Co.
5c9bc33461,ACC-SINV-2025-00270,P1,Sales Invoice,Sales Invoice,4,2025-05-20,2025-05-20 10:12:47.147722,ar.clerk@meridian.example,ST 6% - MTC,,ST 6%,Liability,0.0,138.57,,,Halstrom Supply,Admin - MTC,Customer order Halstrom Supply May 2025,Meridian Trading Co.
16e2a89d8a,ACC-PAY-2025-00301,P1,Payment Entry,Payment Entry,1,2025-05-21,2025-05-21 11:52:05.392153,ap.clerk@meridian.example,1210 - Primary Checking - MTC,1210,Primary Checking,Asset,0.0,2446.64,,,Fairbanks Consulting,,Amount USD 2446.64 paid to Fairbanks Consulting | Transaction reference no ACH-25-00123 dated 2025-05-21 | Amount USD 2446.64 adjusted against Purchase Invoice ACC-PINV-2025-00123,Meridian Trading Co.
2dd995e7db,ACC-PAY-2025-00301,P1,Payment Entry,Payment Entry,2,2025-05-21,2025-05-21 11:52:05.392153,ap.clerk@meridian.example,2110 - Creditors - MTC,2110,Creditors,Liability,2446.64,0.0,Supplier,Fairbanks Consulting,1210 - Primary Checking - MTC,,Amount USD 2446.64 paid to Fairbanks Consulting | Transaction reference no ACH-25-00123 dated 2025-05-21 | Amount USD 2446.64 adjusted against Purchase Invoice ACC-PINV-2025-00123,Meridian Trading Co.
33590901ae,ACC-PINV-2025-00128,P1,Purchase Invoice,Purchase Invoice,1,2025-05-21,2025-05-21 17:27:43.895141,ap.clerk@meridian.example,5111 - Cost of Goods Sold - MTC,5111,Cost of Goods Sold,Expense,8281.79,0.0,,,Orchard Wholesale,Warehouse - MTC,Orchard Wholesale May 2025 billing,Meridian Trading Co.
9960df94dc,ACC-PINV-2025-00128,P1,Purchase Invoice,Purchase Invoice,2,2025-05-21,2025-05-21 17:27:43.895141,ap.clerk@meridian.example,2110 - Creditors - MTC,2110,Creditors,Liability,0.0,8281.79,Supplier,Orchard Wholesale,5111 - Cost of Goods Sold - MTC,,Orchard Wholesale May 2025 billing,Meridian Trading Co.
2b63fe95e1,ACC-PINV-2025-00131,P1,Purchase Invoice,Purchase Invoice,1,2025-05-21,2025-05-21 13:59:44.408346,ap.clerk@meridian.example,5111 - Cost of Goods Sold - MTC,5111,Cost of Goods Sold,Expense,17442.34,0.0,,,Orchard Wholesale,Warehouse - MTC,Orchard Wholesale May 2025 billing,Meridian Trading Co.
94f7370a4e,ACC-PINV-2025-00131,P1,Purchase Invoice,Purchase Invoice,2,2025-05-21,2025-05-21 13:59:44.408346,ap.clerk@meridian.example,2110 - Creditors - MTC,2110,Creditors,Liability,0.0,18159.1,Supplier,Orchard Wholesale,"5111 - Cost of Goods Sold - MTC,5209 - Office Rent - MTC",,Orchard Wholesale May 2025 billing,Meridian Trading Co.
b00d943348,ACC-PINV-2025-00131,P1,Purchase Invoice,Purchase Invoice,3,2025-05-21,2025-05-21 13:59:44.408346,ap.clerk@meridian.example,5209 - Office Rent - MTC,5209,Office Rent,Expense,716.76,0.0,,,Orchard Wholesale,Admin - MTC,Orchard Wholesale May 2025 billing,Meridian Trading Co.
6d215f4058,ACC-PINV-2025-00140,P1,Purchase Invoice,Purchase Invoice,1,2025-05-21,2025-05-21 14:23:30.082807,ap.clerk@meridian.example,5205 - Freight and Forwarding Charges - MTC,5205,Freight and Forwarding Charges,Expense,16547.72,0.0,,,Beacon Freight,Admin - MTC,Beacon Freight May 2025 billing,Meridian Trading Co.
e5b2ea57dd,ACC-PINV-2025-00140,P1,Purchase Invoice,Purchase Invoice,2,2025-05-21,2025-05-21 14:23:30.082807,ap.clerk@meridian.example,5210 - Postal Expenses - MTC,5210,Postal Expenses,Expense,312.87,0.0,,,Beacon Freight,Admin - MTC,Beacon Freight May 2025 billing,Meridian Trading Co.
fbdc7fdb8a,ACC-PINV-2025-00140,P1,Purchase Invoice,Purchase Invoice,3,2025-05-21,2025-05-21 14:23:30.082807,ap.clerk@meridian.example,2110 - Creditors - MTC,2110,Creditors,Liability,0.0,16860.59,Supplier,Beacon Freight,"5205 - Freight and Forwarding Charges - MTC,5210 - Postal Expenses - MTC",,Beacon Freight May 2025 billing,Meridian Trading Co.
6f0f48f2fb,ACC-SINV-2025-00231,P1,Sales Invoice,Sales Invoice,1,2025-05-21,2025-05-21 18:17:36.473470,ar.clerk@meridian.example,ST 6% - MTC,,ST 6%,Liability,0.0,55.49,,,Juniper & Co,Admin - MTC,Customer order Juniper & Co May 2025,Meridian Trading Co.
841106663f,ACC-SINV-2025-00231,P1,Sales Invoice,Sales Invoice,2,2025-05-21,2025-05-21 18:17:36.473470,ar.clerk@meridian.example,1310 - Debtors - MTC,1310,Debtors,Asset,980.27,0.0,Customer,Juniper & Co,4110 - Sales - MTC,,Customer order Juniper & Co May 2025,Meridian Trading Co.
cc41b47df8,ACC-SINV-2025-00231,P1,Sales Invoice,Sales Invoice,3,2025-05-21,2025-05-21 18:17:36.473470,ar.clerk@meridian.example,4110 - Sales - MTC,4110,Sales,Income,0.0,64.94,,,Juniper & Co,Warehouse - MTC,Customer order Juniper & Co May 2025,Meridian Trading Co.
d079e5ac42,ACC-SINV-2025-00231,P1,Sales Invoice,Sales Invoice,4,2025-05-21,2025-05-21 18:17:36.473470,ar.clerk@meridian.example,4110 - Sales - MTC,4110,Sales,Income,0.0,859.84,,,Juniper & Co,Sales Ops - MTC,Customer order Juniper & Co May 2025,Meridian Trading Co.
1c593405dd,ACC-SINV-2025-00234,P1,Sales Invoice,Sales Invoice,1,2025-05-21,2025-05-21 15:17:56.386972,ar.clerk@meridian.example,4120 - Service - MTC,4120,Service,Income,0.0,8454.6,,,Timberline Schools,Warehouse - MTC,Customer order Timberline Schools May 2025,Meridian Trading Co.
8a341f4335,ACC-SINV-2025-00234,P1,Sales Invoice,Sales Invoice,2,2025-05-21,2025-05-21 15:17:56.386972,ar.clerk@meridian.example,1310 - Debtors - MTC,1310,Debtors,Asset,11105.04,0.0,Customer,Timberline Schools,"4110 - Sales - MTC,4120 - Service - MTC",,Customer order Timberline Schools May 2025,Meridian Trading Co.
97be32295c,ACC-SINV-2025-00234,P1,Sales Invoice,Sales Invoice,3,2025-05-21,2025-05-21 15:17:56.386972,ar.clerk@meridian.example,4110 - Sales - MTC,4110,Sales,Income,0.0,249.4,,,Timberline Schools,Warehouse - MTC,Customer order Timberline Schools May 2025,Meridian Trading Co.
a6f6b002de,ACC-SINV-2025-00234,P1,Sales Invoice,Sales Invoice,4,2025-05-21,2025-05-21 15:17:56.386972,ar.clerk@meridian.example,4110 - Sales - MTC,4110,Sales,Income,0.0,2401.04,,,Timberline Schools,Sales Ops - MTC,Customer order Timberline Schools May 2025,Meridian Trading Co.
563fda5c16,ACC-PAY-2025-00234,P1,Payment Entry,Payment Entry,1,2025-05-22,2025-05-22 09:54:29.861920,ar.clerk@meridian.example,1210 - Primary Checking - MTC,1210,Primary Checking,Asset,231.48,0.0,,,Northwind Retail,,Amount USD 231.48 received from Northwind Retail | Transaction reference no ACH-25-00181 dated 2025-05-22 | Amount USD 231.48 adjusted against Sales Invoice ACC-SINV-2025-00181,Meridian Trading Co.
86d1fb323e,ACC-PAY-2025-00234,P1,Payment Entry,Payment Entry,2,2025-05-22,2025-05-22 09:54:29.861920,ar.clerk@meridian.example,1310 - Debtors - MTC,1310,Debtors,Asset,0.0,231.48,Customer,Northwind Retail,1210 - Primary Checking - MTC,,Amount USD 231.48 received from Northwind Retail | Transaction reference no ACH-25-00181 dated 2025-05-22 | Amount USD 231.48 adjusted against Sales Invoice ACC-SINV-2025-00181,Meridian Trading Co.
b86307fc2b,ACC-PAY-2025-00258,P1,Payment Entry,Payment Entry,1,2025-05-22,2025-05-22 10:06:00.645709,ar.clerk@meridian.example,1310 - Debtors - MTC,1310,Debtors,Asset,0.0,1092.73,Customer,Galehouse Media,1210 - Primary Checking - MTC,,Amount USD 1092.73 received from Galehouse Media | Transaction reference no ACH-25-00207 dated 2025-05-22 | Amount USD 1092.73 adjusted against Sales Invoice ACC-SINV-2025-00207,Meridian Trading Co.
d74757a0dd,ACC-PAY-2025-00258,P1,Payment Entry,Payment Entry,2,2025-05-22,2025-05-22 10:06:00.645709,ar.clerk@meridian.example,1210 - Primary Checking - MTC,1210,Primary Checking,Asset,1092.73,0.0,,,Galehouse Media,,Amount USD 1092.73 received from Galehouse Media | Transaction reference no ACH-25-00207 dated 2025-05-22 | Amount USD 1092.73 adjusted against Sales Invoice ACC-SINV-2025-00207,Meridian Trading Co.
53454458f3,ACC-PAY-2025-00263,P1,Payment Entry,Payment Entry,1,2025-05-22,2025-05-22 18:12:37.937672,ar.clerk@meridian.example,1310 - Debtors - MTC,1310,Debtors,Asset,0.0,6715.48,Customer,Marlowe Interiors,1210 - Primary Checking - MTC,,Amount USD 6715.48 received from Marlowe Interiors | Transaction reference no ACH-25-00212 dated 2025-05-22 | Amount USD 6715.48 adjusted against Sales Invoice ACC-SINV-2025-00212,Meridian Trading Co.
636ac17a5f,ACC-PAY-2025-00263,P1,Payment Entry,Payment Entry,2,2025-05-22,2025-05-22 18:12:37.937672,ar.clerk@meridian.example,1210 - Primary Checking - MTC,1210,Primary Checking,Asset,6715.48,0.0,,,Marlowe Interiors,,Amount USD 6715.48 received from Marlowe Interiors | Transaction reference no ACH-25-00212 dated 2025-05-22 | Amount USD 6715.48 adjusted against Sales Invoice ACC-SINV-2025-00212,Meridian Trading Co.
3fb594f5a4,ACC-PAY-2025-00331,P1,Payment Entry,Payment Entry,1,2025-05-22,2025-05-22 11:41:42.311201,ar.clerk@meridian.example,1210 - Primary Checking - MTC,1210,Primary Checking,Asset,822.22,0.0,,,Ferrous Works,,Amount USD 822.22 received from Ferrous Works | Transaction reference no ACH-25-00259 dated 2025-05-22 | Amount USD 822.22 adjusted against Sales Invoice ACC-SINV-2025-00259,Meridian Trading Co.
6644ddc1de,ACC-PAY-2025-00331,P1,Payment Entry,Payment Entry,2,2025-05-22,2025-05-22 11:41:42.311201,ar.clerk@meridian.example,1310 - Debtors - MTC,1310,Debtors,Asset,0.0,822.22,Customer,Ferrous Works,1210 - Primary Checking - MTC,,Amount USD 822.22 received from Ferrous Works | Transaction reference no ACH-25-00259 dated 2025-05-22 | Amount USD 822.22 adjusted against Sales Invoice ACC-SINV-2025-00259,Meridian Trading Co.
551ef48f3b,ACC-SINV-2025-00246,P1,Sales Invoice,Sales Invoice,1,2025-05-22,2025-06-02 09:57:41.315434,ar.clerk@meridian.example,4110 - Sales - MTC,4110,Sales,Income,0.0,659.94,,,Northwind Retail,Sales Ops - MTC,Customer order Northwind Retail May 2025,Meridian Trading Co.
553a4a1e6d,ACC-SINV-2025-00246,P1,Sales Invoice,Sales Invoice,2,2025-05-22,2025-06-02 09:57:41.315434,ar.clerk@meridian.example,4130 - Freight Income - MTC,4130,Freight Income,Income,0.0,367.2,,,Northwind Retail,Admin - MTC,Customer order Northwind Retail May 2025,Meridian Trading Co.
9a7cf5d00d,ACC-SINV-2025-00246,P1,Sales Invoice,Sales Invoice,3,2025-05-22,2025-06-02 09:57:41.315434,ar.clerk@meridian.example,ST 6% - MTC,,ST 6%,Liability,0.0,61.63,,,Northwind Retail,Admin - MTC,Customer order Northwind Retail May 2025,Meridian Trading Co.
c16ebbe466,ACC-SINV-2025-00246,P1,Sales Invoice,Sales Invoice,4,2025-05-22,2025-06-02 09:57:41.315434,ar.clerk@meridian.example,1310 - Debtors - MTC,1310,Debtors,Asset,1088.77,0.0,Customer,Northwind Retail,"4110 - Sales - MTC,4130 - Freight Income - MTC",,Customer order Northwind Retail May 2025,Meridian Trading Co.
07c527c459,ACC-SINV-2025-00263,P1,Sales Invoice,Sales Invoice,1,2025-05-22,2025-05-22 11:45:53.289064,ar.clerk@meridian.example,4110 - Sales - MTC,4110,Sales,Income,0.0,380.24,,,Pactrail Sports,Sales Ops - MTC,Customer order Pactrail Sports May 2025,Meridian Trading Co.
2f86cba0ec,ACC-SINV-2025-00263,P1,Sales Invoice,Sales Invoice,2,2025-05-22,2025-05-22 11:45:53.289064,ar.clerk@meridian.example,ST 6% - MTC,,ST 6%,Liability,0.0,494.48,,,Pactrail Sports,Admin - MTC,Customer order Pactrail Sports May 2025,Meridian Trading Co.
6b8c75f00d,ACC-SINV-2025-00263,P1,Sales Invoice,Sales Invoice,3,2025-05-22,2025-05-22 11:45:53.289064,ar.clerk@meridian.example,1310 - Debtors - MTC,1310,Debtors,Asset,8735.76,0.0,Customer,Pactrail Sports,"4110 - Sales - MTC,4120 - Service - MTC",,Customer order Pactrail Sports May 2025,Meridian Trading Co.
98602f7c03,ACC-SINV-2025-00263,P1,Sales Invoice,Sales Invoice,4,2025-05-22,2025-05-22 11:45:53.289064,ar.clerk@meridian.example,4110 - Sales - MTC,4110,Sales,Income,0.0,147.84,,,Pactrail Sports,Warehouse - MTC,Customer order Pactrail Sports May 2025,Meridian Trading Co.
c62a15cddf,ACC-SINV-2025-00263,P1,Sales Invoice,Sales Invoice,5,2025-05-22,2025-05-22 11:45:53.289064,ar.clerk@meridian.example,4120 - Service - MTC,4120,Service,Income,0.0,7713.2,,,Pactrail Sports,Warehouse - MTC,Customer order Pactrail Sports May 2025,Meridian Trading Co.
241c6c0bc0,ACC-SINV-2025-00265,P1,Sales Invoice,Sales Invoice,1,2025-05-22,2025-05-22 08:50:08.873695,ar.clerk@meridian.example,ST 6% - MTC,,ST 6%,Liability,0.0,21.96,,,Brightline Offices,Admin - MTC,Customer order Brightline Offices May 2025,Meridian Trading Co.
84c4df4f2a,ACC-SINV-2025-00265,P1,Sales Invoice,Sales Invoice,2,2025-05-22,2025-05-22 08:50:08.873695,ar.clerk@meridian.example,4110 - Sales - MTC,4110,Sales,Income,0.0,365.94,,,Brightline Offices,Sales Ops - MTC,Customer order Brightline Offices May 2025,Meridian Trading Co.
c551dab95a,ACC-SINV-2025-00265,P1,Sales Invoice,Sales Invoice,3,2025-05-22,2025-05-22 08:50:08.873695,ar.clerk@meridian.example,1310 - Debtors - MTC,1310,Debtors,Asset,387.9,0.0,Customer,Brightline Offices,4110 - Sales - MTC,,Customer order Brightline Offices May 2025,Meridian Trading Co.
2c6f91cd46,ACC-SINV-2025-00269,P1,Sales Invoice,Sales Invoice,1,2025-05-22,2025-05-22 08:36:00.347731,ar.clerk@meridian.example,4120 - Service - MTC,4120,Service,Income,0.0,6284.88,,,Ferrous Works,Sales Ops - MTC,Customer order Ferrous Works May 2025,Meridian Trading Co.
662265f195,ACC-SINV-2025-00269,P1,Sales Invoice,Sales Invoice,2,2025-05-22,2025-05-22 08:36:00.347731,ar.clerk@meridian.example,ST 6% - MTC,,ST 6%,Liability,0.0,423.89,,,Ferrous Works,Admin - MTC,Customer order Ferrous Works May 2025,Meridian Trading Co.
8908bd1311,ACC-SINV-2025-00269,P1,Sales Invoice,Sales Invoice,3,2025-05-22,2025-05-22 08:36:00.347731,ar.clerk@meridian.example,1310 - Debtors - MTC,1310,Debtors,Asset,7488.65,0.0,Customer,Ferrous Works,"4120 - Service - MTC,4110 - Sales - MTC",,Customer order Ferrous Works May 2025,Meridian Trading Co.
968fea1262,ACC-SINV-2025-00269,P1,Sales Invoice,Sales Invoice,4,2025-05-22,2025-05-22 08:36:00.347731,ar.clerk@meridian.example,4110 - Sales - MTC,4110,Sales,Income,0.0,738.9,,,Ferrous Works,Sales Ops - MTC,Customer order Ferrous Works May 2025,Meridian Trading Co.
a00dabf269,ACC-SINV-2025-00269,P1,Sales Invoice,Sales Invoice,5,2025-05-22,2025-05-22 08:36:00.347731,ar.clerk@meridian.example,4110 - Sales - MTC,4110,Sales,Income,0.0,40.98,,,Ferrous Works,Warehouse - MTC,Customer order Ferrous Works May 2025,Meridian Trading Co.
3d91b38601,ACC-PAY-2025-00231,P1,Payment Entry,Payment Entry,1,2025-05-23,2025-05-23 08:09:02.473825,ar.clerk@meridian.example,1310 - Debtors - MTC,1310,Debtors,Asset,0.0,1296.22,Customer,Northwind Retail,1210 - Primary Checking - MTC,,Amount USD 1296.22 received from Northwind Retail | Transaction reference no ACH-25-00177 dated 2025-05-23 | Amount USD 1296.22 adjusted against Sales Invoice ACC-SINV-2025-00177,Meridian Trading Co.
ced4f3d5a6,ACC-PAY-2025-00231,P1,Payment Entry,Payment Entry,2,2025-05-23,2025-05-23 08:09:02.473825,ar.clerk@meridian.example,1210 - Primary Checking - MTC,1210,Primary Checking,Asset,1296.22,0.0,,,Northwind Retail,,Amount USD 1296.22 received from Northwind Retail | Transaction reference no ACH-25-00177 dated 2025-05-23 | Amount USD 1296.22 adjusted against Sales Invoice ACC-SINV-2025-00177,Meridian Trading Co.
031dc61b2c,ACC-PAY-2025-00283,P1,Payment Entry,Payment Entry,1,2025-05-23,2025-05-23 11:24:02.772477,ap.clerk@meridian.example,1210 - Primary Checking - MTC,1210,Primary Checking,Asset,0.0,4775.95,,,Vulcan Materials Co,,Amount USD 4775.95 paid to Vulcan Materials Co | Transaction reference no ACH-25-00105 dated 2025-05-23 | Amount USD 4775.95 adjusted against Purchase Invoice ACC-PINV-2025-00105,Meridian Trading Co.
14d9fc994e,ACC-PAY-2025-00283,P1,Payment Entry,Payment Entry,2,2025-05-23,2025-05-23 11:24:02.772477,ap.clerk@meridian.example,2110 - Creditors - MTC,2110,Creditors,Liability,4775.95,0.0,Supplier,Vulcan Materials Co,1210 - Primary Checking - MTC,,Amount USD 4775.95 paid to Vulcan Materials Co | Transaction reference no ACH-25-00105 dated 2025-05-23 | Amount USD 4775.95 adjusted against Purchase Invoice ACC-PINV-2025-00105,Meridian Trading Co.
3e980c259b,ACC-PAY-2025-00353,P1,Payment Entry,Payment Entry,1,2025-05-23,2025-05-23 12:40:55.733780,ap.clerk@meridian.example,2110 - Creditors - MTC,2110,Creditors,Liability,2187.77,0.0,Supplier,Beacon Freight,1210 - Primary Checking - MTC,,Amount USD 2187.77 paid to Beacon Freight | Transaction reference no ACH-25-00139 dated 2025-05-23 | Amount USD 2187.77 adjusted against Purchase Invoice ACC-PINV-2025-00139,Meridian Trading Co.
7195888910,ACC-PAY-2025-00353,P1,Payment Entry,Payment Entry,2,2025-05-23,2025-05-23 12:40:55.733780,ap.clerk@meridian.example,1210 - Primary Checking - MTC,1210,Primary Checking,Asset,0.0,2187.77,,,Beacon Freight,,Amount USD 2187.77 paid to Beacon Freight | Transaction reference no ACH-25-00139 dated 2025-05-23 | Amount USD 2187.77 adjusted against Purchase Invoice ACC-PINV-2025-00139,Meridian Trading Co.
0ef967f17f,ACC-PINV-2025-00141,P1,Purchase Invoice,Purchase Invoice,1,2025-05-23,2025-05-23 09:17:33.918952,ap.clerk@meridian.example,5205 - Freight and Forwarding Charges - MTC,5205,Freight and Forwarding Charges,Expense,7675.72,0.0,,,Beacon Freight,Admin - MTC,Beacon Freight May 2025 billing,Meridian Trading Co.
afeb443310,ACC-PINV-2025-00141,P1,Purchase Invoice,Purchase Invoice,2,2025-05-23,2025-05-23 09:17:33.918952,ap.clerk@meridian.example,5210 - Postal Expenses - MTC,5210,Postal Expenses,Expense,1833.44,0.0,,,Beacon Freight,Admin - MTC,Beacon Freight May 2025 billing,Meridian Trading Co.
b4a14cdc25,ACC-PINV-2025-00141,P1,Purchase Invoice,Purchase Invoice,3,2025-05-23,2025-05-23 09:17:33.918952,ap.clerk@meridian.example,2110 - Creditors - MTC,2110,Creditors,Liability,0.0,9509.16,Supplier,Beacon Freight,"5205 - Freight and Forwarding Charges - MTC,5210 - Postal Expenses - MTC",,Beacon Freight May 2025 billing,Meridian Trading Co.
58ac8affb6,ACC-SINV-2025-00228,P1,Sales Invoice,Sales Invoice,1,2025-05-23,2025-05-23 08:00:00.983409,ar.clerk@meridian.example,4110 - Sales - MTC,4110,Sales,Income,0.0,71.26,,,Ovation Events,Warehouse - MTC,Customer order Ovation Events May 2025,Meridian Trading Co.
73e4c00830,ACC-SINV-2025-00228,P1,Sales Invoice,Sales Invoice,2,2025-05-23,2025-05-23 08:00:00.983409,ar.clerk@meridian.example,1310 - Debtors - MTC,1310,Debtors,Asset,1174.08,0.0,Customer,Ovation Events,4110 - Sales - MTC,,Customer order Ovation Events May 2025,Meridian Trading Co.
d1247e8fcc,ACC-SINV-2025-00228,P1,Sales Invoice,Sales Invoice,3,2025-05-23,2025-05-23 08:00:00.983409,ar.clerk@meridian.example,4110 - Sales - MTC,4110,Sales,Income,0.0,1102.82,,,Ovation Events,Sales Ops - MTC,Customer order Ovation Events May 2025,Meridian Trading Co.
71d74c3fb3,ACC-SINV-2025-00235,P1,Sales Invoice,Sales Invoice,1,2025-05-23,2025-05-23 14:19:10.914783,ar.clerk@meridian.example,1310 - Debtors - MTC,1310,Debtors,Asset,2695.44,0.0,Customer,Brightline Offices,"4110 - Sales - MTC,4120 - Service - MTC,4130 - Freight Income - MTC",,Customer order Brightline Offices May 2025,Meridian Trading Co.
937b690163,ACC-SINV-2025-00235,P1,Sales Invoice,Sales Invoice,2,2025-05-23,2025-05-23 14:19:10.914783,ar.clerk@meridian.example,ST 6% - MTC,,ST 6%,Liability,0.0,152.57,,,Brightline Offices,Admin - MTC,Customer order Brightline Offices May 2025,Meridian Trading Co.
bb44e14177,ACC-SINV-2025-00235,P1,Sales Invoice,Sales Invoice,3,2025-05-23,2025-05-23 14:19:10.914783,ar.clerk@meridian.example,4130 - Freight Income - MTC,4130,Freight Income,Income,0.0,1771.94,,,Brightline Offices,Admin - MTC,Customer order Brightline Offices May 2025,Meridian Trading Co.
c2443c58e2,ACC-SINV-2025-00235,P1,Sales Invoice,Sales Invoice,4,2025-05-23,2025-05-23 14:19:10.914783,ar.clerk@meridian.example,4110 - Sales - MTC,4110,Sales,Income,0.0,441.54,,,Brightline Offices,Sales Ops - MTC,Customer order Brightline Offices May 2025,Meridian Trading Co.
e82d10c456,ACC-SINV-2025-00235,P1,Sales Invoice,Sales Invoice,5,2025-05-23,2025-05-23 14:19:10.914783,ar.clerk@meridian.example,4120 - Service - MTC,4120,Service,Income,0.0,329.39,,,Brightline Offices,Sales Ops - MTC,Customer order Brightline Offices May 2025,Meridian Trading Co.
2eb5770f3a,ACC-SINV-2025-00251,P1,Sales Invoice,Sales Invoice,1,2025-05-23,2025-05-23 17:46:59.600947,ar.clerk@meridian.example,4130 - Freight Income - MTC,4130,Freight Income,Income,0.0,476.46,,,Northwind Retail,Admin - MTC,Customer order Northwind Retail May 2025,Meridian Trading Co.
35f630e510,ACC-SINV-2025-00251,P1,Sales Invoice,Sales Invoice,2,2025-05-23,2025-05-23 17:46:59.600947,ar.clerk@meridian.example,4110 - Sales - MTC,4110,Sales,Income,0.0,852.87,,,Northwind Retail,Sales Ops - MTC,Customer order Northwind Retail May 2025,Meridian Trading Co.
b4f80e9287,ACC-SINV-2025-00251,P1,Sales Invoice,Sales Invoice,3,2025-05-23,2025-05-23 17:46:59.600947,ar.clerk@meridian.example,ST 6% - MTC,,ST 6%,Liability,0.0,79.76,,,Northwind Retail,Admin - MTC,Customer order Northwind Retail May 2025,Meridian Trading Co.
c91267b901,ACC-SINV-2025-00251,P1,Sales Invoice,Sales Invoice,4,2025-05-23,2025-05-23 17:46:59.600947,ar.clerk@meridian.example,1310 - Debtors - MTC,1310,Debtors,Asset,1409.09,0.0,Customer,Northwind Retail,"4110 - Sales - MTC,4130 - Freight Income - MTC",,Customer order Northwind Retail May 2025,Meridian Trading Co.
1e2ac25b11,ACC-PAY-2025-00328,P1,Payment Entry,Payment Entry,1,2025-05-24,2025-05-26 13:32:47.490901,ar.clerk@meridian.example,1310 - Debtors - MTC,1310,Debtors,Asset,0.0,453.15,Customer,Summit Rentals,1210 - Primary Checking - MTC,,Amount USD 453.15 received from Summit Rentals | Transaction reference no ACH-25-00256 dated 2025-05-24 | Amount USD 453.15 adjusted against Sales Invoice ACC-SINV-2025-00256,Meridian Trading Co.
d186f576ce,ACC-PAY-2025-00328,P1,Payment Entry,Payment Entry,2,2025-05-24,2025-05-26 13:32:47.490901,ar.clerk@meridian.example,1210 - Primary Checking - MTC,1210,Primary Checking,Asset,453.15,0.0,,,Summit Rentals,,Amount USD 453.15 received from Summit Rentals | Transaction reference no ACH-25-00256 dated 2025-05-24 | Amount USD 453.15 adjusted against Sales Invoice ACC-SINV-2025-00256,Meridian Trading Co.
55bf85ae4c,ACC-JV-2025-00045,P1,Journal Entry,Cash Entry,1,2025-05-26,2025-05-26 16:23:43.621810,controller@meridian.example,1110 - Cash - MTC,1110,Cash,Asset,0.0,875.49,,,5223 - Miscellaneous Expenses - MTC,Admin - MTC,Reference #REF-20250526 dated 05-26-2025,Meridian Trading Co.
96cc95b18c,ACC-JV-2025-00045,P1,Journal Entry,Cash Entry,2,2025-05-26,2025-05-26 16:23:43.621810,controller@meridian.example,5223 - Miscellaneous Expenses - MTC,5223,Miscellaneous Expenses,Expense,875.49,0.0,,,1110 - Cash - MTC,Admin - MTC,Reference #REF-20250526 dated 05-26-2025,Meridian Trading Co.
18d8dd6d98,ACC-JV-2025-00046,P1,Journal Entry,Cash Entry,1,2025-05-26,2025-05-26 09:54:26.933045,controller@meridian.example,5223 - Miscellaneous Expenses - MTC,5223,Miscellaneous Expenses,Expense,646.14,0.0,,,1110 - Cash - MTC,Admin - MTC,Reference #REF-20250526 dated 05-26-2025,Meridian Trading Co.
b5df129b58,ACC-JV-2025-00046,P1,Journal Entry,Cash Entry,2,2025-05-26,2025-05-26 09:54:26.933045,controller@meridian.example,1110 - Cash - MTC,1110,Cash,Asset,0.0,646.14,,,5223 - Miscellaneous Expenses - MTC,Admin - MTC,Reference #REF-20250526 dated 05-26-2025,Meridian Trading Co.
57b21d24d1,ACC-PAY-2025-00229,P1,Payment Entry,Payment Entry,1,2025-05-26,2025-05-26 11:53:34.058023,ar.clerk@meridian.example,1310 - Debtors - MTC,1310,Debtors,Asset,0.0,672.04,Customer,Pactrail Sports,1210 - Primary Checking - MTC,,Amount USD 672.04 received from Pactrail Sports | Transaction reference no ACH-25-00175 dated 2025-05-26 | Amount USD 672.04 adjusted against Sales Invoice ACC-SINV-2025-00175,Meridian Trading Co.
7d50628bbe,ACC-PAY-2025-00229,P1,Payment Entry,Payment Entry,2,2025-05-26,2025-05-26 11:53:34.058023,ar.clerk@meridian.example,1210 - Primary Checking - MTC,1210,Primary Checking,Asset,672.04,0.0,,,Pactrail Sports,,Amount USD 672.04 received from Pactrail Sports | Transaction reference no ACH-25-00175 dated 2025-05-26 | Amount USD 672.04 adjusted against Sales Invoice ACC-SINV-2025-00175,Meridian Trading Co.
c6e3cc8bd8,ACC-PAY-2025-00300,P1,Payment Entry,Payment Entry,1,2025-05-26,2025-05-26 15:25:23.981753,ap.clerk@meridian.example,2110 - Creditors - MTC,2110,Creditors,Liability,11389.66,0.0,Supplier,Fairbanks Consulting,1210 - Primary Checking - MTC,,Amount USD 11389.66 paid to Fairbanks Consulting | Transaction reference no ACH-25-00122 dated 2025-05-26 | Amount USD 11389.66 adjusted against Purchase Invoice ACC-PINV-2025-00122,Meridian Trading Co.
fad4e5f4aa,ACC-PAY-2025-00300,P1,Payment Entry,Payment Entry,2,2025-05-26,2025-05-26 15:25:23.981753,ap.clerk@meridian.example,1210 - Primary Checking - MTC,1210,Primary Checking,Asset,0.0,11389.66,,,Fairbanks Consulting,,Amount USD 11389.66 paid to Fairbanks Consulting | Transaction reference no ACH-25-00122 dated 2025-05-26 | Amount USD 11389.66 adjusted against Purchase Invoice ACC-PINV-2025-00122,Meridian Trading Co.
14b4992d5e,ACC-PAY-2025-00335,P1,Payment Entry,Payment Entry,1,2025-05-26,2025-05-26 08:56:19.568298,ar.clerk@meridian.example,1310 - Debtors - MTC,1310,Debtors,Asset,0.0,86.75,Customer,Cascade Outfitters,1210 - Primary Checking - MTC,,Amount USD 86.75 received from Cascade Outfitters | Transaction reference no ACH-25-00264 dated 2025-05-26 | Amount USD 86.75 adjusted against Sales Invoice ACC-SINV-2025-00264,Meridian Trading Co.
c0e7c39b7c,ACC-PAY-2025-00335,P1,Payment Entry,Payment Entry,2,2025-05-26,2025-05-26 08:56:19.568298,ar.clerk@meridian.example,1210 - Primary Checking - MTC,1210,Primary Checking,Asset,86.75,0.0,,,Cascade Outfitters,,Amount USD 86.75 received from Cascade Outfitters | Transaction reference no ACH-25-00264 dated 2025-05-26 | Amount USD 86.75 adjusted against Sales Invoice ACC-SINV-2025-00264,Meridian Trading Co.
0dda3d160d,ACC-PINV-2025-00134,P1,Purchase Invoice,Purchase Invoice,1,2025-05-26,2025-05-26 09:39:28.601732,ap.clerk@meridian.example,2110 - Creditors - MTC,2110,Creditors,Liability,0.0,5398.83,Supplier,Vulcan Materials Co,5111 - Cost of Goods Sold - MTC,,Vulcan Materials Co May 2025 billing,Meridian Trading Co.
fe36812f74,ACC-PINV-2025-00134,P1,Purchase Invoice,Purchase Invoice,2,2025-05-26,2025-05-26 09:39:28.601732,ap.clerk@meridian.example,5111 - Cost of Goods Sold - MTC,5111,Cost of Goods Sold,Expense,5398.83,0.0,,,Vulcan Materials Co,Warehouse - MTC,Vulcan Materials Co May 2025 billing,Meridian Trading Co.
0ae8788b5a,ACC-SINV-2025-00230,P1,Sales Invoice,Sales Invoice,1,2025-05-26,2025-05-26 12:32:39.127504,ar.clerk@meridian.example,4110 - Sales - MTC,4110,Sales,Income,0.0,121.15,,,Marlowe Interiors,Sales Ops - MTC,Customer order Marlowe Interiors May 2025,Meridian Trading Co.
4772938291,ACC-SINV-2025-00230,P1,Sales Invoice,Sales Invoice,2,2025-05-26,2025-05-26 12:32:39.127504,ar.clerk@meridian.example,4110 - Sales - MTC,4110,Sales,Income,0.0,268.4,,,Marlowe Interiors,Warehouse - MTC,Customer order Marlowe Interiors May 2025,Meridian Trading Co.
b3894794ed,ACC-SINV-2025-00230,P1,Sales Invoice,Sales Invoice,3,2025-05-26,2025-05-26 12:32:39.127504,ar.clerk@meridian.example,1310 - Debtors - MTC,1310,Debtors,Asset,412.92,0.0,Customer,Marlowe Interiors,4110 - Sales - MTC,,Customer order Marlowe Interiors May 2025,Meridian Trading Co.
c7dec1aaff,ACC-SINV-2025-00230,P1,Sales Invoice,Sales Invoice,4,2025-05-26,2025-05-26 12:32:39.127504,ar.clerk@meridian.example,ST 6% - MTC,,ST 6%,Liability,0.0,23.37,,,Marlowe Interiors,Admin - MTC,Customer order Marlowe Interiors May 2025,Meridian Trading Co.
b113f31789,ACC-SINV-2025-00250,P1,Sales Invoice,Sales Invoice,1,2025-05-26,2025-05-26 11:56:29.259666,ar.clerk@meridian.example,4110 - Sales - MTC,4110,Sales,Income,0.0,3881.0,,,Cascade Outfitters,Sales Ops - MTC,Customer order Cascade Outfitters May 2025,Meridian Trading Co.
f53ec40809,ACC-SINV-2025-00250,P1,Sales Invoice,Sales Invoice,2,2025-05-26,2025-05-26 11:56:29.259666,ar.clerk@meridian.example,1310 - Debtors - MTC,1310,Debtors,Asset,4113.86,0.0,Customer,Cascade Outfitters,4110 - Sales - MTC,,Customer order Cascade Outfitters May 2025,Meridian Trading Co.
ff113fabfb,ACC-SINV-2025-00250,P1,Sales Invoice,Sales Invoice,3,2025-05-26,2025-05-26 11:56:29.259666,ar.clerk@meridian.example,ST 6% - MTC,,ST 6%,Liability,0.0,232.86,,,Cascade Outfitters,Admin - MTC,Customer order Cascade Outfitters May 2025,Meridian Trading Co.
1b5668b2df,ACC-SINV-2025-00261,P1,Sales Invoice,Sales Invoice,1,2025-05-26,2025-05-26 14:13:10.808140,ar.clerk@meridian.example,4110 - Sales - MTC,4110,Sales,Income,0.0,44.06,,,Summit Rentals,Sales Ops - MTC,Customer order Summit Rentals May 2025,Meridian Trading Co.
64818429a1,ACC-SINV-2025-00261,P1,Sales Invoice,Sales Invoice,2,2025-05-26,2025-05-26 14:13:10.808140,ar.clerk@meridian.example,4120 - Service - MTC,4120,Service,Income,0.0,6983.44,,,Summit Rentals,Warehouse - MTC,Customer order Summit Rentals May 2025,Meridian Trading Co.
7b25930345,ACC-SINV-2025-00261,P1,Sales Invoice,Sales Invoice,3,2025-05-26,2025-05-26 14:13:10.808140,ar.clerk@meridian.example,ST 6% - MTC,,ST 6%,Liability,0.0,421.65,,,Summit Rentals,Admin - MTC,Customer order Summit Rentals May 2025,Meridian Trading Co.
bb41ee9cfb,ACC-SINV-2025-00261,P1,Sales Invoice,Sales Invoice,4,2025-05-26,2025-05-26 14:13:10.808140,ar.clerk@meridian.example,1310 - Debtors - MTC,1310,Debtors,Asset,7449.15,0.0,Customer,Summit Rentals,"4120 - Service - MTC,4110 - Sales - MTC",,Customer order Summit Rentals May 2025,Meridian Trading Co.
062c886bb3,ACC-SINV-2025-00262,P1,Sales Invoice,Sales Invoice,1,2025-05-26,2025-05-26 12:05:44.646066,ar.clerk@meridian.example,4130 - Freight Income - MTC,4130,Freight Income,Income,0.0,1514.36,,,Juniper & Co,Admin - MTC,Customer order Juniper & Co May 2025,Meridian Trading Co.
70232c621d,ACC-SINV-2025-00262,P1,Sales Invoice,Sales Invoice,2,2025-05-26,2025-05-26 12:05:44.646066,ar.clerk@meridian.example,4110 - Sales - MTC,4110,Sales,Income,0.0,1329.94,,,Juniper & Co,Sales Ops - MTC,Customer order Juniper & Co May 2025,Meridian Trading Co.
91d050abd8,ACC-SINV-2025-00262,P1,Sales Invoice,Sales Invoice,3,2025-05-26,2025-05-26 12:05:44.646066,ar.clerk@meridian.example,ST 6% - MTC,,ST 6%,Liability,0.0,170.66,,,Juniper & Co,Admin - MTC,Customer order Juniper & Co May 2025,Meridian Trading Co.
c5d45b8602,ACC-SINV-2025-00262,P1,Sales Invoice,Sales Invoice,4,2025-05-26,2025-05-26 12:05:44.646066,ar.clerk@meridian.example,1310 - Debtors - MTC,1310,Debtors,Asset,3014.96,0.0,Customer,Juniper & Co,"4110 - Sales - MTC,4130 - Freight Income - MTC",,Customer order Juniper & Co May 2025,Meridian Trading Co.
1a02dbbcf2,ACC-PINV-2025-00136,P1,Purchase Invoice,Purchase Invoice,1,2025-05-27,2025-05-27 10:06:02.764611,ap.clerk@meridian.example,5111 - Cost of Goods Sold - MTC,5111,Cost of Goods Sold,Expense,574.49,0.0,,,Vulcan Materials Co,Warehouse - MTC,Vulcan Materials Co May 2025 billing,Meridian Trading Co.
fa58a9cb02,ACC-PINV-2025-00136,P1,Purchase Invoice,Purchase Invoice,2,2025-05-27,2025-05-27 10:06:02.764611,ap.clerk@meridian.example,2110 - Creditors - MTC,2110,Creditors,Liability,0.0,574.49,Supplier,Vulcan Materials Co,5111 - Cost of Goods Sold - MTC,,Vulcan Materials Co May 2025 billing,Meridian Trading Co.
10b8efed20,ACC-PINV-2025-00145,P1,Purchase Invoice,Purchase Invoice,1,2025-05-27,2025-05-27 12:24:05.435671,ap.clerk@meridian.example,2110 - Creditors - MTC,2110,Creditors,Liability,0.0,10388.51,Supplier,Metro Utilities,5217 - Utility Expenses - MTC,,Metro Utilities May 2025 billing,Meridian Trading Co.
ff9712f534,ACC-PINV-2025-00145,P1,Purchase Invoice,Purchase Invoice,2,2025-05-27,2025-05-27 12:24:05.435671,ap.clerk@meridian.example,5217 - Utility Expenses - MTC,5217,Utility Expenses,Expense,10388.51,0.0,,,Metro Utilities,Admin - MTC,Metro Utilities May 2025 billing,Meridian Trading Co.
48d65be6db,ACC-SINV-2025-00227,P1,Sales Invoice,Sales Invoice,1,2025-05-27,2025-05-27 15:55:42.843847,ar.clerk@meridian.example,4110 - Sales - MTC,4110,Sales,Income,0.0,300.99,,,Galehouse Media,Sales Ops - MTC,Customer order Galehouse Media May 2025,Meridian Trading Co.
76a3974091,ACC-SINV-2025-00227,P1,Sales Invoice,Sales Invoice,2,2025-05-27,2025-05-27 15:55:42.843847,ar.clerk@meridian.example,ST 6% - MTC,,ST 6%,Liability,0.0,41.98,,,Galehouse Media,Admin - MTC,Customer order Galehouse Media May 2025,Meridian Trading Co.
ce9248377a,ACC-SINV-2025-00227,P1,Sales Invoice,Sales Invoice,3,2025-05-27,2025-05-27 15:55:42.843847,ar.clerk@meridian.example,4110 - Sales - MTC,4110,Sales,Income,0.0,398.7,,,Galehouse Media,Warehouse - MTC,Customer order Galehouse Media May 2025,Meridian Trading Co.
fe1c88a5db,ACC-SINV-2025-00227,P1,Sales Invoice,Sales Invoice,4,2025-05-27,2025-05-27 15:55:42.843847,ar.clerk@meridian.example,1310 - Debtors - MTC,1310,Debtors,Asset,741.67,0.0,Customer,Galehouse Media,4110 - Sales - MTC,,Customer order Galehouse Media May 2025,Meridian Trading Co.
1f85d12366,ACC-SINV-2025-00236,P1,Sales Invoice,Sales Invoice,1,2025-05-27,2025-05-27 12:54:48.656877,ar.clerk@meridian.example,1310 - Debtors - MTC,1310,Debtors,Asset,449.44,0.0,Customer,Summit Rentals,4110 - Sales - MTC,,Customer order Summit Rentals May 2025,Meridian Trading Co.
aaf849deb0,ACC-SINV-2025-00236,P1,Sales Invoice,Sales Invoice,2,2025-05-27,2025-05-27 12:54:48.656877,ar.clerk@meridian.example,4110 - Sales - MTC,4110,Sales,Income,0.0,424.0,,,Summit Rentals,Sales Ops - MTC,Customer order Summit Rentals May 2025,Meridian Trading Co.
dac9e6b83a,ACC-SINV-2025-00236,P1,Sales Invoice,Sales Invoice,3,2025-05-27,2025-05-27 12:54:48.656877,ar.clerk@meridian.example,ST 6% - MTC,,ST 6%,Liability,0.0,25.44,,,Summit Rentals,Admin - MTC,Customer order Summit Rentals May 2025,Meridian Trading Co.
41d81112e5,ACC-SINV-2025-00238,P1,Sales Invoice,Sales Invoice,1,2025-05-27,2025-05-27 17:08:20.126085,ar.clerk@meridian.example,1310 - Debtors - MTC,1310,Debtors,Asset,1088.17,0.0,Customer,Marlowe Interiors,4110 - Sales - MTC,,Customer order Marlowe Interiors May 2025,Meridian Trading Co.
903adaaef5,ACC-SINV-2025-00238,P1,Sales Invoice,Sales Invoice,2,2025-05-27,2025-05-27 17:08:20.126085,ar.clerk@meridian.example,4110 - Sales - MTC,4110,Sales,Income,0.0,1026.58,,,Marlowe Interiors,Sales Ops - MTC,Customer order Marlowe Interiors May 2025,Meridian Trading Co.
da95700ed8,ACC-SINV-2025-00238,P1,Sales Invoice,Sales Invoice,3,2025-05-27,2025-05-27 17:08:20.126085,ar.clerk@meridian.example,ST 6% - MTC,,ST 6%,Liability,0.0,61.59,,,Marlowe Interiors,Admin - MTC,Customer order Marlowe Interiors May 2025,Meridian Trading Co.
530f226863,ACC-SINV-2025-00249,P1,Sales Invoice,Sales Invoice,1,2025-05-27,2025-05-27 11:04:50.719784,ar.clerk@meridian.example,4130 - Freight Income - MTC,4130,Freight Income,Income,0.0,1867.53,,,Bluepine Hardware,Admin - MTC,Customer order Bluepine Hardware May 2025,Meridian Trading Co.
6bd39afe82,ACC-SINV-2025-00249,P1,Sales Invoice,Sales Invoice,2,2025-05-27,2025-05-27 11:04:50.719784,ar.clerk@meridian.example,4110 - Sales - MTC,4110,Sales,Income,0.0,900.64,,,Bluepine Hardware,Warehouse - MTC,Customer order Bluepine Hardware May 2025,Meridian Trading Co.
aafcb4c470,ACC-SINV-2025-00249,P1,Sales Invoice,Sales Invoice,3,2025-05-27,2025-05-27 11:04:50.719784,ar.clerk@meridian.example,1310 - Debtors - MTC,1310,Debtors,Asset,30620.04,0.0,Customer,Bluepine Hardware,"4110 - Sales - MTC,4130 - Freight Income - MTC,4120 - Service - MTC",,Customer order Bluepine Hardware May 2025,Meridian Trading Co.
c286bacdad,ACC-SINV-2025-00249,P1,Sales Invoice,Sales Invoice,4,2025-05-27,2025-05-27 11:04:50.719784,ar.clerk@meridian.example,4120 - Service - MTC,4120,Service,Income,0.0,9076.8,,,Bluepine Hardware,Sales Ops - MTC,Customer order Bluepine Hardware May 2025,Meridian Trading Co.
c81031c698,ACC-SINV-2025-00249,P1,Sales Invoice,Sales Invoice,5,2025-05-27,2025-05-27 11:04:50.719784,ar.clerk@meridian.example,4120 - Service - MTC,4120,Service,Income,0.0,17041.86,,,Bluepine Hardware,Warehouse - MTC,Customer order Bluepine Hardware May 2025,Meridian Trading Co.
e005b46774,ACC-SINV-2025-00249,P1,Sales Invoice,Sales Invoice,6,2025-05-27,2025-05-27 11:04:50.719784,ar.clerk@meridian.example,ST 6% - MTC,,ST 6%,Liability,0.0,1733.21,,,Bluepine Hardware,Admin - MTC,Customer order Bluepine Hardware May 2025,Meridian Trading Co.
1cccd4d466,ACC-SINV-2025-00271,P1,Sales Invoice,Sales Invoice,1,2025-05-27,2025-05-27 10:15:27.346891,ar.clerk@meridian.example,4110 - Sales - MTC,4110,Sales,Income,0.0,949.89,,,Redcedar Builders,Sales Ops - MTC,Customer order Redcedar Builders May 2025,Meridian Trading Co.
440d01e66a,ACC-SINV-2025-00271,P1,Sales Invoice,Sales Invoice,2,2025-05-27,2025-05-27 10:15:27.346891,ar.clerk@meridian.example,1310 - Debtors - MTC,1310,Debtors,Asset,1074.19,0.0,Customer,Redcedar Builders,4110 - Sales - MTC,,Customer order Redcedar Builders May 2025,Meridian Trading Co.
650b34fc13,ACC-SINV-2025-00271,P1,Sales Invoice,Sales Invoice,3,2025-05-27,2025-05-27 10:15:27.346891,ar.clerk@meridian.example,ST 6% - MTC,,ST 6%,Liability,0.0,60.8,,,Redcedar Builders,Admin - MTC,Customer order Redcedar Builders May 2025,Meridian Trading Co.
f6545700d6,ACC-SINV-2025-00271,P1,Sales Invoice,Sales Invoice,4,2025-05-27,2025-05-27 10:15:27.346891,ar.clerk@meridian.example,4110 - Sales - MTC,4110,Sales,Income,0.0,63.5,,,Redcedar Builders,Warehouse - MTC,Customer order Redcedar Builders May 2025,Meridian Trading Co.
b3fede05ae,ACC-JV-2025-00048,P1,Journal Entry,Journal Entry,1,2025-05-28,2025-05-28 09:32:14.534514,controller@meridian.example,5207 - Marketing Expenses - MTC,5207,Marketing Expenses,Expense,0.0,3118.85,,,5217 - Utility Expenses - MTC,Admin - MTC,,Meridian Trading Co.
c653e09296,ACC-JV-2025-00048,P1,Journal Entry,Journal Entry,2,2025-05-28,2025-05-28 09:32:14.534514,controller@meridian.example,5217 - Utility Expenses - MTC,5217,Utility Expenses,Expense,3118.85,0.0,,,5207 - Marketing Expenses - MTC,Admin - MTC,,Meridian Trading Co.
70c11f3d5c,ACC-PAY-2025-00267,P1,Payment Entry,Payment Entry,1,2025-05-28,2025-05-28 15:21:49.396010,ar.clerk@meridian.example,1310 - Debtors - MTC,1310,Debtors,Asset,0.0,2595.08,Customer,Ferrous Works,1210 - Primary Checking - MTC,,Amount USD 2595.08 received from Ferrous Works | Transaction reference no ACH-25-00216 dated 2025-05-28 | Amount USD 2595.08 adjusted against Sales Invoice ACC-SINV-2025-00216,Meridian Trading Co.
a9e7d844fc,ACC-PAY-2025-00267,P1,Payment Entry,Payment Entry,2,2025-05-28,2025-05-28 15:21:49.396010,ar.clerk@meridian.example,1210 - Primary Checking - MTC,1210,Primary Checking,Asset,2595.08,0.0,,,Ferrous Works,,Amount USD 2595.08 received from Ferrous Works | Transaction reference no ACH-25-00216 dated 2025-05-28 | Amount USD 2595.08 adjusted against Sales Invoice ACC-SINV-2025-00216,Meridian Trading Co.
1a55600793,ACC-PINV-2025-00130,P1,Purchase Invoice,Purchase Invoice,1,2025-05-28,2025-05-28 10:33:45.268187,ap.clerk@meridian.example,5111 - Cost of Goods Sold - MTC,5111,Cost of Goods Sold,Expense,2126.72,0.0,,,Orchard Wholesale,Warehouse - MTC,Orchard Wholesale May 2025 billing,Meridian Trading Co.
20c7432236,ACC-PINV-2025-00130,P1,Purchase Invoice,Purchase Invoice,2,2025-05-28,2025-05-28 10:33:45.268187,ap.clerk@meridian.example,2110 - Creditors - MTC,2110,Creditors,Liability,0.0,2126.72,Supplier,Orchard Wholesale,5111 - Cost of Goods Sold - MTC,,Orchard Wholesale May 2025 billing,Meridian Trading Co.
3b86772583,ACC-PINV-2025-00153,P1,Purchase Invoice,Purchase Invoice,1,2025-05-28,2025-05-28 10:55:39.116168,ap.clerk@meridian.example,2110 - Creditors - MTC,2110,Creditors,Liability,0.0,1759.83,Supplier,Fairbanks Consulting,5226 - Contractor Services - MTC,,Fairbanks Consulting May 2025 billing,Meridian Trading Co.
b6e5c875ea,ACC-PINV-2025-00153,P1,Purchase Invoice,Purchase Invoice,2,2025-05-28,2025-05-28 10:55:39.116168,ap.clerk@meridian.example,5226 - Contractor Services - MTC,5226,Contractor Services,Expense,1759.83,0.0,,,Fairbanks Consulting,Admin - MTC,Fairbanks Consulting May 2025 billing,Meridian Trading Co.
16f83475a4,ACC-PINV-2025-00154,P1,Purchase Invoice,Purchase Invoice,1,2025-05-28,2025-05-28 09:45:35.362104,ap.clerk@meridian.example,2110 - Creditors - MTC,2110,Creditors,Liability,0.0,523.46,Supplier,Fairbanks Consulting,5226 - Contractor Services - MTC,,Fairbanks Consulting May 2025 billing,Meridian Trading Co.
3001e12796,ACC-PINV-2025-00154,P1,Purchase Invoice,Purchase Invoice,2,2025-05-28,2025-05-28 09:45:35.362104,ap.clerk@meridian.example,5226 - Contractor Services - MTC,5226,Contractor Services,Expense,523.46,0.0,,,Fairbanks Consulting,Admin - MTC,Fairbanks Consulting May 2025 billing,Meridian Trading Co.
04f23af715,ACC-PINV-2025-00138,P1,Purchase Invoice,Purchase Invoice,1,2025-05-29,2025-05-29 08:53:38.151377,ap.clerk@meridian.example,5205 - Freight and Forwarding Charges - MTC,5205,Freight and Forwarding Charges,Expense,14375.43,0.0,,,Beacon Freight,Admin - MTC,Beacon Freight May 2025 billing,Meridian Trading Co.
1dcb419ad9,ACC-PINV-2025-00138,P1,Purchase Invoice,Purchase Invoice,2,2025-05-29,2025-05-29 08:53:38.151377,ap.clerk@meridian.example,5204 - Entertainment Expenses - MTC,5204,Entertainment Expenses,Expense,841.4,0.0,,,Beacon Freight,Admin - MTC,Beacon Freight May 2025 billing,Meridian Trading Co.
f3b9ace7be,ACC-PINV-2025-00138,P1,Purchase Invoice,Purchase Invoice,3,2025-05-29,2025-05-29 08:53:38.151377,ap.clerk@meridian.example,2110 - Creditors - MTC,2110,Creditors,Liability,0.0,15216.83,Supplier,Beacon Freight,"5205 - Freight and Forwarding Charges - MTC,5204 - Entertainment Expenses - MTC",,Beacon Freight May 2025 billing,Meridian Trading Co.
77e7c33814,ACC-SINV-2025-00233,P1,Sales Invoice,Sales Invoice,1,2025-05-29,2025-05-29 12:28:00.381049,ar.clerk@meridian.example,ST 6% - MTC,,ST 6%,Liability,0.0,1292.95,,,Northwind Retail,Admin - MTC,Customer order Northwind Retail May 2025,Meridian Trading Co.
98e8346906,ACC-SINV-2025-00233,P1,Sales Invoice,Sales Invoice,2,2025-05-29,2025-05-29 12:28:00.381049,ar.clerk@meridian.example,1310 - Debtors - MTC,1310,Debtors,Asset,22842.19,0.0,Customer,Northwind Retail,"4110 - Sales - MTC,4120 - Service - MTC",,Customer order Northwind Retail May 2025,Meridian Trading Co.
d54919aaf6,ACC-SINV-2025-00233,P1,Sales Invoice,Sales Invoice,3,2025-05-29,2025-05-29 12:28:00.381049,ar.clerk@meridian.example,4110 - Sales - MTC,4110,Sales,Income,0.0,1911.72,,,Northwind Retail,Warehouse - MTC,Customer order Northwind Retail May 2025,Meridian Trading Co.
dc2bb0e14b,ACC-SINV-2025-00233,P1,Sales Invoice,Sales Invoice,4,2025-05-29,2025-05-29 12:28:00.381049,ar.clerk@meridian.example,4120 - Service - MTC,4120,Service,Income,0.0,19637.52,,,Northwind Retail,Warehouse - MTC,Customer order Northwind Retail May 2025,Meridian Trading Co.
12a325f5f8,ACC-SINV-2025-00273,P1,Sales Invoice,Credit Note,1,2025-05-29,2025-05-29 18:05:08.407419,ar.clerk@meridian.example,4130 - Freight Income - MTC,4130,Freight Income,Income,647.78,0.0,,,Halstrom Supply,Admin - MTC,Return against ACC-SINV-2025-00242,Meridian Trading Co.
f409764191,ACC-SINV-2025-00273,P1,Sales Invoice,Credit Note,2,2025-05-29,2025-05-29 18:05:08.407419,ar.clerk@meridian.example,1310 - Debtors - MTC,1310,Debtors,Asset,0.0,647.78,Customer,Halstrom Supply,4130 - Freight Income - MTC,,Return against ACC-SINV-2025-00242,Meridian Trading Co.
5247e1f66f,ACC-JV-2025-00040,P1,Journal Entry,Journal Entry,1,2025-05-30,2025-05-31 02:10:09.820744,batch.bot@meridian.example,2120 - Payroll Payable - MTC,2120,Payroll Payable,Liability,0.0,43983.62,,,5213 - Salary - MTC,Admin - MTC,,Meridian Trading Co.
55a3b42b08,ACC-JV-2025-00040,P1,Journal Entry,Journal Entry,2,2025-05-30,2025-05-31 02:10:09.820744,batch.bot@meridian.example,5213 - Salary - MTC,5213,Salary,Expense,15552.25,0.0,,,"2320 - Tax Withholding Payable - MTC, 2120 - Payroll Payable - MTC",Warehouse - MTC,,Meridian Trading Co.
9ce366a75a,ACC-JV-2025-00040,P1,Journal Entry,Journal Entry,3,2025-05-30,2025-05-31 02:10:09.820744,batch.bot@meridian.example,5213 - Salary - MTC,5213,Salary,Expense,19606.56,0.0,,,"2320 - Tax Withholding Payable - MTC, 2120 - Payroll Payable - MTC",Admin - MTC,,Meridian Trading Co.
dc585d18a3,ACC-JV-2025-00040,P1,Journal Entry,Journal Entry,4,2025-05-30,2025-05-31 02:10:09.820744,batch.bot@meridian.example,5213 - Salary - MTC,5213,Salary,Expense,21521.11,0.0,,,"2320 - Tax Withholding Payable - MTC, 2120 - Payroll Payable - MTC",Sales Ops - MTC,,Meridian Trading Co.
ea11013ac9,ACC-JV-2025-00040,P1,Journal Entry,Journal Entry,5,2025-05-30,2025-05-31 02:10:09.820744,batch.bot@meridian.example,2320 - Tax Withholding Payable - MTC,2320,Tax Withholding Payable,Liability,0.0,12696.3,,,5213 - Salary - MTC,Admin - MTC,,Meridian Trading Co.
27c83738c3,ACC-JV-2025-00042,P1,Journal Entry,Depreciation Entry,1,2025-05-30,2025-05-31 02:18:12.035375,batch.bot@meridian.example,1780 - Accumulated Depreciation - MTC,1780,Accumulated Depreciation,Asset,0.0,3416.67,,,5203 - Depreciation - MTC,Admin - MTC,,Meridian Trading Co.
b6c6a331fb,ACC-JV-2025-00042,P1,Journal Entry,Depreciation Entry,2,2025-05-30,2025-05-31 02:18:12.035375,batch.bot@meridian.example,5203 - Depreciation - MTC,5203,Depreciation,Expense,2158.33,0.0,,,1780 - Accumulated Depreciation - MTC,Warehouse - MTC,,Meridian Trading Co.
ceee2f5846,ACC-JV-2025-00042,P1,Journal Entry,Depreciation Entry,3,2025-05-30,2025-05-31 02:18:12.035375,batch.bot@meridian.example,5203 - Depreciation - MTC,5203,Depreciation,Expense,1258.34,0.0,,,1780 - Accumulated Depreciation - MTC,Admin - MTC,,Meridian Trading Co.
5804305f10,ACC-JV-2025-00043,P1,Journal Entry,Journal Entry,1,2025-05-30,2025-05-31 03:09:00.206841,batch.bot@meridian.example,5228 - Insurance Expense - MTC,5228,Insurance Expense,Expense,1450.0,0.0,,,1660 - Prepaid Expenses - MTC,Admin - MTC,,Meridian Trading Co.
d3e341830a,ACC-JV-2025-00043,P1,Journal Entry,Journal Entry,2,2025-05-30,2025-05-31 03:09:00.206841,batch.bot@meridian.example,1660 - Prepaid Expenses - MTC,1660,Prepaid Expenses,Asset,0.0,1450.0,,,5228 - Insurance Expense - MTC,Admin - MTC,,Meridian Trading Co.
102c4197de,ACC-JV-2025-00044,P1,Journal Entry,Journal Entry,1,2025-05-30,2025-05-30 13:49:17.543000,controller@meridian.example,5217 - Utility Expenses - MTC,5217,Utility Expenses,Expense,0.0,2304.08,,,"5215 - Telephone Expenses - MTC, 5209 - Office Rent - MTC, 5217 - Utility Expenses - MTC",Admin - MTC,,Meridian Trading Co.
17e69517c5,ACC-JV-2025-00044,P1,Journal Entry,Journal Entry,2,2025-05-30,2025-05-30 13:49:17.543000,controller@meridian.example,5209 - Office Rent - MTC,5209,Office Rent,Expense,4479.51,0.0,,,"5215 - Telephone Expenses - MTC, 5209 - Office Rent - MTC, 5217 - Utility Expenses - MTC",Sales Ops - MTC,,Meridian Trading Co.
2dcfa1e4a0,ACC-JV-2025-00044,P1,Journal Entry,Journal Entry,3,2025-05-30,2025-05-30 13:49:17.543000,controller@meridian.example,5217 - Utility Expenses - MTC,5217,Utility Expenses,Expense,1296.05,0.0,,,"5215 - Telephone Expenses - MTC, 5209 - Office Rent - MTC, 5217 - Utility Expenses - MTC",Sales Ops - MTC,,Meridian Trading Co.
6297084b5a,ACC-JV-2025-00044,P1,Journal Entry,Journal Entry,4,2025-05-30,2025-05-30 13:49:17.543000,controller@meridian.example,5217 - Utility Expenses - MTC,5217,Utility Expenses,Expense,1008.03,0.0,,,"5215 - Telephone Expenses - MTC, 5209 - Office Rent - MTC, 5217 - Utility Expenses - MTC",Warehouse - MTC,,Meridian Trading Co.
776f442f6e,ACC-JV-2025-00044,P1,Journal Entry,Journal Entry,5,2025-05-30,2025-05-30 13:49:17.543000,controller@meridian.example,5215 - Telephone Expenses - MTC,5215,Telephone Expenses,Expense,551.08,0.0,,,"5215 - Telephone Expenses - MTC, 5209 - Office Rent - MTC, 5217 - Utility Expenses - MTC",Sales Ops - MTC,,Meridian Trading Co.
7bffc74e9c,ACC-JV-2025-00044,P1,Journal Entry,Journal Entry,6,2025-05-30,2025-05-30 13:49:17.543000,controller@meridian.example,5209 - Office Rent - MTC,5209,Office Rent,Expense,3484.06,0.0,,,"5215 - Telephone Expenses - MTC, 5209 - Office Rent - MTC, 5217 - Utility Expenses - MTC",Warehouse - MTC,,Meridian Trading Co.
8fb9e1df56,ACC-JV-2025-00044,P1,Journal Entry,Journal Entry,7,2025-05-30,2025-05-30 13:49:17.543000,controller@meridian.example,5215 - Telephone Expenses - MTC,5215,Telephone Expenses,Expense,428.62,0.0,,,"5215 - Telephone Expenses - MTC, 5209 - Office Rent - MTC, 5217 - Utility Expenses - MTC",Warehouse - MTC,,Meridian Trading Co.
93380e19a2,ACC-JV-2025-00044,P1,Journal Entry,Journal Entry,8,2025-05-30,2025-05-30 13:49:17.543000,controller@meridian.example,5209 - Office Rent - MTC,5209,Office Rent,Expense,0.0,7963.57,,,"5215 - Telephone Expenses - MTC, 5209 - Office Rent - MTC, 5217 - Utility Expenses - MTC",Admin - MTC,,Meridian Trading Co.
f2a8c5e47a,ACC-JV-2025-00044,P1,Journal Entry,Journal Entry,9,2025-05-30,2025-05-30 13:49:17.543000,controller@meridian.example,5215 - Telephone Expenses - MTC,5215,Telephone Expenses,Expense,0.0,979.7,,,"5215 - Telephone Expenses - MTC, 5209 - Office Rent - MTC, 5217 - Utility Expenses - MTC",Admin - MTC,,Meridian Trading Co.
1129e4e005,ACC-JV-2025-00047,P1,Journal Entry,Journal Entry,1,2025-05-30,2025-05-30 18:22:44.900011,controller@meridian.example,5207 - Marketing Expenses - MTC,5207,Marketing Expenses,Expense,3387.74,0.0,,,5216 - Travel Expenses - MTC,Admin - MTC,,Meridian Trading Co.
86e7fe30f1,ACC-JV-2025-00047,P1,Journal Entry,Journal Entry,2,2025-05-30,2025-05-30 18:22:44.900011,controller@meridian.example,5216 - Travel Expenses - MTC,5216,Travel Expenses,Expense,0.0,3387.74,,,5207 - Marketing Expenses - MTC,Admin - MTC,,Meridian Trading Co.
7fa6dff7be,ACC-PAY-2025-00243,P1,Payment Entry,Payment Entry,1,2025-05-30,2025-05-30 09:40:24.640261,ar.clerk@meridian.example,1210 - Primary Checking - MTC,1210,Primary Checking,Asset,8555.31,0.0,,,Galehouse Media,,Amount USD 8555.31 received from Galehouse Media | Transaction reference no ACH-25-00191 dated 2025-05-30 | Amount USD 8555.31 adjusted against Sales Invoice ACC-SINV-2025-00191,Meridian Trading Co.
e8dfb8c739,ACC-PAY-2025-00243,P1,Payment Entry,Payment Entry,2,2025-05-30,2025-05-30 09:40:24.640261,ar.clerk@meridian.example,1310 - Debtors - MTC,1310,Debtors,Asset,0.0,8555.31,Customer,Galehouse Media,1210 - Primary Checking - MTC,,Amount USD 8555.31 received from Galehouse Media | Transaction reference no ACH-25-00191 dated 2025-05-30 | Amount USD 8555.31 adjusted against Sales Invoice ACC-SINV-2025-00191,Meridian Trading Co.
35f9dfc692,ACC-PAY-2025-00297,P1,Payment Entry,Payment Entry,1,2025-05-30,2025-05-30 10:51:24.169938,ap.clerk@meridian.example,2110 - Creditors - MTC,2110,Creditors,Liability,9355.5,0.0,Supplier,Quill Marketing Group,1210 - Primary Checking - MTC,,Amount USD 9355.5 paid to Quill Marketing Group | Transaction reference no ACH-25-00119 dated 2025-05-30 | Amount USD 9355.5 adjusted against Purchase Invoice ACC-PINV-2025-00119,Meridian Trading Co.
4c768e82d5,ACC-PAY-2025-00297,P1,Payment Entry,Payment Entry,2,2025-05-30,2025-05-30 10:51:24.169938,ap.clerk@meridian.example,1210 - Primary Checking - MTC,1210,Primary Checking,Asset,0.0,9355.5,,,Quill Marketing Group,,Amount USD 9355.5 paid to Quill Marketing Group | Transaction reference no ACH-25-00119 dated 2025-05-30 | Amount USD 9355.5 adjusted against Purchase Invoice ACC-PINV-2025-00119,Meridian Trading Co.
2ba2457831,ACC-PAY-2025-00339,P1,Payment Entry,Payment Entry,1,2025-05-30,2025-05-30 18:00:26.677289,ar.clerk@meridian.example,1310 - Debtors - MTC,1310,Debtors,Asset,0.0,910.1,Customer,Timberline Schools,1210 - Primary Checking - MTC,,Amount USD 910.1 received from Timberline Schools | Transaction reference no ACH-25-00268 dated 2025-05-30 | Amount USD 910.1 adjusted against Sales Invoice ACC-SINV-2025-00268,Meridian Trading Co.
9d78527b45,ACC-PAY-2025-00339,P1,Payment Entry,Payment Entry,2,2025-05-30,2025-05-30 18:00:26.677289,ar.clerk@meridian.example,1210 - Primary Checking - MTC,1210,Primary Checking,Asset,910.1,0.0,,,Timberline Schools,,Amount USD 910.1 received from Timberline Schools | Transaction reference no ACH-25-00268 dated 2025-05-30 | Amount USD 910.1 adjusted against Sales Invoice ACC-SINV-2025-00268,Meridian Trading Co.
32292d5872,ACC-PAY-2025-00351,P1,Payment Entry,Payment Entry,1,2025-05-30,2025-05-30 13:47:20.144433,ap.clerk@meridian.example,2110 - Creditors - MTC,2110,Creditors,Liability,16233.38,0.0,Supplier,Vulcan Materials Co,1210 - Primary Checking - MTC,,Amount USD 16233.38 paid to Vulcan Materials Co | Transaction reference no ACH-25-00137 dated 2025-05-30 | Amount USD 16233.38 adjusted against Purchase Invoice ACC-PINV-2025-00137,Meridian Trading Co.
487212001e,ACC-PAY-2025-00351,P1,Payment Entry,Payment Entry,2,2025-05-30,2025-05-30 13:47:20.144433,ap.clerk@meridian.example,1210 - Primary Checking - MTC,1210,Primary Checking,Asset,0.0,16233.38,,,Vulcan Materials Co,,Amount USD 16233.38 paid to Vulcan Materials Co | Transaction reference no ACH-25-00137 dated 2025-05-30 | Amount USD 16233.38 adjusted against Purchase Invoice ACC-PINV-2025-00137,Meridian Trading Co.
4383349e81,ACC-PINV-2025-00135,P1,Purchase Invoice,Purchase Invoice,1,2025-05-30,2025-05-30 14:21:07.226600,ap.clerk@meridian.example,2110 - Creditors - MTC,2110,Creditors,Liability,0.0,16118.8,Supplier,Vulcan Materials Co,5111 - Cost of Goods Sold - MTC,,Vulcan Materials Co May 2025 billing,Meridian Trading Co.
8228dfcfc2,ACC-PINV-2025-00135,P1,Purchase Invoice,Purchase Invoice,2,2025-05-30,2025-05-30 14:21:07.226600,ap.clerk@meridian.example,5111 - Cost of Goods Sold - MTC,5111,Cost of Goods Sold,Expense,16118.8,0.0,,,Vulcan Materials Co,Warehouse - MTC,Vulcan Materials Co May 2025 billing,Meridian Trading Co.
deb0439d14,ACC-SINV-2025-00243,P1,Sales Invoice,Sales Invoice,1,2025-05-30,2025-05-30 18:22:05.768027,ar.clerk@meridian.example,4110 - Sales - MTC,4110,Sales,Income,0.0,18.39,,,Ovation Events,Sales Ops - MTC,Customer order Ovation Events May 2025,Meridian Trading Co.
e769f87803,ACC-SINV-2025-00243,P1,Sales Invoice,Sales Invoice,2,2025-05-30,2025-05-30 18:22:05.768027,ar.clerk@meridian.example,1310 - Debtors - MTC,1310,Debtors,Asset,18.39,0.0,Customer,Ovation Events,4110 - Sales - MTC,,Customer order Ovation Events May 2025,Meridian Trading Co.
4928a4cede,ACC-SINV-2025-00252,P1,Sales Invoice,Sales Invoice,1,2025-05-30,2025-05-30 14:30:34.283235,ar.clerk@meridian.example,4110 - Sales - MTC,4110,Sales,Income,0.0,209.17,,,Timberline Schools,Sales Ops - MTC,Customer order Timberline Schools May 2025,Meridian Trading Co.
544ee2ce4c,ACC-SINV-2025-00252,P1,Sales Invoice,Sales Invoice,2,2025-05-30,2025-05-30 14:30:34.283235,ar.clerk@meridian.example,1310 - Debtors - MTC,1310,Debtors,Asset,758.68,0.0,Customer,Timberline Schools,4110 - Sales - MTC,,Customer order Timberline Schools May 2025,Meridian Trading Co.
927a697bd8,ACC-SINV-2025-00252,P1,Sales Invoice,Sales Invoice,3,2025-05-30,2025-05-30 14:30:34.283235,ar.clerk@meridian.example,4110 - Sales - MTC,4110,Sales,Income,0.0,549.51,,,Timberline Schools,Warehouse - MTC,Customer order Timberline Schools May 2025,Meridian Trading Co.
08bd0b1f99,ACC-SINV-2025-00253,P1,Sales Invoice,Sales Invoice,1,2025-05-30,2025-05-30 10:40:16.498448,ar.clerk@meridian.example,4110 - Sales - MTC,4110,Sales,Income,0.0,338.73,,,Northwind Retail,Sales Ops - MTC,Customer order Northwind Retail May 2025,Meridian Trading Co.
533bdedb40,ACC-SINV-2025-00253,P1,Sales Invoice,Sales Invoice,2,2025-05-30,2025-05-30 10:40:16.498448,ar.clerk@meridian.example,4110 - Sales - MTC,4110,Sales,Income,0.0,1632.5,,,Northwind Retail,Warehouse - MTC,Customer order Northwind Retail May 2025,Meridian Trading Co.
b64c79aaf9,ACC-SINV-2025-00253,P1,Sales Invoice,Sales Invoice,3,2025-05-30,2025-05-30 10:40:16.498448,ar.clerk@meridian.example,ST 6% - MTC,,ST 6%,Liability,0.0,118.27,,,Northwind Retail,Admin - MTC,Customer order Northwind Retail May 2025,Meridian Trading Co.
cd5c6600b9,ACC-SINV-2025-00253,P1,Sales Invoice,Sales Invoice,4,2025-05-30,2025-05-30 10:40:16.498448,ar.clerk@meridian.example,1310 - Debtors - MTC,1310,Debtors,Asset,2089.5,0.0,Customer,Northwind Retail,4110 - Sales - MTC,,Customer order Northwind Retail May 2025,Meridian Trading Co.
6599da0571,ACC-PAY-2025-00248,P1,Payment Entry,Payment Entry,1,2025-05-31,2025-06-02 12:03:18.006769,ar.clerk@meridian.example,1210 - Primary Checking - MTC,1210,Primary Checking,Asset,1329.84,0.0,,,Ovation Events,,Amount USD 1329.84 received from Ovation Events | Transaction reference no ACH-25-00196 dated 2025-05-31 | Amount USD 1329.84 adjusted against Sales Invoice ACC-SINV-2025-00196,Meridian Trading Co.
e6d99c3eea,ACC-PAY-2025-00248,P1,Payment Entry,Payment Entry,2,2025-05-31,2025-06-02 12:03:18.006769,ar.clerk@meridian.example,1310 - Debtors - MTC,1310,Debtors,Asset,0.0,1329.84,Customer,Ovation Events,1210 - Primary Checking - MTC,,Amount USD 1329.84 received from Ovation Events | Transaction reference no ACH-25-00196 dated 2025-05-31 | Amount USD 1329.84 adjusted against Sales Invoice ACC-SINV-2025-00196,Meridian Trading Co.
69c7f83139,ACC-PAY-2025-00261,P1,Payment Entry,Payment Entry,1,2025-05-31,2025-06-02 09:17:40.454741,ar.clerk@meridian.example,1210 - Primary Checking - MTC,1210,Primary Checking,Asset,2.62,0.0,,,Summit Rentals,,Amount USD 2.62 received from Summit Rentals | Transaction reference no ACH-25-00210 dated 2025-05-31 | Amount USD 2.62 adjusted against Sales Invoice ACC-SINV-2025-00210,Meridian Trading Co.
7c8e4e7682,ACC-PAY-2025-00261,P1,Payment Entry,Payment Entry,2,2025-05-31,2025-06-02 09:17:40.454741,ar.clerk@meridian.example,1310 - Debtors - MTC,1310,Debtors,Asset,0.0,2.62,Customer,Summit Rentals,1210 - Primary Checking - MTC,,Amount USD 2.62 received from Summit Rentals | Transaction reference no ACH-25-00210 dated 2025-05-31 | Amount USD 2.62 adjusted against Sales Invoice ACC-SINV-2025-00210,Meridian Trading Co.
0614e7accd,ACC-PAY-2025-00225,P1,Payment Entry,Payment Entry,1,2025-06-01,2025-06-02 10:43:38.217803,ar.clerk@meridian.example,1210 - Primary Checking - MTC,1210,Primary Checking,Asset,816.89,0.0,,,Bluepine Hardware,,Amount USD 816.89 received from Bluepine Hardware | Transaction reference no ACH-25-00170 dated 2025-06-01 | Amount USD 816.89 adjusted against Sales Invoice ACC-SINV-2025-00170,Meridian Trading Co.
a59eabfcc1,ACC-PAY-2025-00225,P1,Payment Entry,Payment Entry,2,2025-06-01,2025-06-02 10:43:38.217803,ar.clerk@meridian.example,1310 - Debtors - MTC,1310,Debtors,Asset,0.0,816.89,Customer,Bluepine Hardware,1210 - Primary Checking - MTC,,Amount USD 816.89 received from Bluepine Hardware | Transaction reference no ACH-25-00170 dated 2025-06-01 | Amount USD 816.89 adjusted against Sales Invoice ACC-SINV-2025-00170,Meridian Trading Co.
4171bec6ac,ACC-PAY-2025-00250,P1,Payment Entry,Payment Entry,1,2025-06-01,2025-06-02 08:57:07.588968,ar.clerk@meridian.example,1310 - Debtors - MTC,1310,Debtors,Asset,0.0,3361.42,Customer,Galehouse Media,1210 - Primary Checking - MTC,,Amount USD 3361.42 received from Galehouse Media | Transaction reference no ACH-25-00199 dated 2025-06-01 | Amount USD 3361.42 adjusted against Sales Invoice ACC-SINV-2025-00199,Meridian Trading Co.
754a81cfbc,ACC-PAY-2025-00250,P1,Payment Entry,Payment Entry,2,2025-06-01,2025-06-02 08:57:07.588968,ar.clerk@meridian.example,1210 - Primary Checking - MTC,1210,Primary Checking,Asset,3361.42,0.0,,,Galehouse Media,,Amount USD 3361.42 received from Galehouse Media | Transaction reference no ACH-25-00199 dated 2025-06-01 | Amount USD 3361.42 adjusted against Sales Invoice ACC-SINV-2025-00199,Meridian Trading Co.
87449eef40,ACC-PAY-2025-00284,P1,Payment Entry,Payment Entry,1,2025-06-01,2025-06-02 08:56:23.016461,ap.clerk@meridian.example,2110 - Creditors - MTC,2110,Creditors,Liability,2538.89,0.0,Supplier,Vulcan Materials Co,1210 - Primary Checking - MTC,,Amount USD 2538.89 paid to Vulcan Materials Co | Transaction reference no ACH-25-00106 dated 2025-06-01 | Amount USD 2538.89 adjusted against Purchase Invoice ACC-PINV-2025-00106,Meridian Trading Co.
91f0d32bc3,ACC-PAY-2025-00284,P1,Payment Entry,Payment Entry,2,2025-06-01,2025-06-02 08:56:23.016461,ap.clerk@meridian.example,1210 - Primary Checking - MTC,1210,Primary Checking,Asset,0.0,2538.89,,,Vulcan Materials Co,,Amount USD 2538.89 paid to Vulcan Materials Co | Transaction reference no ACH-25-00106 dated 2025-06-01 | Amount USD 2538.89 adjusted against Purchase Invoice ACC-PINV-2025-00106,Meridian Trading Co.
e524a41d00,ACC-PAY-2025-00354,P1,Payment Entry,Payment Entry,1,2025-06-01,2025-06-02 10:44:45.309208,ap.clerk@meridian.example,2110 - Creditors - MTC,2110,Creditors,Liability,16860.59,0.0,Supplier,Beacon Freight,1210 - Primary Checking - MTC,,Amount USD 16860.59 paid to Beacon Freight | Transaction reference no ACH-25-00140 dated 2025-06-01 | Amount USD 16860.59 adjusted against Purchase Invoice ACC-PINV-2025-00140,Meridian Trading Co.
f32d8eab12,ACC-PAY-2025-00354,P1,Payment Entry,Payment Entry,2,2025-06-01,2025-06-02 10:44:45.309208,ap.clerk@meridian.example,1210 - Primary Checking - MTC,1210,Primary Checking,Asset,0.0,16860.59,,,Beacon Freight,,Amount USD 16860.59 paid to Beacon Freight | Transaction reference no ACH-25-00140 dated 2025-06-01 | Amount USD 16860.59 adjusted against Purchase Invoice ACC-PINV-2025-00140,Meridian Trading Co.
271863fdce,ACC-PAY-2025-00365,P1,Payment Entry,Payment Entry,1,2025-06-01,2025-06-02 12:41:14.184468,ap.clerk@meridian.example,1210 - Primary Checking - MTC,1210,Primary Checking,Asset,0.0,9174.64,,,Fairbanks Consulting,,Amount USD 9174.64 paid to Fairbanks Consulting | Transaction reference no ACH-25-00152 dated 2025-06-01 | Amount USD 9174.64 adjusted against Purchase Invoice ACC-PINV-2025-00152,Meridian Trading Co.
980127872d,ACC-PAY-2025-00365,P1,Payment Entry,Payment Entry,2,2025-06-01,2025-06-02 12:41:14.184468,ap.clerk@meridian.example,2110 - Creditors - MTC,2110,Creditors,Liability,9174.64,0.0,Supplier,Fairbanks Consulting,1210 - Primary Checking - MTC,,Amount USD 9174.64 paid to Fairbanks Consulting | Transaction reference no ACH-25-00152 dated 2025-06-01 | Amount USD 9174.64 adjusted against Purchase Invoice ACC-PINV-2025-00152,Meridian Trading Co.
b17ef0a977,ACC-JV-2025-00041,P1,Journal Entry,Bank Entry,1,2025-06-02,2025-06-03 01:08:06.245292,batch.bot@meridian.example,1210 - Primary Checking - MTC,1210,Primary Checking,Asset,0.0,43983.62,,,2120 - Payroll Payable - MTC,Admin - MTC,Reference #REF-20250602 dated 06-02-2025,Meridian Trading Co.
f5c58cdff5,ACC-JV-2025-00041,P1,Journal Entry,Bank Entry,2,2025-06-02,2025-06-03 01:08:06.245292,batch.bot@meridian.example,2120 - Payroll Payable - MTC,2120,Payroll Payable,Liability,43983.62,0.0,,,1210 - Primary Checking - MTC,Admin - MTC,Reference #REF-20250602 dated 06-02-2025,Meridian Trading Co.
2f7b619d2a,ACC-PAY-2025-00246,P1,Payment Entry,Payment Entry,1,2025-06-02,2025-06-02 11:23:52.210498,ar.clerk@meridian.example,1310 - Debtors - MTC,1310,Debtors,Asset,0.0,675.08,Customer,Brightline Offices,1210 - Primary Checking - MTC,,Amount USD 675.08 received from Brightline Offices | Transaction reference no ACH-25-00194 dated 2025-06-02 | Amount USD 675.08 adjusted against Sales Invoice ACC-SINV-2025-00194,Meridian Trading Co.
aaa1808075,ACC-PAY-2025-00246,P1,Payment Entry,Payment Entry,2,2025-06-02,2025-06-02 11:23:52.210498,ar.clerk@meridian.example,1210 - Primary Checking - MTC,1210,Primary Checking,Asset,675.08,0.0,,,Brightline Offices,,Amount USD 675.08 received from Brightline Offices | Transaction reference no ACH-25-00194 dated 2025-06-02 | Amount USD 675.08 adjusted against Sales Invoice ACC-SINV-2025-00194,Meridian Trading Co.
21d33dbfad,ACC-PAY-2025-00314,P1,Payment Entry,Payment Entry,1,2025-06-02,2025-06-02 13:28:37.154136,ar.clerk@meridian.example,1310 - Debtors - MTC,1310,Debtors,Asset,0.0,4526.26,Customer,Northwind Retail,1210 - Primary Checking - MTC,,Amount USD 4526.26 received from Northwind Retail | Transaction reference no ACH-25-00240 dated 2025-06-02 | Amount USD 4526.26 adjusted against Sales Invoice ACC-SINV-2025-00240,Meridian Trading Co.
c88a2a70fc,ACC-PAY-2025-00314,P1,Payment Entry,Payment Entry,2,2025-06-02,2025-06-02 13:28:37.154136,ar.clerk@meridian.example,1210 - Primary Checking - MTC,1210,Primary Checking,Asset,4526.26,0.0,,,Northwind Retail,,Amount USD 4526.26 received from Northwind Retail | Transaction reference no ACH-25-00240 dated 2025-06-02 | Amount USD 4526.26 adjusted against Sales Invoice ACC-SINV-2025-00240,Meridian Trading Co.
5c66f004e5,ACC-PINV-2025-00160,P1,Purchase Invoice,Purchase Invoice,1,2025-06-02,2025-06-02 09:03:04.654841,ap.clerk@meridian.example,2110 - Creditors - MTC,2110,Creditors,Liability,0.0,1251.59,Supplier,Orchard Wholesale,5111 - Cost of Goods Sold - MTC,,Orchard Wholesale June 2025 billing,Meridian Trading Co.
9b8fd97e3e,ACC-PINV-2025-00160,P1,Purchase Invoice,Purchase Invoice,2,2025-06-02,2025-06-02 09:03:04.654841,ap.clerk@meridian.example,5111 - Cost of Goods Sold - MTC,5111,Cost of Goods Sold,Expense,1251.59,0.0,,,Orchard Wholesale,Warehouse - MTC,Orchard Wholesale June 2025 billing,Meridian Trading Co.
022ab38a5a,ACC-SINV-2025-00297,P1,Sales Invoice,Sales Invoice,1,2025-06-02,2025-06-02 10:13:23.980060,ar.clerk@meridian.example,1310 - Debtors - MTC,1310,Debtors,Asset,1521.92,0.0,Customer,Ferrous Works,4110 - Sales - MTC,,Customer order Ferrous Works Jun 2025,Meridian Trading Co.
69655bc857,ACC-SINV-2025-00297,P1,Sales Invoice,Sales Invoice,2,2025-06-02,2025-06-02 10:13:23.980060,ar.clerk@meridian.example,4110 - Sales - MTC,4110,Sales,Income,0.0,367.31,,,Ferrous Works,Warehouse - MTC,Customer order Ferrous Works Jun 2025,Meridian Trading Co.
b298d76aaa,ACC-SINV-2025-00297,P1,Sales Invoice,Sales Invoice,3,2025-06-02,2025-06-02 10:13:23.980060,ar.clerk@meridian.example,4110 - Sales - MTC,4110,Sales,Income,0.0,1068.46,,,Ferrous Works,Sales Ops - MTC,Customer order Ferrous Works Jun 2025,Meridian Trading Co.
e87715e9f0,ACC-SINV-2025-00297,P1,Sales Invoice,Sales Invoice,4,2025-06-02,2025-06-02 10:13:23.980060,ar.clerk@meridian.example,ST 6% - MTC,,ST 6%,Liability,0.0,86.15,,,Ferrous Works,Admin - MTC,Customer order Ferrous Works Jun 2025,Meridian Trading Co.
6e9046e1c3,ACC-PAY-2025-00313,P1,Payment Entry,Payment Entry,1,2025-06-03,2025-06-03 09:25:16.881455,ar.clerk@meridian.example,1310 - Debtors - MTC,1310,Debtors,Asset,0.0,1561.66,Customer,Bluepine Hardware,1210 - Primary Checking - MTC,,Amount USD 1561.66 received from Bluepine Hardware | Transaction reference no ACH-25-00239 dated 2025-06-03 | Amount USD 1561.66 adjusted against Sales Invoice ACC-SINV-2025-00239,Meridian Trading Co.
effc985d53,ACC-PAY-2025-00313,P1,Payment Entry,Payment Entry,2,2025-06-03,2025-06-03 09:25:16.881455,ar.clerk@meridian.example,1210 - Primary Checking - MTC,1210,Primary Checking,Asset,1561.66,0.0,,,Bluepine Hardware,,Amount USD 1561.66 received from Bluepine Hardware | Transaction reference no ACH-25-00239 dated 2025-06-03 | Amount USD 1561.66 adjusted against Sales Invoice ACC-SINV-2025-00239,Meridian Trading Co.
2217612a57,ACC-PAY-2025-00356,P1,Payment Entry,Payment Entry,1,2025-06-03,2025-06-03 10:41:49.862257,ap.clerk@meridian.example,1210 - Primary Checking - MTC,1210,Primary Checking,Asset,0.0,19145.57,,,Cobalt IT Services,,Amount USD 19145.57 paid to Cobalt IT Services | Transaction reference no ACH-25-00143 dated 2025-06-03 | Amount USD 19145.57 adjusted against Purchase Invoice ACC-PINV-2025-00143,Meridian Trading Co.
dea2f8453b,ACC-PAY-2025-00356,P1,Payment Entry,Payment Entry,2,2025-06-03,2025-06-03 10:41:49.862257,ap.clerk@meridian.example,2110 - Creditors - MTC,2110,Creditors,Liability,19145.57,0.0,Supplier,Cobalt IT Services,1210 - Primary Checking - MTC,,Amount USD 19145.57 paid to Cobalt IT Services | Transaction reference no ACH-25-00143 dated 2025-06-03 | Amount USD 19145.57 adjusted against Purchase Invoice ACC-PINV-2025-00143,Meridian Trading Co.
9b2c5c18c3,ACC-PAY-2025-00357,P1,Payment Entry,Payment Entry,1,2025-06-03,2025-06-03 15:14:09.643426,ap.clerk@meridian.example,2110 - Creditors - MTC,2110,Creditors,Liability,5567.92,0.0,Supplier,Stateside Insurance,1210 - Primary Checking - MTC,,Amount USD 5567.92 paid to Stateside Insurance | Transaction reference no ACH-25-00144 dated 2025-06-03 | Amount USD 5567.92 adjusted against Purchase Invoice ACC-PINV-2025-00144,Meridian Trading Co.
e48fea6cce,ACC-PAY-2025-00357,P1,Payment Entry,Payment Entry,2,2025-06-03,2025-06-03 15:14:09.643426,ap.clerk@meridian.example,1210 - Primary Checking - MTC,1210,Primary Checking,Asset,0.0,5567.92,,,Stateside Insurance,,Amount USD 5567.92 paid to Stateside Insurance | Transaction reference no ACH-25-00144 dated 2025-06-03 | Amount USD 5567.92 adjusted against Purchase Invoice ACC-PINV-2025-00144,Meridian Trading Co.
5db742c7dc,ACC-SINV-2025-00322,P1,Sales Invoice,Sales Invoice,1,2025-06-03,2025-06-09 09:53:16.460700,ar.clerk@meridian.example,1310 - Debtors - MTC,1310,Debtors,Asset,907.09,0.0,Customer,Cascade Outfitters,4110 - Sales - MTC,,Customer order Cascade Outfitters Jun 2025,Meridian Trading Co.
5fed08b6de,ACC-SINV-2025-00322,P1,Sales Invoice,Sales Invoice,2,2025-06-03,2025-06-09 09:53:16.460700,ar.clerk@meridian.example,ST 6% - MTC,,ST 6%,Liability,0.0,51.34,,,Cascade Outfitters,Admin - MTC,Customer order Cascade Outfitters Jun 2025,Meridian Trading Co.
7e2a559e91,ACC-SINV-2025-00322,P1,Sales Invoice,Sales Invoice,3,2025-06-03,2025-06-09 09:53:16.460700,ar.clerk@meridian.example,4110 - Sales - MTC,4110,Sales,Income,0.0,855.75,,,Cascade Outfitters,Warehouse - MTC,Customer order Cascade Outfitters Jun 2025,Meridian Trading Co.
17a0594948,ACC-PAY-2025-00312,P1,Payment Entry,Payment Entry,1,2025-06-04,2025-06-04 11:02:22.786527,ar.clerk@meridian.example,1210 - Primary Checking - MTC,1210,Primary Checking,Asset,1088.17,0.0,,,Marlowe Interiors,,Amount USD 1088.17 received from Marlowe Interiors | Transaction reference no ACH-25-00238 dated 2025-06-04 | Amount USD 1088.17 adjusted against Sales Invoice ACC-SINV-2025-00238,Meridian Trading Co.
aae0c67098,ACC-PAY-2025-00312,P1,Payment Entry,Payment Entry,2,2025-06-04,2025-06-04 11:02:22.786527,ar.clerk@meridian.example,1310 - Debtors - MTC,1310,Debtors,Asset,0.0,1088.17,Customer,Marlowe Interiors,1210 - Primary Checking - MTC,,Amount USD 1088.17 received from Marlowe Interiors | Transaction reference no ACH-25-00238 dated 2025-06-04 | Amount USD 1088.17 adjusted against Sales Invoice ACC-SINV-2025-00238,Meridian Trading Co.
1488301aff,ACC-PINV-2025-00178,P1,Purchase Invoice,Purchase Invoice,1,2025-06-04,2025-06-04 08:03:22.178854,ap.clerk@meridian.example,2110 - Creditors - MTC,2110,Creditors,Liability,0.0,7663.35,Supplier,Harlan Office Supply,"5208 - Office Maintenance Expenses - MTC,5204 - Entertainment Expenses - MTC",,Harlan Office Supply June 2025 billing,Meridian Trading Co.
8177de6e7b,ACC-PINV-2025-00178,P1,Purchase Invoice,Purchase Invoice,2,2025-06-04,2025-06-04 08:03:22.178854,ap.clerk@meridian.example,5208 - Office Maintenance Expenses - MTC,5208,Office Maintenance Expenses,Expense,7134.42,0.0,,,Harlan Office Supply,Admin - MTC,Harlan Office Supply June 2025 billing,Meridian Trading Co.
e671206467,ACC-PINV-2025-00178,P1,Purchase Invoice,Purchase Invoice,3,2025-06-04,2025-06-04 08:03:22.178854,ap.clerk@meridian.example,5204 - Entertainment Expenses - MTC,5204,Entertainment Expenses,Expense,528.93,0.0,,,Harlan Office Supply,Admin - MTC,Harlan Office Supply June 2025 billing,Meridian Trading Co.
81bec51acb,ACC-PINV-2025-00185,P1,Purchase Invoice,Purchase Invoice,1,2025-06-04,2025-06-04 13:43:34.929874,ap.clerk@meridian.example,5226 - Contractor Services - MTC,5226,Contractor Services,Expense,3334.48,0.0,,,Fairbanks Consulting,Admin - MTC,Fairbanks Consulting June 2025 billing,Meridian Trading Co.
a9b1df4a4a,ACC-PINV-2025-00185,P1,Purchase Invoice,Purchase Invoice,2,2025-06-04,2025-06-04 13:43:34.929874,ap.clerk@meridian.example,2110 - Creditors - MTC,2110,Creditors,Liability,0.0,5157.18,Supplier,Fairbanks Consulting,"5226 - Contractor Services - MTC,5215 - Telephone Expenses - MTC",,Fairbanks Consulting June 2025 billing,Meridian Trading Co.
ee2c1ed77f,ACC-PINV-2025-00185,P1,Purchase Invoice,Purchase Invoice,3,2025-06-04,2025-06-04 13:43:34.929874,ap.clerk@meridian.example,5215 - Telephone Expenses - MTC,5215,Telephone Expenses,Expense,1822.7,0.0,,,Fairbanks Consulting,Admin - MTC,Fairbanks Consulting June 2025 billing,Meridian Trading Co.
4b09a5e6d2,ACC-SINV-2025-00290,P1,Sales Invoice,Sales Invoice,1,2025-06-04,2025-06-04 14:55:18.902485,ar.clerk@meridian.example,4130 - Freight Income - MTC,4130,Freight Income,Income,0.0,1884.12,,,Summit Rentals,Admin - MTC,Customer order Summit Rentals Jun 2025,Meridian Trading Co.
61e0ea92d8,ACC-SINV-2025-00290,P1,Sales Invoice,Sales Invoice,2,2025-06-04,2025-06-04 14:55:18.902485,ar.clerk@meridian.example,ST 6% - MTC,,ST 6%,Liability,0.0,556.91,,,Summit Rentals,Admin - MTC,Customer order Summit Rentals Jun 2025,Meridian Trading Co.
9cda90b1e0,ACC-SINV-2025-00290,P1,Sales Invoice,Sales Invoice,3,2025-06-04,2025-06-04 14:55:18.902485,ar.clerk@meridian.example,4110 - Sales - MTC,4110,Sales,Income,0.0,384.72,,,Summit Rentals,Warehouse - MTC,Customer order Summit Rentals Jun 2025,Meridian Trading Co.
b729e95eb4,ACC-SINV-2025-00290,P1,Sales Invoice,Sales Invoice,4,2025-06-04,2025-06-04 14:55:18.902485,ar.clerk@meridian.example,1310 - Debtors - MTC,1310,Debtors,Asset,9838.81,0.0,Customer,Summit Rentals,"4130 - Freight Income - MTC,4110 - Sales - MTC,4120 - Service - MTC",,Customer order Summit Rentals Jun 2025,Meridian Trading Co.
b947f5a9fb,ACC-SINV-2025-00290,P1,Sales Invoice,Sales Invoice,5,2025-06-04,2025-06-04 14:55:18.902485,ar.clerk@meridian.example,4110 - Sales - MTC,4110,Sales,Income,0.0,181.94,,,Summit Rentals,Sales Ops - MTC,Customer order Summit Rentals Jun 2025,Meridian Trading Co.
b95c599749,ACC-SINV-2025-00290,P1,Sales Invoice,Sales Invoice,6,2025-06-04,2025-06-04 14:55:18.902485,ar.clerk@meridian.example,4120 - Service - MTC,4120,Service,Income,0.0,6831.12,,,Summit Rentals,Admin - MTC,Customer order Summit Rentals Jun 2025,Meridian Trading Co.
45e3523da5,ACC-SINV-2025-00295,P1,Sales Invoice,Sales Invoice,1,2025-06-04,2025-06-04 10:35:48.769669,ar.clerk@meridian.example,4110 - Sales - MTC,4110,Sales,Income,0.0,208.56,,,Halstrom Supply,Sales Ops - MTC,Customer order Halstrom Supply Jun 2025,Meridian Trading Co.
475c20a1f8,ACC-SINV-2025-00295,P1,Sales Invoice,Sales Invoice,2,2025-06-04,2025-06-04 10:35:48.769669,ar.clerk@meridian.example,ST 6% - MTC,,ST 6%,Liability,0.0,12.51,,,Halstrom Supply,Admin - MTC,Customer order Halstrom Supply Jun 2025,Meridian Trading Co.
660a927113,ACC-SINV-2025-00295,P1,Sales Invoice,Sales Invoice,3,2025-06-04,2025-06-04 10:35:48.769669,ar.clerk@meridian.example,1310 - Debtors - MTC,1310,Debtors,Asset,221.07,0.0,Customer,Halstrom Supply,4110 - Sales - MTC,,Customer order Halstrom Supply Jun 2025,Meridian Trading Co.
644cf74cad,ACC-SINV-2025-00296,P1,Sales Invoice,Sales Invoice,1,2025-06-04,2025-06-04 10:09:15.548141,ar.clerk@meridian.example,1310 - Debtors - MTC,1310,Debtors,Asset,1030.64,0.0,Customer,Northwind Retail,4110 - Sales - MTC,,Customer order Northwind Retail Jun 2025,Meridian Trading Co.
65c76f4711,ACC-SINV-2025-00296,P1,Sales Invoice,Sales Invoice,2,2025-06-04,2025-06-04 10:09:15.548141,ar.clerk@meridian.example,ST 6% - MTC,,ST 6%,Liability,0.0,58.34,,,Northwind Retail,Admin - MTC,Customer order Northwind Retail Jun 2025,Meridian Trading Co.
f2ca4bab90,ACC-SINV-2025-00296,P1,Sales Invoice,Sales Invoice,3,2025-06-04,2025-06-04 10:09:15.548141,ar.clerk@meridian.example,4110 - Sales - MTC,4110,Sales,Income,0.0,972.3,,,Northwind Retail,Sales Ops - MTC,Customer order Northwind Retail Jun 2025,Meridian Trading Co.
49e846bd19,ACC-SINV-2025-00319,P1,Sales Invoice,Sales Invoice,1,2025-06-04,2025-06-04 14:42:34.900018,ar.clerk@meridian.example,4110 - Sales - MTC,4110,Sales,Income,0.0,1817.58,,,Halstrom Supply,Warehouse - MTC,Customer order Halstrom Supply Jun 2025,Meridian Trading Co.
97cb46261f,ACC-SINV-2025-00319,P1,Sales Invoice,Sales Invoice,2,2025-06-04,2025-06-04 14:42:34.900018,ar.clerk@meridian.example,ST 6% - MTC,,ST 6%,Liability,0.0,195.95,,,Halstrom Supply,Admin - MTC,Customer order Halstrom Supply Jun 2025,Meridian Trading Co.
b04bbe3fab,ACC-SINV-2025-00319,P1,Sales Invoice,Sales Invoice,3,2025-06-04,2025-06-04 14:42:34.900018,ar.clerk@meridian.example,4110 - Sales - MTC,4110,Sales,Income,0.0,1448.26,,,Halstrom Supply,Sales Ops - MTC,Customer order Halstrom Supply Jun 2025,Meridian Trading Co.
eedc79d320,ACC-SINV-2025-00319,P1,Sales Invoice,Sales Invoice,4,2025-06-04,2025-06-04 14:42:34.900018,ar.clerk@meridian.example,1310 - Debtors - MTC,1310,Debtors,Asset,3461.79,0.0,Customer,Halstrom Supply,4110 - Sales - MTC,,Customer order Halstrom Supply Jun 2025,Meridian Trading Co.
008c7854f1,ACC-SINV-2025-00320,P1,Sales Invoice,Sales Invoice,1,2025-06-04,2025-06-04 17:21:47.930204,ar.clerk@meridian.example,1310 - Debtors - MTC,1310,Debtors,Asset,14316.78,0.0,Customer,Ferrous Works,"4120 - Service - MTC,4110 - Sales - MTC",,Customer order Ferrous Works Jun 2025,Meridian Trading Co.
4434e4cf63,ACC-SINV-2025-00320,P1,Sales Invoice,Sales Invoice,2,2025-06-04,2025-06-04 17:21:47.930204,ar.clerk@meridian.example,ST 6% - MTC,,ST 6%,Liability,0.0,810.38,,,Ferrous Works,Admin - MTC,Customer order Ferrous Works Jun 2025,Meridian Trading Co.
71d92f879e,ACC-SINV-2025-00320,P1,Sales Invoice,Sales Invoice,3,2025-06-04,2025-06-04 17:21:47.930204,ar.clerk@meridian.example,4120 - Service - MTC,4120,Service,Income,0.0,4227.72,,,Ferrous Works,Sales Ops - MTC,Customer order Ferrous Works Jun 2025,Meridian Trading Co.
845b7fdf9e,ACC-SINV-2025-00320,P1,Sales Invoice,Sales Invoice,4,2025-06-04,2025-06-04 17:21:47.930204,ar.clerk@meridian.example,4110 - Sales - MTC,4110,Sales,Income,0.0,715.58,,,Ferrous Works,Warehouse - MTC,Customer order Ferrous Works Jun 2025,Meridian Trading Co.
c90cb74de4,ACC-SINV-2025-00320,P1,Sales Invoice,Sales Invoice,5,2025-06-04,2025-06-04 17:21:47.930204,ar.clerk@meridian.example,4120 - Service - MTC,4120,Service,Income,0.0,8563.1,,,Ferrous Works,Warehouse - MTC,Customer order Ferrous Works Jun 2025,Meridian Trading Co.
a6886faf99,ACC-PAY-2025-00310,P1,Payment Entry,Payment Entry,1,2025-06-05,2025-06-05 13:58:32.878203,ar.clerk@meridian.example,1310 - Debtors - MTC,1310,Debtors,Asset,0.0,2695.44,Customer,Brightline Offices,1210 - Primary Checking - MTC,,Amount USD 2695.44 received from Brightline Offices | Transaction reference no ACH-25-00235 dated 2025-06-05 | Amount USD 2695.44 adjusted against Sales Invoice ACC-SINV-2025-00235,Meridian Trading Co.
f1c5efcc7b,ACC-PAY-2025-00310,P1,Payment Entry,Payment Entry,2,2025-06-05,2025-06-05 13:58:32.878203,ar.clerk@meridian.example,1210 - Primary Checking - MTC,1210,Primary Checking,Asset,2695.44,0.0,,,Brightline Offices,,Amount USD 2695.44 received from Brightline Offices | Transaction reference no ACH-25-00235 dated 2025-06-05 | Amount USD 2695.44 adjusted against Sales Invoice ACC-SINV-2025-00235,Meridian Trading Co.
8242f647fd,ACC-PAY-2025-00319,P1,Payment Entry,Payment Entry,1,2025-06-05,2025-06-05 11:40:44.737452,ar.clerk@meridian.example,1210 - Primary Checking - MTC,1210,Primary Checking,Asset,764.15,0.0,,,Summit Rentals,,Amount USD 764.15 received from Summit Rentals | Transaction reference no ACH-25-00245 dated 2025-06-05 | Amount USD 764.15 adjusted against Sales Invoice ACC-SINV-2025-00245,Meridian Trading Co.
a60bbbd6be,ACC-PAY-2025-00319,P1,Payment Entry,Payment Entry,2,2025-06-05,2025-06-05 11:40:44.737452,ar.clerk@meridian.example,1310 - Debtors - MTC,1310,Debtors,Asset,0.0,764.15,Customer,Summit Rentals,1210 - Primary Checking - MTC,,Amount USD 764.15 received from Summit Rentals | Transaction reference no ACH-25-00245 dated 2025-06-05 | Amount USD 764.15 adjusted against Sales Invoice ACC-SINV-2025-00245,Meridian Trading Co.
07255b624c,ACC-PAY-2025-00336,P1,Payment Entry,Payment Entry,1,2025-06-05,2025-06-05 13:00:44.016441,ar.clerk@meridian.example,1310 - Debtors - MTC,1310,Debtors,Asset,0.0,387.9,Customer,Brightline Offices,1210 - Primary Checking - MTC,,Amount USD 387.9 received from Brightline Offices | Transaction reference no ACH-25-00265 dated 2025-06-05 | Amount USD 387.9 adjusted against Sales Invoice ACC-SINV-2025-00265,Meridian Trading Co.
feaed2e63b,ACC-PAY-2025-00336,P1,Payment Entry,Payment Entry,2,2025-06-05,2025-06-05 13:00:44.016441,ar.clerk@meridian.example,1210 - Primary Checking - MTC,1210,Primary Checking,Asset,387.9,0.0,,,Brightline Offices,,Amount USD 387.9 received from Brightline Offices | Transaction reference no ACH-25-00265 dated 2025-06-05 | Amount USD 387.9 adjusted against Sales Invoice ACC-SINV-2025-00265,Meridian Trading Co.
5794dd696f,ACC-PINV-2025-00157,P1,Purchase Invoice,Purchase Invoice,1,2025-06-05,2025-06-05 10:50:50.042527,ap.clerk@meridian.example,5111 - Cost of Goods Sold - MTC,5111,Cost of Goods Sold,Expense,15882.73,0.0,,,Orchard Wholesale,Warehouse - MTC,Orchard Wholesale June 2025 billing,Meridian Trading Co.
96374e4b7c,ACC-PINV-2025-00157,P1,Purchase Invoice,Purchase Invoice,2,2025-06-05,2025-06-05 10:50:50.042527,ap.clerk@meridian.example,2110 - Creditors - MTC,2110,Creditors,Liability,0.0,15882.73,Supplier,Orchard Wholesale,5111 - Cost of Goods Sold - MTC,,Orchard Wholesale June 2025 billing,Meridian Trading Co.
87823fb5bb,ACC-PINV-2025-00162,P1,Purchase Invoice,Purchase Invoice,1,2025-06-05,2025-06-05 08:59:14.463085,ap.clerk@meridian.example,5111 - Cost of Goods Sold - MTC,5111,Cost of Goods Sold,Expense,12487.93,0.0,,,Orchard Wholesale,Warehouse - MTC,Orchard Wholesale June 2025 billing,Meridian Trading Co.
d3bbbe632f,ACC-PINV-2025-00162,P1,Purchase Invoice,Purchase Invoice,2,2025-06-05,2025-06-05 08:59:14.463085,ap.clerk@meridian.example,2110 - Creditors - MTC,2110,Creditors,Liability,0.0,12487.93,Supplier,Orchard Wholesale,5111 - Cost of Goods Sold - MTC,,Orchard Wholesale June 2025 billing,Meridian Trading Co.
13fc9f9a6d,ACC-SINV-2025-00294,P1,Sales Invoice,Sales Invoice,1,2025-06-05,2025-06-05 11:32:26.011587,ar.clerk@meridian.example,4110 - Sales - MTC,4110,Sales,Income,0.0,446.56,,,Bluepine Hardware,Warehouse - MTC,Customer order Bluepine Hardware Jun 2025,Meridian Trading Co.
7c8f1723c0,ACC-SINV-2025-00294,P1,Sales Invoice,Sales Invoice,2,2025-06-05,2025-06-05 11:32:26.011587,ar.clerk@meridian.example,4110 - Sales - MTC,4110,Sales,Income,0.0,18.41,,,Bluepine Hardware,Sales Ops - MTC,Customer order Bluepine Hardware Jun 2025,Meridian Trading Co.
8a6db945c7,ACC-SINV-2025-00294,P1,Sales Invoice,Sales Invoice,3,2025-06-05,2025-06-05 11:32:26.011587,ar.clerk@meridian.example,ST 6% - MTC,,ST 6%,Liability,0.0,27.9,,,Bluepine Hardware,Admin - MTC,Customer order Bluepine Hardware Jun 2025,Meridian Trading Co.
9f85a71166,ACC-SINV-2025-00294,P1,Sales Invoice,Sales Invoice,4,2025-06-05,2025-06-05 11:32:26.011587,ar.clerk@meridian.example,1310 - Debtors - MTC,1310,Debtors,Asset,492.87,0.0,Customer,Bluepine Hardware,4110 - Sales - MTC,,Customer order Bluepine Hardware Jun 2025,Meridian Trading Co.
31c93711f1,ACC-SINV-2025-00315,P1,Sales Invoice,Sales Invoice,1,2025-06-05,2025-06-05 15:43:37.344502,ar.clerk@meridian.example,4110 - Sales - MTC,4110,Sales,Income,0.0,2789.7,,,Timberline Schools,Sales Ops - MTC,Customer order Timberline Schools Jun 2025,Meridian Trading Co.
68b4f6d9ad,ACC-SINV-2025-00315,P1,Sales Invoice,Sales Invoice,2,2025-06-05,2025-06-05 15:43:37.344502,ar.clerk@meridian.example,1310 - Debtors - MTC,1310,Debtors,Asset,3305.14,0.0,Customer,Timberline Schools,4110 - Sales - MTC,,Customer order Timberline Schools Jun 2025,Meridian Trading Co.
af6b06b53a,ACC-SINV-2025-00315,P1,Sales Invoice,Sales Invoice,3,2025-06-05,2025-06-05 15:43:37.344502,ar.clerk@meridian.example,4110 - Sales - MTC,4110,Sales,Income,0.0,515.44,,,Timberline Schools,Warehouse - MTC,Customer order Timberline Schools Jun 2025,Meridian Trading Co.
aed01bc7a7,ACC-PAY-2025-00227,P1,Payment Entry,Payment Entry,1,2025-06-06,2025-06-06 09:09:54.619457,ar.clerk@meridian.example,1210 - Primary Checking - MTC,1210,Primary Checking,Asset,1916.6,0.0,,,Summit Rentals,,Amount USD 1916.6 received from Summit Rentals | Transaction reference no ACH-25-00172 dated 2025-06-06 | Amount USD 1916.6 adjusted against Sales Invoice ACC-SINV-2025-00172,Meridian Trading Co.
d82dc81e63,ACC-PAY-2025-00227,P1,Payment Entry,Payment Entry,2,2025-06-06,2025-06-06 09:09:54.619457,ar.clerk@meridian.example,1310 - Debtors - MTC,1310,Debtors,Asset,0.0,1916.6,Customer,Summit Rentals,1210 - Primary Checking - MTC,,Amount USD 1916.6 received from Summit Rentals | Transaction reference no ACH-25-00172 dated 2025-06-06 | Amount USD 1916.6 adjusted against Sales Invoice ACC-SINV-2025-00172,Meridian Trading Co.
ec375b6d41,ACC-PAY-2025-00265,P1,Payment Entry,Payment Entry,1,2025-06-06,2025-06-06 18:10:00.211608,ar.clerk@meridian.example,1210 - Primary Checking - MTC,1210,Primary Checking,Asset,1503.59,0.0,,,Redcedar Builders,,Amount USD 1503.59 received from Redcedar Builders | Transaction reference no ACH-25-00214 dated 2025-06-06 | Amount USD 1503.59 adjusted against Sales Invoice ACC-SINV-2025-00214,Meridian Trading Co.
faac132551,ACC-PAY-2025-00265,P1,Payment Entry,Payment Entry,2,2025-06-06,2025-06-06 18:10:00.211608,ar.clerk@meridian.example,1310 - Debtors - MTC,1310,Debtors,Asset,0.0,1503.59,Customer,Redcedar Builders,1210 - Primary Checking - MTC,,Amount USD 1503.59 received from Redcedar Builders | Transaction reference no ACH-25-00214 dated 2025-06-06 | Amount USD 1503.59 adjusted against Sales Invoice ACC-SINV-2025-00214,Meridian Trading Co.
199bfcbb02,ACC-PAY-2025-00318,P1,Payment Entry,Payment Entry,1,2025-06-06,2025-06-06 08:13:41.869173,ar.clerk@meridian.example,1210 - Primary Checking - MTC,1210,Primary Checking,Asset,137.69,0.0,,,Marlowe Interiors,,Amount USD 137.69 received from Marlowe Interiors | Transaction reference no ACH-25-00244 dated 2025-06-06 | Amount USD 137.69 adjusted against Sales Invoice ACC-SINV-2025-00244,Meridian Trading Co.
ee357d710a,ACC-PAY-2025-00318,P1,Payment Entry,Payment Entry,2,2025-06-06,2025-06-06 08:13:41.869173,ar.clerk@meridian.example,1310 - Debtors - MTC,1310,Debtors,Asset,0.0,137.69,Customer,Marlowe Interiors,1210 - Primary Checking - MTC,,Amount USD 137.69 received from Marlowe Interiors | Transaction reference no ACH-25-00244 dated 2025-06-06 | Amount USD 137.69 adjusted against Sales Invoice ACC-SINV-2025-00244,Meridian Trading Co.
0559f6f4bf,ACC-PAY-2025-00340,P1,Payment Entry,Payment Entry,1,2025-06-06,2025-06-06 11:15:23.701006,ar.clerk@meridian.example,1310 - Debtors - MTC,1310,Debtors,Asset,0.0,2448.0,Customer,Halstrom Supply,1210 - Primary Checking - MTC,,Amount USD 2448.0 received from Halstrom Supply | Transaction reference no ACH-25-00270 dated 2025-06-06 | Amount USD 2448.0 adjusted against Sales Invoice ACC-SINV-2025-00270,Meridian Trading Co.
2fe62b219e,ACC-PAY-2025-00340,P1,Payment Entry,Payment Entry,2,2025-06-06,2025-06-06 11:15:23.701006,ar.clerk@meridian.example,1210 - Primary Checking - MTC,1210,Primary Checking,Asset,2448.0,0.0,,,Halstrom Supply,,Amount USD 2448.0 received from Halstrom Supply | Transaction reference no ACH-25-00270 dated 2025-06-06 | Amount USD 2448.0 adjusted against Sales Invoice ACC-SINV-2025-00270,Meridian Trading Co.
159e5c5fe8,ACC-PAY-2025-00272,P1,Payment Entry,Payment Entry,1,2025-06-07,2025-06-09 16:46:04.758541,ap.clerk@meridian.example,1210 - Primary Checking - MTC,1210,Primary Checking,Asset,0.0,10656.02,,,Orchard Wholesale,,Amount USD 10656.02 paid to Orchard Wholesale | Transaction reference no ACH-25-00094 dated 2025-06-07 | Amount USD 10656.02 adjusted against Purchase Invoice ACC-PINV-2025-00094,Meridian Trading Co.
bbc61595af,ACC-PAY-2025-00272,P1,Payment Entry,Payment Entry,2,2025-06-07,2025-06-09 16:46:04.758541,ap.clerk@meridian.example,2110 - Creditors - MTC,2110,Creditors,Liability,10656.02,0.0,Supplier,Orchard Wholesale,1210 - Primary Checking - MTC,,Amount USD 10656.02 paid to Orchard Wholesale | Transaction reference no ACH-25-00094 dated 2025-06-07 | Amount USD 10656.02 adjusted against Purchase Invoice ACC-PINV-2025-00094,Meridian Trading Co.
2ff4439bf0,ACC-PAY-2025-00287,P1,Payment Entry,Payment Entry,1,2025-06-08,2025-06-09 08:00:35.958046,ap.clerk@meridian.example,2110 - Creditors - MTC,2110,Creditors,Liability,12575.42,0.0,Supplier,Beacon Freight,1210 - Primary Checking - MTC,,Amount USD 12575.42 paid to Beacon Freight | Transaction reference no ACH-25-00109 dated 2025-06-08 | Amount USD 12575.42 adjusted against Purchase Invoice ACC-PINV-2025-00109,Meridian Trading Co.
7a788ff1cc,ACC-PAY-2025-00287,P1,Payment Entry,Payment Entry,2,2025-06-08,2025-06-09 08:00:35.958046,ap.clerk@meridian.example,1210 - Primary Checking - MTC,1210,Primary Checking,Asset,0.0,12575.42,,,Beacon Freight,,Amount USD 12575.42 paid to Beacon Freight | Transaction reference no ACH-25-00109 dated 2025-06-08 | Amount USD 12575.42 adjusted against Purchase Invoice ACC-PINV-2025-00109,Meridian Trading Co.
50fcc22ce9,ACC-PAY-2025-00317,P1,Payment Entry,Payment Entry,1,2025-06-08,2025-06-09 16:06:32.990792,ar.clerk@meridian.example,1310 - Debtors - MTC,1310,Debtors,Asset,0.0,18.39,Customer,Ovation Events,1210 - Primary Checking - MTC,,Amount USD 18.39 received from Ovation Events | Transaction reference no ACH-25-00243 dated 2025-06-08 | Amount USD 18.39 adjusted against Sales Invoice ACC-SINV-2025-00243,Meridian Trading Co.
868be53578,ACC-PAY-2025-00317,P1,Payment Entry,Payment Entry,2,2025-06-08,2025-06-09 16:06:32.990792,ar.clerk@meridian.example,1210 - Primary Checking - MTC,1210,Primary Checking,Asset,18.39,0.0,,,Ovation Events,,Amount USD 18.39 received from Ovation Events | Transaction reference no ACH-25-00243 dated 2025-06-08 | Amount USD 18.39 adjusted against Sales Invoice ACC-SINV-2025-00243,Meridian Trading Co.
1301f697d8,ACC-PAY-2025-00316,P1,Payment Entry,Payment Entry,1,2025-06-09,2025-06-09 15:53:14.077620,ar.clerk@meridian.example,1210 - Primary Checking - MTC,1210,Primary Checking,Asset,2004.94,0.0,,,Halstrom Supply,,Amount USD 2004.94 received from Halstrom Supply | Transaction reference no ACH-25-00242 dated 2025-06-09 | Amount USD 2004.94 adjusted against Sales Invoice ACC-SINV-2025-00242,Meridian Trading Co.
b8b65b2939,ACC-PAY-2025-00316,P1,Payment Entry,Payment Entry,2,2025-06-09,2025-06-09 15:53:14.077620,ar.clerk@meridian.example,1310 - Debtors - MTC,1310,Debtors,Asset,0.0,2004.94,Customer,Halstrom Supply,1210 - Primary Checking - MTC,,Amount USD 2004.94 received from Halstrom Supply | Transaction reference no ACH-25-00242 dated 2025-06-09 | Amount USD 2004.94 adjusted against Sales Invoice ACC-SINV-2025-00242,Meridian Trading Co.
214eef9f50,ACC-PAY-2025-00323,P1,Payment Entry,Payment Entry,1,2025-06-09,2025-06-09 17:58:09.036869,ar.clerk@meridian.example,1210 - Primary Checking - MTC,1210,Primary Checking,Asset,20821.63,0.0,,,Bluepine Hardware,,Amount USD 20821.63 received from Bluepine Hardware | Transaction reference no ACH-25-00249 dated 2025-06-09 | Amount USD 20821.63 adjusted against Sales Invoice ACC-SINV-2025-00249,Meridian Trading Co.
a4b3f6c826,ACC-PAY-2025-00323,P1,Payment Entry,Payment Entry,2,2025-06-09,2025-06-09 17:58:09.036869,ar.clerk@meridian.example,1310 - Debtors - MTC,1310,Debtors,Asset,0.0,20821.63,Customer,Bluepine Hardware,1210 - Primary Checking - MTC,,Amount USD 20821.63 received from Bluepine Hardware | Transaction reference no ACH-25-00249 dated 2025-06-09 | Amount USD 20821.63 adjusted against Sales Invoice ACC-SINV-2025-00249,Meridian Trading Co.
7f4339eea8,ACC-PAY-2025-00364,P1,Payment Entry,Payment Entry,1,2025-06-09,2025-06-09 16:48:32.746955,ap.clerk@meridian.example,1210 - Primary Checking - MTC,1210,Primary Checking,Asset,0.0,9067.78,,,Ironclad Security,,Amount USD 9067.78 paid to Ironclad Security | Transaction reference no ACH-25-00151 dated 2025-06-09 | Amount USD 9067.78 adjusted against Purchase Invoice ACC-PINV-2025-00151,Meridian Trading Co.
da2eb4b038,ACC-PAY-2025-00364,P1,Payment Entry,Payment Entry,2,2025-06-09,2025-06-09 16:48:32.746955,ap.clerk@meridian.example,2110 - Creditors - MTC,2110,Creditors,Liability,9067.78,0.0,Supplier,Ironclad Security,1210 - Primary Checking - MTC,,Amount USD 9067.78 paid to Ironclad Security | Transaction reference no ACH-25-00151 dated 2025-06-09 | Amount USD 9067.78 adjusted against Purchase Invoice ACC-PINV-2025-00151,Meridian Trading Co.
4898684da4,ACC-PINV-2025-00163,P1,Purchase Invoice,Purchase Invoice,1,2025-06-09,2025-06-09 12:22:54.283151,ap.clerk@meridian.example,2110 - Creditors - MTC,2110,Creditors,Liability,0.0,7126.34,Supplier,Orchard Wholesale,5111 - Cost of Goods Sold - MTC,,Orchard Wholesale June 2025 billing,Meridian Trading Co.
661e38e27a,ACC-PINV-2025-00163,P1,Purchase Invoice,Purchase Invoice,2,2025-06-09,2025-06-09 12:22:54.283151,ap.clerk@meridian.example,5111 - Cost of Goods Sold - MTC,5111,Cost of Goods Sold,Expense,7126.34,0.0,,,Orchard Wholesale,Warehouse - MTC,Orchard Wholesale June 2025 billing,Meridian Trading Co.
8ea0477946,ACC-PINV-2025-00170,P1,Purchase Invoice,Purchase Invoice,1,2025-06-09,2025-06-09 11:53:28.001253,ap.clerk@meridian.example,5205 - Freight and Forwarding Charges - MTC,5205,Freight and Forwarding Charges,Expense,6345.2,0.0,,,Beacon Freight,Admin - MTC,Beacon Freight June 2025 billing,Meridian Trading Co.
c52808add9,ACC-PINV-2025-00170,P1,Purchase Invoice,Purchase Invoice,2,2025-06-09,2025-06-09 11:53:28.001253,ap.clerk@meridian.example,2110 - Creditors - MTC,2110,Creditors,Liability,0.0,6345.2,Supplier,Beacon Freight,5205 - Freight and Forwarding Charges - MTC,,Beacon Freight June 2025 billing,Meridian Trading Co.
93c4dc7feb,ACC-SINV-2025-00293,P1,Sales Invoice,Sales Invoice,1,2025-06-09,2025-06-09 16:06:23.493959,ar.clerk@meridian.example,4110 - Sales - MTC,4110,Sales,Income,0.0,142.65,,,Timberline Schools,Warehouse - MTC,Customer order Timberline Schools Jun 2025,Meridian Trading Co.
d9146e8312,ACC-SINV-2025-00293,P1,Sales Invoice,Sales Invoice,2,2025-06-09,2025-06-09 16:06:23.493959,ar.clerk@meridian.example,4110 - Sales - MTC,4110,Sales,Income,0.0,1036.64,,,Timberline Schools,Sales Ops - MTC,Customer order Timberline Schools Jun 2025,Meridian Trading Co.
ffbc487add,ACC-SINV-2025-00293,P1,Sales Invoice,Sales Invoice,3,2025-06-09,2025-06-09 16:06:23.493959,ar.clerk@meridian.example,1310 - Debtors - MTC,1310,Debtors,Asset,1179.29,0.0,Customer,Timberline Schools,4110 - Sales - MTC,,Customer order Timberline Schools Jun 2025,Meridian Trading Co.
1f2830e79e,ACC-SINV-2025-00314,P1,Sales Invoice,Sales Invoice,1,2025-06-09,2025-06-09 14:39:28.300818,ar.clerk@meridian.example,1310 - Debtors - MTC,1310,Debtors,Asset,122.85,0.0,Customer,Ovation Events,4110 - Sales - MTC,,Customer order Ovation Events Jun 2025,Meridian Trading Co.
48fa7155ae,ACC-SINV-2025-00314,P1,Sales Invoice,Sales Invoice,2,2025-06-09,2025-06-09 14:39:28.300818,ar.clerk@meridian.example,4110 - Sales - MTC,4110,Sales,Income,0.0,122.85,,,Ovation Events,Warehouse - MTC,Customer order Ovation Events Jun 2025,Meridian Trading Co.
50207718c0,ACC-PAY-2025-00330,P1,Payment Entry,Payment Entry,1,2025-06-10,2025-06-10 08:32:09.458393,ar.clerk@meridian.example,1310 - Debtors - MTC,1310,Debtors,Asset,0.0,127.9,Customer,Ferrous Works,1210 - Primary Checking - MTC,,Amount USD 127.9 received from Ferrous Works | Transaction reference no ACH-25-00258 dated 2025-06-10 | Amount USD 127.9 adjusted against Sales Invoice ACC-SINV-2025-00258,Meridian Trading Co.
e456a0104f,ACC-PAY-2025-00330,P1,Payment Entry,Payment Entry,2,2025-06-10,2025-06-10 08:32:09.458393,ar.clerk@meridian.example,1210 - Primary Checking - MTC,1210,Primary Checking,Asset,127.9,0.0,,,Ferrous Works,,Amount USD 127.9 received from Ferrous Works | Transaction reference no ACH-25-00258 dated 2025-06-10 | Amount USD 127.9 adjusted against Sales Invoice ACC-SINV-2025-00258,Meridian Trading Co.
44fdd00ff5,ACC-PAY-2025-00343,P1,Payment Entry,Payment Entry,1,2025-06-10,2025-06-10 11:19:43.536594,ap.clerk@meridian.example,1210 - Primary Checking - MTC,1210,Primary Checking,Asset,0.0,2755.81,,,Orchard Wholesale,,Amount USD 2755.81 paid to Orchard Wholesale | Transaction reference no ACH-25-00126 dated 2025-06-10 | Amount USD 2755.81 adjusted against Purchase Invoice ACC-PINV-2025-00126,Meridian Trading Co.
bb6ba7cb7b,ACC-PAY-2025-00343,P1,Payment Entry,Payment Entry,2,2025-06-10,2025-06-10 11:19:43.536594,ap.clerk@meridian.example,2110 - Creditors - MTC,2110,Creditors,Liability,2755.81,0.0,Supplier,Orchard Wholesale,1210 - Primary Checking - MTC,,Amount USD 2755.81 paid to Orchard Wholesale | Transaction reference no ACH-25-00126 dated 2025-06-10 | Amount USD 2755.81 adjusted against Purchase Invoice ACC-PINV-2025-00126,Meridian Trading Co.
1611e02123,ACC-PINV-2025-00161,P1,Purchase Invoice,Purchase Invoice,1,2025-06-10,2025-06-10 11:32:59.894263,ap.clerk@meridian.example,2110 - Creditors - MTC,2110,Creditors,Liability,0.0,2896.11,Supplier,Orchard Wholesale,"5111 - Cost of Goods Sold - MTC,5211 - Print and Stationery - MTC",,Orchard Wholesale June 2025 billing,Meridian Trading Co.
1c06048df8,ACC-PINV-2025-00161,P1,Purchase Invoice,Purchase Invoice,2,2025-06-10,2025-06-10 11:32:59.894263,ap.clerk@meridian.example,5111 - Cost of Goods Sold - MTC,5111,Cost of Goods Sold,Expense,1514.89,0.0,,,Orchard Wholesale,Warehouse - MTC,Orchard Wholesale June 2025 billing,Meridian Trading Co.
eeb5bf8253,ACC-PINV-2025-00161,P1,Purchase Invoice,Purchase Invoice,3,2025-06-10,2025-06-10 11:32:59.894263,ap.clerk@meridian.example,5211 - Print and Stationery - MTC,5211,Print and Stationery,Expense,1381.22,0.0,,,Orchard Wholesale,Admin - MTC,Orchard Wholesale June 2025 billing,Meridian Trading Co.
79733a38e5,ACC-PINV-2025-00167,P1,Purchase Invoice,Purchase Invoice,1,2025-06-10,2025-06-10 16:36:33.893814,ap.clerk@meridian.example,2110 - Creditors - MTC,2110,Creditors,Liability,0.0,13587.14,Supplier,Vulcan Materials Co,5111 - Cost of Goods Sold - MTC,,Vulcan Materials Co June 2025 billing,Meridian Trading Co.
e05efe164d,ACC-PINV-2025-00167,P1,Purchase Invoice,Purchase Invoice,2,2025-06-10,2025-06-10 16:36:33.893814,ap.clerk@meridian.example,5111 - Cost of Goods Sold - MTC,5111,Cost of Goods Sold,Expense,13587.14,0.0,,,Vulcan Materials Co,Warehouse - MTC,Vulcan Materials Co June 2025 billing,Meridian Trading Co.
05715cf20e,ACC-PINV-2025-00174,P1,Purchase Invoice,Purchase Invoice,1,2025-06-10,2025-06-10 11:55:02.200865,ap.clerk@meridian.example,5230 - IT and Software Expenses - MTC,5230,IT and Software Expenses,Expense,4929.03,0.0,,,Cobalt IT Services,Admin - MTC,Cobalt IT Services June 2025 billing,Meridian Trading Co.
2b3cdf0267,ACC-PINV-2025-00174,P1,Purchase Invoice,Purchase Invoice,2,2025-06-10,2025-06-10 11:55:02.200865,ap.clerk@meridian.example,2110 - Creditors - MTC,2110,Creditors,Liability,0.0,5850.29,Supplier,Cobalt IT Services,"5230 - IT and Software Expenses - MTC,5215 - Telephone Expenses - MTC",,Cobalt IT Services June 2025 billing,Meridian Trading Co.
f146320ae8,ACC-PINV-2025-00174,P1,Purchase Invoice,Purchase Invoice,3,2025-06-10,2025-06-10 11:55:02.200865,ap.clerk@meridian.example,5215 - Telephone Expenses - MTC,5215,Telephone Expenses,Expense,921.26,0.0,,,Cobalt IT Services,Admin - MTC,Cobalt IT Services June 2025 billing,Meridian Trading Co.
718dad709f,ACC-SINV-2025-00280,P1,Sales Invoice,Sales Invoice,1,2025-06-10,2025-06-10 17:06:22.585073,ar.clerk@meridian.example,ST 6% - MTC,,ST 6%,Liability,0.0,31.75,,,Redcedar Builders,Admin - MTC,Customer order Redcedar Builders Jun 2025,Meridian Trading Co.
7f09ada90d,ACC-SINV-2025-00280,P1,Sales Invoice,Sales Invoice,2,2025-06-10,2025-06-10 17:06:22.585073,ar.clerk@meridian.example,4110 - Sales - MTC,4110,Sales,Income,0.0,411.32,,,Redcedar Builders,Warehouse - MTC,Customer order Redcedar Builders Jun 2025,Meridian Trading Co.
c747cc6fbd,ACC-SINV-2025-00280,P1,Sales Invoice,Sales Invoice,3,2025-06-10,2025-06-10 17:06:22.585073,ar.clerk@meridian.example,4110 - Sales - MTC,4110,Sales,Income,0.0,117.81,,,Redcedar Builders,Sales Ops - MTC,Customer order Redcedar Builders Jun 2025,Meridian Trading Co.
f21383c2da,ACC-SINV-2025-00280,P1,Sales Invoice,Sales Invoice,4,2025-06-10,2025-06-10 17:06:22.585073,ar.clerk@meridian.example,1310 - Debtors - MTC,1310,Debtors,Asset,560.88,0.0,Customer,Redcedar Builders,4110 - Sales - MTC,,Customer order Redcedar Builders Jun 2025,Meridian Trading Co.
5e9b35fb5b,ACC-SINV-2025-00283,P1,Sales Invoice,Sales Invoice,1,2025-06-10,2025-06-10 08:22:51.710803,ar.clerk@meridian.example,1310 - Debtors - MTC,1310,Debtors,Asset,677.36,0.0,Customer,Ferrous Works,4110 - Sales - MTC,,Customer order Ferrous Works Jun 2025,Meridian Trading Co.
d0be4ac02a,ACC-SINV-2025-00283,P1,Sales Invoice,Sales Invoice,2,2025-06-10,2025-06-10 08:22:51.710803,ar.clerk@meridian.example,ST 6% - MTC,,ST 6%,Liability,0.0,38.34,,,Ferrous Works,Admin - MTC,Customer order Ferrous Works Jun 2025,Meridian Trading Co.
fe7e72d000,ACC-SINV-2025-00283,P1,Sales Invoice,Sales Invoice,3,2025-06-10,2025-06-10 08:22:51.710803,ar.clerk@meridian.example,4110 - Sales - MTC,4110,Sales,Income,0.0,639.02,,,Ferrous Works,Sales Ops - MTC,Customer order Ferrous Works Jun 2025,Meridian Trading Co.
1f84480ca6,ACC-SINV-2025-00311,P1,Sales Invoice,Sales Invoice,1,2025-06-10,2025-06-10 12:00:52.020839,ar.clerk@meridian.example,ST 6% - MTC,,ST 6%,Liability,0.0,37.45,,,Brightline Offices,Admin - MTC,Customer order Brightline Offices Jun 2025,Meridian Trading Co.
897d6675f2,ACC-SINV-2025-00311,P1,Sales Invoice,Sales Invoice,2,2025-06-10,2025-06-10 12:00:52.020839,ar.clerk@meridian.example,1310 - Debtors - MTC,1310,Debtors,Asset,661.67,0.0,Customer,Brightline Offices,4110 - Sales - MTC,,Customer order Brightline Offices Jun 2025,Meridian Trading Co.
8c301c2aa6,ACC-SINV-2025-00311,P1,Sales Invoice,Sales Invoice,3,2025-06-10,2025-06-10 12:00:52.020839,ar.clerk@meridian.example,4110 - Sales - MTC,4110,Sales,Income,0.0,80.35,,,Brightline Offices,Sales Ops - MTC,Customer order Brightline Offices Jun 2025,Meridian Trading Co.
de7f152800,ACC-SINV-2025-00311,P1,Sales Invoice,Sales Invoice,4,2025-06-10,2025-06-10 12:00:52.020839,ar.clerk@meridian.example,4110 - Sales - MTC,4110,Sales,Income,0.0,543.87,,,Brightline Offices,Warehouse - MTC,Customer order Brightline Offices Jun 2025,Meridian Trading Co.
5904c42ff1,ACC-SINV-2025-00312,P1,Sales Invoice,Sales Invoice,1,2025-06-10,2025-06-10 16:37:05.043606,ar.clerk@meridian.example,1310 - Debtors - MTC,1310,Debtors,Asset,167.04,0.0,Customer,Ovation Events,4110 - Sales - MTC,,Customer order Ovation Events Jun 2025,Meridian Trading Co.
d4d6ceb45c,ACC-SINV-2025-00312,P1,Sales Invoice,Sales Invoice,2,2025-06-10,2025-06-10 16:37:05.043606,ar.clerk@meridian.example,4110 - Sales - MTC,4110,Sales,Income,0.0,167.04,,,Ovation Events,Sales Ops - MTC,Customer order Ovation Events Jun 2025,Meridian Trading Co.
23279a9a3d,ACC-PAY-2025-00303,P1,Payment Entry,Payment Entry,1,2025-06-11,2025-06-11 16:51:00.753094,ar.clerk@meridian.example,1210 - Primary Checking - MTC,1210,Primary Checking,Asset,245.56,0.0,,,Summit Rentals,,Amount USD 245.56 received from Summit Rentals | Transaction reference no ACH-25-00225 dated 2025-06-11 | Amount USD 245.56 adjusted against Sales Invoice ACC-SINV-2025-00225,Meridian Trading Co.
c8e40c171a,ACC-PAY-2025-00303,P1,Payment Entry,Payment Entry,2,2025-06-11,2025-06-11 16:51:00.753094,ar.clerk@meridian.example,1310 - Debtors - MTC,1310,Debtors,Asset,0.0,245.56,Customer,Summit Rentals,1210 - Primary Checking - MTC,,Amount USD 245.56 received from Summit Rentals | Transaction reference no ACH-25-00225 dated 2025-06-11 | Amount USD 245.56 adjusted against Sales Invoice ACC-SINV-2025-00225,Meridian Trading Co.
4a57bb9315,ACC-PAY-2025-00307,P1,Payment Entry,Payment Entry,1,2025-06-11,2025-06-11 11:37:27.086451,ar.clerk@meridian.example,1210 - Primary Checking - MTC,1210,Primary Checking,Asset,198.2,0.0,,,Marlowe Interiors,,Amount USD 198.2 received from Marlowe Interiors | Transaction reference no ACH-25-00230 dated 2025-06-11 | Amount USD 198.2 adjusted against Sales Invoice ACC-SINV-2025-00230,Meridian Trading Co.
e30d777401,ACC-PAY-2025-00307,P1,Payment Entry,Payment Entry,2,2025-06-11,2025-06-11 11:37:27.086451,ar.clerk@meridian.example,1310 - Debtors - MTC,1310,Debtors,Asset,0.0,198.2,Customer,Marlowe Interiors,1210 - Primary Checking - MTC,,Amount USD 198.2 received from Marlowe Interiors | Transaction reference no ACH-25-00230 dated 2025-06-11 | Amount USD 198.2 adjusted against Sales Invoice ACC-SINV-2025-00230,Meridian Trading Co.
17181673e1,ACC-PINV-2025-00159,P1,Purchase Invoice,Purchase Invoice,1,2025-06-11,2025-06-11 15:15:32.344044,ap.clerk@meridian.example,5111 - Cost of Goods Sold - MTC,5111,Cost of Goods Sold,Expense,17443.71,0.0,,,Orchard Wholesale,Warehouse - MTC,Orchard Wholesale June 2025 billing,Meridian Trading Co.
2e48caecdb,ACC-PINV-2025-00159,P1,Purchase Invoice,Purchase Invoice,2,2025-06-11,2025-06-11 15:15:32.344044,ap.clerk@meridian.example,2110 - Creditors - MTC,2110,Creditors,Liability,0.0,17443.71,Supplier,Orchard Wholesale,5111 - Cost of Goods Sold - MTC,,Orchard Wholesale June 2025 billing,Meridian Trading Co.
0a3d13c2f6,ACC-PAY-2025-00368,P1,Payment Entry,Payment Entry,1,2025-06-12,2025-06-12 17:39:43.302303,ap.clerk@meridian.example,2110 - Creditors - MTC,2110,Creditors,Liability,2518.14,0.0,Supplier,Granite Janitorial,1210 - Primary Checking - MTC,,Amount USD 2518.14 paid to Granite Janitorial | Transaction reference no ACH-25-00155 dated 2025-06-12 | Amount USD 2518.14 adjusted against Purchase Invoice ACC-PINV-2025-00155,Meridian Trading Co.
1913975f41,ACC-PAY-2025-00368,P1,Payment Entry,Payment Entry,2,2025-06-12,2025-06-12 17:39:43.302303,ap.clerk@meridian.example,1210 - Primary Checking - MTC,1210,Primary Checking,Asset,0.0,2518.14,,,Granite Janitorial,,Amount USD 2518.14 paid to Granite Janitorial | Transaction reference no ACH-25-00155 dated 2025-06-12 | Amount USD 2518.14 adjusted against Purchase Invoice ACC-PINV-2025-00155,Meridian Trading Co.
095b18065d,ACC-PINV-2025-00179,P1,Purchase Invoice,Purchase Invoice,1,2025-06-12,2025-06-12 17:50:38.820653,ap.clerk@meridian.example,2110 - Creditors - MTC,2110,Creditors,Liability,0.0,1637.99,Supplier,Harlan Office Supply,5208 - Office Maintenance Expenses - MTC,,Harlan Office Supply June 2025 billing,Meridian Trading Co.
2d20d6f8bc,ACC-PINV-2025-00179,P1,Purchase Invoice,Purchase Invoice,2,2025-06-12,2025-06-12 17:50:38.820653,ap.clerk@meridian.example,5208 - Office Maintenance Expenses - MTC,5208,Office Maintenance Expenses,Expense,1637.99,0.0,,,Harlan Office Supply,Admin - MTC,Harlan Office Supply June 2025 billing,Meridian Trading Co.
0c7cf04f93,ACC-SINV-2025-00275,P1,Sales Invoice,Sales Invoice,1,2025-06-12,2025-06-12 14:11:54.312435,ar.clerk@meridian.example,4110 - Sales - MTC,4110,Sales,Income,0.0,2387.1,,,Bluepine Hardware,Sales Ops - MTC,Customer order Bluepine Hardware Jun 2025,Meridian Trading Co.
38b4bc2c6b,ACC-SINV-2025-00275,P1,Sales Invoice,Sales Invoice,2,2025-06-12,2025-06-12 14:11:54.312435,ar.clerk@meridian.example,1310 - Debtors - MTC,1310,Debtors,Asset,2530.33,0.0,Customer,Bluepine Hardware,4110 - Sales - MTC,,Customer order Bluepine Hardware Jun 2025,Meridian Trading Co.
829ca380ce,ACC-SINV-2025-00275,P1,Sales Invoice,Sales Invoice,3,2025-06-12,2025-06-12 14:11:54.312435,ar.clerk@meridian.example,ST 6% - MTC,,ST 6%,Liability,0.0,143.23,,,Bluepine Hardware,Admin - MTC,Customer order Bluepine Hardware Jun 2025,Meridian Trading Co.
b5afa1e7e3,ACC-SINV-2025-00307,P1,Sales Invoice,Sales Invoice,1,2025-06-12,2025-06-12 16:54:52.835681,ar.clerk@meridian.example,4110 - Sales - MTC,4110,Sales,Income,0.0,519.48,,,Ovation Events,Warehouse - MTC,Customer order Ovation Events Jun 2025,Meridian Trading Co.
eea396eec6,ACC-SINV-2025-00307,P1,Sales Invoice,Sales Invoice,2,2025-06-12,2025-06-12 16:54:52.835681,ar.clerk@meridian.example,4110 - Sales - MTC,4110,Sales,Income,0.0,417.91,,,Ovation Events,Sales Ops - MTC,Customer order Ovation Events Jun 2025,Meridian Trading Co.
f1b59f6b1b,ACC-SINV-2025-00307,P1,Sales Invoice,Sales Invoice,3,2025-06-12,2025-06-12 16:54:52.835681,ar.clerk@meridian.example,1310 - Debtors - MTC,1310,Debtors,Asset,937.39,0.0,Customer,Ovation Events,4110 - Sales - MTC,,Customer order Ovation Events Jun 2025,Meridian Trading Co.
6547674c2b,ACC-PAY-2025-00326,P1,Payment Entry,Payment Entry,1,2025-06-13,2025-06-13 09:06:09.106488,ar.clerk@meridian.example,1310 - Debtors - MTC,1310,Debtors,Asset,0.0,1713.19,Customer,Redcedar Builders,1210 - Primary Checking - MTC,,Amount USD 1713.19 received from Redcedar Builders | Transaction reference no ACH-25-00254 dated 2025-06-13 | Amount USD 1713.19 adjusted against Sales Invoice ACC-SINV-2025-00254,Meridian Trading Co.
9e16110d5b,ACC-PAY-2025-00326,P1,Payment Entry,Payment Entry,2,2025-06-13,2025-06-13 09:06:09.106488,ar.clerk@meridian.example,1210 - Primary Checking - MTC,1210,Primary Checking,Asset,1713.19,0.0,,,Redcedar Builders,,Amount USD 1713.19 received from Redcedar Builders | Transaction reference no ACH-25-00254 dated 2025-06-13 | Amount USD 1713.19 adjusted against Sales Invoice ACC-SINV-2025-00254,Meridian Trading Co.
0348c6590e,ACC-PAY-2025-00341,P1,Payment Entry,Payment Entry,1,2025-06-13,2025-06-13 10:50:22.263255,ar.clerk@meridian.example,1310 - Debtors - MTC,1310,Debtors,Asset,0.0,10353.07,Customer,Juniper & Co,1210 - Primary Checking - MTC,,Amount USD 10353.07 received from Juniper & Co | Transaction reference no ACH-25-00272 dated 2025-06-13 | Amount USD 10353.07 adjusted against Sales Invoice ACC-SINV-2025-00272,Meridian Trading Co.
44084a5bf3,ACC-PAY-2025-00341,P1,Payment Entry,Payment Entry,2,2025-06-13,2025-06-13 10:50:22.263255,ar.clerk@meridian.example,1210 - Primary Checking - MTC,1210,Primary Checking,Asset,10353.07,0.0,,,Juniper & Co,,Amount USD 10353.07 received from Juniper & Co | Transaction reference no ACH-25-00272 dated 2025-06-13 | Amount USD 10353.07 adjusted against Sales Invoice ACC-SINV-2025-00272,Meridian Trading Co.
051904edd0,ACC-PAY-2025-00387,P1,Payment Entry,Payment Entry,1,2025-06-13,2025-06-13 09:13:00.983325,ar.clerk@meridian.example,1310 - Debtors - MTC,1310,Debtors,Asset,0.0,1521.92,Customer,Ferrous Works,1210 - Primary Checking - MTC,,Amount USD 1521.92 received from Ferrous Works | Transaction reference no ACH-25-00297 dated 2025-06-13 | Amount USD 1521.92 adjusted against Sales Invoice ACC-SINV-2025-00297,Meridian Trading Co.
4e9e1a3236,ACC-PAY-2025-00387,P1,Payment Entry,Payment Entry,2,2025-06-13,2025-06-13 09:13:00.983325,ar.clerk@meridian.example,1210 - Primary Checking - MTC,1210,Primary Checking,Asset,1521.92,0.0,,,Ferrous Works,,Amount USD 1521.92 received from Ferrous Works | Transaction reference no ACH-25-00297 dated 2025-06-13 | Amount USD 1521.92 adjusted against Sales Invoice ACC-SINV-2025-00297,Meridian Trading Co.
c7271d905e,ACC-PINV-2025-00158,P1,Purchase Invoice,Purchase Invoice,1,2025-06-13,2025-06-13 11:45:03.631406,ap.clerk@meridian.example,2110 - Creditors - MTC,2110,Creditors,Liability,0.0,12437.41,Supplier,Orchard Wholesale,5111 - Cost of Goods Sold - MTC,,Orchard Wholesale June 2025 billing,Meridian Trading Co.
f372d8dc25,ACC-PINV-2025-00158,P1,Purchase Invoice,Purchase Invoice,2,2025-06-13,2025-06-13 11:45:03.631406,ap.clerk@meridian.example,5111 - Cost of Goods Sold - MTC,5111,Cost of Goods Sold,Expense,12437.41,0.0,,,Orchard Wholesale,Warehouse - MTC,Orchard Wholesale June 2025 billing,Meridian Trading Co.
2eee0ff2a7,ACC-PINV-2025-00164,P1,Purchase Invoice,Purchase Invoice,1,2025-06-13,2025-06-13 12:30:58.392839,ap.clerk@meridian.example,5111 - Cost of Goods Sold - MTC,5111,Cost of Goods Sold,Expense,9093.23,0.0,,,Vulcan Materials Co,Warehouse - MTC,Vulcan Materials Co June 2025 billing,Meridian Trading Co.
aa202c3749,ACC-PINV-2025-00164,P1,Purchase Invoice,Purchase Invoice,2,2025-06-13,2025-06-13 12:30:58.392839,ap.clerk@meridian.example,5204 - Entertainment Expenses - MTC,5204,Entertainment Expenses,Expense,2221.73,0.0,,,Vulcan Materials Co,Admin - MTC,Vulcan Materials Co June 2025 billing,Meridian Trading Co.
b00582072b,ACC-PINV-2025-00164,P1,Purchase Invoice,Purchase Invoice,3,2025-06-13,2025-06-13 12:30:58.392839,ap.clerk@meridian.example,2110 - Creditors - MTC,2110,Creditors,Liability,0.0,11605.52,Supplier,Vulcan Materials Co,"5111 - Cost of Goods Sold - MTC,5209 - Office Rent - MTC,5204 - Entertainment Expenses - MTC",,Vulcan Materials Co June 2025 billing,Meridian Trading Co.
b95624fae2,ACC-PINV-2025-00164,P1,Purchase Invoice,Purchase Invoice,4,2025-06-13,2025-06-13 12:30:58.392839,ap.clerk@meridian.example,5209 - Office Rent - MTC,5209,Office Rent,Expense,290.56,0.0,,,Vulcan Materials Co,Admin - MTC,Vulcan Materials Co June 2025 billing,Meridian Trading Co.
13a096d028,ACC-PINV-2025-00184,P1,Purchase Invoice,Purchase Invoice,1,2025-06-13,2025-06-13 13:56:01.930862,ap.clerk@meridian.example,5226 - Contractor Services - MTC,5226,Contractor Services,Expense,9457.26,0.0,,,Fairbanks Consulting,Admin - MTC,Fairbanks Consulting June 2025 billing,Meridian Trading Co.
8b3a162607,ACC-PINV-2025-00184,P1,Purchase Invoice,Purchase Invoice,2,2025-06-13,2025-06-13 13:56:01.930862,ap.clerk@meridian.example,2110 - Creditors - MTC,2110,Creditors,Liability,0.0,9457.26,Supplier,Fairbanks Consulting,5226 - Contractor Services - MTC,,Fairbanks Consulting June 2025 billing,Meridian Trading Co.
1043b32477,ACC-SINV-2025-00278,P1,Sales Invoice,Sales Invoice,1,2025-06-13,2025-06-13 12:11:48.854957,ar.clerk@meridian.example,4110 - Sales - MTC,4110,Sales,Income,0.0,212.55,,,Juniper & Co,Sales Ops - MTC,Customer order Juniper & Co Jun 2025,Meridian Trading Co.
235d87ea58,ACC-SINV-2025-00278,P1,Sales Invoice,Sales Invoice,2,2025-06-13,2025-06-13 12:11:48.854957,ar.clerk@meridian.example,ST 6% - MTC,,ST 6%,Liability,0.0,934.98,,,Juniper & Co,Admin - MTC,Customer order Juniper & Co Jun 2025,Meridian Trading Co.
36d9edb2cc,ACC-SINV-2025-00278,P1,Sales Invoice,Sales Invoice,3,2025-06-13,2025-06-13 12:11:48.854957,ar.clerk@meridian.example,1310 - Debtors - MTC,1310,Debtors,Asset,16518.05,0.0,Customer,Juniper & Co,"4110 - Sales - MTC,4120 - Service - MTC",,Customer order Juniper & Co Jun 2025,Meridian Trading Co.
a5e0152cd5,ACC-SINV-2025-00278,P1,Sales Invoice,Sales Invoice,4,2025-06-13,2025-06-13 12:11:48.854957,ar.clerk@meridian.example,4120 - Service - MTC,4120,Service,Income,0.0,4167.72,,,Juniper & Co,Sales Ops - MTC,Customer order Juniper & Co Jun 2025,Meridian Trading Co.
f2e1022018,ACC-SINV-2025-00278,P1,Sales Invoice,Sales Invoice,5,2025-06-13,2025-06-13 12:11:48.854957,ar.clerk@meridian.example,4120 - Service - MTC,4120,Service,Income,0.0,11202.8,,,Juniper & Co,Warehouse - MTC,Customer order Juniper & Co Jun 2025,Meridian Trading Co.
18c25e4cd8,ACC-SINV-2025-00282,P1,Sales Invoice,Sales Invoice,1,2025-06-13,2025-06-13 11:57:02.165886,ar.clerk@meridian.example,4110 - Sales - MTC,4110,Sales,Income,0.0,696.52,,,Pactrail Sports,Sales Ops - MTC,Customer order Pactrail Sports Jun 2025,Meridian Trading Co.
69b7b421ac,ACC-SINV-2025-00282,P1,Sales Invoice,Sales Invoice,2,2025-06-13,2025-06-13 11:57:02.165886,ar.clerk@meridian.example,4110 - Sales - MTC,4110,Sales,Income,0.0,94.85,,,Pactrail Sports,Warehouse - MTC,Customer order Pactrail Sports Jun 2025,Meridian Trading Co.
ac9bd20ea9,ACC-SINV-2025-00282,P1,Sales Invoice,Sales Invoice,3,2025-06-13,2025-06-13 11:57:02.165886,ar.clerk@meridian.example,ST 6% - MTC,,ST 6%,Liability,0.0,82.17,,,Pactrail Sports,Admin - MTC,Customer order Pactrail Sports Jun 2025,Meridian Trading Co.
bf4dfcee0e,ACC-SINV-2025-00282,P1,Sales Invoice,Sales Invoice,4,2025-06-13,2025-06-13 11:57:02.165886,ar.clerk@meridian.example,1310 - Debtors - MTC,1310,Debtors,Asset,1451.67,0.0,Customer,Pactrail Sports,"4110 - Sales - MTC,4130 - Freight Income - MTC",,Customer order Pactrail Sports Jun 2025,Meridian Trading Co.
f557456261,ACC-SINV-2025-00282,P1,Sales Invoice,Sales Invoice,5,2025-06-13,2025-06-13 11:57:02.165886,ar.clerk@meridian.example,4130 - Freight Income - MTC,4130,Freight Income,Income,0.0,578.13,,,Pactrail Sports,Admin - MTC,Customer order Pactrail Sports Jun 2025,Meridian Trading Co.
2968e9c4d7,ACC-SINV-2025-00304,P1,Sales Invoice,Sales Invoice,1,2025-06-13,2025-06-13 08:45:30.195510,ar.clerk@meridian.example,ST 6% - MTC,,ST 6%,Liability,0.0,107.94,,,Cascade Outfitters,Admin - MTC,Customer order Cascade Outfitters Jun 2025,Meridian Trading Co.
3bd80570a3,ACC-SINV-2025-00304,P1,Sales Invoice,Sales Invoice,2,2025-06-13,2025-06-13 08:45:30.195510,ar.clerk@meridian.example,4110 - Sales - MTC,4110,Sales,Income,0.0,1307.4,,,Cascade Outfitters,Sales Ops - MTC,Customer order Cascade Outfitters Jun 2025,Meridian Trading Co.
64ae7ac833,ACC-SINV-2025-00304,P1,Sales Invoice,Sales Invoice,3,2025-06-13,2025-06-13 08:45:30.195510,ar.clerk@meridian.example,4110 - Sales - MTC,4110,Sales,Income,0.0,491.64,,,Cascade Outfitters,Warehouse - MTC,Customer order Cascade Outfitters Jun 2025,Meridian Trading Co.
7887be2644,ACC-SINV-2025-00304,P1,Sales Invoice,Sales Invoice,4,2025-06-13,2025-06-13 08:45:30.195510,ar.clerk@meridian.example,1310 - Debtors - MTC,1310,Debtors,Asset,1906.98,0.0,Customer,Cascade Outfitters,4110 - Sales - MTC,,Customer order Cascade Outfitters Jun 2025,Meridian Trading Co.
cafdcea396,ACC-PAY-2025-00306,P1,Payment Entry,Payment Entry,1,2025-06-14,2025-06-16 15:25:41.209933,ar.clerk@meridian.example,1210 - Primary Checking - MTC,1210,Primary Checking,Asset,846.94,0.0,,,Northwind Retail,,Amount USD 846.94 received from Northwind Retail | Transaction reference no ACH-25-00229 dated 2025-06-14 | Amount USD 846.94 adjusted against Sales Invoice ACC-SINV-2025-00229,Meridian Trading Co.
e40b457745,ACC-PAY-2025-00306,P1,Payment Entry,Payment Entry,2,2025-06-14,2025-06-16 15:25:41.209933,ar.clerk@meridian.example,1310 - Debtors - MTC,1310,Debtors,Asset,0.0,846.94,Customer,Northwind Retail,1210 - Primary Checking - MTC,,Amount USD 846.94 received from Northwind Retail | Transaction reference no ACH-25-00229 dated 2025-06-14 | Amount USD 846.94 adjusted against Sales Invoice ACC-SINV-2025-00229,Meridian Trading Co.
8c823a913f,ACC-PAY-2025-00322,P1,Payment Entry,Payment Entry,1,2025-06-14,2025-06-16 08:38:39.828164,ar.clerk@meridian.example,1210 - Primary Checking - MTC,1210,Primary Checking,Asset,1008.91,0.0,,,Juniper & Co,,Amount USD 1008.91 received from Juniper & Co | Transaction reference no ACH-25-00248 dated 2025-06-14 | Amount USD 1008.91 adjusted against Sales Invoice ACC-SINV-2025-00248,Meridian Trading Co.
fc86137aa5,ACC-PAY-2025-00322,P1,Payment Entry,Payment Entry,2,2025-06-14,2025-06-16 08:38:39.828164,ar.clerk@meridian.example,1310 - Debtors - MTC,1310,Debtors,Asset,0.0,1008.91,Customer,Juniper & Co,1210 - Primary Checking - MTC,,Amount USD 1008.91 received from Juniper & Co | Transaction reference no ACH-25-00248 dated 2025-06-14 | Amount USD 1008.91 adjusted against Sales Invoice ACC-SINV-2025-00248,Meridian Trading Co.
7e2d8f0c66,ACC-PAY-2025-00386,P1,Payment Entry,Payment Entry,1,2025-06-14,2025-06-16 09:50:51.350801,ar.clerk@meridian.example,1210 - Primary Checking - MTC,1210,Primary Checking,Asset,1030.64,0.0,,,Northwind Retail,,Amount USD 1030.64 received from Northwind Retail | Transaction reference no ACH-25-00296 dated 2025-06-14 | Amount USD 1030.64 adjusted against Sales Invoice ACC-SINV-2025-00296,Meridian Trading Co.
f4a8f9e37f,ACC-PAY-2025-00386,P1,Payment Entry,Payment Entry,2,2025-06-14,2025-06-16 09:50:51.350801,ar.clerk@meridian.example,1310 - Debtors - MTC,1310,Debtors,Asset,0.0,1030.64,Customer,Northwind Retail,1210 - Primary Checking - MTC,,Amount USD 1030.64 received from Northwind Retail | Transaction reference no ACH-25-00296 dated 2025-06-14 | Amount USD 1030.64 adjusted against Sales Invoice ACC-SINV-2025-00296,Meridian Trading Co.
7a6a4fa1d5,ACC-PAY-2025-00415,P1,Payment Entry,Payment Entry,1,2025-06-14,2025-06-16 08:50:13.170907,ap.clerk@meridian.example,1210 - Primary Checking - MTC,1210,Primary Checking,Asset,0.0,1251.59,,,Orchard Wholesale,,Amount USD 1251.59 paid to Orchard Wholesale | Transaction reference no ACH-25-00160 dated 2025-06-14 | Amount USD 1251.59 adjusted against Purchase Invoice ACC-PINV-2025-00160,Meridian Trading Co.
864cdc7706,ACC-PAY-2025-00415,P1,Payment Entry,Payment Entry,2,2025-06-14,2025-06-16 08:50:13.170907,ap.clerk@meridian.example,2110 - Creditors - MTC,2110,Creditors,Liability,1251.59,0.0,Supplier,Orchard Wholesale,1210 - Primary Checking - MTC,,Amount USD 1251.59 paid to Orchard Wholesale | Transaction reference no ACH-25-00160 dated 2025-06-14 | Amount USD 1251.59 adjusted against Purchase Invoice ACC-PINV-2025-00160,Meridian Trading Co.
42eb7593f5,ACC-PAY-2025-00332,P1,Payment Entry,Payment Entry,1,2025-06-15,2025-06-16 08:28:26.285612,ar.clerk@meridian.example,1210 - Primary Checking - MTC,1210,Primary Checking,Asset,7449.15,0.0,,,Summit Rentals,,Amount USD 7449.15 received from Summit Rentals | Transaction reference no ACH-25-00261 dated 2025-06-15 | Amount USD 7449.15 adjusted against Sales Invoice ACC-SINV-2025-00261,Meridian Trading Co.
bd8cbcdd95,ACC-PAY-2025-00332,P1,Payment Entry,Payment Entry,2,2025-06-15,2025-06-16 08:28:26.285612,ar.clerk@meridian.example,1310 - Debtors - MTC,1310,Debtors,Asset,0.0,7449.15,Customer,Summit Rentals,1210 - Primary Checking - MTC,,Amount USD 7449.15 received from Summit Rentals | Transaction reference no ACH-25-00261 dated 2025-06-15 | Amount USD 7449.15 adjusted against Sales Invoice ACC-SINV-2025-00261,Meridian Trading Co.
f9c1807192,ACC-PAY-2025-00345,P1,Payment Entry,Payment Entry,1,2025-06-16,2025-06-16 10:21:05.965492,ap.clerk@meridian.example,1210 - Primary Checking - MTC,1210,Primary Checking,Asset,0.0,2126.72,,,Orchard Wholesale,,Amount USD 2126.72 paid to Orchard Wholesale | Transaction reference no ACH-25-00130 dated 2025-06-16 | Amount USD 2126.72 adjusted against Purchase Invoice ACC-PINV-2025-00130,Meridian Trading Co.
fe9a7b249e,ACC-PAY-2025-00345,P1,Payment Entry,Payment Entry,2,2025-06-16,2025-06-16 10:21:05.965492,ap.clerk@meridian.example,2110 - Creditors - MTC,2110,Creditors,Liability,2126.72,0.0,Supplier,Orchard Wholesale,1210 - Primary Checking - MTC,,Amount USD 2126.72 paid to Orchard Wholesale | Transaction reference no ACH-25-00130 dated 2025-06-16 | Amount USD 2126.72 adjusted against Purchase Invoice ACC-PINV-2025-00130,Meridian Trading Co.
7d25a45209,ACC-PAY-2025-00363,P1,Payment Entry,Payment Entry,1,2025-06-16,2025-06-16 10:30:26.725567,ap.clerk@meridian.example,1210 - Primary Checking - MTC,1210,Primary Checking,Asset,0.0,8437.08,,,Quill Marketing Group,,Amount USD 8437.08 paid to Quill Marketing Group | Transaction reference no ACH-25-00150 dated 2025-06-16 | Amount USD 8437.08 adjusted against Purchase Invoice ACC-PINV-2025-00150,Meridian Trading Co.
dce598c8a3,ACC-PAY-2025-00363,P1,Payment Entry,Payment Entry,2,2025-06-16,2025-06-16 10:30:26.725567,ap.clerk@meridian.example,2110 - Creditors - MTC,2110,Creditors,Liability,8437.08,0.0,Supplier,Quill Marketing Group,1210 - Primary Checking - MTC,,Amount USD 8437.08 paid to Quill Marketing Group | Transaction reference no ACH-25-00150 dated 2025-06-16 | Amount USD 8437.08 adjusted against Purchase Invoice ACC-PINV-2025-00150,Meridian Trading Co.
030b3b428b,ACC-PINV-2025-00168,P1,Purchase Invoice,Purchase Invoice,1,2025-06-16,2025-06-16 12:47:19.140581,ap.clerk@meridian.example,2110 - Creditors - MTC,2110,Creditors,Liability,0.0,500.49,Supplier,Vulcan Materials Co,5111 - Cost of Goods Sold - MTC,,Vulcan Materials Co June 2025 billing,Meridian Trading Co.
bce970e37b,ACC-PINV-2025-00168,P1,Purchase Invoice,Purchase Invoice,2,2025-06-16,2025-06-16 12:47:19.140581,ap.clerk@meridian.example,5111 - Cost of Goods Sold - MTC,5111,Cost of Goods Sold,Expense,500.49,0.0,,,Vulcan Materials Co,Warehouse - MTC,Vulcan Materials Co June 2025 billing,Meridian Trading Co.
01737ce2aa,ACC-PINV-2025-00169,P1,Purchase Invoice,Purchase Invoice,1,2025-06-16,2025-06-16 15:06:11.490223,ap.clerk@meridian.example,2110 - Creditors - MTC,2110,Creditors,Liability,0.0,9224.1,Supplier,Beacon Freight,5205 - Freight and Forwarding Charges - MTC,,Beacon Freight June 2025 billing,Meridian Trading Co.
46ff71d515,ACC-PINV-2025-00169,P1,Purchase Invoice,Purchase Invoice,2,2025-06-16,2025-06-16 15:06:11.490223,ap.clerk@meridian.example,5205 - Freight and Forwarding Charges - MTC,5205,Freight and Forwarding Charges,Expense,9224.1,0.0,,,Beacon Freight,Admin - MTC,Beacon Freight June 2025 billing,Meridian Trading Co.
4d6e0d1fad,ACC-SINV-2025-00276,P1,Sales Invoice,Sales Invoice,1,2025-06-16,2025-06-16 16:32:05.659723,ar.clerk@meridian.example,4120 - Service - MTC,4120,Service,Income,0.0,6986.68,,,Timberline Schools,Sales Ops - MTC,Customer order Timberline Schools Jun 2025,Meridian Trading Co.
5a5691cba9,ACC-SINV-2025-00276,P1,Sales Invoice,Sales Invoice,2,2025-06-16,2025-06-16 16:32:05.659723,ar.clerk@meridian.example,4110 - Sales - MTC,4110,Sales,Income,0.0,1626.5,,,Timberline Schools,Sales Ops - MTC,Customer order Timberline Schools Jun 2025,Meridian Trading Co.
8ccfc953e5,ACC-SINV-2025-00276,P1,Sales Invoice,Sales Invoice,3,2025-06-16,2025-06-16 16:32:05.659723,ar.clerk@meridian.example,1310 - Debtors - MTC,1310,Debtors,Asset,8613.18,0.0,Customer,Timberline Schools,"4120 - Service - MTC,4110 - Sales - MTC",,Customer order Timberline Schools Jun 2025,Meridian Trading Co.
018be39db6,ACC-SINV-2025-00303,P1,Sales Invoice,Sales Invoice,1,2025-06-16,2025-06-16 12:27:42.205968,ar.clerk@meridian.example,1310 - Debtors - MTC,1310,Debtors,Asset,805.83,0.0,Customer,Brightline Offices,"4110 - Sales - MTC,4130 - Freight Income - MTC",,Customer order Brightline Offices Jun 2025,Meridian Trading Co.
021d4dda9a,ACC-SINV-2025-00303,P1,Sales Invoice,Sales Invoice,2,2025-06-16,2025-06-16 12:27:42.205968,ar.clerk@meridian.example,4110 - Sales - MTC,4110,Sales,Income,0.0,677.99,,,Brightline Offices,Warehouse - MTC,Customer order Brightline Offices Jun 2025,Meridian Trading Co.
a3bac43521,ACC-SINV-2025-00303,P1,Sales Invoice,Sales Invoice,3,2025-06-16,2025-06-16 12:27:42.205968,ar.clerk@meridian.example,4130 - Freight Income - MTC,4130,Freight Income,Income,0.0,82.23,,,Brightline Offices,Admin - MTC,Customer order Brightline Offices Jun 2025,Meridian Trading Co.
dbc0ab8ea1,ACC-SINV-2025-00303,P1,Sales Invoice,Sales Invoice,4,2025-06-16,2025-06-16 12:27:42.205968,ar.clerk@meridian.example,ST 6% - MTC,,ST 6%,Liability,0.0,45.61,,,Brightline Offices,Admin - MTC,Customer order Brightline Offices Jun 2025,Meridian Trading Co.
08ab1b46c2,ACC-PAY-2025-00333,P1,Payment Entry,Payment Entry,1,2025-06-17,2025-06-17 17:31:23.134859,ar.clerk@meridian.example,1210 - Primary Checking - MTC,1210,Primary Checking,Asset,3014.96,0.0,,,Juniper & Co,,Amount USD 3014.96 received from Juniper & Co | Transaction reference no ACH-25-00262 dated 2025-06-17 | Amount USD 3014.96 adjusted against Sales Invoice ACC-SINV-2025-00262,Meridian Trading Co.
a92ffdf01d,ACC-PAY-2025-00333,P1,Payment Entry,Payment Entry,2,2025-06-17,2025-06-17 17:31:23.134859,ar.clerk@meridian.example,1310 - Debtors - MTC,1310,Debtors,Asset,0.0,3014.96,Customer,Juniper & Co,1210 - Primary Checking - MTC,,Amount USD 3014.96 received from Juniper & Co | Transaction reference no ACH-25-00262 dated 2025-06-17 | Amount USD 3014.96 adjusted against Sales Invoice ACC-SINV-2025-00262,Meridian Trading Co.
8ec72fd1e7,ACC-PAY-2025-00342,P1,Payment Entry,Payment Entry,1,2025-06-17,2025-06-17 13:04:09.294719,ap.clerk@meridian.example,2110 - Creditors - MTC,2110,Creditors,Liability,15802.92,0.0,Supplier,Orchard Wholesale,1210 - Primary Checking - MTC,,Amount USD 15802.92 paid to Orchard Wholesale | Transaction reference no ACH-25-00125 dated 2025-06-17 | Amount USD 15802.92 adjusted against Purchase Invoice ACC-PINV-2025-00125,Meridian Trading Co.
b4e122d53b,ACC-PAY-2025-00342,P1,Payment Entry,Payment Entry,2,2025-06-17,2025-06-17 13:04:09.294719,ap.clerk@meridian.example,1210 - Primary Checking - MTC,1210,Primary Checking,Asset,0.0,15802.92,,,Orchard Wholesale,,Amount USD 15802.92 paid to Orchard Wholesale | Transaction reference no ACH-25-00125 dated 2025-06-17 | Amount USD 15802.92 adjusted against Purchase Invoice ACC-PINV-2025-00125,Meridian Trading Co.
83f6aafd22,ACC-PAY-2025-00347,P1,Payment Entry,Payment Entry,1,2025-06-17,2025-06-17 12:13:06.745058,ap.clerk@meridian.example,2110 - Creditors - MTC,2110,Creditors,Liability,2664.7,0.0,Supplier,Vulcan Materials Co,1210 - Primary Checking - MTC,,Amount USD 2664.7 paid to Vulcan Materials Co | Transaction reference no ACH-25-00133 dated 2025-06-17 | Amount USD 2664.7 adjusted against Purchase Invoice ACC-PINV-2025-00133,Meridian Trading Co.
c8a294ba40,ACC-PAY-2025-00347,P1,Payment Entry,Payment Entry,2,2025-06-17,2025-06-17 12:13:06.745058,ap.clerk@meridian.example,1210 - Primary Checking - MTC,1210,Primary Checking,Asset,0.0,2664.7,,,Vulcan Materials Co,,Amount USD 2664.7 paid to Vulcan Materials Co | Transaction reference no ACH-25-00133 dated 2025-06-17 | Amount USD 2664.7 adjusted against Purchase Invoice ACC-PINV-2025-00133,Meridian Trading Co.
286ae4fe37,ACC-PINV-2025-00172,P1,Purchase Invoice,Purchase Invoice,1,2025-06-17,2025-06-17 13:02:16.351717,ap.clerk@meridian.example,2110 - Creditors - MTC,2110,Creditors,Liability,0.0,10664.8,Supplier,Beacon Freight,5205 - Freight and Forwarding Charges - MTC,,Beacon Freight June 2025 billing,Meridian Trading Co.
5bd06ad2aa,ACC-PINV-2025-00172,P1,Purchase Invoice,Purchase Invoice,2,2025-06-17,2025-06-17 13:02:16.351717,ap.clerk@meridian.example,5205 - Freight and Forwarding Charges - MTC,5205,Freight and Forwarding Charges,Expense,10664.8,0.0,,,Beacon Freight,Admin - MTC,Beacon Freight June 2025 billing,Meridian Trading Co.
60974ac6fc,ACC-PINV-2025-00177,P1,Purchase Invoice,Purchase Invoice,1,2025-06-17,2025-06-17 10:51:33.268810,ap.clerk@meridian.example,5217 - Utility Expenses - MTC,5217,Utility Expenses,Expense,12053.62,0.0,,,Metro Utilities,Admin - MTC,Metro Utilities June 2025 billing,Meridian Trading Co.
67a8fc6168,ACC-PINV-2025-00177,P1,Purchase Invoice,Purchase Invoice,2,2025-06-17,2025-06-17 10:51:33.268810,ap.clerk@meridian.example,5210 - Postal Expenses - MTC,5210,Postal Expenses,Expense,1332.82,0.0,,,Metro Utilities,Admin - MTC,Metro Utilities June 2025 billing,Meridian Trading Co.
c1e77a82e7,ACC-PINV-2025-00177,P1,Purchase Invoice,Purchase Invoice,3,2025-06-17,2025-06-17 10:51:33.268810,ap.clerk@meridian.example,2110 - Creditors - MTC,2110,Creditors,Liability,0.0,13386.44,Supplier,Metro Utilities,"5217 - Utility Expenses - MTC,5210 - Postal Expenses - MTC",,Metro Utilities June 2025 billing,Meridian Trading Co.
9c3d1bd74b,ACC-PINV-2025-00180,P1,Purchase Invoice,Purchase Invoice,1,2025-06-17,2025-06-17 14:45:07.191743,ap.clerk@meridian.example,2110 - Creditors - MTC,2110,Creditors,Liability,0.0,12028.21,Supplier,Quill Marketing Group,5207 - Marketing Expenses - MTC,,Quill Marketing Group June 2025 billing,Meridian Trading Co.
df0bfb8a28,ACC-PINV-2025-00180,P1,Purchase Invoice,Purchase Invoice,2,2025-06-17,2025-06-17 14:45:07.191743,ap.clerk@meridian.example,5207 - Marketing Expenses - MTC,5207,Marketing Expenses,Expense,12028.21,0.0,,,Quill Marketing Group,Admin - MTC,Quill Marketing Group June 2025 billing,Meridian Trading Co.
6b1a2ad020,ACC-PINV-2025-00183,P1,Purchase Invoice,Purchase Invoice,1,2025-06-17,2025-06-17 10:41:03.974281,ap.clerk@meridian.example,2110 - Creditors - MTC,2110,Creditors,Liability,0.0,8148.17,Supplier,Fairbanks Consulting,5226 - Contractor Services - MTC,,Fairbanks Consulting June 2025 billing,Meridian Trading Co.
b8e1bb5ff0,ACC-PINV-2025-00183,P1,Purchase Invoice,Purchase Invoice,2,2025-06-17,2025-06-17 10:41:03.974281,ap.clerk@meridian.example,5226 - Contractor Services - MTC,5226,Contractor Services,Expense,8148.17,0.0,,,Fairbanks Consulting,Admin - MTC,Fairbanks Consulting June 2025 billing,Meridian Trading Co.
440078665e,ACC-SINV-2025-00305,P1,Sales Invoice,Sales Invoice,1,2025-06-17,2025-06-17 12:39:35.716003,ar.clerk@meridian.example,4110 - Sales - MTC,4110,Sales,Income,0.0,3337.35,,,Cascade Outfitters,Sales Ops - MTC,Customer order Cascade Outfitters Jun 2025,Meridian Trading Co.
6aa470406f,ACC-SINV-2025-00305,P1,Sales Invoice,Sales Invoice,2,2025-06-17,2025-06-17 12:39:35.716003,ar.clerk@meridian.example,4110 - Sales - MTC,4110,Sales,Income,0.0,1450.05,,,Cascade Outfitters,Warehouse - MTC,Customer order Cascade Outfitters Jun 2025,Meridian Trading Co.
6f8af374db,ACC-SINV-2025-00305,P1,Sales Invoice,Sales Invoice,3,2025-06-17,2025-06-17 12:39:35.716003,ar.clerk@meridian.example,4120 - Service - MTC,4120,Service,Income,0.0,5672.85,,,Cascade Outfitters,Sales Ops - MTC,Customer order Cascade Outfitters Jun 2025,Meridian Trading Co.
912cc6cd60,ACC-SINV-2025-00305,P1,Sales Invoice,Sales Invoice,4,2025-06-17,2025-06-17 12:39:35.716003,ar.clerk@meridian.example,ST 6% - MTC,,ST 6%,Liability,0.0,627.62,,,Cascade Outfitters,Admin - MTC,Customer order Cascade Outfitters Jun 2025,Meridian Trading Co.
ef7c68e8d6,ACC-SINV-2025-00305,P1,Sales Invoice,Sales Invoice,5,2025-06-17,2025-06-17 12:39:35.716003,ar.clerk@meridian.example,1310 - Debtors - MTC,1310,Debtors,Asset,11087.87,0.0,Customer,Cascade Outfitters,"4110 - Sales - MTC,4120 - Service - MTC",,Customer order Cascade Outfitters Jun 2025,Meridian Trading Co.
3faaf08da7,ACC-PAY-2025-00320,P1,Payment Entry,Payment Entry,1,2025-06-18,2025-06-18 12:44:25.544615,ar.clerk@meridian.example,1210 - Primary Checking - MTC,1210,Primary Checking,Asset,522.61,0.0,,,Northwind Retail,,Amount USD 522.61 received from Northwind Retail | Transaction reference no ACH-25-00246 dated 2025-06-18 | Amount USD 522.61 adjusted against Sales Invoice ACC-SINV-2025-00246,Meridian Trading Co.
7fe4bffd78,ACC-PAY-2025-00320,P1,Payment Entry,Payment Entry,2,2025-06-18,2025-06-18 12:44:25.544615,ar.clerk@meridian.example,1310 - Debtors - MTC,1310,Debtors,Asset,0.0,522.61,Customer,Northwind Retail,1210 - Primary Checking - MTC,,Amount USD 522.61 received from Northwind Retail | Transaction reference no ACH-25-00246 dated 2025-06-18 | Amount USD 522.61 adjusted against Sales Invoice ACC-SINV-2025-00246,Meridian Trading Co.
3cf50d2a95,ACC-PAY-2025-00346,P1,Payment Entry,Payment Entry,1,2025-06-18,2025-06-18 08:22:51.752745,ap.clerk@meridian.example,1210 - Primary Checking - MTC,1210,Primary Checking,Asset,0.0,3463.3,,,Orchard Wholesale,,Amount USD 3463.3 paid to Orchard Wholesale | Transaction reference no ACH-25-00132 dated 2025-06-18 | Amount USD 3463.3 adjusted against Purchase Invoice ACC-PINV-2025-00132,Meridian Trading Co.
d97a671f8a,ACC-PAY-2025-00346,P1,Payment Entry,Payment Entry,2,2025-06-18,2025-06-18 08:22:51.752745,ap.clerk@meridian.example,2110 - Creditors - MTC,2110,Creditors,Liability,3463.3,0.0,Supplier,Orchard Wholesale,1210 - Primary Checking - MTC,,Amount USD 3463.3 paid to Orchard Wholesale | Transaction reference no ACH-25-00132 dated 2025-06-18 | Amount USD 3463.3 adjusted against Purchase Invoice ACC-PINV-2025-00132,Meridian Trading Co.
7b02012d15,ACC-PINV-2025-00173,P1,Purchase Invoice,Purchase Invoice,1,2025-06-18,2025-06-18 10:53:46.241126,ap.clerk@meridian.example,2110 - Creditors - MTC,2110,Creditors,Liability,0.0,1220.26,Supplier,Cobalt IT Services,5230 - IT and Software Expenses - MTC,,Cobalt IT Services June 2025 billing,Meridian Trading Co.
cc015620db,ACC-PINV-2025-00173,P1,Purchase Invoice,Purchase Invoice,2,2025-06-18,2025-06-18 10:53:46.241126,ap.clerk@meridian.example,5230 - IT and Software Expenses - MTC,5230,IT and Software Expenses,Expense,1220.26,0.0,,,Cobalt IT Services,Admin - MTC,Cobalt IT Services June 2025 billing,Meridian Trading Co.
50959ee2eb,ACC-PINV-2025-00182,P1,Purchase Invoice,Purchase Invoice,1,2025-06-18,2025-06-18 16:12:04.451571,ap.clerk@meridian.example,5229 - Security Expenses - MTC,5229,Security Expenses,Expense,16878.44,0.0,,,Ironclad Security,Admin - MTC,Ironclad Security June 2025 billing,Meridian Trading Co.
de84cc4b9a,ACC-PINV-2025-00182,P1,Purchase Invoice,Purchase Invoice,2,2025-06-18,2025-06-18 16:12:04.451571,ap.clerk@meridian.example,2110 - Creditors - MTC,2110,Creditors,Liability,0.0,16878.44,Supplier,Ironclad Security,5229 - Security Expenses - MTC,,Ironclad Security June 2025 billing,Meridian Trading Co.
3b192e5bf7,ACC-SINV-2025-00284,P1,Sales Invoice,Sales Invoice,1,2025-06-18,2025-06-18 16:04:17.089959,ar.clerk@meridian.example,1310 - Debtors - MTC,1310,Debtors,Asset,10582.85,0.0,Customer,Kestrel Foods,"4120 - Service - MTC,4130 - Freight Income - MTC,4110 - Sales - MTC",,Customer order Kestrel Foods Jun 2025,Meridian Trading Co.
91563b0f6f,ACC-SINV-2025-00284,P1,Sales Invoice,Sales Invoice,2,2025-06-18,2025-06-18 16:04:17.089959,ar.clerk@meridian.example,4110 - Sales - MTC,4110,Sales,Income,0.0,174.1,,,Kestrel Foods,Sales Ops - MTC,Customer order Kestrel Foods Jun 2025,Meridian Trading Co.
9333205b0d,ACC-SINV-2025-00284,P1,Sales Invoice,Sales Invoice,3,2025-06-18,2025-06-18 16:04:17.089959,ar.clerk@meridian.example,ST 6% - MTC,,ST 6%,Liability,0.0,599.03,,,Kestrel Foods,Admin - MTC,Customer order Kestrel Foods Jun 2025,Meridian Trading Co.
d2dc1868c0,ACC-SINV-2025-00284,P1,Sales Invoice,Sales Invoice,4,2025-06-18,2025-06-18 16:04:17.089959,ar.clerk@meridian.example,4130 - Freight Income - MTC,4130,Freight Income,Income,0.0,1589.2,,,Kestrel Foods,Admin - MTC,Customer order Kestrel Foods Jun 2025,Meridian Trading Co.
dfb8c86b64,ACC-SINV-2025-00284,P1,Sales Invoice,Sales Invoice,5,2025-06-18,2025-06-18 16:04:17.089959,ar.clerk@meridian.example,4110 - Sales - MTC,4110,Sales,Income,0.0,389.52,,,Kestrel Foods,Warehouse - MTC,Customer order Kestrel Foods Jun 2025,Meridian Trading Co.
ef1a9c2a4a,ACC-SINV-2025-00284,P1,Sales Invoice,Sales Invoice,6,2025-06-18,2025-06-18 16:04:17.089959,ar.clerk@meridian.example,4120 - Service - MTC,4120,Service,Income,0.0,7831.0,,,Kestrel Foods,Sales Ops - MTC,Customer order Kestrel Foods Jun 2025,Meridian Trading Co.
02a4125a80,ACC-SINV-2025-00285,P1,Sales Invoice,Sales Invoice,1,2025-06-18,2025-06-18 12:17:12.965359,ar.clerk@meridian.example,4110 - Sales - MTC,4110,Sales,Income,0.0,820.44,,,Brightline Offices,Warehouse - MTC,Customer order Brightline Offices Jun 2025,Meridian Trading Co.
73d18d2952,ACC-SINV-2025-00285,P1,Sales Invoice,Sales Invoice,2,2025-06-18,2025-06-18 12:17:12.965359,ar.clerk@meridian.example,4130 - Freight Income - MTC,4130,Freight Income,Income,0.0,92.34,,,Brightline Offices,Admin - MTC,Customer order Brightline Offices Jun 2025,Meridian Trading Co.
8e4917455a,ACC-SINV-2025-00285,P1,Sales Invoice,Sales Invoice,3,2025-06-18,2025-06-18 12:17:12.965359,ar.clerk@meridian.example,4110 - Sales - MTC,4110,Sales,Income,0.0,968.61,,,Brightline Offices,Sales Ops - MTC,Customer order Brightline Offices Jun 2025,Meridian Trading Co.
9c3b49ab0c,ACC-SINV-2025-00285,P1,Sales Invoice,Sales Invoice,4,2025-06-18,2025-06-18 12:17:12.965359,ar.clerk@meridian.example,1310 - Debtors - MTC,1310,Debtors,Asset,1994.27,0.0,Customer,Brightline Offices,"4110 - Sales - MTC,4130 - Freight Income - MTC",,Customer order Brightline Offices Jun 2025,Meridian Trading Co.
d1a13c5e7f,ACC-SINV-2025-00285,P1,Sales Invoice,Sales Invoice,5,2025-06-18,2025-06-18 12:17:12.965359,ar.clerk@meridian.example,ST 6% - MTC,,ST 6%,Liability,0.0,112.88,,,Brightline Offices,Admin - MTC,Customer order Brightline Offices Jun 2025,Meridian Trading Co.
0b579f020a,ACC-SINV-2025-00300,P1,Sales Invoice,Sales Invoice,1,2025-06-18,2025-06-18 10:26:46.729093,ar.clerk@meridian.example,4110 - Sales - MTC,4110,Sales,Income,0.0,590.25,,,Northwind Retail,Sales Ops - MTC,Customer order Northwind Retail Jun 2025,Meridian Trading Co.
100e755c34,ACC-SINV-2025-00300,P1,Sales Invoice,Sales Invoice,2,2025-06-18,2025-06-18 10:26:46.729093,ar.clerk@meridian.example,4110 - Sales - MTC,4110,Sales,Income,0.0,231.6,,,Northwind Retail,Warehouse - MTC,Customer order Northwind Retail Jun 2025,Meridian Trading Co.
2b4af580c0,ACC-SINV-2025-00300,P1,Sales Invoice,Sales Invoice,3,2025-06-18,2025-06-18 10:26:46.729093,ar.clerk@meridian.example,ST 6% - MTC,,ST 6%,Liability,0.0,177.26,,,Northwind Retail,Admin - MTC,Customer order Northwind Retail Jun 2025,Meridian Trading Co.
64e6956194,ACC-SINV-2025-00300,P1,Sales Invoice,Sales Invoice,4,2025-06-18,2025-06-18 10:26:46.729093,ar.clerk@meridian.example,1310 - Debtors - MTC,1310,Debtors,Asset,3131.67,0.0,Customer,Northwind Retail,"4130 - Freight Income - MTC,4110 - Sales - MTC",,Customer order Northwind Retail Jun 2025,Meridian Trading Co.
ca09ec7553,ACC-SINV-2025-00300,P1,Sales Invoice,Sales Invoice,5,2025-06-18,2025-06-18 10:26:46.729093,ar.clerk@meridian.example,4130 - Freight Income - MTC,4130,Freight Income,Income,0.0,2132.56,,,Northwind Retail,Admin - MTC,Customer order Northwind Retail Jun 2025,Meridian Trading Co.
0c8f5c0359,ACC-SINV-2025-00301,P1,Sales Invoice,Sales Invoice,1,2025-06-18,2025-06-18 10:18:09.100025,ar.clerk@meridian.example,1310 - Debtors - MTC,1310,Debtors,Asset,843.15,0.0,Customer,Ovation Events,4110 - Sales - MTC,,Customer order Ovation Events Jun 2025,Meridian Trading Co.
0d3ed3f7bc,ACC-SINV-2025-00301,P1,Sales Invoice,Sales Invoice,2,2025-06-18,2025-06-18 10:18:09.100025,ar.clerk@meridian.example,4110 - Sales - MTC,4110,Sales,Income,0.0,843.15,,,Ovation Events,Sales Ops - MTC,Customer order Ovation Events Jun 2025,Meridian Trading Co.
3a2b90e206,ACC-SINV-2025-00310,P1,Sales Invoice,Sales Invoice,1,2025-06-18,2025-06-23 08:04:07.338736,ar.clerk@meridian.example,4110 - Sales - MTC,4110,Sales,Income,0.0,982.05,,,Brightline Offices,Warehouse - MTC,Customer order Brightline Offices Jun 2025,Meridian Trading Co.
3b7edd3acc,ACC-SINV-2025-00310,P1,Sales Invoice,Sales Invoice,2,2025-06-18,2025-06-23 08:04:07.338736,ar.clerk@meridian.example,ST 6% - MTC,,ST 6%,Liability,0.0,58.92,,,Brightline Offices,Admin - MTC,Customer order Brightline Offices Jun 2025,Meridian Trading Co.
a25ddbc034,ACC-SINV-2025-00310,P1,Sales Invoice,Sales Invoice,3,2025-06-18,2025-06-23 08:04:07.338736,ar.clerk@meridian.example,1310 - Debtors - MTC,1310,Debtors,Asset,1040.97,0.0,Customer,Brightline Offices,4110 - Sales - MTC,,Customer order Brightline Offices Jun 2025,Meridian Trading Co.
0616cf8a23,ACC-PAY-2025-00308,P1,Payment Entry,Payment Entry,1,2025-06-19,2025-06-19 16:17:57.687888,ar.clerk@meridian.example,1210 - Primary Checking - MTC,1210,Primary Checking,Asset,499.94,0.0,,,Juniper & Co,,Amount USD 499.94 received from Juniper & Co | Transaction reference no ACH-25-00231 dated 2025-06-19 | Amount USD 499.94 adjusted against Sales Invoice ACC-SINV-2025-00231,Meridian Trading Co.
4fa2aaf10a,ACC-PAY-2025-00308,P1,Payment Entry,Payment Entry,2,2025-06-19,2025-06-19 16:17:57.687888,ar.clerk@meridian.example,1310 - Debtors - MTC,1310,Debtors,Asset,0.0,499.94,Customer,Juniper & Co,1210 - Primary Checking - MTC,,Amount USD 499.94 received from Juniper & Co | Transaction reference no ACH-25-00231 dated 2025-06-19 | Amount USD 499.94 adjusted against Sales Invoice ACC-SINV-2025-00231,Meridian Trading Co.
16f46bc37b,ACC-PAY-2025-00362,P1,Payment Entry,Payment Entry,1,2025-06-19,2025-06-19 17:13:28.599552,ap.clerk@meridian.example,2110 - Creditors - MTC,2110,Creditors,Liability,14201.8,0.0,Supplier,Quill Marketing Group,1210 - Primary Checking - MTC,,Amount USD 14201.8 paid to Quill Marketing Group | Transaction reference no ACH-25-00149 dated 2025-06-19 | Amount USD 14201.8 adjusted against Purchase Invoice ACC-PINV-2025-00149,Meridian Trading Co.
f16f6b0382,ACC-PAY-2025-00362,P1,Payment Entry,Payment Entry,2,2025-06-19,2025-06-19 17:13:28.599552,ap.clerk@meridian.example,1210 - Primary Checking - MTC,1210,Primary Checking,Asset,0.0,14201.8,,,Quill Marketing Group,,Amount USD 14201.8 paid to Quill Marketing Group | Transaction reference no ACH-25-00149 dated 2025-06-19 | Amount USD 14201.8 adjusted against Purchase Invoice ACC-PINV-2025-00149,Meridian Trading Co.
1333837884,ACC-SINV-2025-00291,P1,Sales Invoice,Sales Invoice,1,2025-06-19,2025-06-19 12:15:00.788038,ar.clerk@meridian.example,ST 6% - MTC,,ST 6%,Liability,0.0,181.57,,,Halstrom Supply,Admin - MTC,Customer order Halstrom Supply Jun 2025,Meridian Trading Co.
9947c978cb,ACC-SINV-2025-00291,P1,Sales Invoice,Sales Invoice,2,2025-06-19,2025-06-19 12:15:00.788038,ar.clerk@meridian.example,1310 - Debtors - MTC,1310,Debtors,Asset,3207.77,0.0,Customer,Halstrom Supply,4110 - Sales - MTC,,Customer order Halstrom Supply Jun 2025,Meridian Trading Co.
9b3240197f,ACC-SINV-2025-00291,P1,Sales Invoice,Sales Invoice,3,2025-06-19,2025-06-19 12:15:00.788038,ar.clerk@meridian.example,4110 - Sales - MTC,4110,Sales,Income,0.0,3026.2,,,Halstrom Supply,Sales Ops - MTC,Customer order Halstrom Supply Jun 2025,Meridian Trading Co.
5ad48fc726,ACC-SINV-2025-00298,P1,Sales Invoice,Sales Invoice,1,2025-06-19,2025-06-19 18:25:40.415339,ar.clerk@meridian.example,1310 - Debtors - MTC,1310,Debtors,Asset,1244.06,0.0,Customer,Pactrail Sports,4110 - Sales - MTC,,Customer order Pactrail Sports Jun 2025,Meridian Trading Co.
a500ec31ec,ACC-SINV-2025-00298,P1,Sales Invoice,Sales Invoice,2,2025-06-19,2025-06-19 18:25:40.415339,ar.clerk@meridian.example,4110 - Sales - MTC,4110,Sales,Income,0.0,1173.64,,,Pactrail Sports,Warehouse - MTC,Customer order Pactrail Sports Jun 2025,Meridian Trading Co.
bc69f0c545,ACC-SINV-2025-00298,P1,Sales Invoice,Sales Invoice,3,2025-06-19,2025-06-19 18:25:40.415339,ar.clerk@meridian.example,ST 6% - MTC,,ST 6%,Liability,0.0,70.42,,,Pactrail Sports,Admin - MTC,Customer order Pactrail Sports Jun 2025,Meridian Trading Co.
19d92b6c66,ACC-SINV-2025-00313,P1,Sales Invoice,Sales Invoice,1,2025-06-19,2025-06-19 14:02:03.418236,ar.clerk@meridian.example,4110 - Sales - MTC,4110,Sales,Income,0.0,1131.12,,,Ovation Events,Sales Ops - MTC,Customer order Ovation Events Jun 2025,Meridian Trading Co.
92cdd81b55,ACC-SINV-2025-00313,P1,Sales Invoice,Sales Invoice,2,2025-06-19,2025-06-19 14:02:03.418236,ar.clerk@meridian.example,4120 - Service - MTC,4120,Service,Income,0.0,4856.55,,,Ovation Events,Sales Ops - MTC,Customer order Ovation Events Jun 2025,Meridian Trading Co.
c7b865ac2d,ACC-SINV-2025-00313,P1,Sales Invoice,Sales Invoice,3,2025-06-19,2025-06-19 14:02:03.418236,ar.clerk@meridian.example,1310 - Debtors - MTC,1310,Debtors,Asset,5987.67,0.0,Customer,Ovation Events,"4110 - Sales - MTC,4120 - Service - MTC",,Customer order Ovation Events Jun 2025,Meridian Trading Co.
107a5a4e2d,ACC-SINV-2025-00321,P1,Sales Invoice,Sales Invoice,1,2025-06-19,2025-06-19 18:28:16.670092,ar.clerk@meridian.example,4110 - Sales - MTC,4110,Sales,Income,0.0,248.6,,,Cascade Outfitters,Warehouse - MTC,Customer order Cascade Outfitters Jun 2025,Meridian Trading Co.
2319952b25,ACC-SINV-2025-00321,P1,Sales Invoice,Sales Invoice,2,2025-06-19,2025-06-19 18:28:16.670092,ar.clerk@meridian.example,ST 6% - MTC,,ST 6%,Liability,0.0,35.58,,,Cascade Outfitters,Admin - MTC,Customer order Cascade Outfitters Jun 2025,Meridian Trading Co.
4296649343,ACC-SINV-2025-00321,P1,Sales Invoice,Sales Invoice,3,2025-06-19,2025-06-19 18:28:16.670092,ar.clerk@meridian.example,4110 - Sales - MTC,4110,Sales,Income,0.0,344.32,,,Cascade Outfitters,Sales Ops - MTC,Customer order Cascade Outfitters Jun 2025,Meridian Trading Co.
b62bf5a8ca,ACC-SINV-2025-00321,P1,Sales Invoice,Sales Invoice,4,2025-06-19,2025-06-19 18:28:16.670092,ar.clerk@meridian.example,1310 - Debtors - MTC,1310,Debtors,Asset,628.5,0.0,Customer,Cascade Outfitters,4110 - Sales - MTC,,Customer order Cascade Outfitters Jun 2025,Meridian Trading Co.
181864f73f,ACC-JV-2025-00057,P1,Journal Entry,Journal Entry,1,2025-06-20,2025-06-20 09:42:36.333464,controller@meridian.example,5211 - Print and Stationery - MTC,5211,Print and Stationery,Expense,1496.92,0.0,,,5207 - Marketing Expenses - MTC,Admin - MTC,,Meridian Trading Co.
6e7c47319e,ACC-JV-2025-00057,P1,Journal Entry,Journal Entry,2,2025-06-20,2025-06-20 09:42:36.333464,controller@meridian.example,5207 - Marketing Expenses - MTC,5207,Marketing Expenses,Expense,0.0,1496.92,,,5211 - Print and Stationery - MTC,Admin - MTC,,Meridian Trading Co.
01b7599054,ACC-PAY-2025-00309,P1,Payment Entry,Payment Entry,1,2025-06-20,2025-06-20 18:27:20.566508,ar.clerk@meridian.example,1310 - Debtors - MTC,1310,Debtors,Asset,0.0,11105.04,Customer,Timberline Schools,1210 - Primary Checking - MTC,,Amount USD 11105.04 received from Timberline Schools | Transaction reference no ACH-25-00234 dated 2025-06-20 | Amount USD 11105.04 adjusted against Sales Invoice ACC-SINV-2025-00234,Meridian Trading Co.
d80e9fc93f,ACC-PAY-2025-00309,P1,Payment Entry,Payment Entry,2,2025-06-20,2025-06-20 18:27:20.566508,ar.clerk@meridian.example,1210 - Primary Checking - MTC,1210,Primary Checking,Asset,11105.04,0.0,,,Timberline Schools,,Amount USD 11105.04 received from Timberline Schools | Transaction reference no ACH-25-00234 dated 2025-06-20 | Amount USD 11105.04 adjusted against Sales Invoice ACC-SINV-2025-00234,Meridian Trading Co.
6a184eb867,ACC-PAY-2025-00344,P1,Payment Entry,Payment Entry,1,2025-06-20,2025-06-20 13:26:45.906054,ap.clerk@meridian.example,1210 - Primary Checking - MTC,1210,Primary Checking,Asset,0.0,1959.78,,,Orchard Wholesale,,Amount USD 1959.78 paid to Orchard Wholesale | Transaction reference no ACH-25-00127 dated 2025-06-20 | Amount USD 1959.78 adjusted against Purchase Invoice ACC-PINV-2025-00127,Meridian Trading Co.
8f91ee3bd5,ACC-PAY-2025-00344,P1,Payment Entry,Payment Entry,2,2025-06-20,2025-06-20 13:26:45.906054,ap.clerk@meridian.example,2110 - Creditors - MTC,2110,Creditors,Liability,1959.78,0.0,Supplier,Orchard Wholesale,1210 - Primary Checking - MTC,,Amount USD 1959.78 paid to Orchard Wholesale | Transaction reference no ACH-25-00127 dated 2025-06-20 | Amount USD 1959.78 adjusted against Purchase Invoice ACC-PINV-2025-00127,Meridian Trading Co.
10860138c7,ACC-SINV-2025-00286,P1,Sales Invoice,Sales Invoice,1,2025-06-20,2025-06-20 16:17:10.805547,ar.clerk@meridian.example,4110 - Sales - MTC,4110,Sales,Income,0.0,174.76,,,Summit Rentals,Sales Ops - MTC,Customer order Summit Rentals Jun 2025,Meridian Trading Co.
86baaa8c07,ACC-SINV-2025-00286,P1,Sales Invoice,Sales Invoice,2,2025-06-20,2025-06-20 16:17:10.805547,ar.clerk@meridian.example,4130 - Freight Income - MTC,4130,Freight Income,Income,0.0,1232.14,,,Summit Rentals,Admin - MTC,Customer order Summit Rentals Jun 2025,Meridian Trading Co.
e32d759be3,ACC-SINV-2025-00286,P1,Sales Invoice,Sales Invoice,3,2025-06-20,2025-06-20 16:17:10.805547,ar.clerk@meridian.example,1310 - Debtors - MTC,1310,Debtors,Asset,1491.31,0.0,Customer,Summit Rentals,"4110 - Sales - MTC,4130 - Freight Income - MTC",,Customer order Summit Rentals Jun 2025,Meridian Trading Co.
f386dc654c,ACC-SINV-2025-00286,P1,Sales Invoice,Sales Invoice,4,2025-06-20,2025-06-20 16:17:10.805547,ar.clerk@meridian.example,ST 6% - MTC,,ST 6%,Liability,0.0,84.41,,,Summit Rentals,Admin - MTC,Customer order Summit Rentals Jun 2025,Meridian Trading Co.
01894e2e2c,ACC-SINV-2025-00323,P1,Sales Invoice,Sales Invoice,1,2025-06-20,2025-06-20 13:55:56.078663,ar.clerk@meridian.example,ST 6% - MTC,,ST 6%,Liability,0.0,75.16,,,Brightline Offices,Admin - MTC,Customer order Brightline Offices Jun 2025,Meridian Trading Co.
32d02e3415,ACC-SINV-2025-00323,P1,Sales Invoice,Sales Invoice,2,2025-06-20,2025-06-20 13:55:56.078663,ar.clerk@meridian.example,1310 - Debtors - MTC,1310,Debtors,Asset,1327.87,0.0,Customer,Brightline Offices,4110 - Sales - MTC,,Customer order Brightline Offices Jun 2025,Meridian Trading Co.
47eb0d81fb,ACC-SINV-2025-00323,P1,Sales Invoice,Sales Invoice,3,2025-06-20,2025-06-20 13:55:56.078663,ar.clerk@meridian.example,4110 - Sales - MTC,4110,Sales,Income,0.0,1252.71,,,Brightline Offices,Warehouse - MTC,Customer order Brightline Offices Jun 2025,Meridian Trading Co.
2be94edf9e,ACC-PAY-2025-00355,P1,Payment Entry,Payment Entry,1,2025-06-21,2025-06-23 13:54:18.748347,ap.clerk@meridian.example,1210 - Primary Checking - MTC,1210,Primary Checking,Asset,0.0,13629.66,,,Cobalt IT Services,,Amount USD 13629.66 paid to Cobalt IT Services | Transaction reference no ACH-25-00142 dated 2025-06-21 | Amount USD 13629.66 adjusted against Purchase Invoice ACC-PINV-2025-00142,Meridian Trading Co.
314969c327,ACC-PAY-2025-00355,P1,Payment Entry,Payment Entry,2,2025-06-21,2025-06-23 13:54:18.748347,ap.clerk@meridian.example,2110 - Creditors - MTC,2110,Creditors,Liability,13629.66,0.0,Supplier,Cobalt IT Services,1210 - Primary Checking - MTC,,Amount USD 13629.66 paid to Cobalt IT Services | Transaction reference no ACH-25-00142 dated 2025-06-21 | Amount USD 13629.66 adjusted against Purchase Invoice ACC-PINV-2025-00142,Meridian Trading Co.
4d66abb797,ACC-PAY-2025-00359,P1,Payment Entry,Payment Entry,1,2025-06-21,2025-06-23 11:39:57.736714,ap.clerk@meridian.example,2110 - Creditors - MTC,2110,Creditors,Liability,17094.7,0.0,Supplier,Metro Utilities,1210 - Primary Checking - MTC,,Amount USD 17094.7 paid to Metro Utilities | Transaction reference no ACH-25-00146 dated 2025-06-21 | Amount USD 17094.7 adjusted against Purchase Invoice ACC-PINV-2025-00146,Meridian Trading Co.
ea1cf574bb,ACC-PAY-2025-00359,P1,Payment Entry,Payment Entry,2,2025-06-21,2025-06-23 11:39:57.736714,ap.clerk@meridian.example,1210 - Primary Checking - MTC,1210,Primary Checking,Asset,0.0,17094.7,,,Metro Utilities,,Amount USD 17094.7 paid to Metro Utilities | Transaction reference no ACH-25-00146 dated 2025-06-21 | Amount USD 17094.7 adjusted against Purchase Invoice ACC-PINV-2025-00146,Meridian Trading Co.
584b219786,ACC-PAY-2025-00305,P1,Payment Entry,Payment Entry,1,2025-06-22,2025-06-23 11:46:47.991600,ar.clerk@meridian.example,1310 - Debtors - MTC,1310,Debtors,Asset,0.0,1174.08,Customer,Ovation Events,1210 - Primary Checking - MTC,,Amount USD 1174.08 received from Ovation Events | Transaction reference no ACH-25-00228 dated 2025-06-22 | Amount USD 1174.08 adjusted against Sales Invoice ACC-SINV-2025-00228,Meridian Trading Co.
e532bef74c,ACC-PAY-2025-00305,P1,Payment Entry,Payment Entry,2,2025-06-22,2025-06-23 11:46:47.991600,ar.clerk@meridian.example,1210 - Primary Checking - MTC,1210,Primary Checking,Asset,1174.08,0.0,,,Ovation Events,,Amount USD 1174.08 received from Ovation Events | Transaction reference no ACH-25-00228 dated 2025-06-22 | Amount USD 1174.08 adjusted against Sales Invoice ACC-SINV-2025-00228,Meridian Trading Co.
4f6713ab83,ACC-PAY-2025-00334,P1,Payment Entry,Payment Entry,1,2025-06-22,2025-06-23 16:54:26.017924,ar.clerk@meridian.example,1310 - Debtors - MTC,1310,Debtors,Asset,0.0,8735.76,Customer,Pactrail Sports,1210 - Primary Checking - MTC,,Amount USD 8735.76 received from Pactrail Sports | Transaction reference no ACH-25-00263 dated 2025-06-22 | Amount USD 8735.76 adjusted against Sales Invoice ACC-SINV-2025-00263,Meridian Trading Co.
efacfdcfec,ACC-PAY-2025-00334,P1,Payment Entry,Payment Entry,2,2025-06-22,2025-06-23 16:54:26.017924,ar.clerk@meridian.example,1210 - Primary Checking - MTC,1210,Primary Checking,Asset,8735.76,0.0,,,Pactrail Sports,,Amount USD 8735.76 received from Pactrail Sports | Transaction reference no ACH-25-00263 dated 2025-06-22 | Amount USD 8735.76 adjusted against Sales Invoice ACC-SINV-2025-00263,Meridian Trading Co.
2a29ae0ecd,ACC-PAY-2025-00418,P1,Payment Entry,Payment Entry,1,2025-06-22,2025-06-23 13:05:11.215729,ap.clerk@meridian.example,2110 - Creditors - MTC,2110,Creditors,Liability,7126.34,0.0,Supplier,Orchard Wholesale,1210 - Primary Checking - MTC,,Amount USD 7126.34 paid to Orchard Wholesale | Transaction reference no ACH-25-00163 dated 2025-06-22 | Amount USD 7126.34 adjusted against Purchase Invoice ACC-PINV-2025-00163,Meridian Trading Co.
71991a16a1,ACC-PAY-2025-00418,P1,Payment Entry,Payment Entry,2,2025-06-22,2025-06-23 13:05:11.215729,ap.clerk@meridian.example,1210 - Primary Checking - MTC,1210,Primary Checking,Asset,0.0,7126.34,,,Orchard Wholesale,,Amount USD 7126.34 paid to Orchard Wholesale | Transaction reference no ACH-25-00163 dated 2025-06-22 | Amount USD 7126.34 adjusted against Purchase Invoice ACC-PINV-2025-00163,Meridian Trading Co.
ac7f6e3af2,ACC-PAY-2025-00350,P1,Payment Entry,Payment Entry,1,2025-06-23,2025-06-23 16:45:41.085499,ap.clerk@meridian.example,2110 - Creditors - MTC,2110,Creditors,Liability,574.49,0.0,Supplier,Vulcan Materials Co,1210 - Primary Checking - MTC,,Amount USD 574.49 paid to Vulcan Materials Co | Transaction reference no ACH-25-00136 dated 2025-06-23 | Amount USD 574.49 adjusted against Purchase Invoice ACC-PINV-2025-00136,Meridian Trading Co.
d6b5773b0b,ACC-PAY-2025-00350,P1,Payment Entry,Payment Entry,2,2025-06-23,2025-06-23 16:45:41.085499,ap.clerk@meridian.example,1210 - Primary Checking - MTC,1210,Primary Checking,Asset,0.0,574.49,,,Vulcan Materials Co,,Amount USD 574.49 paid to Vulcan Materials Co | Transaction reference no ACH-25-00136 dated 2025-06-23 | Amount USD 574.49 adjusted against Purchase Invoice ACC-PINV-2025-00136,Meridian Trading Co.
6d3034ff65,ACC-PAY-2025-00358,P1,Payment Entry,Payment Entry,1,2025-06-23,2025-06-23 15:55:25.402307,ap.clerk@meridian.example,2110 - Creditors - MTC,2110,Creditors,Liability,10388.51,0.0,Supplier,Metro Utilities,1210 - Primary Checking - MTC,,Amount USD 10388.51 paid to Metro Utilities | Transaction reference no ACH-25-00145 dated 2025-06-23 | Amount USD 10388.51 adjusted against Purchase Invoice ACC-PINV-2025-00145,Meridian Trading Co.
e6d8159f65,ACC-PAY-2025-00358,P1,Payment Entry,Payment Entry,2,2025-06-23,2025-06-23 15:55:25.402307,ap.clerk@meridian.example,1210 - Primary Checking - MTC,1210,Primary Checking,Asset,0.0,10388.51,,,Metro Utilities,,Amount USD 10388.51 paid to Metro Utilities | Transaction reference no ACH-25-00145 dated 2025-06-23 | Amount USD 10388.51 adjusted against Purchase Invoice ACC-PINV-2025-00145,Meridian Trading Co.
194f867378,ACC-PAY-2025-00366,P1,Payment Entry,Payment Entry,1,2025-06-23,2025-06-23 12:45:25.658040,ap.clerk@meridian.example,1210 - Primary Checking - MTC,1210,Primary Checking,Asset,0.0,1759.83,,,Fairbanks Consulting,,Amount USD 1759.83 paid to Fairbanks Consulting | Transaction reference no ACH-25-00153 dated 2025-06-23 | Amount USD 1759.83 adjusted against Purchase Invoice ACC-PINV-2025-00153,Meridian Trading Co.
910b466655,ACC-PAY-2025-00366,P1,Payment Entry,Payment Entry,2,2025-06-23,2025-06-23 12:45:25.658040,ap.clerk@meridian.example,2110 - Creditors - MTC,2110,Creditors,Liability,1759.83,0.0,Supplier,Fairbanks Consulting,1210 - Primary Checking - MTC,,Amount USD 1759.83 paid to Fairbanks Consulting | Transaction reference no ACH-25-00153 dated 2025-06-23 | Amount USD 1759.83 adjusted against Purchase Invoice ACC-PINV-2025-00153,Meridian Trading Co.
af353ba301,ACC-PAY-2025-00375,P1,Payment Entry,Payment Entry,1,2025-06-24,2025-06-24 17:21:36.263985,ar.clerk@meridian.example,1310 - Debtors - MTC,1310,Debtors,Asset,0.0,1451.67,Customer,Pactrail Sports,1210 - Primary Checking - MTC,,Amount USD 1451.67 received from Pactrail Sports | Transaction reference no ACH-25-00282 dated 2025-06-24 | Amount USD 1451.67 adjusted against Sales Invoice ACC-SINV-2025-00282,Meridian Trading Co.
b3f44c5ac4,ACC-PAY-2025-00375,P1,Payment Entry,Payment Entry,2,2025-06-24,2025-06-24 17:21:36.263985,ar.clerk@meridian.example,1210 - Primary Checking - MTC,1210,Primary Checking,Asset,1451.67,0.0,,,Pactrail Sports,,Amount USD 1451.67 received from Pactrail Sports | Transaction reference no ACH-25-00282 dated 2025-06-24 | Amount USD 1451.67 adjusted against Sales Invoice ACC-SINV-2025-00282,Meridian Trading Co.
79869175d0,ACC-PAY-2025-00392,P1,Payment Entry,Payment Entry,1,2025-06-24,2025-06-24 11:47:44.853018,ar.clerk@meridian.example,1310 - Debtors - MTC,1310,Debtors,Asset,0.0,805.83,Customer,Brightline Offices,1210 - Primary Checking - MTC,,Amount USD 805.83 received from Brightline Offices | Transaction reference no ACH-25-00303 dated 2025-06-24 | Amount USD 805.83 adjusted against Sales Invoice ACC-SINV-2025-00303,Meridian Trading Co.
a4fd7152fe,ACC-PAY-2025-00392,P1,Payment Entry,Payment Entry,2,2025-06-24,2025-06-24 11:47:44.853018,ar.clerk@meridian.example,1210 - Primary Checking - MTC,1210,Primary Checking,Asset,805.83,0.0,,,Brightline Offices,,Amount USD 805.83 received from Brightline Offices | Transaction reference no ACH-25-00303 dated 2025-06-24 | Amount USD 805.83 adjusted against Sales Invoice ACC-SINV-2025-00303,Meridian Trading Co.
429ae026a5,ACC-PAY-2025-00410,P1,Payment Entry,Payment Entry,1,2025-06-24,2025-06-24 13:35:08.032810,ar.clerk@meridian.example,1310 - Debtors - MTC,1310,Debtors,Asset,0.0,462.62,Customer,Cascade Outfitters,1210 - Primary Checking - MTC,,Amount USD 462.62 received from Cascade Outfitters | Transaction reference no ACH-25-00322 dated 2025-06-24 | Amount USD 462.62 adjusted against Sales Invoice ACC-SINV-2025-00322,Meridian Trading Co.
ef76304671,ACC-PAY-2025-00410,P1,Payment Entry,Payment Entry,2,2025-06-24,2025-06-24 13:35:08.032810,ar.clerk@meridian.example,1210 - Primary Checking - MTC,1210,Primary Checking,Asset,462.62,0.0,,,Cascade Outfitters,,Amount USD 462.62 received from Cascade Outfitters | Transaction reference no ACH-25-00322 dated 2025-06-24 | Amount USD 462.62 adjusted against Sales Invoice ACC-SINV-2025-00322,Meridian Trading Co.
4452e6264d,ACC-PINV-2025-00165,P1,Purchase Invoice,Purchase Invoice,1,2025-06-24,2025-06-24 11:48:18.522854,ap.clerk@meridian.example,5111 - Cost of Goods Sold - MTC,5111,Cost of Goods Sold,Expense,6676.08,0.0,,,Vulcan Materials Co,Warehouse - MTC,Vulcan Materials Co June 2025 billing,Meridian Trading Co.
63711735e5,ACC-PINV-2025-00165,P1,Purchase Invoice,Purchase Invoice,2,2025-06-24,2025-06-24 11:48:18.522854,ap.clerk@meridian.example,2110 - Creditors - MTC,2110,Creditors,Liability,0.0,6676.08,Supplier,Vulcan Materials Co,5111 - Cost of Goods Sold - MTC,,Vulcan Materials Co June 2025 billing,Meridian Trading Co.
4be29a95e4,ACC-PINV-2025-00181,P1,Purchase Invoice,Purchase Invoice,1,2025-06-24,2025-06-24 15:02:49.468929,ap.clerk@meridian.example,5210 - Postal Expenses - MTC,5210,Postal Expenses,Expense,1899.49,0.0,,,Quill Marketing Group,Admin - MTC,Quill Marketing Group June 2025 billing,Meridian Trading Co.
6ba8651808,ACC-PINV-2025-00181,P1,Purchase Invoice,Purchase Invoice,2,2025-06-24,2025-06-24 15:02:49.468929,ap.clerk@meridian.example,2110 - Creditors - MTC,2110,Creditors,Liability,0.0,4675.55,Supplier,Quill Marketing Group,"5207 - Marketing Expenses - MTC,5210 - Postal Expenses - MTC",,Quill Marketing Group June 2025 billing,Meridian Trading Co.
f2a1d68251,ACC-PINV-2025-00181,P1,Purchase Invoice,Purchase Invoice,3,2025-06-24,2025-06-24 15:02:49.468929,ap.clerk@meridian.example,5207 - Marketing Expenses - MTC,5207,Marketing Expenses,Expense,2776.06,0.0,,,Quill Marketing Group,Admin - MTC,Quill Marketing Group June 2025 billing,Meridian Trading Co.
7c8104354b,ACC-PINV-2025-00186,P1,Purchase Invoice,Purchase Invoice,1,2025-06-24,2025-06-24 08:03:20.695467,ap.clerk@meridian.example,2110 - Creditors - MTC,2110,Creditors,Liability,0.0,5399.09,Supplier,Granite Janitorial,5208 - Office Maintenance Expenses - MTC,,Granite Janitorial June 2025 billing,Meridian Trading Co.
f8a0e83331,ACC-PINV-2025-00186,P1,Purchase Invoice,Purchase Invoice,2,2025-06-24,2025-06-24 08:03:20.695467,ap.clerk@meridian.example,5208 - Office Maintenance Expenses - MTC,5208,Office Maintenance Expenses,Expense,5399.09,0.0,,,Granite Janitorial,Admin - MTC,Granite Janitorial June 2025 billing,Meridian Trading Co.
13d66395fe,ACC-SINV-2025-00279,P1,Sales Invoice,Sales Invoice,1,2025-06-24,2025-06-24 16:29:10.692038,ar.clerk@meridian.example,1310 - Debtors - MTC,1310,Debtors,Asset,796.29,0.0,Customer,Northwind Retail,4110 - Sales - MTC,,Customer order Northwind Retail Jun 2025,Meridian Trading Co.
1a1ac70d2d,ACC-SINV-2025-00279,P1,Sales Invoice,Sales Invoice,2,2025-06-24,2025-06-24 16:29:10.692038,ar.clerk@meridian.example,4110 - Sales - MTC,4110,Sales,Income,0.0,640.5,,,Northwind Retail,Sales Ops - MTC,Customer order Northwind Retail Jun 2025,Meridian Trading Co.
28f717e67c,ACC-SINV-2025-00279,P1,Sales Invoice,Sales Invoice,3,2025-06-24,2025-06-24 16:29:10.692038,ar.clerk@meridian.example,4110 - Sales - MTC,4110,Sales,Income,0.0,110.72,,,Northwind Retail,Warehouse - MTC,Customer order Northwind Retail Jun 2025,Meridian Trading Co.
68078c4337,ACC-SINV-2025-00279,P1,Sales Invoice,Sales Invoice,4,2025-06-24,2025-06-24 16:29:10.692038,ar.clerk@meridian.example,ST 6% - MTC,,ST 6%,Liability,0.0,45.07,,,Northwind Retail,Admin - MTC,Customer order Northwind Retail Jun 2025,Meridian Trading Co.
1f5703b513,ACC-SINV-2025-00288,P1,Sales Invoice,Sales Invoice,1,2025-06-24,2025-07-02 15:51:47.360684,ar.clerk@meridian.example,4130 - Freight Income - MTC,4130,Freight Income,Income,0.0,1179.22,,,Ovation Events,Admin - MTC,Customer order Ovation Events Jun 2025,Meridian Trading Co.
8b006bed70,ACC-SINV-2025-00288,P1,Sales Invoice,Sales Invoice,2,2025-06-24,2025-07-02 15:51:47.360684,ar.clerk@meridian.example,4110 - Sales - MTC,4110,Sales,Income,0.0,1497.6,,,Ovation Events,Sales Ops - MTC,Customer order Ovation Events Jun 2025,Meridian Trading Co.
932feb04d2,ACC-SINV-2025-00288,P1,Sales Invoice,Sales Invoice,3,2025-06-24,2025-07-02 15:51:47.360684,ar.clerk@meridian.example,1310 - Debtors - MTC,1310,Debtors,Asset,29906.74,0.0,Customer,Ovation Events,"4120 - Service - MTC,4110 - Sales - MTC,4130 - Freight Income - MTC",,Customer order Ovation Events Jun 2025,Meridian Trading Co.
b8b2848278,ACC-SINV-2025-00288,P1,Sales Invoice,Sales Invoice,4,2025-06-24,2025-07-02 15:51:47.360684,ar.clerk@meridian.example,4120 - Service - MTC,4120,Service,Income,0.0,27229.92,,,Ovation Events,Admin - MTC,Customer order Ovation Events Jun 2025,Meridian Trading Co.
3b75209f3c,ACC-SINV-2025-00289,P1,Sales Invoice,Sales Invoice,1,2025-06-24,2025-06-24 14:52:39.797178,ar.clerk@meridian.example,4110 - Sales - MTC,4110,Sales,Income,0.0,866.91,,,Cascade Outfitters,Sales Ops - MTC,Customer order Cascade Outfitters Jun 2025,Meridian Trading Co.
6d35cbf440,ACC-SINV-2025-00289,P1,Sales Invoice,Sales Invoice,2,2025-06-24,2025-06-24 14:52:39.797178,ar.clerk@meridian.example,ST 6% - MTC,,ST 6%,Liability,0.0,53.66,,,Cascade Outfitters,Admin - MTC,Customer order Cascade Outfitters Jun 2025,Meridian Trading Co.
c0e6e6f9c6,ACC-SINV-2025-00289,P1,Sales Invoice,Sales Invoice,3,2025-06-24,2025-06-24 14:52:39.797178,ar.clerk@meridian.example,4110 - Sales - MTC,4110,Sales,Income,0.0,27.38,,,Cascade Outfitters,Warehouse - MTC,Customer order Cascade Outfitters Jun 2025,Meridian Trading Co.
f4d42fe37d,ACC-SINV-2025-00289,P1,Sales Invoice,Sales Invoice,4,2025-06-24,2025-06-24 14:52:39.797178,ar.clerk@meridian.example,1310 - Debtors - MTC,1310,Debtors,Asset,947.95,0.0,Customer,Cascade Outfitters,4110 - Sales - MTC,,Customer order Cascade Outfitters Jun 2025,Meridian Trading Co.
91b9912e12,ACC-SINV-2025-00299,P1,Sales Invoice,Sales Invoice,1,2025-06-24,2025-06-24 11:23:32.418137,ar.clerk@meridian.example,4110 - Sales - MTC,4110,Sales,Income,0.0,745.33,,,Kestrel Foods,Warehouse - MTC,Customer order Kestrel Foods Jun 2025,Meridian Trading Co.
ade0462669,ACC-SINV-2025-00299,P1,Sales Invoice,Sales Invoice,2,2025-06-24,2025-06-24 11:23:32.418137,ar.clerk@meridian.example,1310 - Debtors - MTC,1310,Debtors,Asset,790.05,0.0,Customer,Kestrel Foods,4110 - Sales - MTC,,Customer order Kestrel Foods Jun 2025,Meridian Trading Co.
da5a13d6e2,ACC-SINV-2025-00299,P1,Sales Invoice,Sales Invoice,3,2025-06-24,2025-06-24 11:23:32.418137,ar.clerk@meridian.example,ST 6% - MTC,,ST 6%,Liability,0.0,44.72,,,Kestrel Foods,Admin - MTC,Customer order Kestrel Foods Jun 2025,Meridian Trading Co.
c047cdb1b1,ACC-SINV-2025-00306,P1,Sales Invoice,Sales Invoice,1,2025-06-24,2025-06-24 15:59:35.624936,controller@meridian.example,1310 - Debtors - MTC,1310,Debtors,Asset,24.74,0.0,Customer,Bluepine Hardware,4110 - Sales - MTC,,Customer order Bluepine Hardware Jun 2025,Meridian Trading Co.
d45504a00d,ACC-SINV-2025-00306,P1,Sales Invoice,Sales Invoice,2,2025-06-24,2025-06-24 15:59:35.624936,controller@meridian.example,ST 6% - MTC,,ST 6%,Liability,0.0,1.4,,,Bluepine Hardware,Admin - MTC,Customer order Bluepine Hardware Jun 2025,Meridian Trading Co.
ec4f45f2de,ACC-SINV-2025-00306,P1,Sales Invoice,Sales Invoice,3,2025-06-24,2025-06-24 15:59:35.624936,controller@meridian.example,4110 - Sales - MTC,4110,Sales,Income,0.0,23.34,,,Bluepine Hardware,Warehouse - MTC,Customer order Bluepine Hardware Jun 2025,Meridian Trading Co.
b193fd06b0,ACC-PAY-2025-00304,P1,Payment Entry,Payment Entry,1,2025-06-25,2025-06-25 18:26:47.345336,ar.clerk@meridian.example,1310 - Debtors - MTC,1310,Debtors,Asset,0.0,741.67,Customer,Galehouse Media,1210 - Primary Checking - MTC,,Amount USD 741.67 received from Galehouse Media | Transaction reference no ACH-25-00227 dated 2025-06-25 | Amount USD 741.67 adjusted against Sales Invoice ACC-SINV-2025-00227,Meridian Trading Co.
e5e4402e71,ACC-PAY-2025-00304,P1,Payment Entry,Payment Entry,2,2025-06-25,2025-06-25 18:26:47.345336,ar.clerk@meridian.example,1210 - Primary Checking - MTC,1210,Primary Checking,Asset,741.67,0.0,,,Galehouse Media,,Amount USD 741.67 received from Galehouse Media | Transaction reference no ACH-25-00227 dated 2025-06-25 | Amount USD 741.67 adjusted against Sales Invoice ACC-SINV-2025-00227,Meridian Trading Co.
dc15e688b0,ACC-PAY-2025-00404,P1,Payment Entry,Payment Entry,1,2025-06-25,2025-06-25 16:56:27.348918,ar.clerk@meridian.example,1310 - Debtors - MTC,1310,Debtors,Asset,0.0,3305.14,Customer,Timberline Schools,1210 - Primary Checking - MTC,,Amount USD 3305.14 received from Timberline Schools | Transaction reference no ACH-25-00315 dated 2025-06-25 | Amount USD 3305.14 adjusted against Sales Invoice ACC-SINV-2025-00315,Meridian Trading Co.
f486135cd2,ACC-PAY-2025-00404,P1,Payment Entry,Payment Entry,2,2025-06-25,2025-06-25 16:56:27.348918,ar.clerk@meridian.example,1210 - Primary Checking - MTC,1210,Primary Checking,Asset,3305.14,0.0,,,Timberline Schools,,Amount USD 3305.14 received from Timberline Schools | Transaction reference no ACH-25-00315 dated 2025-06-25 | Amount USD 3305.14 adjusted against Sales Invoice ACC-SINV-2025-00315,Meridian Trading Co.
650311761a,ACC-PAY-2025-00425,P1,Payment Entry,Payment Entry,1,2025-06-25,2025-06-25 11:19:44.396143,ap.clerk@meridian.example,2110 - Creditors - MTC,2110,Creditors,Liability,4632.0,0.0,Supplier,Beacon Freight,1210 - Primary Checking - MTC,,Amount USD 4632.0 paid to Beacon Freight | Transaction reference no ACH-25-00170 dated 2025-06-25 | Amount USD 4632.0 adjusted against Purchase Invoice ACC-PINV-2025-00170,Meridian Trading Co.
8769329a01,ACC-PAY-2025-00425,P1,Payment Entry,Payment Entry,2,2025-06-25,2025-06-25 11:19:44.396143,ap.clerk@meridian.example,1210 - Primary Checking - MTC,1210,Primary Checking,Asset,0.0,4632.0,,,Beacon Freight,,Amount USD 4632.0 paid to Beacon Freight | Transaction reference no ACH-25-00170 dated 2025-06-25 | Amount USD 4632.0 adjusted against Purchase Invoice ACC-PINV-2025-00170,Meridian Trading Co.
8a77289488,ACC-PINV-2025-00175,P1,Purchase Invoice,Purchase Invoice,1,2025-06-25,2025-06-25 14:02:39.731669,ap.clerk@meridian.example,5228 - Insurance Expense - MTC,5228,Insurance Expense,Expense,13483.64,0.0,,,Stateside Insurance,Admin - MTC,Stateside Insurance June 2025 billing,Meridian Trading Co.
b273c2d284,ACC-PINV-2025-00175,P1,Purchase Invoice,Purchase Invoice,2,2025-06-25,2025-06-25 14:02:39.731669,ap.clerk@meridian.example,2110 - Creditors - MTC,2110,Creditors,Liability,0.0,13483.64,Supplier,Stateside Insurance,5228 - Insurance Expense - MTC,,Stateside Insurance June 2025 billing,Meridian Trading Co.
33beedcc7c,ACC-SINV-2025-00281,P1,Sales Invoice,Sales Invoice,1,2025-06-25,2025-06-25 12:05:33.714868,ar.clerk@meridian.example,1310 - Debtors - MTC,1310,Debtors,Asset,1190.86,0.0,Customer,Ovation Events,4110 - Sales - MTC,,Customer order Ovation Events Jun 2025,Meridian Trading Co.
d15673c7db,ACC-SINV-2025-00281,P1,Sales Invoice,Sales Invoice,2,2025-06-25,2025-06-25 12:05:33.714868,ar.clerk@meridian.example,4110 - Sales - MTC,4110,Sales,Income,0.0,715.9,,,Ovation Events,Sales Ops - MTC,Customer order Ovation Events Jun 2025,Meridian Trading Co.
f181cbdfc2,ACC-SINV-2025-00281,P1,Sales Invoice,Sales Invoice,3,2025-06-25,2025-06-25 12:05:33.714868,ar.clerk@meridian.example,4110 - Sales - MTC,4110,Sales,Income,0.0,474.96,,,Ovation Events,Warehouse - MTC,Customer order Ovation Events Jun 2025,Meridian Trading Co.
23344eda4c,ACC-SINV-2025-00308,P1,Sales Invoice,Sales Invoice,1,2025-06-25,2025-07-07 09:03:29.227012,ar.clerk@meridian.example,1310 - Debtors - MTC,1310,Debtors,Asset,2735.39,0.0,Customer,Timberline Schools,4110 - Sales - MTC,,Customer order Timberline Schools Jun 2025,Meridian Trading Co.
53fcdf7e85,ACC-SINV-2025-00308,P1,Sales Invoice,Sales Invoice,2,2025-06-25,2025-07-07 09:03:29.227012,ar.clerk@meridian.example,4110 - Sales - MTC,4110,Sales,Income,0.0,2735.39,,,Timberline Schools,Sales Ops - MTC,Customer order Timberline Schools Jun 2025,Meridian Trading Co.
07f8264ae5,ACC-JV-2025-00058,P1,Journal Entry,Journal Entry,1,2025-06-26,2025-06-26 12:37:44.102142,controller@meridian.example,2150 - Accrued Expenses - MTC,2150,Accrued Expenses,Liability,0.0,10000.0,,,5217 - Utility Expenses - MTC,Admin - MTC,,Meridian Trading Co.
f094b09aff,ACC-JV-2025-00058,P1,Journal Entry,Journal Entry,2,2025-06-26,2025-06-26 12:37:44.102142,controller@meridian.example,5217 - Utility Expenses - MTC,5217,Utility Expenses,Expense,10000.0,0.0,,,2150 - Accrued Expenses - MTC,Admin - MTC,,Meridian Trading Co.
5f1617fb0d,ACC-PAY-2025-00325,P1,Payment Entry,Payment Entry,1,2025-06-26,2025-06-26 14:49:56.917488,ar.clerk@meridian.example,1210 - Primary Checking - MTC,1210,Primary Checking,Asset,758.68,0.0,,,Timberline Schools,,Amount USD 758.68 received from Timberline Schools | Transaction reference no ACH-25-00252 dated 2025-06-26 | Amount USD 758.68 adjusted against Sales Invoice ACC-SINV-2025-00252,Meridian Trading Co.
68a0a575af,ACC-PAY-2025-00325,P1,Payment Entry,Payment Entry,2,2025-06-26,2025-06-26 14:49:56.917488,ar.clerk@meridian.example,1310 - Debtors - MTC,1310,Debtors,Asset,0.0,758.68,Customer,Timberline Schools,1210 - Primary Checking - MTC,,Amount USD 758.68 received from Timberline Schools | Transaction reference no ACH-25-00252 dated 2025-06-26 | Amount USD 758.68 adjusted against Sales Invoice ACC-SINV-2025-00252,Meridian Trading Co.
87084de32c,ACC-PAY-2025-00349,P1,Payment Entry,Payment Entry,1,2025-06-26,2025-06-26 10:58:50.116315,ap.clerk@meridian.example,2110 - Creditors - MTC,2110,Creditors,Liability,16118.8,0.0,Supplier,Vulcan Materials Co,1210 - Primary Checking - MTC,,Amount USD 16118.8 paid to Vulcan Materials Co | Transaction reference no ACH-25-00135 dated 2025-06-26 | Amount USD 16118.8 adjusted against Purchase Invoice ACC-PINV-2025-00135,Meridian Trading Co.
8bcbca830c,ACC-PAY-2025-00349,P1,Payment Entry,Payment Entry,2,2025-06-26,2025-06-26 10:58:50.116315,ap.clerk@meridian.example,1210 - Primary Checking - MTC,1210,Primary Checking,Asset,0.0,16118.8,,,Vulcan Materials Co,,Amount USD 16118.8 paid to Vulcan Materials Co | Transaction reference no ACH-25-00135 dated 2025-06-26 | Amount USD 16118.8 adjusted against Purchase Invoice ACC-PINV-2025-00135,Meridian Trading Co.
c8a4dac9f1,ACC-PAY-2025-00408,P1,Payment Entry,Payment Entry,1,2025-06-26,2025-06-26 09:23:45.653862,ar.clerk@meridian.example,1210 - Primary Checking - MTC,1210,Primary Checking,Asset,14316.78,0.0,,,Ferrous Works,,Amount USD 14316.78 received from Ferrous Works | Transaction reference no ACH-25-00320 dated 2025-06-26 | Amount USD 14316.78 adjusted against Sales Invoice ACC-SINV-2025-00320,Meridian Trading Co.
f0404f87c1,ACC-PAY-2025-00408,P1,Payment Entry,Payment Entry,2,2025-06-26,2025-06-26 09:23:45.653862,ar.clerk@meridian.example,1310 - Debtors - MTC,1310,Debtors,Asset,0.0,14316.78,Customer,Ferrous Works,1210 - Primary Checking - MTC,,Amount USD 14316.78 received from Ferrous Works | Transaction reference no ACH-25-00320 dated 2025-06-26 | Amount USD 14316.78 adjusted against Sales Invoice ACC-SINV-2025-00320,Meridian Trading Co.
24e2686020,ACC-PINV-2025-00166,P1,Purchase Invoice,Purchase Invoice,1,2025-06-26,2025-06-26 12:21:00.782498,ap.clerk@meridian.example,5111 - Cost of Goods Sold - MTC,5111,Cost of Goods Sold,Expense,2140.35,0.0,,,Vulcan Materials Co,Warehouse - MTC,Vulcan Materials Co June 2025 billing,Meridian Trading Co.
6cebbbc6b6,ACC-PINV-2025-00166,P1,Purchase Invoice,Purchase Invoice,2,2025-06-26,2025-06-26 12:21:00.782498,ap.clerk@meridian.example,2110 - Creditors - MTC,2110,Creditors,Liability,0.0,2140.35,Supplier,Vulcan Materials Co,5111 - Cost of Goods Sold - MTC,,Vulcan Materials Co June 2025 billing,Meridian Trading Co.
4cab53bb41,ACC-PINV-2025-00171,P1,Purchase Invoice,Purchase Invoice,1,2025-06-26,2025-06-26 13:44:19.988642,ap.clerk@meridian.example,5205 - Freight and Forwarding Charges - MTC,5205,Freight and Forwarding Charges,Expense,4974.64,0.0,,,Beacon Freight,Admin - MTC,Beacon Freight June 2025 billing,Meridian Trading Co.
714b0ea182,ACC-PINV-2025-00171,P1,Purchase Invoice,Purchase Invoice,2,2025-06-26,2025-06-26 13:44:19.988642,ap.clerk@meridian.example,2110 - Creditors - MTC,2110,Creditors,Liability,0.0,5925.17,Supplier,Beacon Freight,"5205 - Freight and Forwarding Charges - MTC,5216 - Travel Expenses - MTC",,Beacon Freight June 2025 billing,Meridian Trading Co.
7c28c63583,ACC-PINV-2025-00171,P1,Purchase Invoice,Purchase Invoice,3,2025-06-26,2025-06-26 13:44:19.988642,ap.clerk@meridian.example,5216 - Travel Expenses - MTC,5216,Travel Expenses,Expense,950.53,0.0,,,Beacon Freight,Admin - MTC,Beacon Freight June 2025 billing,Meridian Trading Co.
7fb782e76b,ACC-SINV-2025-00292,P1,Sales Invoice,Sales Invoice,1,2025-06-26,2025-06-26 16:55:34.473155,ar.clerk@meridian.example,4120 - Service - MTC,4120,Service,Income,0.0,5134.92,,,Kestrel Foods,Warehouse - MTC,Customer order Kestrel Foods Jun 2025,Meridian Trading Co.
9e9e689e45,ACC-SINV-2025-00292,P1,Sales Invoice,Sales Invoice,2,2025-06-26,2025-06-26 16:55:34.473155,ar.clerk@meridian.example,ST 6% - MTC,,ST 6%,Liability,0.0,308.1,,,Kestrel Foods,Admin - MTC,Customer order Kestrel Foods Jun 2025,Meridian Trading Co.
b7b4bd16d9,ACC-SINV-2025-00292,P1,Sales Invoice,Sales Invoice,3,2025-06-26,2025-06-26 16:55:34.473155,ar.clerk@meridian.example,1310 - Debtors - MTC,1310,Debtors,Asset,5443.02,0.0,Customer,Kestrel Foods,4120 - Service - MTC,,Customer order Kestrel Foods Jun 2025,Meridian Trading Co.
70ed7b8fa1,ACC-SINV-2025-00317,P1,Sales Invoice,Sales Invoice,1,2025-06-26,2025-06-26 08:06:21.869931,ar.clerk@meridian.example,4110 - Sales - MTC,4110,Sales,Income,0.0,387.69,,,Halstrom Supply,Sales Ops - MTC,Customer order Halstrom Supply Jun 2025,Meridian Trading Co.
95fb1aec1c,ACC-SINV-2025-00317,P1,Sales Invoice,Sales Invoice,2,2025-06-26,2025-06-26 08:06:21.869931,ar.clerk@meridian.example,4110 - Sales - MTC,4110,Sales,Income,0.0,816.36,,,Halstrom Supply,Warehouse - MTC,Customer order Halstrom Supply Jun 2025,Meridian Trading Co.
b6e73fea81,ACC-SINV-2025-00317,P1,Sales Invoice,Sales Invoice,3,2025-06-26,2025-06-26 08:06:21.869931,ar.clerk@meridian.example,1310 - Debtors - MTC,1310,Debtors,Asset,2616.35,0.0,Customer,Halstrom Supply,"4130 - Freight Income - MTC,4110 - Sales - MTC",,Customer order Halstrom Supply Jun 2025,Meridian Trading Co.
d9d8a4cc5b,ACC-SINV-2025-00317,P1,Sales Invoice,Sales Invoice,4,2025-06-26,2025-06-26 08:06:21.869931,ar.clerk@meridian.example,4130 - Freight Income - MTC,4130,Freight Income,Income,0.0,1264.2,,,Halstrom Supply,Admin - MTC,Customer order Halstrom Supply Jun 2025,Meridian Trading Co.
fc051d0ae7,ACC-SINV-2025-00317,P1,Sales Invoice,Sales Invoice,5,2025-06-26,2025-06-26 08:06:21.869931,ar.clerk@meridian.example,ST 6% - MTC,,ST 6%,Liability,0.0,148.1,,,Halstrom Supply,Admin - MTC,Customer order Halstrom Supply Jun 2025,Meridian Trading Co.
4cb545146d,ACC-PAY-2025-00411,P1,Payment Entry,Payment Entry,1,2025-06-27,2025-06-27 08:01:00.710248,ar.clerk@meridian.example,1210 - Primary Checking - MTC,1210,Primary Checking,Asset,531.15,0.0,,,Brightline Offices,,Amount USD 531.15 received from Brightline Offices | Transaction reference no ACH-25-00323 dated 2025-06-27 | Amount USD 531.15 adjusted against Sales Invoice ACC-SINV-2025-00323,Meridian Trading Co.
a0f10b0a1a,ACC-PAY-2025-00411,P1,Payment Entry,Payment Entry,2,2025-06-27,2025-06-27 08:01:00.710248,ar.clerk@meridian.example,1310 - Debtors - MTC,1310,Debtors,Asset,0.0,531.15,Customer,Brightline Offices,1210 - Primary Checking - MTC,,Amount USD 531.15 received from Brightline Offices | Transaction reference no ACH-25-00323 dated 2025-06-27 | Amount USD 531.15 adjusted against Sales Invoice ACC-SINV-2025-00323,Meridian Trading Co.
1420bddfd0,ACC-PAY-2025-00413,P1,Payment Entry,Payment Entry,1,2025-06-27,2025-06-27 13:38:00.768672,ap.clerk@meridian.example,1210 - Primary Checking - MTC,1210,Primary Checking,Asset,0.0,12437.41,,,Orchard Wholesale,,Amount USD 12437.41 paid to Orchard Wholesale | Transaction reference no ACH-25-00158 dated 2025-06-27 | Amount USD 12437.41 adjusted against Purchase Invoice ACC-PINV-2025-00158,Meridian Trading Co.
367b6627b3,ACC-PAY-2025-00413,P1,Payment Entry,Payment Entry,2,2025-06-27,2025-06-27 13:38:00.768672,ap.clerk@meridian.example,2110 - Creditors - MTC,2110,Creditors,Liability,12437.41,0.0,Supplier,Orchard Wholesale,1210 - Primary Checking - MTC,,Amount USD 12437.41 paid to Orchard Wholesale | Transaction reference no ACH-25-00158 dated 2025-06-27 | Amount USD 12437.41 adjusted against Purchase Invoice ACC-PINV-2025-00158,Meridian Trading Co.
897b44951c,ACC-PAY-2025-00423,P1,Payment Entry,Payment Entry,1,2025-06-27,2025-06-27 11:31:48.350571,ap.clerk@meridian.example,1210 - Primary Checking - MTC,1210,Primary Checking,Asset,0.0,500.49,,,Vulcan Materials Co,,Amount USD 500.49 paid to Vulcan Materials Co | Transaction reference no ACH-25-00168 dated 2025-06-27 | Amount USD 500.49 adjusted against Purchase Invoice ACC-PINV-2025-00168,Meridian Trading Co.
bc3627baec,ACC-PAY-2025-00423,P1,Payment Entry,Payment Entry,2,2025-06-27,2025-06-27 11:31:48.350571,ap.clerk@meridian.example,2110 - Creditors - MTC,2110,Creditors,Liability,500.49,0.0,Supplier,Vulcan Materials Co,1210 - Primary Checking - MTC,,Amount USD 500.49 paid to Vulcan Materials Co | Transaction reference no ACH-25-00168 dated 2025-06-27 | Amount USD 500.49 adjusted against Purchase Invoice ACC-PINV-2025-00168,Meridian Trading Co.
2a58e0648e,ACC-PINV-2025-00156,P1,Purchase Invoice,Purchase Invoice,1,2025-06-27,2025-06-27 13:38:25.579944,ap.clerk@meridian.example,5210 - Postal Expenses - MTC,5210,Postal Expenses,Expense,1565.78,0.0,,,Orchard Wholesale,Admin - MTC,Orchard Wholesale June 2025 billing,Meridian Trading Co.
592b4502c8,ACC-PINV-2025-00156,P1,Purchase Invoice,Purchase Invoice,2,2025-06-27,2025-06-27 13:38:25.579944,ap.clerk@meridian.example,2110 - Creditors - MTC,2110,Creditors,Liability,0.0,16501.89,Supplier,Orchard Wholesale,"5111 - Cost of Goods Sold - MTC,5210 - Postal Expenses - MTC,5215 - Telephone Expenses - MTC",,Orchard Wholesale June 2025 billing,Meridian Trading Co.
8feeb77a48,ACC-PINV-2025-00156,P1,Purchase Invoice,Purchase Invoice,3,2025-06-27,2025-06-27 13:38:25.579944,ap.clerk@meridian.example,5215 - Telephone Expenses - MTC,5215,Telephone Expenses,Expense,410.39,0.0,,,Orchard Wholesale,Admin - MTC,Orchard Wholesale June 2025 billing,Meridian Trading Co.
939d0c3155,ACC-PINV-2025-00156,P1,Purchase Invoice,Purchase Invoice,4,2025-06-27,2025-06-27 13:38:25.579944,ap.clerk@meridian.example,5111 - Cost of Goods Sold - MTC,5111,Cost of Goods Sold,Expense,14525.72,0.0,,,Orchard Wholesale,Warehouse - MTC,Orchard Wholesale June 2025 billing,Meridian Trading Co.
5117be00eb,ACC-SINV-2025-00318,P1,Sales Invoice,Sales Invoice,1,2025-06-27,2025-06-27 15:27:02.096132,ar.clerk@meridian.example,4120 - Service - MTC,4120,Service,Income,0.0,1797.0,,,Cascade Outfitters,Sales Ops - MTC,Customer order Cascade Outfitters Jun 2025,Meridian Trading Co.
760980cb5f,ACC-SINV-2025-00318,P1,Sales Invoice,Sales Invoice,2,2025-06-27,2025-06-27 15:27:02.096132,ar.clerk@meridian.example,4110 - Sales - MTC,4110,Sales,Income,0.0,170.0,,,Cascade Outfitters,Sales Ops - MTC,Customer order Cascade Outfitters Jun 2025,Meridian Trading Co.
d6369c1141,ACC-SINV-2025-00318,P1,Sales Invoice,Sales Invoice,3,2025-06-27,2025-06-27 15:27:02.096132,ar.clerk@meridian.example,4110 - Sales - MTC,4110,Sales,Income,0.0,1058.73,,,Cascade Outfitters,Warehouse - MTC,Customer order Cascade Outfitters Jun 2025,Meridian Trading Co.
f1a1df835d,ACC-SINV-2025-00318,P1,Sales Invoice,Sales Invoice,4,2025-06-27,2025-06-27 15:27:02.096132,ar.clerk@meridian.example,1310 - Debtors - MTC,1310,Debtors,Asset,3207.27,0.0,Customer,Cascade Outfitters,"4110 - Sales - MTC,4120 - Service - MTC",,Customer order Cascade Outfitters Jun 2025,Meridian Trading Co.
f346d38874,ACC-SINV-2025-00318,P1,Sales Invoice,Sales Invoice,5,2025-06-27,2025-06-27 15:27:02.096132,ar.clerk@meridian.example,ST 6% - MTC,,ST 6%,Liability,0.0,181.54,,,Cascade Outfitters,Admin - MTC,Customer order Cascade Outfitters Jun 2025,Meridian Trading Co.
45dab4a319,ACC-PAY-2025-00311,P1,Payment Entry,Payment Entry,1,2025-06-28,2025-06-30 13:21:05.735786,ar.clerk@meridian.example,1210 - Primary Checking - MTC,1210,Primary Checking,Asset,449.44,0.0,,,Summit Rentals,,Amount USD 449.44 received from Summit Rentals | Transaction reference no ACH-25-00236 dated 2025-06-28 | Amount USD 449.44 adjusted against Sales Invoice ACC-SINV-2025-00236,Meridian Trading Co.
ca983243ea,ACC-PAY-2025-00311,P1,Payment Entry,Payment Entry,2,2025-06-28,2025-06-30 13:21:05.735786,ar.clerk@meridian.example,1310 - Debtors - MTC,1310,Debtors,Asset,0.0,449.44,Customer,Summit Rentals,1210 - Primary Checking - MTC,,Amount USD 449.44 received from Summit Rentals | Transaction reference no ACH-25-00236 dated 2025-06-28 | Amount USD 449.44 adjusted against Sales Invoice ACC-SINV-2025-00236,Meridian Trading Co.
4824b98ac0,ACC-PAY-2025-00429,P1,Payment Entry,Payment Entry,1,2025-06-28,2025-06-30 14:36:47.509792,ap.clerk@meridian.example,2110 - Creditors - MTC,2110,Creditors,Liability,5850.29,0.0,Supplier,Cobalt IT Services,1210 - Primary Checking - MTC,,Amount USD 5850.29 paid to Cobalt IT Services | Transaction reference no ACH-25-00174 dated 2025-06-28 | Amount USD 5850.29 adjusted against Purchase Invoice ACC-PINV-2025-00174,Meridian Trading Co.
77f4e9e64b,ACC-PAY-2025-00429,P1,Payment Entry,Payment Entry,2,2025-06-28,2025-06-30 14:36:47.509792,ap.clerk@meridian.example,1210 - Primary Checking - MTC,1210,Primary Checking,Asset,0.0,5850.29,,,Cobalt IT Services,,Amount USD 5850.29 paid to Cobalt IT Services | Transaction reference no ACH-25-00174 dated 2025-06-28 | Amount USD 5850.29 adjusted against Purchase Invoice ACC-PINV-2025-00174,Meridian Trading Co.
2ecb5d569c,ACC-SINV-2025-00324,P1,Sales Invoice,Credit Note,1,2025-06-28,2025-06-30 08:21:33.854230,ar.clerk@meridian.example,1310 - Debtors - MTC,1310,Debtors,Asset,0.0,68.25,Customer,Ovation Events,4110 - Sales - MTC,,Return against ACC-SINV-2025-00314,Meridian Trading Co.
87d57323da,ACC-SINV-2025-00324,P1,Sales Invoice,Credit Note,2,2025-06-28,2025-06-30 08:21:33.854230,ar.clerk@meridian.example,4110 - Sales - MTC,4110,Sales,Income,68.25,0.0,,,Ovation Events,Warehouse - MTC,Return against ACC-SINV-2025-00314,Meridian Trading Co.
0ebe0962c1,ACC-SINV-2025-00325,P1,Sales Invoice,Credit Note,1,2025-06-28,2025-06-30 16:54:59.483738,ar.clerk@meridian.example,4110 - Sales - MTC,4110,Sales,Income,76.62,0.0,,,Cascade Outfitters,Warehouse - MTC,Return against ACC-SINV-2025-00322,Meridian Trading Co.
6bfcdd8f6b,ACC-SINV-2025-00325,P1,Sales Invoice,Credit Note,2,2025-06-28,2025-06-30 16:54:59.483738,ar.clerk@meridian.example,1310 - Debtors - MTC,1310,Debtors,Asset,0.0,76.62,Customer,Cascade Outfitters,4110 - Sales - MTC,,Return against ACC-SINV-2025-00322,Meridian Trading Co.
0f4273c00a,ACC-PAY-2025-00360,P1,Payment Entry,Payment Entry,1,2025-06-29,2025-06-30 12:52:34.338396,ap.clerk@meridian.example,2110 - Creditors - MTC,2110,Creditors,Liability,12580.36,0.0,Supplier,Harlan Office Supply,1210 - Primary Checking - MTC,,Amount USD 12580.36 paid to Harlan Office Supply | Transaction reference no ACH-25-00147 dated 2025-06-29 | Amount USD 12580.36 adjusted against Purchase Invoice ACC-PINV-2025-00147,Meridian Trading Co.
bc4a319738,ACC-PAY-2025-00360,P1,Payment Entry,Payment Entry,2,2025-06-29,2025-06-30 12:52:34.338396,ap.clerk@meridian.example,1210 - Primary Checking - MTC,1210,Primary Checking,Asset,0.0,12580.36,,,Harlan Office Supply,,Amount USD 12580.36 paid to Harlan Office Supply | Transaction reference no ACH-25-00147 dated 2025-06-29 | Amount USD 12580.36 adjusted against Purchase Invoice ACC-PINV-2025-00147,Meridian Trading Co.
1d699cae9d,ACC-JV-2025-00049,P1,Journal Entry,Journal Entry,1,2025-06-30,2025-07-01 02:38:32.809308,batch.bot@meridian.example,2320 - Tax Withholding Payable - MTC,2320,Tax Withholding Payable,Liability,0.0,13326.73,,,5213 - Salary - MTC,Admin - MTC,,Meridian Trading Co.
4fc8f0e328,ACC-JV-2025-00049,P1,Journal Entry,Journal Entry,2,2025-06-30,2025-07-01 02:38:32.809308,batch.bot@meridian.example,5213 - Salary - MTC,5213,Salary,Expense,23867.37,0.0,,,"2320 - Tax Withholding Payable - MTC, 2120 - Payroll Payable - MTC",Sales Ops - MTC,,Meridian Trading Co.
5970c55b1f,ACC-JV-2025-00049,P1,Journal Entry,Journal Entry,3,2025-06-30,2025-07-01 02:38:32.809308,batch.bot@meridian.example,2120 - Payroll Payable - MTC,2120,Payroll Payable,Liability,0.0,46167.6,,,5213 - Salary - MTC,Admin - MTC,,Meridian Trading Co.
7f76bcb827,ACC-JV-2025-00049,P1,Journal Entry,Journal Entry,4,2025-06-30,2025-07-01 02:38:32.809308,batch.bot@meridian.example,5213 - Salary - MTC,5213,Salary,Expense,19412.23,0.0,,,"2320 - Tax Withholding Payable - MTC, 2120 - Payroll Payable - MTC",Admin - MTC,,Meridian Trading Co.
becdbf8d87,ACC-JV-2025-00049,P1,Journal Entry,Journal Entry,5,2025-06-30,2025-07-01 02:38:32.809308,batch.bot@meridian.example,5213 - Salary - MTC,5213,Salary,Expense,16214.73,0.0,,,"2320 - Tax Withholding Payable - MTC, 2120 - Payroll Payable - MTC",Warehouse - MTC,,Meridian Trading Co.
1cbead6352,ACC-JV-2025-00052,P1,Journal Entry,Depreciation Entry,1,2025-06-30,2025-07-01 03:41:15.456019,batch.bot@meridian.example,1780 - Accumulated Depreciation - MTC,1780,Accumulated Depreciation,Asset,0.0,3416.67,,,5203 - Depreciation - MTC,Admin - MTC,,Meridian Trading Co.
eb27b34cfa,ACC-JV-2025-00052,P1,Journal Entry,Depreciation Entry,2,2025-06-30,2025-07-01 03:41:15.456019,batch.bot@meridian.example,5203 - Depreciation - MTC,5203,Depreciation,Expense,2158.33,0.0,,,1780 - Accumulated Depreciation - MTC,Warehouse - MTC,,Meridian Trading Co.
f13ca34716,ACC-JV-2025-00052,P1,Journal Entry,Depreciation Entry,3,2025-06-30,2025-07-01 03:41:15.456019,batch.bot@meridian.example,5203 - Depreciation - MTC,5203,Depreciation,Expense,1258.34,0.0,,,1780 - Accumulated Depreciation - MTC,Admin - MTC,,Meridian Trading Co.
3788e89db9,ACC-JV-2025-00053,P1,Journal Entry,Journal Entry,1,2025-06-30,2025-07-01 02:57:39.282298,batch.bot@meridian.example,5228 - Insurance Expense - MTC,5228,Insurance Expense,Expense,1450.0,0.0,,,1660 - Prepaid Expenses - MTC,Admin - MTC,,Meridian Trading Co.
41c5f56184,ACC-JV-2025-00053,P1,Journal Entry,Journal Entry,2,2025-06-30,2025-07-01 02:57:39.282298,batch.bot@meridian.example,1660 - Prepaid Expenses - MTC,1660,Prepaid Expenses,Asset,0.0,1450.0,,,5228 - Insurance Expense - MTC,Admin - MTC,,Meridian Trading Co.
29f0ad0715,ACC-JV-2025-00054,P1,Journal Entry,Journal Entry,1,2025-06-30,2025-06-30 11:28:18.752374,controller@meridian.example,5209 - Office Rent - MTC,5209,Office Rent,Expense,3619.07,0.0,,,"5215 - Telephone Expenses - MTC, 5209 - Office Rent - MTC, 5217 - Utility Expenses - MTC",Warehouse - MTC,,Meridian Trading Co.
2e540def2f,ACC-JV-2025-00054,P1,Journal Entry,Journal Entry,2,2025-06-30,2025-06-30 11:28:18.752374,controller@meridian.example,5217 - Utility Expenses - MTC,5217,Utility Expenses,Expense,1238.2,0.0,,,"5215 - Telephone Expenses - MTC, 5209 - Office Rent - MTC, 5217 - Utility Expenses - MTC",Warehouse - MTC,,Meridian Trading Co.
67ed64af15,ACC-JV-2025-00054,P1,Journal Entry,Journal Entry,3,2025-06-30,2025-06-30 11:28:18.752374,controller@meridian.example,5215 - Telephone Expenses - MTC,5215,Telephone Expenses,Expense,447.98,0.0,,,"5215 - Telephone Expenses - MTC, 5209 - Office Rent - MTC, 5217 - Utility Expenses - MTC",Sales Ops - MTC,,Meridian Trading Co.
7213458ead,ACC-JV-2025-00054,P1,Journal Entry,Journal Entry,4,2025-06-30,2025-06-30 11:28:18.752374,controller@meridian.example,5209 - Office Rent - MTC,5209,Office Rent,Expense,4653.09,0.0,,,"5215 - Telephone Expenses - MTC, 5209 - Office Rent - MTC, 5217 - Utility Expenses - MTC",Sales Ops - MTC,,Meridian Trading Co.
93d1ea97a1,ACC-JV-2025-00054,P1,Journal Entry,Journal Entry,5,2025-06-30,2025-06-30 11:28:18.752374,controller@meridian.example,5217 - Utility Expenses - MTC,5217,Utility Expenses,Expense,1591.97,0.0,,,"5215 - Telephone Expenses - MTC, 5209 - Office Rent - MTC, 5217 - Utility Expenses - MTC",Sales Ops - MTC,,Meridian Trading Co.
a258ecaa74,ACC-JV-2025-00054,P1,Journal Entry,Journal Entry,6,2025-06-30,2025-06-30 11:28:18.752374,controller@meridian.example,5215 - Telephone Expenses - MTC,5215,Telephone Expenses,Expense,348.42,0.0,,,"5215 - Telephone Expenses - MTC, 5209 - Office Rent - MTC, 5217 - Utility Expenses - MTC",Warehouse - MTC,,Meridian Trading Co.
c8faf21f51,ACC-JV-2025-00054,P1,Journal Entry,Journal Entry,7,2025-06-30,2025-06-30 11:28:18.752374,controller@meridian.example,5215 - Telephone Expenses - MTC,5215,Telephone Expenses,Expense,0.0,796.4,,,"5215 - Telephone Expenses - MTC, 5209 - Office Rent - MTC, 5217 - Utility Expenses - MTC",Admin - MTC,,Meridian Trading Co.
ce6f145e08,ACC-JV-2025-00054,P1,Journal Entry,Journal Entry,8,2025-06-30,2025-06-30 11:28:18.752374,controller@meridian.example,5209 - Office Rent - MTC,5209,Office Rent,Expense,0.0,8272.16,,,"5215 - Telephone Expenses - MTC, 5209 - Office Rent - MTC, 5217 - Utility Expenses - MTC",Admin - MTC,,Meridian Trading Co.
d3f475f4a5,ACC-JV-2025-00054,P1,Journal Entry,Journal Entry,9,2025-06-30,2025-06-30 11:28:18.752374,controller@meridian.example,5217 - Utility Expenses - MTC,5217,Utility Expenses,Expense,0.0,2830.17,,,"5215 - Telephone Expenses - MTC, 5209 - Office Rent - MTC, 5217 - Utility Expenses - MTC",Admin - MTC,,Meridian Trading Co.
4c012ce83a,ACC-JV-2025-00055,P1,Journal Entry,Journal Entry,1,2025-06-30,2025-07-01 02:19:12.122670,batch.bot@meridian.example,5213 - Salary - MTC,5213,Salary,Expense,7501.23,0.0,,,2150 - Accrued Expenses - MTC,Admin - MTC,,Meridian Trading Co.
83e2fa076e,ACC-JV-2025-00055,P1,Journal Entry,Journal Entry,2,2025-06-30,2025-07-01 02:19:12.122670,batch.bot@meridian.example,5213 - Salary - MTC,5213,Salary,Expense,8506.3,0.0,,,2150 - Accrued Expenses - MTC,Sales Ops - MTC,,Meridian Trading Co.
dac15db6b6,ACC-JV-2025-00055,P1,Journal Entry,Journal Entry,3,2025-06-30,2025-07-01 02:19:12.122670,batch.bot@meridian.example,5213 - Salary - MTC,5213,Salary,Expense,8612.76,0.0,,,2150 - Accrued Expenses - MTC,Warehouse - MTC,,Meridian Trading Co.
e464f6cf1b,ACC-JV-2025-00055,P1,Journal Entry,Journal Entry,4,2025-06-30,2025-07-01 02:19:12.122670,batch.bot@meridian.example,2150 - Accrued Expenses - MTC,2150,Accrued Expenses,Liability,0.0,24620.29,,,5213 - Salary - MTC,Admin - MTC,,Meridian Trading Co.
a720027dbf,ACC-PAY-2025-00324,P1,Payment Entry,Payment Entry,1,2025-06-30,2025-06-30 16:16:26.040371,ar.clerk@meridian.example,1310 - Debtors - MTC,1310,Debtors,Asset,0.0,4113.86,Customer,Cascade Outfitters,1210 - Primary Checking - MTC,,Amount USD 4113.86 received from Cascade Outfitters | Transaction reference no ACH-25-00250 dated 2025-06-30 | Amount USD 4113.86 adjusted against Sales Invoice ACC-SINV-2025-00250,Meridian Trading Co.
cb79211ea2,ACC-PAY-2025-00324,P1,Payment Entry,Payment Entry,2,2025-06-30,2025-06-30 16:16:26.040371,ar.clerk@meridian.example,1210 - Primary Checking - MTC,1210,Primary Checking,Asset,4113.86,0.0,,,Cascade Outfitters,,Amount USD 4113.86 received from Cascade Outfitters | Transaction reference no ACH-25-00250 dated 2025-06-30 | Amount USD 4113.86 adjusted against Sales Invoice ACC-SINV-2025-00250,Meridian Trading Co.
5e833e91e2,ACC-PAY-2025-00403,P1,Payment Entry,Payment Entry,1,2025-06-30,2025-06-30 10:30:15.680379,ar.clerk@meridian.example,1310 - Debtors - MTC,1310,Debtors,Asset,0.0,54.6,Customer,Ovation Events,1210 - Primary Checking - MTC,,Amount USD 54.6 received from Ovation Events | Transaction reference no ACH-25-00314 dated 2025-06-30 | Amount USD 54.6 adjusted against Sales Invoice ACC-SINV-2025-00314,Meridian Trading Co.
f391978479,ACC-PAY-2025-00403,P1,Payment Entry,Payment Entry,2,2025-06-30,2025-06-30 10:30:15.680379,ar.clerk@meridian.example,1210 - Primary Checking - MTC,1210,Primary Checking,Asset,54.6,0.0,,,Ovation Events,,Amount USD 54.6 received from Ovation Events | Transaction reference no ACH-25-00314 dated 2025-06-30 | Amount USD 54.6 adjusted against Sales Invoice ACC-SINV-2025-00314,Meridian Trading Co.
62fca91093,ACC-PAY-2025-00419,P1,Payment Entry,Payment Entry,1,2025-06-30,2025-06-30 09:09:22.192353,ap.clerk@meridian.example,2110 - Creditors - MTC,2110,Creditors,Liability,11605.52,0.0,Supplier,Vulcan Materials Co,1210 - Primary Checking - MTC,,Amount USD 11605.52 paid to Vulcan Materials Co | Transaction reference no ACH-25-00164 dated 2025-06-30 | Amount USD 11605.52 adjusted against Purchase Invoice ACC-PINV-2025-00164,Meridian Trading Co.
d21551f7f6,ACC-PAY-2025-00419,P1,Payment Entry,Payment Entry,2,2025-06-30,2025-06-30 09:09:22.192353,ap.clerk@meridian.example,1210 - Primary Checking - MTC,1210,Primary Checking,Asset,0.0,11605.52,,,Vulcan Materials Co,,Amount USD 11605.52 paid to Vulcan Materials Co | Transaction reference no ACH-25-00164 dated 2025-06-30 | Amount USD 11605.52 adjusted against Purchase Invoice ACC-PINV-2025-00164,Meridian Trading Co.
28d86d64e3,ACC-PINV-2025-00176,P1,Purchase Invoice,Purchase Invoice,1,2025-06-30,2025-06-30 16:22:11.539989,ap.clerk@meridian.example,2110 - Creditors - MTC,2110,Creditors,Liability,0.0,2934.85,Supplier,Metro Utilities,5217 - Utility Expenses - MTC,,Metro Utilities June 2025 billing,Meridian Trading Co.
f54159ecaf,ACC-PINV-2025-00176,P1,Purchase Invoice,Purchase Invoice,2,2025-06-30,2025-06-30 16:22:11.539989,ap.clerk@meridian.example,5217 - Utility Expenses - MTC,5217,Utility Expenses,Expense,2934.85,0.0,,,Metro Utilities,Admin - MTC,Metro Utilities June 2025 billing,Meridian Trading Co.
636318c075,ACC-SINV-2025-00277,P1,Sales Invoice,Sales Invoice,1,2025-06-30,2025-06-30 13:43:24.388844,ar.clerk@meridian.example,4110 - Sales - MTC,4110,Sales,Income,0.0,374.58,,,Ferrous Works,Warehouse - MTC,Customer order Ferrous Works Jun 2025,Meridian Trading Co.
743a84a442,ACC-SINV-2025-00277,P1,Sales Invoice,Sales Invoice,2,2025-06-30,2025-06-30 13:43:24.388844,ar.clerk@meridian.example,4130 - Freight Income - MTC,4130,Freight Income,Income,0.0,1138.34,,,Ferrous Works,Admin - MTC,Customer order Ferrous Works Jun 2025,Meridian Trading Co.
98dcf198d4,ACC-SINV-2025-00277,P1,Sales Invoice,Sales Invoice,3,2025-06-30,2025-06-30 13:43:24.388844,ar.clerk@meridian.example,ST 6% - MTC,,ST 6%,Liability,0.0,123.43,,,Ferrous Works,Admin - MTC,Customer order Ferrous Works Jun 2025,Meridian Trading Co.
dad61ee8f9,ACC-SINV-2025-00277,P1,Sales Invoice,Sales Invoice,4,2025-06-30,2025-06-30 13:43:24.388844,ar.clerk@meridian.example,4110 - Sales - MTC,4110,Sales,Income,0.0,544.31,,,Ferrous Works,Sales Ops - MTC,Customer order Ferrous Works Jun 2025,Meridian Trading Co.
ec1537e66b,ACC-SINV-2025-00277,P1,Sales Invoice,Sales Invoice,5,2025-06-30,2025-06-30 13:43:24.388844,ar.clerk@meridian.example,1310 - Debtors - MTC,1310,Debtors,Asset,2180.66,0.0,Customer,Ferrous Works,"4110 - Sales - MTC,4130 - Freight Income - MTC",,Customer order Ferrous Works Jun 2025,Meridian Trading Co.
4fb28ecec9,ACC-SINV-2025-00287,P1,Sales Invoice,Sales Invoice,1,2025-06-30,2025-06-30 16:08:57.773716,ar.clerk@meridian.example,1310 - Debtors - MTC,1310,Debtors,Asset,912.41,0.0,Customer,Redcedar Builders,4110 - Sales - MTC,,Customer order Redcedar Builders Jun 2025,Meridian Trading Co.
9fbefd8cea,ACC-SINV-2025-00287,P1,Sales Invoice,Sales Invoice,2,2025-06-30,2025-06-30 16:08:57.773716,ar.clerk@meridian.example,ST 6% - MTC,,ST 6%,Liability,0.0,51.65,,,Redcedar Builders,Admin - MTC,Customer order Redcedar Builders Jun 2025,Meridian Trading Co.
ff3ed9523e,ACC-SINV-2025-00287,P1,Sales Invoice,Sales Invoice,3,2025-06-30,2025-06-30 16:08:57.773716,ar.clerk@meridian.example,4110 - Sales - MTC,4110,Sales,Income,0.0,860.76,,,Redcedar Builders,Sales Ops - MTC,Customer order Redcedar Builders Jun 2025,Meridian Trading Co.
04fafe5d75,ACC-SINV-2025-00302,P1,Sales Invoice,Sales Invoice,1,2025-06-30,2025-06-30 12:47:55.290127,ar.clerk@meridian.example,ST 6% - MTC,,ST 6%,Liability,0.0,38.21,,,Bluepine Hardware,Admin - MTC,Customer order Bluepine Hardware Jun 2025,Meridian Trading Co.
0d37c2b2c7,ACC-SINV-2025-00302,P1,Sales Invoice,Sales Invoice,2,2025-06-30,2025-06-30 12:47:55.290127,ar.clerk@meridian.example,1310 - Debtors - MTC,1310,Debtors,Asset,675.12,0.0,Customer,Bluepine Hardware,4110 - Sales - MTC,,Customer order Bluepine Hardware Jun 2025,Meridian Trading Co.
7c9f62eeb8,ACC-SINV-2025-00302,P1,Sales Invoice,Sales Invoice,3,2025-06-30,2025-06-30 12:47:55.290127,ar.clerk@meridian.example,4110 - Sales - MTC,4110,Sales,Income,0.0,168.0,,,Bluepine Hardware,Warehouse - MTC,Customer order Bluepine Hardware Jun 2025,Meridian Trading Co.
a407f28014,ACC-SINV-2025-00302,P1,Sales Invoice,Sales Invoice,4,2025-06-30,2025-06-30 12:47:55.290127,ar.clerk@meridian.example,4110 - Sales - MTC,4110,Sales,Income,0.0,468.91,,,Bluepine Hardware,Sales Ops - MTC,Customer order Bluepine Hardware Jun 2025,Meridian Trading Co.
1203749819,ACC-SINV-2025-00309,P1,Sales Invoice,Sales Invoice,1,2025-06-30,2025-06-30 16:24:09.916447,ar.clerk@meridian.example,4120 - Service - MTC,4120,Service,Income,0.0,5630.4,,,Redcedar Builders,Sales Ops - MTC,Customer order Redcedar Builders Jun 2025,Meridian Trading Co.
3ca9f32859,ACC-SINV-2025-00309,P1,Sales Invoice,Sales Invoice,2,2025-06-30,2025-06-30 16:24:09.916447,ar.clerk@meridian.example,4110 - Sales - MTC,4110,Sales,Income,0.0,136.72,,,Redcedar Builders,Sales Ops - MTC,Customer order Redcedar Builders Jun 2025,Meridian Trading Co.
52369fd366,ACC-SINV-2025-00309,P1,Sales Invoice,Sales Invoice,3,2025-06-30,2025-06-30 16:24:09.916447,ar.clerk@meridian.example,1310 - Debtors - MTC,1310,Debtors,Asset,33924.05,0.0,Customer,Redcedar Builders,"4120 - Service - MTC,4110 - Sales - MTC",,Customer order Redcedar Builders Jun 2025,Meridian Trading Co.
5eac367c76,ACC-SINV-2025-00309,P1,Sales Invoice,Sales Invoice,4,2025-06-30,2025-06-30 16:24:09.916447,ar.clerk@meridian.example,4120 - Service - MTC,4120,Service,Income,0.0,9300.0,,,Redcedar Builders,Warehouse - MTC,Customer order Redcedar Builders Jun 2025,Meridian Trading Co.
7134d31fd0,ACC-SINV-2025-00309,P1,Sales Invoice,Sales Invoice,5,2025-06-30,2025-06-30 16:24:09.916447,ar.clerk@meridian.example,ST 6% - MTC,,ST 6%,Liability,0.0,1920.23,,,Redcedar Builders,Admin - MTC,Customer order Redcedar Builders Jun 2025,Meridian Trading Co.
e0d8d95779,ACC-SINV-2025-00309,P1,Sales Invoice,Sales Invoice,6,2025-06-30,2025-06-30 16:24:09.916447,ar.clerk@meridian.example,4110 - Sales - MTC,4110,Sales,Income,0.0,379.32,,,Redcedar Builders,Warehouse - MTC,Customer order Redcedar Builders Jun 2025,Meridian Trading Co.
eb259b2e56,ACC-SINV-2025-00309,P1,Sales Invoice,Sales Invoice,7,2025-06-30,2025-06-30 16:24:09.916447,ar.clerk@meridian.example,4120 - Service - MTC,4120,Service,Income,0.0,16557.38,,,Redcedar Builders,Admin - MTC,Customer order Redcedar Builders Jun 2025,Meridian Trading Co.
09435b9a3a,ACC-SINV-2025-00316,P1,Sales Invoice,Sales Invoice,1,2025-06-30,2025-06-30 14:17:59.136710,ar.clerk@meridian.example,4110 - Sales - MTC,4110,Sales,Income,0.0,255.45,,,Marlowe Interiors,Sales Ops - MTC,Customer order Marlowe Interiors Jun 2025,Meridian Trading Co.
4e83a7de32,ACC-SINV-2025-00316,P1,Sales Invoice,Sales Invoice,2,2025-06-30,2025-06-30 14:17:59.136710,ar.clerk@meridian.example,1310 - Debtors - MTC,1310,Debtors,Asset,5032.13,0.0,Customer,Marlowe Interiors,"4120 - Service - MTC,4110 - Sales - MTC",,Customer order Marlowe Interiors Jun 2025,Meridian Trading Co.
e4cb4d329d,ACC-SINV-2025-00316,P1,Sales Invoice,Sales Invoice,3,2025-06-30,2025-06-30 14:17:59.136710,ar.clerk@meridian.example,4120 - Service - MTC,4120,Service,Income,0.0,4491.84,,,Marlowe Interiors,Sales Ops - MTC,Customer order Marlowe Interiors Jun 2025,Meridian Trading Co.
f828a99267,ACC-SINV-2025-00316,P1,Sales Invoice,Sales Invoice,4,2025-06-30,2025-06-30 14:17:59.136710,ar.clerk@meridian.example,ST 6% - MTC,,ST 6%,Liability,0.0,284.84,,,Marlowe Interiors,Admin - MTC,Customer order Marlowe Interiors Jun 2025,Meridian Trading Co.
